trial,condition,tid,ttype,final_profit,n_trades,final_inventory
0,stable,G00,GVWY,-8428.4,6645,-211
0,stable,G01,GVWY,-9634.6,6637,-79
0,stable,G02,GVWY,-9587.4,6687,-211
0,stable,G03,GVWY,-10069.4,6671,-131
0,stable,G04,GVWY,-9161.4,6648,-106
0,stable,Z05,ZIC,1167.4,583,301
0,stable,Z06,ZIC,1326.6,557,279
0,stable,Z07,ZIC,1396.6,587,309
0,stable,Z08,ZIC,1277.4,571,361
0,stable,Z09,ZIC,1055.0,550,310
0,stable,S10,SHVR,-6778.2,6024,-218
0,stable,S11,SHVR,-6092.8,6066,-32
0,stable,S12,SHVR,-5566.4,6065,9
0,stable,S13,SHVR,-5732.2,5939,37
0,stable,S14,SHVR,-5763.4,6039,-141
0,stable,S15,SNPR,-1566.6,1288,-24
0,stable,S16,SNPR,-1144.4,1307,-41
0,stable,S17,SNPR,-839.6,1304,-24
0,stable,S18,SNPR,-1115.6,1313,-19
0,stable,S19,SNPR,-1365.6,1313,81
0,stable,Z20,ZIP,8047.6,3531,-251
0,stable,Z21,ZIP,8625.0,3722,-390
0,stable,Z22,ZIP,7594.4,3682,-894
0,stable,Z23,ZIP,6712.8,3539,-343
0,stable,Z24,ZIP,7175.0,3649,-165
0,stable,P25,PRSH,2500.4,1267,671
0,stable,P26,PRSH,1678.0,860,430
0,stable,P27,PRSH,941.0,249,205
0,stable,P28,PRSH,1250.8,264,212
0,stable,P29,PRSH,1040.4,233,181
0,stable,C30,CUSTOM,6108.8,4738,-28
0,stable,C31,CUSTOM,6328.4,4752,-34
0,stable,C32,CUSTOM,5877.0,4725,5
0,stable,C33,CUSTOM,6677.8,4754,-18
0,stable,C34,CUSTOM,6261.2,4721,-47
1,stable,G00,GVWY,-10722.75,6619,-85
1,stable,G01,GVWY,-8506.5,6596,-410
1,stable,G02,GVWY,-9982.35,6621,-389
1,stable,G03,GVWY,-8878.8,6622,-212
1,stable,G04,GVWY,-9905.25,6633,-135
1,stable,Z05,ZIC,705.15,613,301
1,stable,Z06,ZIC,752.45,575,263
1,stable,Z07,ZIC,921.55,525,237
1,stable,Z08,ZIC,641.25,555,275
1,stable,Z09,ZIC,717.55,551,277
1,stable,S10,SHVR,-5962.3,6036,-62
1,stable,S11,SHVR,-6165.15,5997,-21
1,stable,S12,SHVR,-5702.6,5948,-164
1,stable,S13,SHVR,-5476.4,5976,44
1,stable,S14,SHVR,-5160.95,5989,-133
1,stable,S15,SNPR,-1464.9,1302,-26
1,stable,S16,SNPR,-606.15,1315,-41
1,stable,S17,SNPR,-1224.25,1331,-75
1,stable,S18,SNPR,-1474.4,1294,4
1,stable,S19,SNPR,-1352.05,1311,-47
1,stable,Z20,ZIP,8373.15,3761,-219
1,stable,Z21,ZIP,6823.4,3568,-104
1,stable,Z22,ZIP,7294.1,3606,-146
1,stable,Z23,ZIP,8848.95,3645,-507
1,stable,Z24,ZIP,8261.15,3619,-319
1,stable,P25,PRSH,933.15,467,301
1,stable,P26,PRSH,2083.75,2239,745
1,stable,P27,PRSH,402.95,529,293
1,stable,P28,PRSH,950.05,269,227
1,stable,P29,PRSH,800.15,255,221
1,stable,C30,CUSTOM,6377.25,4775,-25
1,stable,C31,CUSTOM,6685.05,4773,-33
1,stable,C32,CUSTOM,8065.45,4659,-17
1,stable,C33,CUSTOM,6978.85,4773,-41
1,stable,C34,CUSTOM,6525.0,4704,-40
2,stable,G00,GVWY,-9431.5,6697,-177
2,stable,G01,GVWY,-9806.5,6663,61
2,stable,G02,GVWY,-9270.5,6637,13
2,stable,G03,GVWY,-8806.0,6690,-186
2,stable,G04,GVWY,-9957.5,6713,11
2,stable,Z05,ZIC,472.0,528,278
2,stable,Z06,ZIC,846.0,626,386
2,stable,Z07,ZIC,729.5,553,287
2,stable,Z08,ZIC,457.5,565,325
2,stable,Z09,ZIC,781.0,554,318
2,stable,S10,SHVR,-5880.0,6118,-70
2,stable,S11,SHVR,-5735.0,6110,-56
2,stable,S12,SHVR,-4959.0,6114,2
2,stable,S13,SHVR,-5536.0,6124,88
2,stable,S14,SHVR,-5539.0,6130,-134
2,stable,S15,SNPR,-1240.5,1281,49
2,stable,S16,SNPR,-1591.5,1295,135
2,stable,S17,SNPR,-1535.0,1310,18
2,stable,S18,SNPR,-608.5,1295,-75
2,stable,S19,SNPR,-1564.0,1300,24
2,stable,Z20,ZIP,6856.5,3655,-319
2,stable,Z21,ZIP,7669.5,3893,-1353
2,stable,Z22,ZIP,9050.5,3689,-1125
2,stable,Z23,ZIP,7575.5,3635,-601
2,stable,Z24,ZIP,8539.5,3701,-703
2,stable,P25,PRSH,547.0,330,230
2,stable,P26,PRSH,624.0,224,196
2,stable,P27,PRSH,1492.5,1793,859
2,stable,P28,PRSH,847.5,633,361
2,stable,P29,PRSH,3708.0,2026,1236
2,stable,C30,CUSTOM,6946.0,4694,-32
2,stable,C31,CUSTOM,6054.0,4766,-36
2,stable,C32,CUSTOM,6064.5,4763,-5
2,stable,C33,CUSTOM,6821.0,4750,-32
2,stable,C34,CUSTOM,5787.5,4743,-7
3,stable,G00,GVWY,-9302.65,6601,-279
3,stable,G01,GVWY,-9105.05,6653,-363
3,stable,G02,GVWY,-8409.15,6577,51
3,stable,G03,GVWY,-8660.85,6581,-251
3,stable,G04,GVWY,-9619.95,6581,-497
3,stable,Z05,ZIC,436.35,573,301
3,stable,Z06,ZIC,484.1,508,186
3,stable,Z07,ZIC,837.95,583,237
3,stable,Z08,ZIC,509.05,525,243
3,stable,Z09,ZIC,377.55,579,293
3,stable,S10,SHVR,-5531.4,6042,-84
3,stable,S11,SHVR,-5859.9,6004,-134
3,stable,S12,SHVR,-4214.85,5973,-171
3,stable,S13,SHVR,-4668.55,6019,-253
3,stable,S14,SHVR,-4975.65,6029,1
3,stable,S15,SNPR,-609.95,1297,-57
3,stable,S16,SNPR,-1197.6,1264,-36
3,stable,S17,SNPR,-1246.65,1287,1
3,stable,S18,SNPR,-2088.25,1293,45
3,stable,S19,SNPR,-1761.35,1313,-21
3,stable,Z20,ZIP,8559.3,3644,-242
3,stable,Z21,ZIP,7156.05,3625,-197
3,stable,Z22,ZIP,7614.85,3723,-169
3,stable,Z23,ZIP,7713.35,3615,-279
3,stable,Z24,ZIP,7611.25,3645,-65
3,stable,P25,PRSH,1580.5,2914,790
3,stable,P26,PRSH,813.75,347,185
3,stable,P27,PRSH,1034.35,669,321
3,stable,P28,PRSH,900.95,397,237
3,stable,P29,PRSH,904.85,259,211
3,stable,C30,CUSTOM,6110.65,4709,-1
3,stable,C31,CUSTOM,6380.55,4805,-27
3,stable,C32,CUSTOM,6351.15,4691,-31
3,stable,C33,CUSTOM,5850.6,4604,-4
3,stable,C34,CUSTOM,6156.05,4761,3
4,stable,G00,GVWY,-9612.5,6690,-302
4,stable,G01,GVWY,-9769.0,6700,-104
4,stable,G02,GVWY,-10557.5,6672,-222
4,stable,G03,GVWY,-10851.75,6685,-383
4,stable,G04,GVWY,-10109.0,6686,-136
4,stable,Z05,ZIC,2101.0,566,288
4,stable,Z06,ZIC,1596.5,520,270
4,stable,Z07,ZIC,2154.25,547,261
4,stable,Z08,ZIC,1738.25,577,265
4,stable,Z09,ZIC,1692.25,527,253
4,stable,S10,SHVR,-4878.75,6151,-179
4,stable,S11,SHVR,-5339.25,6165,-69
4,stable,S12,SHVR,-6648.75,6175,-75
4,stable,S13,SHVR,-4153.25,6151,55
4,stable,S14,SHVR,-5474.25,6093,-145
4,stable,S15,SNPR,-1274.75,1319,-71
4,stable,S16,SNPR,-1678.25,1321,35
4,stable,S17,SNPR,-1677.5,1304,-70
4,stable,S18,SNPR,-1662.0,1320,-72
4,stable,S19,SNPR,-1532.5,1308,-54
4,stable,Z20,ZIP,6479.25,3735,-211
4,stable,Z21,ZIP,4857.0,3760,-752
4,stable,Z22,ZIP,5241.5,3710,-786
4,stable,Z23,ZIP,6331.5,3770,-274
4,stable,Z24,ZIP,5721.5,3720,-582
4,stable,P25,PRSH,4576.5,4028,878
4,stable,P26,PRSH,1282.75,263,207
4,stable,P27,PRSH,2736.5,1082,406
4,stable,P28,PRSH,4940.25,3091,901
4,stable,P29,PRSH,3065.5,4646,734
4,stable,C30,CUSTOM,6066.25,4751,-35
4,stable,C31,CUSTOM,6111.5,4730,-18
4,stable,C32,CUSTOM,6082.25,4755,-27
4,stable,C33,CUSTOM,6056.75,4743,-33
4,stable,C34,CUSTOM,6359.0,4764,-24
5,stable,G00,GVWY,-9864.0,6678,-170
5,stable,G01,GVWY,-10166.8,6704,-254
5,stable,G02,GVWY,-10691.8,6652,-184
5,stable,G03,GVWY,-10239.2,6669,-51
5,stable,G04,GVWY,-9442.4,6715,-117
5,stable,Z05,ZIC,2643.2,562,306
5,stable,Z06,ZIC,2274.6,533,243
5,stable,Z07,ZIC,2846.2,577,271
5,stable,Z08,ZIC,2299.8,536,264
5,stable,Z09,ZIC,2611.6,533,253
5,stable,S10,SHVR,-5888.8,6153,-129
5,stable,S11,SHVR,-4901.4,6098,-2
5,stable,S12,SHVR,-3702.2,6089,69
5,stable,S13,SHVR,-5183.0,6120,-40
5,stable,S14,SHVR,-5405.8,6112,-64
5,stable,S15,SNPR,-2085.6,1317,-133
5,stable,S16,SNPR,-729.2,1336,14
5,stable,S17,SNPR,-1111.2,1309,39
5,stable,S18,SNPR,-1181.0,1290,-60
5,stable,S19,SNPR,-1735.2,1316,-66
5,stable,Z20,ZIP,-1890.0,3683,-1315
5,stable,Z21,ZIP,4550.4,3661,-263
5,stable,Z22,ZIP,5297.4,3735,-423
5,stable,Z23,ZIP,4707.0,3610,-160
5,stable,Z24,ZIP,968.2,3740,-1154
5,stable,P25,PRSH,4482.6,4701,733
5,stable,P26,PRSH,2312.6,519,283
5,stable,P27,PRSH,7061.4,3399,837
5,stable,P28,PRSH,5934.0,804,580
5,stable,P29,PRSH,7058.4,4008,812
5,stable,C30,CUSTOM,6799.2,4866,-34
5,stable,C31,CUSTOM,5089.8,4802,-36
5,stable,C32,CUSTOM,6703.8,4747,-31
5,stable,C33,CUSTOM,5278.8,4713,-41
5,stable,C34,CUSTOM,4940.8,4731,-61
6,stable,G00,GVWY,-8964.2,6680,-178
6,stable,G01,GVWY,-9424.6,6653,-289
6,stable,G02,GVWY,-8941.2,6633,-183
6,stable,G03,GVWY,-9071.4,6614,-56
6,stable,G04,GVWY,-8557.6,6661,-229
6,stable,Z05,ZIC,-275.4,532,274
6,stable,Z06,ZIC,-664.6,575,291
6,stable,Z07,ZIC,-221.0,593,285
6,stable,Z08,ZIC,-419.0,524,250
6,stable,Z09,ZIC,-82.2,558,292
6,stable,S10,SHVR,-6648.2,6065,137
6,stable,S11,SHVR,-4070.6,5971,-279
6,stable,S12,SHVR,-5299.0,5989,15
6,stable,S13,SHVR,-4688.0,5990,-130
6,stable,S14,SHVR,-5547.6,6081,-259
6,stable,S15,SNPR,-1675.8,1307,43
6,stable,S16,SNPR,-862.6,1321,-89
6,stable,S17,SNPR,-664.8,1301,-217
6,stable,S18,SNPR,-1726.6,1299,1
6,stable,S19,SNPR,-1510.4,1307,9
6,stable,Z20,ZIP,10276.2,3523,-297
6,stable,Z21,ZIP,9120.8,3765,-153
6,stable,Z22,ZIP,10662.2,3571,-377
6,stable,Z23,ZIP,8967.8,3628,-308
6,stable,Z24,ZIP,10022.0,3774,-310
6,stable,P25,PRSH,431.6,1295,559
6,stable,P26,PRSH,-258.6,685,371
6,stable,P27,PRSH,-263.6,435,281
6,stable,P28,PRSH,67.0,561,305
6,stable,P29,PRSH,-118.6,333,241
6,stable,C30,CUSTOM,5661.6,4869,-11
6,stable,C31,CUSTOM,6830.2,4827,-27
6,stable,C32,CUSTOM,6236.8,4982,-28
6,stable,C33,CUSTOM,5452.0,4879,-5
6,stable,C34,CUSTOM,6629.8,4885,-23
7,stable,G00,GVWY,-8593.1,6632,-146
7,stable,G01,GVWY,-8115.55,6659,-243
7,stable,G02,GVWY,-10252.9,6700,66
7,stable,G03,GVWY,-8586.0,6648,-180
7,stable,G04,GVWY,-8449.05,6673,-273
7,stable,Z05,ZIC,-895.8,542,292
7,stable,Z06,ZIC,-807.2,594,328
7,stable,Z07,ZIC,-571.2,588,348
7,stable,Z08,ZIC,-503.15,553,281
7,stable,Z09,ZIC,-433.05,507,247
7,stable,S10,SHVR,-4881.2,6072,-92
7,stable,S11,SHVR,-5036.9,6104,-74
7,stable,S12,SHVR,-5380.3,6122,-158
7,stable,S13,SHVR,-3688.05,6099,-233
7,stable,S14,SHVR,-4914.3,6048,-78
7,stable,S15,SNPR,-861.1,1312,-46
7,stable,S16,SNPR,-1130.8,1288,12
7,stable,S17,SNPR,-855.45,1299,-77
7,stable,S18,SNPR,-1089.4,1314,-84
7,stable,S19,SNPR,-8.45,1313,-157
7,stable,Z20,ZIP,9595.4,3778,-416
7,stable,Z21,ZIP,9852.45,3821,-463
7,stable,Z22,ZIP,7966.6,3584,-284
7,stable,Z23,ZIP,11303.65,3691,-671
7,stable,Z24,ZIP,8563.35,3569,-249
7,stable,P25,PRSH,-288.05,303,227
7,stable,P26,PRSH,-2749.35,2907,929
7,stable,P27,PRSH,-170.9,298,246
7,stable,P28,PRSH,-79.15,277,181
7,stable,P29,PRSH,-1593.55,3371,917
7,stable,C30,CUSTOM,6577.3,4754,-42
7,stable,C31,CUSTOM,5099.8,4822,-32
7,stable,C32,CUSTOM,7549.9,4746,-46
7,stable,C33,CUSTOM,7635.95,4767,-33
7,stable,C34,CUSTOM,6342.55,4763,-17
8,stable,G00,GVWY,-11211.65,6639,-251
8,stable,G01,GVWY,-9105.2,6648,-348
8,stable,G02,GVWY,-9455.15,6601,-301
8,stable,G03,GVWY,-9286.45,6641,-203
8,stable,G04,GVWY,-10188.65,6619,-231
8,stable,Z05,ZIC,1140.4,518,236
8,stable,Z06,ZIC,1242.9,536,226
8,stable,Z07,ZIC,1671.7,530,278
8,stable,Z08,ZIC,1002.15,523,221
8,stable,Z09,ZIC,1341.2,520,248
8,stable,S10,SHVR,-5464.3,5982,58
8,stable,S11,SHVR,-5803.4,6018,-256
8,stable,S12,SHVR,-5965.8,6036,-152
8,stable,S13,SHVR,-5868.15,5971,-381
8,stable,S14,SHVR,-4420.7,5978,-58
8,stable,S15,SNPR,-1479.1,1290,-94
8,stable,S16,SNPR,-1149.3,1302,18
8,stable,S17,SNPR,-1197.0,1298,-80
8,stable,S18,SNPR,-1292.75,1311,-45
8,stable,S19,SNPR,-946.1,1310,-34
8,stable,Z20,ZIP,7077.0,3544,-400
8,stable,Z21,ZIP,5841.9,3614,-414
8,stable,Z22,ZIP,6133.95,3703,-207
8,stable,Z23,ZIP,7233.65,3729,-209
8,stable,Z24,ZIP,6952.9,3562,-114
8,stable,P25,PRSH,2179.5,1024,430
8,stable,P26,PRSH,2641.75,1207,505
8,stable,P27,PRSH,1411.65,673,311
8,stable,P28,PRSH,1838.9,720,366
8,stable,P29,PRSH,5738.25,3517,995
8,stable,C30,CUSTOM,6796.9,4816,-14
8,stable,C31,CUSTOM,5574.3,4724,-58
8,stable,C32,CUSTOM,6441.4,4642,-44
8,stable,C33,CUSTOM,5156.1,4778,-46
8,stable,C34,CUSTOM,5622.4,4686,-24
9,stable,G00,GVWY,-9448.1,6687,-117
9,stable,G01,GVWY,-9064.5,6675,-365
9,stable,G02,GVWY,-9000.3,6657,-121
9,stable,G03,GVWY,-9444.0,6680,-230
9,stable,G04,GVWY,-9341.2,6682,-384
9,stable,Z05,ZIC,1109.0,570,320
9,stable,Z06,ZIC,1109.6,566,262
9,stable,Z07,ZIC,911.3,539,281
9,stable,Z08,ZIC,898.3,511,271
9,stable,Z09,ZIC,1181.1,543,197
9,stable,S10,SHVR,-3805.2,6118,-24
9,stable,S11,SHVR,-5060.3,6103,-71
9,stable,S12,SHVR,-4938.3,6105,-91
9,stable,S13,SHVR,-4276.2,6062,-34
9,stable,S14,SHVR,-5719.0,6070,-30
9,stable,S15,SNPR,-1529.9,1313,37
9,stable,S16,SNPR,-1498.2,1318,46
9,stable,S17,SNPR,-1521.2,1332,-164
9,stable,S18,SNPR,-1139.2,1306,26
9,stable,S19,SNPR,-1405.2,1318,-64
9,stable,Z20,ZIP,6851.6,3710,-328
9,stable,Z21,ZIP,7154.1,3655,-553
9,stable,Z22,ZIP,6407.1,3693,-203
9,stable,Z23,ZIP,6683.5,3729,-385
9,stable,Z24,ZIP,7445.3,3681,-1249
9,stable,P25,PRSH,860.7,185,139
9,stable,P26,PRSH,2571.5,2235,845
9,stable,P27,PRSH,3081.9,2549,913
9,stable,P28,PRSH,1198.2,584,324
9,stable,P29,PRSH,1447.6,4338,882
9,stable,C30,CUSTOM,5408.9,4761,-37
9,stable,C31,CUSTOM,5866.8,4788,-44
9,stable,C32,CUSTOM,5405.7,4755,-21
9,stable,C33,CUSTOM,6025.5,4721,-55
9,stable,C34,CUSTOM,5821.2,4676,-36
10,stable,G00,GVWY,-9807.2,6654,-316
10,stable,G01,GVWY,-11484.7,6631,-291
10,stable,G02,GVWY,-10074.7,6657,-321
10,stable,G03,GVWY,-11124.0,6686,-230
10,stable,G04,GVWY,-10336.0,6670,-180
10,stable,Z05,ZIC,2449.3,583,239
10,stable,Z06,ZIC,2393.2,516,246
10,stable,Z07,ZIC,2288.8,534,254
10,stable,Z08,ZIC,1867.9,515,247
10,stable,Z09,ZIC,2529.9,533,247
10,stable,S10,SHVR,-5046.8,6040,-54
10,stable,S11,SHVR,-5127.4,6012,-72
10,stable,S12,SHVR,-5065.1,6049,67
10,stable,S13,SHVR,-7506.8,6042,-254
10,stable,S14,SHVR,-5024.1,6065,-23
10,stable,S15,SNPR,-1373.5,1295,-15
10,stable,S16,SNPR,-460.8,1310,36
10,stable,S17,SNPR,-2044.6,1310,-48
10,stable,S18,SNPR,-1486.8,1306,-24
10,stable,S19,SNPR,-1984.1,1291,-63
10,stable,Z20,ZIP,4515.7,3819,-489
10,stable,Z21,ZIP,5099.5,3685,-315
10,stable,Z22,ZIP,4733.7,3675,-239
10,stable,Z23,ZIP,5954.0,3756,-400
10,stable,Z24,ZIP,4526.7,3697,-549
10,stable,P25,PRSH,5459.1,2159,663
10,stable,P26,PRSH,3960.4,1002,462
10,stable,P27,PRSH,5601.8,1618,604
10,stable,P28,PRSH,3570.6,834,408
10,stable,P29,PRSH,4040.9,1107,477
10,stable,C30,CUSTOM,5836.4,4794,-28
10,stable,C31,CUSTOM,5321.2,4796,-24
10,stable,C32,CUSTOM,6366.3,4663,-31
10,stable,C33,CUSTOM,5543.4,4694,-28
10,stable,C34,CUSTOM,5625.5,4689,-35
11,stable,G00,GVWY,-8834.4,6624,-544
11,stable,G01,GVWY,-10486.55,6627,-133
11,stable,G02,GVWY,-9896.4,6652,-204
11,stable,G03,GVWY,-8144.5,6664,-30
11,stable,G04,GVWY,-8894.8,6670,-208
11,stable,Z05,ZIC,945.95,589,257
11,stable,Z06,ZIC,1203.95,583,297
11,stable,Z07,ZIC,911.85,531,291
11,stable,Z08,ZIC,767.25,579,275
11,stable,Z09,ZIC,749.3,528,298
11,stable,S10,SHVR,-5065.45,6091,33
11,stable,S11,SHVR,-5249.5,6014,-170
11,stable,S12,SHVR,-5308.05,6049,-183
11,stable,S13,SHVR,-4797.2,6002,-12
11,stable,S14,SHVR,-5460.15,6053,-169
11,stable,S15,SNPR,-1250.35,1309,-61
11,stable,S16,SNPR,-1058.85,1301,-51
11,stable,S17,SNPR,-1247.8,1300,72
11,stable,S18,SNPR,-1012.45,1311,33
11,stable,S19,SNPR,-1022.35,1315,59
11,stable,Z20,ZIP,7182.65,3671,-421
11,stable,Z21,ZIP,7121.65,3709,-421
11,stable,Z22,ZIP,6058.35,3615,-159
11,stable,Z23,ZIP,7507.3,3710,-242
11,stable,Z24,ZIP,7247.65,3637,-1021
11,stable,P25,PRSH,1277.1,950,466
11,stable,P26,PRSH,3302.6,1356,816
11,stable,P27,PRSH,-506.9,4544,526
11,stable,P28,PRSH,1636.85,327,311
11,stable,P29,PRSH,1213.7,748,382
11,stable,C30,CUSTOM,6981.15,4725,-31
11,stable,C31,CUSTOM,6295.25,4735,-5
11,stable,C32,CUSTOM,5293.65,4815,-41
11,stable,C33,CUSTOM,5906.0,4718,-20
11,stable,C34,CUSTOM,6805.55,4681,-47
12,stable,G00,GVWY,-8862.4,6643,-71
12,stable,G01,GVWY,-9167.8,6702,-32
12,stable,G02,GVWY,-9229.2,6673,-213
12,stable,G03,GVWY,-8562.4,6638,-326
12,stable,G04,GVWY,-9182.8,6667,-17
12,stable,Z05,ZIC,-7.6,545,311
12,stable,Z06,ZIC,-138.6,535,291
12,stable,Z07,ZIC,-94.2,530,282
12,stable,Z08,ZIC,576.6,524,294
12,stable,Z09,ZIC,120.0,581,245
12,stable,S10,SHVR,-6324.6,6083,-59
12,stable,S11,SHVR,-5596.2,6041,-123
12,stable,S12,SHVR,-4761.0,6055,-245
12,stable,S13,SHVR,-4998.8,6092,-182
12,stable,S14,SHVR,-6484.6,6016,-144
12,stable,S15,SNPR,-1034.0,1321,45
12,stable,S16,SNPR,-1039.8,1302,-42
12,stable,S17,SNPR,-1465.6,1311,-29
12,stable,S18,SNPR,-1174.2,1325,-43
12,stable,S19,SNPR,-722.0,1286,-30
12,stable,Z20,ZIP,9458.4,3673,-539
12,stable,Z21,ZIP,10297.2,3658,-722
12,stable,Z22,ZIP,7920.0,3740,-130
12,stable,Z23,ZIP,8293.8,3687,-233
12,stable,Z24,ZIP,7615.0,3590,-180
12,stable,P25,PRSH,520.2,491,383
12,stable,P26,PRSH,471.6,475,239
12,stable,P27,PRSH,197.2,231,183
12,stable,P28,PRSH,-126.4,859,449
12,stable,P29,PRSH,-482.0,1353,705
12,stable,C30,CUSTOM,7902.6,4812,-16
12,stable,C31,CUSTOM,6852.2,4717,3
12,stable,C32,CUSTOM,6263.4,4706,6
12,stable,C33,CUSTOM,7149.0,4775,-45
12,stable,C34,CUSTOM,6174.2,4775,-17
13,stable,G00,GVWY,-8392.4,6694,-92
13,stable,G01,GVWY,-11147.35,6745,-363
13,stable,G02,GVWY,-9745.05,6691,-169
13,stable,G03,GVWY,-9486.05,6713,51
13,stable,G04,GVWY,-10478.45,6667,-61
13,stable,Z05,ZIC,1686.05,555,289
13,stable,Z06,ZIC,900.2,578,296
13,stable,Z07,ZIC,1551.65,565,297
13,stable,Z08,ZIC,1482.95,565,311
13,stable,Z09,ZIC,979.85,547,273
13,stable,S10,SHVR,-4869.85,6065,-173
13,stable,S11,SHVR,-4979.6,6106,-128
13,stable,S12,SHVR,-5112.1,6112,62
13,stable,S13,SHVR,-6316.4,6176,-212
13,stable,S14,SHVR,-5404.2,6122,144
13,stable,S15,SNPR,-1254.6,1346,-28
13,stable,S16,SNPR,-1143.25,1307,-45
13,stable,S17,SNPR,-1197.15,1317,-47
13,stable,S18,SNPR,-926.9,1302,-42
13,stable,S19,SNPR,-861.9,1316,-82
13,stable,Z20,ZIP,6003.9,3646,-878
13,stable,Z21,ZIP,5805.9,3702,-958
13,stable,Z22,ZIP,6773.65,3573,-363
13,stable,Z23,ZIP,5470.35,3615,-837
13,stable,Z24,ZIP,6887.95,3547,-849
13,stable,P25,PRSH,2832.3,1304,654
13,stable,P26,PRSH,1398.5,298,250
13,stable,P27,PRSH,2810.4,3242,972
13,stable,P28,PRSH,3119.45,1779,761
13,stable,P29,PRSH,5160.35,2877,1083
13,stable,C30,CUSTOM,5777.4,4654,-48
13,stable,C31,CUSTOM,5299.55,4805,-61
13,stable,C32,CUSTOM,5995.9,4690,-38
13,stable,C33,CUSTOM,5605.05,4817,-31
13,stable,C34,CUSTOM,5990.7,4652,-34
14,stable,G00,GVWY,-9250.5,6690,-130
14,stable,G01,GVWY,-8637.5,6632,-18
14,stable,G02,GVWY,-9569.0,6656,-92
14,stable,G03,GVWY,-10865.0,6664,-356
14,stable,G04,GVWY,-11378.0,6644,-280
14,stable,Z05,ZIC,2253.25,551,287
14,stable,Z06,ZIC,1926.0,552,228
14,stable,Z07,ZIC,2181.25,543,307
14,stable,Z08,ZIC,2391.25,567,291
14,stable,Z09,ZIC,2061.25,559,243
14,stable,S10,SHVR,-5279.25,6055,33
14,stable,S11,SHVR,-6983.75,6093,-265
14,stable,S12,SHVR,-6559.75,6105,-61
14,stable,S13,SHVR,-5112.0,6050,-80
14,stable,S14,SHVR,-6057.75,6065,-33
14,stable,S15,SNPR,-1609.25,1297,-59
14,stable,S16,SNPR,-966.25,1317,21
14,stable,S17,SNPR,-1546.25,1323,-119
14,stable,S18,SNPR,-1576.75,1315,3
14,stable,S19,SNPR,-1372.0,1306,-16
14,stable,Z20,ZIP,4907.75,3715,-343
14,stable,Z21,ZIP,6609.75,3609,-291
14,stable,Z22,ZIP,3332.5,3714,-890
14,stable,Z23,ZIP,6348.0,3628,-200
14,stable,Z24,ZIP,5691.75,3747,-459
14,stable,P25,PRSH,6698.25,3421,879
14,stable,P26,PRSH,2065.25,281,231
14,stable,P27,PRSH,1931.25,393,227
14,stable,P28,PRSH,6921.0,2590,960
14,stable,P29,PRSH,1877.75,263,209
14,stable,C30,CUSTOM,6018.75,4761,-47
14,stable,C31,CUSTOM,5816.5,4714,-30
14,stable,C32,CUSTOM,6307.25,4721,-57
14,stable,C33,CUSTOM,5844.75,4723,-51
14,stable,C34,CUSTOM,5757.25,4781,-45
15,stable,G00,GVWY,-12532.35,6645,-371
15,stable,G01,GVWY,-10802.7,6676,-82
15,stable,G02,GVWY,-11476.65,6663,-129
15,stable,G03,GVWY,-11341.4,6692,-204
15,stable,G04,GVWY,-10291.55,6631,-143
15,stable,Z05,ZIC,3355.85,531,241
15,stable,Z06,ZIC,4485.65,603,309
15,stable,Z07,ZIC,4349.25,551,305
15,stable,Z08,ZIC,3508.15,527,279
15,stable,Z09,ZIC,3886.8,562,288
15,stable,S10,SHVR,-6369.45,6003,-117
15,stable,S11,SHVR,-7935.5,5972,-110
15,stable,S12,SHVR,-5898.65,6005,-29
15,stable,S13,SHVR,-5252.0,6036,40
15,stable,S14,SHVR,-6986.8,6036,-148
15,stable,S15,SNPR,-1139.1,1302,34
15,stable,S16,SNPR,-1790.0,1304,-80
15,stable,S17,SNPR,-329.75,1309,65
15,stable,S18,SNPR,-1848.65,1297,-29
15,stable,S19,SNPR,-329.85,1307,99
15,stable,Z20,ZIP,-295.2,3700,-772
15,stable,Z21,ZIP,6324.4,3538,-176
15,stable,Z22,ZIP,5519.6,3656,-284
15,stable,Z23,ZIP,3937.95,3693,-273
15,stable,Z24,ZIP,6511.95,3669,-173
15,stable,P25,PRSH,3392.6,262,216
15,stable,P26,PRSH,3130.35,313,211
15,stable,P27,PRSH,5037.6,682,376
15,stable,P28,PRSH,5792.6,820,436
15,stable,P29,PRSH,4201.0,574,300
15,stable,C30,CUSTOM,6155.85,4727,-19
15,stable,C31,CUSTOM,6853.5,4778,-10
15,stable,C32,CUSTOM,6197.7,4874,-38
15,stable,C33,CUSTOM,6565.75,4793,-5
15,stable,C34,CUSTOM,5133.85,4771,-39
16,stable,G00,GVWY,-9336.5,6654,-170
16,stable,G01,GVWY,-8520.25,6677,-165
16,stable,G02,GVWY,-11928.9,6608,178
16,stable,G03,GVWY,-9039.5,6618,-170
16,stable,G04,GVWY,-8277.1,6676,-218
16,stable,Z05,ZIC,-474.25,535,295
16,stable,Z06,ZIC,-93.2,584,324
16,stable,Z07,ZIC,-240.6,564,312
16,stable,Z08,ZIC,-338.45,555,299
16,stable,Z09,ZIC,-236.85,577,307
16,stable,S10,SHVR,-5594.25,5943,115
16,stable,S11,SHVR,-5291.4,5952,-112
16,stable,S12,SHVR,-6165.5,5984,-90
16,stable,S13,SHVR,-5212.1,5976,42
16,stable,S14,SHVR,-7362.8,6046,116
16,stable,S15,SNPR,-1911.45,1303,59
16,stable,S16,SNPR,-1402.45,1281,39
16,stable,S17,SNPR,-1184.55,1325,-19
16,stable,S18,SNPR,-1486.65,1305,3
16,stable,S19,SNPR,-953.1,1312,-78
16,stable,Z20,ZIP,12170.3,3782,-526
16,stable,Z21,ZIP,11730.55,3621,-481
16,stable,Z22,ZIP,10977.4,3602,-508
16,stable,Z23,ZIP,10915.25,3779,-455
16,stable,Z24,ZIP,8996.35,3655,-317
16,stable,P25,PRSH,354.65,417,337
16,stable,P26,PRSH,10.2,240,196
16,stable,P27,PRSH,194.15,437,267
16,stable,P28,PRSH,-183.2,286,204
16,stable,P29,PRSH,-246.55,591,321
16,stable,C30,CUSTOM,5399.75,4831,-25
16,stable,C31,CUSTOM,5765.2,4814,-24
16,stable,C32,CUSTOM,5865.15,4875,-13
16,stable,C33,CUSTOM,6939.0,4786,-40
16,stable,C34,CUSTOM,6307.45,4793,-39
17,stable,G00,GVWY,-9550.5,6624,-70
17,stable,G01,GVWY,-9277.0,6672,60
17,stable,G02,GVWY,-9188.0,6694,20
17,stable,G03,GVWY,-9883.75,6683,-269
17,stable,G04,GVWY,-10191.5,6694,-198
17,stable,Z05,ZIC,2022.0,572,336
17,stable,Z06,ZIC,1907.0,660,348
17,stable,Z07,ZIC,2005.25,575,303
17,stable,Z08,ZIC,2027.25,567,375
17,stable,Z09,ZIC,1544.75,567,257
17,stable,S10,SHVR,-6009.5,6090,-62
17,stable,S11,SHVR,-4627.75,6025,175
17,stable,S12,SHVR,-5926.0,6066,-40
17,stable,S13,SHVR,-5779.25,5983,-211
17,stable,S14,SHVR,-4418.75,6049,-53
17,stable,S15,SNPR,-2109.5,1306,-54
17,stable,S16,SNPR,-1343.5,1312,30
17,stable,S17,SNPR,-1801.0,1298,-32
17,stable,S18,SNPR,-970.75,1301,103
17,stable,S19,SNPR,-1351.5,1288,-22
17,stable,Z20,ZIP,6350.75,3613,-675
17,stable,Z21,ZIP,5217.0,3720,-952
17,stable,Z22,ZIP,6649.75,3639,-115
17,stable,Z23,ZIP,6188.0,3588,-652
17,stable,Z24,ZIP,6729.25,3603,-573
17,stable,P25,PRSH,1623.5,280,234
17,stable,P26,PRSH,3528.25,1277,647
17,stable,P27,PRSH,2864.25,797,411
17,stable,P28,PRSH,2145.75,561,345
17,stable,P29,PRSH,1844.0,562,300
17,stable,C30,CUSTOM,5930.0,4842,4
17,stable,C31,CUSTOM,5969.5,4816,2
17,stable,C32,CUSTOM,5730.75,4807,-7
17,stable,C33,CUSTOM,5974.75,4853,-11
17,stable,C34,CUSTOM,6156.0,4826,-4
18,stable,G00,GVWY,-10097.35,6679,-29
18,stable,G01,GVWY,-9712.95,6653,-253
18,stable,G02,GVWY,-10329.65,6711,-191
18,stable,G03,GVWY,-8927.35,6653,-49
18,stable,G04,GVWY,-8935.75,6721,-305
18,stable,Z05,ZIC,1307.25,561,275
18,stable,Z06,ZIC,1117.75,613,325
18,stable,Z07,ZIC,1149.55,581,297
18,stable,Z08,ZIC,895.5,578,310
18,stable,Z09,ZIC,832.75,557,245
18,stable,S10,SHVR,-5616.85,6033,-159
18,stable,S11,SHVR,-5588.5,6090,-230
18,stable,S12,SHVR,-4890.25,6067,-55
18,stable,S13,SHVR,-5672.5,6100,-30
18,stable,S14,SHVR,-5335.0,6030,-380
18,stable,S15,SNPR,-1743.35,1289,51
18,stable,S16,SNPR,-1607.0,1296,0
18,stable,S17,SNPR,-1421.65,1313,-51
18,stable,S18,SNPR,-920.1,1310,-14
18,stable,S19,SNPR,-1250.3,1306,-2
18,stable,Z20,ZIP,8300.45,3719,-297
18,stable,Z21,ZIP,7055.2,3706,-852
18,stable,Z22,ZIP,7986.45,3707,-517
18,stable,Z23,ZIP,9014.7,3590,-622
18,stable,Z24,ZIP,8593.35,3657,-371
18,stable,P25,PRSH,1105.55,719,337
18,stable,P26,PRSH,2440.85,2063,939
18,stable,P27,PRSH,1896.3,4376,862
18,stable,P28,PRSH,1635.9,878,466
18,stable,P29,PRSH,820.95,541,333
18,stable,C30,CUSTOM,5202.7,4820,-22
18,stable,C31,CUSTOM,6229.35,4775,-31
18,stable,C32,CUSTOM,5554.8,4816,-8
18,stable,C33,CUSTOM,5550.35,4773,-11
18,stable,C34,CUSTOM,5468.2,4740,-32
19,stable,G00,GVWY,-10246.1,6663,-33
19,stable,G01,GVWY,-8834.1,6611,-63
19,stable,G02,GVWY,-10172.0,6648,-260
19,stable,G03,GVWY,-8740.8,6652,-444
19,stable,G04,GVWY,-11108.5,6627,-275
19,stable,Z05,ZIC,1315.6,480,268
19,stable,Z06,ZIC,1541.7,549,271
19,stable,Z07,ZIC,1609.4,544,292
19,stable,Z08,ZIC,1534.6,608,348
19,stable,Z09,ZIC,1556.7,493,271
19,stable,S10,SHVR,-5706.5,5997,-205
19,stable,S11,SHVR,-5186.8,6062,96
19,stable,S12,SHVR,-4758.1,6073,-213
19,stable,S13,SHVR,-5157.4,5982,-92
19,stable,S14,SHVR,-6161.0,6012,-210
19,stable,S15,SNPR,-1368.1,1289,-93
19,stable,S16,SNPR,-1162.5,1289,95
19,stable,S17,SNPR,-1221.7,1311,49
19,stable,S18,SNPR,-1222.0,1284,-70
19,stable,S19,SNPR,-1593.5,1303,-5
19,stable,Z20,ZIP,6560.8,3652,-266
19,stable,Z21,ZIP,7074.7,3637,-319
19,stable,Z22,ZIP,6701.8,3656,-246
19,stable,Z23,ZIP,7716.4,3506,-398
19,stable,Z24,ZIP,6852.9,3737,-403
19,stable,P25,PRSH,1785.3,695,339
19,stable,P26,PRSH,3298.2,2362,666
19,stable,P27,PRSH,1376.7,293,241
19,stable,P28,PRSH,2412.7,993,491
19,stable,P29,PRSH,1311.0,268,240
19,stable,C30,CUSTOM,6046.8,4830,-36
19,stable,C31,CUSTOM,5980.4,4728,-18
19,stable,C32,CUSTOM,6110.8,4770,-26
19,stable,C33,CUSTOM,5540.5,4717,-5
19,stable,C34,CUSTOM,6580.1,4693,-37
20,stable,G00,GVWY,-9512.7,6690,26
20,stable,G01,GVWY,-8265.15,6723,-253
20,stable,G02,GVWY,-9761.15,6697,-73
20,stable,G03,GVWY,-10077.95,6689,-149
20,stable,G04,GVWY,-8953.1,6676,-162
20,stable,Z05,ZIC,692.8,560,296
20,stable,Z06,ZIC,1331.35,563,317
20,stable,Z07,ZIC,1376.9,568,278
20,stable,Z08,ZIC,917.75,567,305
20,stable,Z09,ZIC,1033.6,586,332
20,stable,S10,SHVR,-5327.1,6122,18
20,stable,S11,SHVR,-5497.85,6107,-7
20,stable,S12,SHVR,-5332.65,6121,57
20,stable,S13,SHVR,-6444.9,6134,-198
20,stable,S14,SHVR,-5920.55,6121,-101
20,stable,S15,SNPR,-1119.75,1321,-5
20,stable,S16,SNPR,-1455.45,1301,-19
20,stable,S17,SNPR,-1025.55,1321,39
20,stable,S18,SNPR,-824.55,1313,19
20,stable,S19,SNPR,-1001.5,1326,-30
20,stable,Z20,ZIP,6784.65,3665,-937
20,stable,Z21,ZIP,7744.75,3733,-495
20,stable,Z22,ZIP,6502.3,3654,-694
20,stable,Z23,ZIP,7177.1,3746,-638
20,stable,Z24,ZIP,7831.9,3676,-662
20,stable,P25,PRSH,2507.1,2696,962
20,stable,P26,PRSH,3804.8,3412,1056
20,stable,P27,PRSH,932.75,279,225
20,stable,P28,PRSH,1187.4,312,288
20,stable,P29,PRSH,978.4,374,268
20,stable,C30,CUSTOM,6810.0,4786,0
20,stable,C31,CUSTOM,6245.05,4785,-29
20,stable,C32,CUSTOM,5324.25,4843,-5
20,stable,C33,CUSTOM,5495.4,4756,-32
20,stable,C34,CUSTOM,5885.95,4709,-31
21,stable,G00,GVWY,-9829.8,6649,-63
21,stable,G01,GVWY,-9643.0,6599,-295
21,stable,G02,GVWY,-10277.4,6629,-369
21,stable,G03,GVWY,-8922.2,6652,-132
21,stable,G04,GVWY,-9124.2,6598,-212
21,stable,Z05,ZIC,1466.0,545,295
21,stable,Z06,ZIC,1370.6,551,291
21,stable,Z07,ZIC,1570.2,544,282
21,stable,Z08,ZIC,1505.4,592,254
21,stable,Z09,ZIC,1334.4,517,229
21,stable,S10,SHVR,-5658.2,6013,-187
21,stable,S11,SHVR,-5545.6,6005,-131
21,stable,S12,SHVR,-6345.8,6012,-68
21,stable,S13,SHVR,-4787.8,6018,-38
21,stable,S14,SHVR,-6033.6,6080,-176
21,stable,S15,SNPR,-955.2,1304,48
21,stable,S16,SNPR,-851.4,1314,-24
21,stable,S17,SNPR,-1396.8,1319,-43
21,stable,S18,SNPR,-1220.8,1316,-38
21,stable,S19,SNPR,-1879.4,1305,-119
21,stable,Z20,ZIP,7862.8,3645,-127
21,stable,Z21,ZIP,7144.8,3545,-307
21,stable,Z22,ZIP,7123.8,3620,-152
21,stable,Z23,ZIP,6586.2,3765,-243
21,stable,Z24,ZIP,7572.6,3583,-189
21,stable,P25,PRSH,1371.4,423,239
21,stable,P26,PRSH,1196.0,228,200
21,stable,P27,PRSH,2337.8,2151,603
21,stable,P28,PRSH,1342.8,264,218
21,stable,P29,PRSH,1951.8,714,378
21,stable,C30,CUSTOM,6141.4,4711,-31
21,stable,C31,CUSTOM,6325.8,4748,-62
21,stable,C32,CUSTOM,5725.0,4682,-40
21,stable,C33,CUSTOM,6005.8,4747,-37
21,stable,C34,CUSTOM,6876.8,4724,-12
22,stable,G00,GVWY,-9584.45,6685,37
22,stable,G01,GVWY,-9045.3,6680,-202
22,stable,G02,GVWY,-8341.0,6666,-180
22,stable,G03,GVWY,-9421.35,6719,-189
22,stable,G04,GVWY,-9513.8,6718,48
22,stable,Z05,ZIC,-179.45,615,357
22,stable,Z06,ZIC,-8.1,576,266
22,stable,Z07,ZIC,-400.95,555,287
22,stable,Z08,ZIC,213.55,569,257
22,stable,Z09,ZIC,-163.05,551,313
22,stable,S10,SHVR,-5671.6,6164,-4
22,stable,S11,SHVR,-6937.85,6123,41
22,stable,S12,SHVR,-5878.15,6127,39
22,stable,S13,SHVR,-4506.0,6140,-180
22,stable,S14,SHVR,-5551.7,6086,82
22,stable,S15,SNPR,-1070.4,1298,-36
22,stable,S16,SNPR,-1343.35,1303,51
22,stable,S17,SNPR,-957.2,1340,-28
22,stable,S18,SNPR,-1063.4,1314,-96
22,stable,S19,SNPR,-1144.4,1296,-16
22,stable,Z20,ZIP,12447.85,3623,-901
22,stable,Z21,ZIP,10729.35,3719,-571
22,stable,Z22,ZIP,10992.5,3716,-770
22,stable,Z23,ZIP,11881.2,3638,-792
22,stable,Z24,ZIP,9105.0,3672,-320
22,stable,P25,PRSH,216.9,800,446
22,stable,P26,PRSH,-91.45,1169,557
22,stable,P27,PRSH,-3444.7,4778,782
22,stable,P28,PRSH,-25.6,356,256
22,stable,P29,PRSH,-2864.55,5389,563
22,stable,C30,CUSTOM,5501.75,4849,-15
22,stable,C31,CUSTOM,6427.05,4911,-33
22,stable,C32,CUSTOM,7091.0,4786,-20
22,stable,C33,CUSTOM,5620.65,4799,-29
22,stable,C34,CUSTOM,6951.35,4777,-31
23,stable,G00,GVWY,-9194.4,6616,-168
23,stable,G01,GVWY,-9555.4,6632,-108
23,stable,G02,GVWY,-9194.0,6626,-130
23,stable,G03,GVWY,-9156.9,6681,-33
23,stable,G04,GVWY,-8771.2,6634,-154
23,stable,Z05,ZIC,-706.2,556,316
23,stable,Z06,ZIC,-545.4,558,302
23,stable,Z07,ZIC,31.0,520,300
23,stable,Z08,ZIC,-259.5,563,315
23,stable,Z09,ZIC,-177.9,537,297
23,stable,S10,SHVR,-4903.9,6043,-13
23,stable,S11,SHVR,-5565.4,6084,-158
23,stable,S12,SHVR,-6276.3,6009,139
23,stable,S13,SHVR,-5488.7,6029,11
23,stable,S14,SHVR,-6816.4,6006,72
23,stable,S15,SNPR,-781.2,1292,-44
23,stable,S16,SNPR,-1008.5,1303,-45
23,stable,S17,SNPR,-1021.6,1274,-2
23,stable,S18,SNPR,-1188.4,1292,2
23,stable,S19,SNPR,-1191.6,1304,-12
23,stable,Z20,ZIP,13123.4,3700,-1262
23,stable,Z21,ZIP,7892.9,3747,-117
23,stable,Z22,ZIP,10493.1,3737,-393
23,stable,Z23,ZIP,9695.0,3696,-370
23,stable,Z24,ZIP,7614.4,3652,-182
23,stable,P25,PRSH,-11.5,569,255
23,stable,P26,PRSH,57.5,269,235
23,stable,P27,PRSH,475.0,420,370
23,stable,P28,PRSH,-736.7,687,401
23,stable,P29,PRSH,186.9,427,213
23,stable,C30,CUSTOM,6692.5,4839,-5
23,stable,C31,CUSTOM,7197.5,4763,-45
23,stable,C32,CUSTOM,6362.9,4853,-17
23,stable,C33,CUSTOM,6120.0,4880,-30
23,stable,C34,CUSTOM,7020.9,4729,-17
24,stable,G00,GVWY,-8996.55,6647,-179
24,stable,G01,GVWY,-8799.85,6645,-33
24,stable,G02,GVWY,-8512.0,6662,-200
24,stable,G03,GVWY,-8054.9,6706,-362
24,stable,G04,GVWY,-9432.75,6651,-35
24,stable,Z05,ZIC,-270.85,605,367
24,stable,Z06,ZIC,-414.65,531,303
24,stable,Z07,ZIC,-63.15,535,293
24,stable,Z08,ZIC,60.1,562,218
24,stable,Z09,ZIC,-60.25,541,275
24,stable,S10,SHVR,-6675.0,6054,0
24,stable,S11,SHVR,-4895.2,6000,-116
24,stable,S12,SHVR,-6797.95,6089,169
24,stable,S13,SHVR,-3737.4,6018,-252
24,stable,S14,SHVR,-5717.25,6015,-25
24,stable,S15,SNPR,-1350.55,1303,-39
24,stable,S16,SNPR,-1136.2,1314,-36
24,stable,S17,SNPR,-890.6,1292,-48
24,stable,S18,SNPR,-1711.05,1285,71
24,stable,S19,SNPR,-1473.05,1305,11
24,stable,Z20,ZIP,10152.6,3700,-492
24,stable,Z21,ZIP,9188.95,3619,-249
24,stable,Z22,ZIP,8892.15,3511,-133
24,stable,Z23,ZIP,9497.6,3636,-252
24,stable,Z24,ZIP,12392.4,3644,-1068
24,stable,P25,PRSH,8.05,237,189
24,stable,P26,PRSH,-751.3,1476,726
24,stable,P27,PRSH,80.05,211,169
24,stable,P28,PRSH,-80.7,666,374
24,stable,P29,PRSH,-518.35,913,497
24,stable,C30,CUSTOM,6996.4,4840,-28
24,stable,C31,CUSTOM,5678.85,4735,-27
24,stable,C32,CUSTOM,4332.85,4761,-47
24,stable,C33,CUSTOM,6483.95,4835,-29
24,stable,C34,CUSTOM,6570.1,4858,-42
25,stable,G00,GVWY,-10776.1,6682,-186
25,stable,G01,GVWY,-11419.75,6685,-305
25,stable,G02,GVWY,-12151.35,6657,-241
25,stable,G03,GVWY,-9531.95,6681,-157
25,stable,G04,GVWY,-10988.6,6666,-296
25,stable,Z05,ZIC,2477.5,544,270
25,stable,Z06,ZIC,2730.1,568,286
25,stable,Z07,ZIC,1889.15,509,189
25,stable,Z08,ZIC,2647.45,551,267
25,stable,Z09,ZIC,2449.05,551,263
25,stable,S10,SHVR,-6743.2,6056,-92
25,stable,S11,SHVR,-8483.1,6072,-346
25,stable,S12,SHVR,-5676.65,6059,-99
25,stable,S13,SHVR,-4832.2,6018,-132
25,stable,S14,SHVR,-4807.6,6118,44
25,stable,S15,SNPR,-1097.95,1313,3
25,stable,S16,SNPR,-1306.35,1311,-1
25,stable,S17,SNPR,-1634.95,1281,-117
25,stable,S18,SNPR,-730.25,1297,5
25,stable,S19,SNPR,-1260.55,1297,-33
25,stable,Z20,ZIP,4420.6,3600,-744
25,stable,Z21,ZIP,5259.3,3666,-302
25,stable,Z22,ZIP,5487.0,3744,-420
25,stable,Z23,ZIP,7904.15,3667,-171
25,stable,Z24,ZIP,4134.0,3630,-440
25,stable,P25,PRSH,4823.45,1181,527
25,stable,P26,PRSH,3302.2,688,332
25,stable,P27,PRSH,7688.05,3291,923
25,stable,P28,PRSH,5029.6,1134,536
25,stable,P29,PRSH,3443.95,4617,617
25,stable,C30,CUSTOM,5514.95,4769,-43
25,stable,C31,CUSTOM,4807.6,4876,-44
25,stable,C32,CUSTOM,5803.85,4791,-69
25,stable,C33,CUSTOM,5896.05,4847,-37
25,stable,C34,CUSTOM,5670.25,4799,-25
26,stable,G00,GVWY,-8832.2,6690,-278
26,stable,G01,GVWY,-9457.8,6629,-177
26,stable,G02,GVWY,-11289.4,6646,14
26,stable,G03,GVWY,-9189.8,6681,-307
26,stable,G04,GVWY,-9153.6,6657,-279
26,stable,Z05,ZIC,332.6,582,354
26,stable,Z06,ZIC,715.6,542,254
26,stable,Z07,ZIC,161.6,506,234
26,stable,Z08,ZIC,524.2,565,313
26,stable,Z09,ZIC,416.4,629,351
26,stable,S10,SHVR,-6316.2,6027,107
26,stable,S11,SHVR,-6498.4,6015,9
26,stable,S12,SHVR,-6775.8,6054,-252
26,stable,S13,SHVR,-4429.6,5983,81
26,stable,S14,SHVR,-5500.4,5987,199
26,stable,S15,SNPR,-638.8,1299,-17
26,stable,S16,SNPR,-1045.6,1325,31
26,stable,S17,SNPR,-1148.0,1299,-65
26,stable,S18,SNPR,-1267.0,1310,20
26,stable,S19,SNPR,-1432.4,1305,-61
26,stable,Z20,ZIP,8789.0,3766,-370
26,stable,Z21,ZIP,6759.2,3619,-147
26,stable,Z22,ZIP,10789.6,3675,-1211
26,stable,Z23,ZIP,8327.4,3677,-289
26,stable,Z24,ZIP,9129.0,3707,-335
26,stable,P25,PRSH,393.2,242,208
26,stable,P26,PRSH,537.0,230,190
26,stable,P27,PRSH,877.4,250,186
26,stable,P28,PRSH,725.8,1708,812
26,stable,P29,PRSH,1396.4,852,396
26,stable,C30,CUSTOM,6461.4,4773,1
26,stable,C31,CUSTOM,7453.4,4769,-39
26,stable,C32,CUSTOM,6734.8,4785,-3
26,stable,C33,CUSTOM,6839.6,4758,-16
26,stable,C34,CUSTOM,5893.6,4814,-6
27,stable,G00,GVWY,-9543.5,6715,-121
27,stable,G01,GVWY,-9960.5,6667,-5
27,stable,G02,GVWY,-10967.0,6674,-258
27,stable,G03,GVWY,-9857.5,6701,-121
27,stable,G04,GVWY,-10784.5,6669,-241
27,stable,Z05,ZIC,1688.0,622,320
27,stable,Z06,ZIC,1747.0,586,276
27,stable,Z07,ZIC,1580.5,539,267
27,stable,Z08,ZIC,1478.5,599,303
27,stable,Z09,ZIC,1619.5,551,325
27,stable,S10,SHVR,-6007.0,6038,-12
27,stable,S11,SHVR,-6091.5,6055,-11
27,stable,S12,SHVR,-6153.0,6062,-132
27,stable,S13,SHVR,-6978.0,6040,-194
27,stable,S14,SHVR,-5849.5,6063,-87
27,stable,S15,SNPR,-1107.0,1298,0
27,stable,S16,SNPR,-1346.5,1317,77
27,stable,S17,SNPR,-1370.0,1304,-40
27,stable,S18,SNPR,-1808.5,1299,-25
27,stable,S19,SNPR,-913.0,1318,34
27,stable,Z20,ZIP,7633.5,3635,-601
27,stable,Z21,ZIP,7417.0,3806,-490
27,stable,Z22,ZIP,7884.0,3726,-344
27,stable,Z23,ZIP,7249.0,3660,-264
27,stable,Z24,ZIP,7818.5,3667,-473
27,stable,P25,PRSH,4437.0,3476,872
27,stable,P26,PRSH,1167.0,228,194
27,stable,P27,PRSH,2421.0,776,444
27,stable,P28,PRSH,1431.0,272,216
27,stable,P29,PRSH,1094.5,219,179
27,stable,C30,CUSTOM,6236.5,4813,3
27,stable,C31,CUSTOM,5904.0,4744,-10
27,stable,C32,CUSTOM,6470.0,4680,-34
27,stable,C33,CUSTOM,6742.5,4785,-43
27,stable,C34,CUSTOM,6737.0,4716,-38
28,stable,G00,GVWY,-8820.6,6690,-138
28,stable,G01,GVWY,-8197.6,6693,-23
28,stable,G02,GVWY,-11183.0,6695,-265
28,stable,G03,GVWY,-10191.6,6646,-168
28,stable,G04,GVWY,-11287.2,6672,-386
28,stable,Z05,ZIC,2036.4,551,307
28,stable,Z06,ZIC,2232.6,611,303
28,stable,Z07,ZIC,1807.6,574,318
28,stable,Z08,ZIC,1893.4,592,272
28,stable,Z09,ZIC,1882.6,557,273
28,stable,S10,SHVR,-6272.8,6098,-124
28,stable,S11,SHVR,-5980.8,6100,-164
28,stable,S12,SHVR,-5078.8,6085,1
28,stable,S13,SHVR,-6668.4,6081,-47
28,stable,S14,SHVR,-4460.6,6133,97
28,stable,S15,SNPR,-1365.8,1308,-54
28,stable,S16,SNPR,-1859.0,1307,-35
28,stable,S17,SNPR,-1376.2,1305,9
28,stable,S18,SNPR,-1280.0,1305,-25
28,stable,S19,SNPR,-807.6,1295,-33
28,stable,Z20,ZIP,6780.4,3718,-588
28,stable,Z21,ZIP,6732.8,3704,-86
28,stable,Z22,ZIP,6240.8,3655,-1041
28,stable,Z23,ZIP,7176.8,3628,-196
28,stable,Z24,ZIP,6714.2,3629,-409
28,stable,P25,PRSH,4467.6,3759,923
28,stable,P26,PRSH,2010.2,282,216
28,stable,P27,PRSH,1940.8,675,259
28,stable,P28,PRSH,2628.2,2270,456
28,stable,P29,PRSH,-294.6,5485,447
28,stable,C30,CUSTOM,6661.2,4785,-29
28,stable,C31,CUSTOM,5186.8,4831,-31
28,stable,C32,CUSTOM,6327.2,4733,-29
28,stable,C33,CUSTOM,6242.6,4780,-32
28,stable,C34,CUSTOM,6155.8,4840,-26
29,stable,G00,GVWY,-8191.2,6696,-184
29,stable,G01,GVWY,-8626.25,6641,-155
29,stable,G02,GVWY,-8994.1,6604,-222
29,stable,G03,GVWY,-9193.65,6641,-183
29,stable,G04,GVWY,-10418.45,6643,61
29,stable,Z05,ZIC,406.3,552,306
29,stable,Z06,ZIC,122.45,539,279
29,stable,Z07,ZIC,239.0,560,280
29,stable,Z08,ZIC,195.25,575,295
29,stable,Z09,ZIC,346.75,527,285
29,stable,S10,SHVR,-6055.1,5994,158
29,stable,S11,SHVR,-5519.95,6053,71
29,stable,S12,SHVR,-5958.8,6040,64
29,stable,S13,SHVR,-5552.2,6066,-44
29,stable,S14,SHVR,-5234.65,6045,-203
29,stable,S15,SNPR,-1222.0,1302,-120
29,stable,S16,SNPR,-1334.85,1289,33
29,stable,S17,SNPR,-1523.45,1309,1
29,stable,S18,SNPR,-1017.45,1307,21
29,stable,S19,SNPR,-1310.85,1281,33
29,stable,Z20,ZIP,9326.7,3688,-366
29,stable,Z21,ZIP,10232.05,3697,-549
29,stable,Z22,ZIP,9843.4,3652,-772
29,stable,Z23,ZIP,8748.8,3792,-304
29,stable,Z24,ZIP,7913.4,3714,-192
29,stable,P25,PRSH,189.0,698,400
29,stable,P26,PRSH,516.35,277,217
29,stable,P27,PRSH,357.35,257,197
29,stable,P28,PRSH,1039.65,451,403
29,stable,P29,PRSH,262.05,627,351
29,stable,C30,CUSTOM,6624.45,4823,-41
29,stable,C31,CUSTOM,5847.35,4779,-43
29,stable,C32,CUSTOM,5833.3,4798,-34
29,stable,C33,CUSTOM,6097.75,4725,-35
29,stable,C34,CUSTOM,6415.7,4714,-26
30,stable,G00,GVWY,-9896.0,6614,-440
30,stable,G01,GVWY,-9325.45,6635,-163
30,stable,G02,GVWY,-9378.4,6690,-176
30,stable,G03,GVWY,-9057.6,6682,-144
30,stable,G04,GVWY,-9422.7,6680,-278
30,stable,Z05,ZIC,795.3,516,282
30,stable,Z06,ZIC,1161.2,552,328
30,stable,Z07,ZIC,1149.95,559,233
30,stable,Z08,ZIC,1185.5,544,250
30,stable,Z09,ZIC,954.75,569,205
30,stable,S10,SHVR,-5400.5,6144,-30
30,stable,S11,SHVR,-4391.75,6063,195
30,stable,S12,SHVR,-4761.45,6081,-3
30,stable,S13,SHVR,-5285.55,6057,-197
30,stable,S14,SHVR,-6211.45,6081,-183
30,stable,S15,SNPR,-1209.85,1313,-39
30,stable,S16,SNPR,-1039.3,1314,-62
30,stable,S17,SNPR,-1611.5,1312,10
30,stable,S18,SNPR,-1575.0,1290,-140
30,stable,S19,SNPR,-1245.1,1300,-34
30,stable,Z20,ZIP,7389.2,3656,-552
30,stable,Z21,ZIP,7154.9,3718,-414
30,stable,Z22,ZIP,6770.8,3636,-488
30,stable,Z23,ZIP,7627.05,3643,-153
30,stable,Z24,ZIP,8020.05,3629,-253
30,stable,P25,PRSH,2109.65,2477,711
30,stable,P26,PRSH,3395.5,3080,710
30,stable,P27,PRSH,-379.7,4998,502
30,stable,P28,PRSH,1106.45,251,183
30,stable,P29,PRSH,1211.15,605,281
30,stable,C30,CUSTOM,5944.35,4709,-31
30,stable,C31,CUSTOM,6467.1,4774,-46
30,stable,C32,CUSTOM,6171.95,4725,-27
30,stable,C33,CUSTOM,6378.3,4766,-18
30,stable,C34,CUSTOM,5700.4,4796,-64
31,stable,G00,GVWY,-8792.45,6629,-133
31,stable,G01,GVWY,-8365.4,6656,-336
31,stable,G02,GVWY,-9265.05,6619,-57
31,stable,G03,GVWY,-8521.8,6646,-132
31,stable,G04,GVWY,-7756.8,6652,-232
31,stable,Z05,ZIC,-277.7,498,202
31,stable,Z06,ZIC,-969.65,521,259
31,stable,Z07,ZIC,-652.3,498,198
31,stable,Z08,ZIC,-857.25,569,295
31,stable,Z09,ZIC,-808.6,554,256
31,stable,S10,SHVR,-3754.1,6002,-194
31,stable,S11,SHVR,-3557.75,6079,-135
31,stable,S12,SHVR,-4985.5,6040,30
31,stable,S13,SHVR,-5237.95,6009,-103
31,stable,S14,SHVR,-5035.85,6077,-29
31,stable,S15,SNPR,-806.35,1317,-59
31,stable,S16,SNPR,-1487.05,1315,23
31,stable,S17,SNPR,-225.25,1301,-105
31,stable,S18,SNPR,-1263.7,1318,22
31,stable,S19,SNPR,-883.3,1324,-62
31,stable,Z20,ZIP,11559.1,3646,-586
31,stable,Z21,ZIP,8516.2,3704,-252
31,stable,Z22,ZIP,8349.65,3685,-159
31,stable,Z23,ZIP,9637.35,3753,-341
31,stable,Z24,ZIP,9323.1,3682,-226
31,stable,P25,PRSH,-585.95,391,237
31,stable,P26,PRSH,-2603.55,1865,773
31,stable,P27,PRSH,-219.55,253,193
31,stable,P28,PRSH,-464.95,313,277
31,stable,P29,PRSH,-346.65,445,419
31,stable,C30,CUSTOM,7115.25,4655,-15
31,stable,C31,CUSTOM,5733.5,4744,-50
31,stable,C32,CUSTOM,5325.05,4661,-43
31,stable,C33,CUSTOM,6583.75,4727,-25
31,stable,C34,CUSTOM,6652.2,4656,-32
32,stable,G00,GVWY,-9413.65,6655,-269
32,stable,G01,GVWY,-8793.25,6671,-85
32,stable,G02,GVWY,-9674.2,6648,-92
32,stable,G03,GVWY,-10592.8,6658,-228
32,stable,G04,GVWY,-8882.2,6670,-112
32,stable,Z05,ZIC,1111.3,540,278
32,stable,Z06,ZIC,1221.35,625,331
32,stable,Z07,ZIC,1246.65,575,309
32,stable,Z08,ZIC,1028.25,549,245
32,stable,Z09,ZIC,1422.65,575,209
32,stable,S10,SHVR,-5962.6,6060,-36
32,stable,S11,SHVR,-4817.45,6025,-77
32,stable,S12,SHVR,-5936.2,6038,-212
32,stable,S13,SHVR,-6398.25,6043,75
32,stable,S14,SHVR,-5470.95,6055,-167
32,stable,S15,SNPR,-1297.15,1301,-39
32,stable,S16,SNPR,-1308.1,1298,-26
32,stable,S17,SNPR,-933.0,1294,40
32,stable,S18,SNPR,-1469.95,1289,-7
32,stable,S19,SNPR,-1148.9,1292,-14
32,stable,Z20,ZIP,8782.0,3576,-380
32,stable,Z21,ZIP,7659.1,3684,-1094
32,stable,Z22,ZIP,7186.0,3670,-240
32,stable,Z23,ZIP,7798.6,3566,-284
32,stable,Z24,ZIP,7074.85,3687,-119
32,stable,P25,PRSH,1079.45,227,197
32,stable,P26,PRSH,957.4,282,224
32,stable,P27,PRSH,1657.45,899,457
32,stable,P28,PRSH,3123.55,2327,763
32,stable,P29,PRSH,1588.05,645,313
32,stable,C30,CUSTOM,7227.8,4788,-12
32,stable,C31,CUSTOM,5613.7,4754,-38
32,stable,C32,CUSTOM,6139.55,4737,-17
32,stable,C33,CUSTOM,4631.85,4853,1
32,stable,C34,CUSTOM,5523.75,4825,-5
33,stable,G00,GVWY,-7301.9,6677,-507
33,stable,G01,GVWY,-8068.6,6700,-238
33,stable,G02,GVWY,-8383.4,6652,-152
33,stable,G03,GVWY,-9293.1,6695,-83
33,stable,G04,GVWY,-8093.7,6721,-261
33,stable,Z05,ZIC,-483.8,592,316
33,stable,Z06,ZIC,-598.1,593,327
33,stable,Z07,ZIC,-475.3,579,241
33,stable,Z08,ZIC,-386.8,576,286
33,stable,Z09,ZIC,-251.8,538,266
33,stable,S10,SHVR,-4743.7,6089,-201
33,stable,S11,SHVR,-5472.2,6080,-56
33,stable,S12,SHVR,-3689.2,6084,-196
33,stable,S13,SHVR,-3541.0,6074,-270
33,stable,S14,SHVR,-5024.2,6044,74
33,stable,S15,SNPR,-1092.3,1313,-19
33,stable,S16,SNPR,-1871.6,1318,-8
33,stable,S17,SNPR,-1118.5,1327,-25
33,stable,S18,SNPR,-1287.9,1319,-57
33,stable,S19,SNPR,-1108.1,1319,27
33,stable,Z20,ZIP,8118.6,3624,-202
33,stable,Z21,ZIP,8464.8,3768,-216
33,stable,Z22,ZIP,7868.8,3596,-216
33,stable,Z23,ZIP,11687.6,3624,-1182
33,stable,Z24,ZIP,9866.7,3703,-609
33,stable,P25,PRSH,-997.7,2457,849
33,stable,P26,PRSH,-364.1,967,437
33,stable,P27,PRSH,-192.5,233,175
33,stable,P28,PRSH,-1009.7,1345,579
33,stable,P29,PRSH,-1415.7,3173,999
33,stable,C30,CUSTOM,7168.6,4738,-22
33,stable,C31,CUSTOM,5894.0,4740,-30
33,stable,C32,CUSTOM,6583.6,4708,-12
33,stable,C33,CUSTOM,5595.9,4759,-23
33,stable,C34,CUSTOM,5759.2,4728,-54
34,stable,G00,GVWY,-10487.7,6664,-314
34,stable,G01,GVWY,-10615.1,6608,-242
34,stable,G02,GVWY,-9488.75,6615,-305
34,stable,G03,GVWY,-9374.35,6653,-157
34,stable,G04,GVWY,-9338.0,6628,-260
34,stable,Z05,ZIC,1299.8,570,316
34,stable,Z06,ZIC,1386.3,578,286
34,stable,Z07,ZIC,1104.35,487,257
34,stable,Z08,ZIC,1314.1,528,222
34,stable,Z09,ZIC,819.1,496,202
34,stable,S10,SHVR,-5560.15,6043,147
34,stable,S11,SHVR,-4779.5,6028,-190
34,stable,S12,SHVR,-4870.4,5996,-308
34,stable,S13,SHVR,-4840.35,6061,-157
34,stable,S14,SHVR,-4524.8,6032,-256
34,stable,S15,SNPR,-1245.9,1304,-78
34,stable,S16,SNPR,-1220.85,1297,-87
34,stable,S17,SNPR,-1157.0,1312,-20
34,stable,S18,SNPR,-1533.55,1325,-21
34,stable,S19,SNPR,-1169.75,1315,-45
34,stable,Z20,ZIP,6937.85,3625,-213
34,stable,Z21,ZIP,7210.95,3641,-451
34,stable,Z22,ZIP,6893.35,3661,-203
34,stable,Z23,ZIP,6562.25,3703,-205
34,stable,Z24,ZIP,6343.35,3587,-183
34,stable,P25,PRSH,1396.85,667,327
34,stable,P26,PRSH,2429.95,971,469
34,stable,P27,PRSH,1165.7,4266,594
34,stable,P28,PRSH,4003.4,1660,648
34,stable,P29,PRSH,1249.1,526,242
34,stable,C30,CUSTOM,6224.95,4695,-11
34,stable,C31,CUSTOM,5342.4,4728,-32
34,stable,C32,CUSTOM,6676.0,4714,-20
34,stable,C33,CUSTOM,6129.65,4777,3
34,stable,C34,CUSTOM,5724.7,4838,-6
35,stable,G00,GVWY,-8240.0,6632,-16
35,stable,G01,GVWY,-8808.0,6658,-58
35,stable,G02,GVWY,-8041.0,6649,-163
35,stable,G03,GVWY,-8928.0,6570,-220
35,stable,G04,GVWY,-7057.0,6627,-309
35,stable,Z05,ZIC,-211.0,497,217
35,stable,Z06,ZIC,-346.0,516,256
35,stable,Z07,ZIC,-1003.0,590,330
35,stable,Z08,ZIC,-307.0,509,217
35,stable,Z09,ZIC,-495.0,531,265
35,stable,S10,SHVR,-5761.0,6007,29
35,stable,S11,SHVR,-4198.0,5999,-305
35,stable,S12,SHVR,-3885.0,6001,-199
35,stable,S13,SHVR,-5739.0,6029,-147
35,stable,S14,SHVR,-4649.0,6073,-291
35,stable,S15,SNPR,-1044.0,1289,1
35,stable,S16,SNPR,-1292.0,1283,-23
35,stable,S17,SNPR,-1356.0,1297,-25
35,stable,S18,SNPR,-890.0,1301,-17
35,stable,S19,SNPR,-1567.0,1298,-12
35,stable,Z20,ZIP,9984.0,3679,-303
35,stable,Z21,ZIP,11658.0,3715,-475
35,stable,Z22,ZIP,9790.0,3690,-448
35,stable,Z23,ZIP,7477.0,3590,-226
35,stable,Z24,ZIP,9208.0,3683,-163
35,stable,P25,PRSH,-613.0,646,324
35,stable,P26,PRSH,-1624.0,2295,717
35,stable,P27,PRSH,-180.0,456,238
35,stable,P28,PRSH,-99.0,272,184
35,stable,P29,PRSH,-2554.0,2806,750
35,stable,C30,CUSTOM,6145.0,4833,-61
35,stable,C31,CUSTOM,5772.0,4777,-23
35,stable,C32,CUSTOM,6595.0,4749,-15
35,stable,C33,CUSTOM,6252.0,4808,-14
35,stable,C34,CUSTOM,6409.0,4812,-60
36,stable,G00,GVWY,-8868.0,6642,-98
36,stable,G01,GVWY,-7398.0,6607,-239
36,stable,G02,GVWY,-8247.0,6647,-301
36,stable,G03,GVWY,-8334.0,6630,-196
36,stable,G04,GVWY,-8380.0,6653,-337
36,stable,Z05,ZIC,42.0,545,251
36,stable,Z06,ZIC,-307.0,526,298
36,stable,Z07,ZIC,93.0,545,299
36,stable,Z08,ZIC,74.0,494,224
36,stable,Z09,ZIC,-341.0,546,290
36,stable,S10,SHVR,-4662.0,6006,-68
36,stable,S11,SHVR,-4750.0,6032,-6
36,stable,S12,SHVR,-5614.0,5966,-140
36,stable,S13,SHVR,-4999.0,6064,-40
36,stable,S14,SHVR,-4980.0,5986,-138
36,stable,S15,SNPR,-1479.0,1317,-73
36,stable,S16,SNPR,-922.0,1321,-31
36,stable,S17,SNPR,-1512.0,1291,45
36,stable,S18,SNPR,-1242.0,1311,-85
36,stable,S19,SNPR,-1041.0,1306,10
36,stable,Z20,ZIP,8591.0,3724,-446
36,stable,Z21,ZIP,10963.0,3749,-773
36,stable,Z22,ZIP,7833.0,3635,-233
36,stable,Z23,ZIP,7270.0,3618,-126
36,stable,Z24,ZIP,6591.0,3683,-203
36,stable,P25,PRSH,607.0,1526,602
36,stable,P26,PRSH,355.0,542,280
36,stable,P27,PRSH,11.0,1323,503
36,stable,P28,PRSH,-2086.0,4151,581
36,stable,P29,PRSH,372.0,262,208
36,stable,C30,CUSTOM,6510.0,4709,-25
36,stable,C31,CUSTOM,5732.0,4830,-24
36,stable,C32,CUSTOM,6629.0,4687,-37
36,stable,C33,CUSTOM,6427.0,4706,-4
36,stable,C34,CUSTOM,7379.0,4725,-21
37,stable,G00,GVWY,-9194.35,6703,-183
37,stable,G01,GVWY,-9033.85,6689,-353
37,stable,G02,GVWY,-9351.9,6676,-262
37,stable,G03,GVWY,-10357.9,6668,-222
37,stable,G04,GVWY,-8888.35,6633,-323
37,stable,Z05,ZIC,1012.75,595,255
37,stable,Z06,ZIC,1178.8,520,264
37,stable,Z07,ZIC,766.15,609,367
37,stable,Z08,ZIC,823.85,565,253
37,stable,Z09,ZIC,1033.0,580,280
37,stable,S10,SHVR,-5712.25,6039,-145
37,stable,S11,SHVR,-5289.7,6086,-46
37,stable,S12,SHVR,-5318.45,6011,-201
37,stable,S13,SHVR,-6037.5,6058,70
37,stable,S14,SHVR,-6646.4,6088,-92
37,stable,S15,SNPR,-1039.25,1303,-25
37,stable,S16,SNPR,-1452.5,1294,30
37,stable,S17,SNPR,-1002.55,1313,1
37,stable,S18,SNPR,-1094.55,1285,-19
37,stable,S19,SNPR,-1017.5,1292,-70
37,stable,Z20,ZIP,9242.75,3581,-705
37,stable,Z21,ZIP,7241.25,3707,-215
37,stable,Z22,ZIP,8543.65,3571,-183
37,stable,Z23,ZIP,7923.95,3661,-269
37,stable,Z24,ZIP,8399.5,3600,-210
37,stable,P25,PRSH,992.7,722,326
37,stable,P26,PRSH,1128.65,747,377
37,stable,P27,PRSH,763.25,233,185
37,stable,P28,PRSH,995.6,2936,848
37,stable,P29,PRSH,846.0,530,320
37,stable,C30,CUSTOM,5447.25,4777,-35
37,stable,C31,CUSTOM,5978.5,4756,-50
37,stable,C32,CUSTOM,5788.3,4750,-6
37,stable,C33,CUSTOM,6278.5,4738,-10
37,stable,C34,CUSTOM,7327.2,4734,-4
38,stable,G00,GVWY,-8384.05,6601,-139
38,stable,G01,GVWY,-7289.0,6596,-200
38,stable,G02,GVWY,-7690.25,6621,-115
38,stable,G03,GVWY,-8522.55,6665,-29
38,stable,G04,GVWY,-8819.15,6647,-237
38,stable,Z05,ZIC,-2008.2,584,344
38,stable,Z06,ZIC,-1622.25,529,265
38,stable,Z07,ZIC,-1510.05,541,261
38,stable,Z08,ZIC,-1749.8,596,336
38,stable,Z09,ZIC,-1552.05,557,281
38,stable,S10,SHVR,-4793.9,6024,-102
38,stable,S11,SHVR,-5496.05,5981,-159
38,stable,S12,SHVR,-5454.85,5961,57
38,stable,S13,SHVR,-5758.15,6031,23
38,stable,S14,SHVR,-4394.15,6021,-57
38,stable,S15,SNPR,-1235.5,1290,-50
38,stable,S16,SNPR,-1149.0,1304,-20
38,stable,S17,SNPR,-1576.8,1314,36
38,stable,S18,SNPR,-1099.4,1302,-52
38,stable,S19,SNPR,-1102.35,1311,-13
38,stable,Z20,ZIP,17629.6,3666,-1092
38,stable,Z21,ZIP,10484.55,3613,-351
38,stable,Z22,ZIP,11667.2,3588,-404
38,stable,Z23,ZIP,11423.75,3593,-315
38,stable,Z24,ZIP,7978.2,3596,-184
38,stable,P25,PRSH,-1131.55,449,251
38,stable,P26,PRSH,-1411.75,345,315
38,stable,P27,PRSH,-2388.0,1020,480
38,stable,P28,PRSH,-2220.5,822,390
38,stable,P29,PRSH,-2166.4,1068,468
38,stable,C30,CUSTOM,6380.2,4752,-4
38,stable,C31,CUSTOM,6348.7,4754,-14
38,stable,C32,CUSTOM,6861.45,4721,-9
38,stable,C33,CUSTOM,6703.4,4768,-28
38,stable,C34,CUSTOM,5794.2,4788,-4
39,stable,G00,GVWY,-8322.4,6660,-266
39,stable,G01,GVWY,-9582.2,6659,-73
39,stable,G02,GVWY,-9778.4,6682,-76
39,stable,G03,GVWY,-8894.6,6604,-224
39,stable,G04,GVWY,-9014.0,6664,-350
39,stable,Z05,ZIC,74.4,540,276
39,stable,Z06,ZIC,42.2,501,253
39,stable,Z07,ZIC,304.8,563,247
39,stable,Z08,ZIC,235.0,593,295
39,stable,Z09,ZIC,264.8,568,272
39,stable,S10,SHVR,-5544.6,6101,-39
39,stable,S11,SHVR,-5050.4,6039,-131
39,stable,S12,SHVR,-5252.4,6054,-136
39,stable,S13,SHVR,-4975.6,5997,1
39,stable,S14,SHVR,-5140.6,6069,-119
39,stable,S15,SNPR,-719.8,1303,23
39,stable,S16,SNPR,-1738.4,1297,19
39,stable,S17,SNPR,-1421.0,1316,-40
39,stable,S18,SNPR,-1514.6,1312,-14
39,stable,S19,SNPR,-948.4,1325,-51
39,stable,Z20,ZIP,9843.0,3605,-635
39,stable,Z21,ZIP,10599.2,3730,-792
39,stable,Z22,ZIP,8271.2,3671,-267
39,stable,Z23,ZIP,8258.4,3624,-154
39,stable,Z24,ZIP,6961.2,3701,-157
39,stable,P25,PRSH,201.4,330,216
39,stable,P26,PRSH,518.6,786,424
39,stable,P27,PRSH,384.6,753,359
39,stable,P28,PRSH,176.0,522,300
39,stable,P29,PRSH,215.4,2095,851
39,stable,C30,CUSTOM,6288.0,4819,-5
39,stable,C31,CUSTOM,5519.0,4784,-10
39,stable,C32,CUSTOM,7283.0,4740,-30
39,stable,C33,CUSTOM,6939.2,4803,-27
39,stable,C34,CUSTOM,6154.0,4793,-15
40,stable,G00,GVWY,-8655.8,6670,-198
40,stable,G01,GVWY,-8273.2,6670,-332
40,stable,G02,GVWY,-9444.2,6686,-42
40,stable,G03,GVWY,-10209.0,6676,20
40,stable,G04,GVWY,-9762.3,6643,-183
40,stable,Z05,ZIC,66.0,598,370
40,stable,Z06,ZIC,324.9,571,289
40,stable,Z07,ZIC,445.7,583,307
40,stable,Z08,ZIC,-59.5,571,345
40,stable,Z09,ZIC,248.8,622,358
40,stable,S10,SHVR,-6750.2,6066,128
40,stable,S11,SHVR,-4542.5,6031,-195
40,stable,S12,SHVR,-5078.4,6028,-4
40,stable,S13,SHVR,-6845.8,6032,82
40,stable,S14,SHVR,-5261.7,6009,-27
40,stable,S15,SNPR,-809.4,1316,-44
40,stable,S16,SNPR,-1211.2,1272,-32
40,stable,S17,SNPR,-715.1,1323,-41
40,stable,S18,SNPR,-1583.0,1326,10
40,stable,S19,SNPR,-823.3,1279,-23
40,stable,Z20,ZIP,9051.0,3618,-230
40,stable,Z21,ZIP,10161.9,3689,-671
40,stable,Z22,ZIP,9706.1,3725,-549
40,stable,Z23,ZIP,10480.7,3619,-743
40,stable,Z24,ZIP,8644.6,3688,-304
40,stable,P25,PRSH,-38.3,741,417
40,stable,P26,PRSH,98.8,280,248
40,stable,P27,PRSH,-271.7,949,523
40,stable,P28,PRSH,543.9,265,199
40,stable,P29,PRSH,589.5,371,355
40,stable,C30,CUSTOM,6231.2,4750,2
40,stable,C31,CUSTOM,6701.7,4783,-23
40,stable,C32,CUSTOM,5757.3,4775,-27
40,stable,C33,CUSTOM,6176.9,4715,-1
40,stable,C34,CUSTOM,5479.6,4840,-4
41,stable,G00,GVWY,-9032.0,6671,-235
41,stable,G01,GVWY,-10153.4,6624,-222
41,stable,G02,GVWY,-8762.4,6692,-222
41,stable,G03,GVWY,-8467.2,6631,-351
41,stable,G04,GVWY,-10073.6,6705,-503
41,stable,Z05,ZIC,665.2,536,246
41,stable,Z06,ZIC,1348.8,527,269
41,stable,Z07,ZIC,1057.2,577,301
41,stable,Z08,ZIC,843.4,562,212
41,stable,Z09,ZIC,719.6,552,268
41,stable,S10,SHVR,-5081.2,6125,149
41,stable,S11,SHVR,-6179.8,6075,-139
41,stable,S12,SHVR,-5118.6,6107,-73
41,stable,S13,SHVR,-3719.0,6077,-265
41,stable,S14,SHVR,-4753.4,6035,-67
41,stable,S15,SNPR,-829.2,1298,44
41,stable,S16,SNPR,-602.2,1325,29
41,stable,S17,SNPR,-1525.6,1295,-23
41,stable,S18,SNPR,-1843.4,1296,-52
41,stable,S19,SNPR,-1381.0,1294,0
41,stable,Z20,ZIP,7031.0,3681,-325
41,stable,Z21,ZIP,7358.0,3600,-310
41,stable,Z22,ZIP,6483.6,3576,-322
41,stable,Z23,ZIP,6468.8,3662,-196
41,stable,Z24,ZIP,7469.6,3641,-487
41,stable,P25,PRSH,3453.2,1789,951
41,stable,P26,PRSH,-379.0,4461,705
41,stable,P27,PRSH,766.2,233,171
41,stable,P28,PRSH,1463.4,699,337
41,stable,P29,PRSH,1127.2,326,206
41,stable,C30,CUSTOM,6964.0,4744,0
41,stable,C31,CUSTOM,6323.8,4773,-31
41,stable,C32,CUSTOM,6391.0,4737,-35
41,stable,C33,CUSTOM,5999.4,4765,-33
41,stable,C34,CUSTOM,6339.0,4763,-35
42,stable,G00,GVWY,-9263.95,6613,-153
42,stable,G01,GVWY,-8657.2,6710,-268
42,stable,G02,GVWY,-9047.5,6668,-190
42,stable,G03,GVWY,-8458.8,6620,-112
42,stable,G04,GVWY,-9575.8,6642,-332
42,stable,Z05,ZIC,1101.6,520,244
42,stable,Z06,ZIC,1250.4,584,336
42,stable,Z07,ZIC,724.45,589,283
42,stable,Z08,ZIC,1260.25,615,335
42,stable,Z09,ZIC,756.1,584,294
42,stable,S10,SHVR,-4956.05,6027,-87
42,stable,S11,SHVR,-5901.0,6048,-120
42,stable,S12,SHVR,-5631.55,6033,23
42,stable,S13,SHVR,-5480.95,6061,-73
42,stable,S14,SHVR,-5528.75,6069,-5
42,stable,S15,SNPR,-1097.8,1296,-52
42,stable,S16,SNPR,-898.4,1294,84
42,stable,S17,SNPR,-922.45,1309,-3
42,stable,S18,SNPR,-1388.85,1319,-39
42,stable,S19,SNPR,-1350.1,1294,-114
42,stable,Z20,ZIP,6624.9,3660,-194
42,stable,Z21,ZIP,6895.4,3582,-144
42,stable,Z22,ZIP,6493.15,3669,-299
42,stable,Z23,ZIP,7751.3,3678,-698
42,stable,Z24,ZIP,6111.8,3580,-428
42,stable,P25,PRSH,791.05,219,147
42,stable,P26,PRSH,1862.4,860,436
42,stable,P27,PRSH,2786.2,622,508
42,stable,P28,PRSH,1353.3,730,422
42,stable,P29,PRSH,1177.55,583,297
42,stable,C30,CUSTOM,6228.35,4747,-31
42,stable,C31,CUSTOM,6603.1,4754,-6
42,stable,C32,CUSTOM,6185.3,4726,-18
42,stable,C33,CUSTOM,6551.95,4725,-27
42,stable,C34,CUSTOM,5941.25,4697,-25
43,stable,G00,GVWY,-9117.05,6691,11
43,stable,G01,GVWY,-9135.45,6673,-461
43,stable,G02,GVWY,-9132.35,6715,-223
43,stable,G03,GVWY,-10295.4,6620,-212
43,stable,G04,GVWY,-8645.8,6682,-164
43,stable,Z05,ZIC,347.55,543,319
43,stable,Z06,ZIC,995.25,571,305
43,stable,Z07,ZIC,798.6,546,288
43,stable,Z08,ZIC,438.7,586,306
43,stable,Z09,ZIC,1065.75,619,275
43,stable,S10,SHVR,-4787.8,6048,-4
43,stable,S11,SHVR,-5620.05,6061,51
43,stable,S12,SHVR,-6262.1,6056,-38
43,stable,S13,SHVR,-7243.75,6077,-255
43,stable,S14,SHVR,-5990.7,6078,-46
43,stable,S15,SNPR,-1233.5,1322,-50
43,stable,S16,SNPR,-1603.0,1308,0
43,stable,S17,SNPR,-1170.75,1321,-35
43,stable,S18,SNPR,-1455.5,1290,-70
43,stable,S19,SNPR,-1023.65,1327,-37
43,stable,Z20,ZIP,9769.55,3659,-601
43,stable,Z21,ZIP,6896.15,3681,-153
43,stable,Z22,ZIP,9081.0,3740,-460
43,stable,Z23,ZIP,8729.95,3643,-629
43,stable,Z24,ZIP,8977.7,3654,-254
43,stable,P25,PRSH,333.8,664,324
43,stable,P26,PRSH,830.6,304,268
43,stable,P27,PRSH,491.4,230,192
43,stable,P28,PRSH,1478.35,825,423
43,stable,P29,PRSH,1750.3,2350,934
43,stable,C30,CUSTOM,6080.2,4828,-4
43,stable,C31,CUSTOM,6842.85,4809,-7
43,stable,C32,CUSTOM,6496.75,4841,-5
43,stable,C33,CUSTOM,5748.5,4758,-10
43,stable,C34,CUSTOM,5787.8,4824,-16
44,stable,G00,GVWY,-8774.25,6645,-67
44,stable,G01,GVWY,-8896.0,6684,-232
44,stable,G02,GVWY,-7740.75,6657,-185
44,stable,G03,GVWY,-8798.5,6646,-206
44,stable,G04,GVWY,-9792.0,6622,60
44,stable,Z05,ZIC,-487.5,530,262
44,stable,Z06,ZIC,-878.75,605,347
44,stable,Z07,ZIC,-301.5,512,218
44,stable,Z08,ZIC,-372.25,527,265
44,stable,Z09,ZIC,-783.75,553,311
44,stable,S10,SHVR,-6220.0,6104,24
44,stable,S11,SHVR,-4726.0,6076,-284
44,stable,S12,SHVR,-4137.0,6078,-176
44,stable,S13,SHVR,-4813.75,6083,-153
44,stable,S14,SHVR,-4724.0,6052,56
44,stable,S15,SNPR,-1287.5,1288,-18
44,stable,S16,SNPR,-1252.75,1271,-65
44,stable,S17,SNPR,-846.5,1278,-26
44,stable,S18,SNPR,-915.5,1292,-70
44,stable,S19,SNPR,-1388.25,1293,-3
44,stable,Z20,ZIP,8373.0,3620,-232
44,stable,Z21,ZIP,8227.0,3700,-144
44,stable,Z22,ZIP,9871.25,3801,-293
44,stable,Z23,ZIP,12140.25,3841,-701
44,stable,Z24,ZIP,8546.0,3722,-256
44,stable,P25,PRSH,-185.25,265,233
44,stable,P26,PRSH,-583.25,811,373
44,stable,P27,PRSH,-233.25,253,209
44,stable,P28,PRSH,-4614.25,4589,677
44,stable,P29,PRSH,-33.0,254,172
44,stable,C30,CUSTOM,6111.25,4747,-33
44,stable,C31,CUSTOM,6876.75,4825,-19
44,stable,C32,CUSTOM,8331.75,4805,-39
44,stable,C33,CUSTOM,7975.75,4767,-39
44,stable,C34,CUSTOM,6979.75,4737,-39
45,stable,G00,GVWY,-9880.2,6614,-212
45,stable,G01,GVWY,-10214.65,6589,-359
45,stable,G02,GVWY,-8879.75,6647,-165
45,stable,G03,GVWY,-9795.35,6661,-241
45,stable,G04,GVWY,-9372.15,6677,-109
45,stable,Z05,ZIC,1358.15,513,209
45,stable,Z06,ZIC,1206.0,554,240
45,stable,Z07,ZIC,1306.7,536,242
45,stable,Z08,ZIC,1413.3,540,298
45,stable,Z09,ZIC,1472.15,571,249
45,stable,S10,SHVR,-5669.25,6093,-175
45,stable,S11,SHVR,-6009.5,6084,-250
45,stable,S12,SHVR,-6025.4,6032,-304
45,stable,S13,SHVR,-5988.0,6054,-320
45,stable,S14,SHVR,-5451.75,6033,-105
45,stable,S15,SNPR,-1972.35,1311,-121
45,stable,S16,SNPR,-1597.1,1292,-46
45,stable,S17,SNPR,-1109.2,1304,-12
45,stable,S18,SNPR,-1565.2,1308,-32
45,stable,S19,SNPR,-1737.65,1315,-19
45,stable,Z20,ZIP,7382.5,3590,-190
45,stable,Z21,ZIP,7434.25,3627,-565
45,stable,Z22,ZIP,6972.45,3631,-273
45,stable,Z23,ZIP,7184.95,3599,-163
45,stable,Z24,ZIP,7517.2,3682,-128
45,stable,P25,PRSH,2225.15,863,409
45,stable,P26,PRSH,4169.55,2603,853
45,stable,P27,PRSH,1399.75,289,205
45,stable,P28,PRSH,2083.0,718,400
45,stable,P29,PRSH,2393.6,3838,816
45,stable,C30,CUSTOM,5614.05,4693,-37
45,stable,C31,CUSTOM,5568.4,4698,-36
45,stable,C32,CUSTOM,6032.35,4687,-59
45,stable,C33,CUSTOM,6205.0,4796,-40
45,stable,C34,CUSTOM,6121.5,4718,-10
46,stable,G00,GVWY,-9774.0,6642,20
46,stable,G01,GVWY,-9659.5,6677,-81
46,stable,G02,GVWY,-8823.0,6660,-154
46,stable,G03,GVWY,-10496.5,6693,-297
46,stable,G04,GVWY,-10379.5,6675,-115
46,stable,Z05,ZIC,1667.5,521,299
46,stable,Z06,ZIC,1154.5,523,279
46,stable,Z07,ZIC,1542.0,522,240
46,stable,Z08,ZIC,1493.5,559,265
46,stable,Z09,ZIC,1519.5,571,255
46,stable,S10,SHVR,-6366.0,6026,82
46,stable,S11,SHVR,-6567.5,6071,-185
46,stable,S12,SHVR,-5335.5,6061,-55
46,stable,S13,SHVR,-3966.0,5986,90
46,stable,S14,SHVR,-5962.5,6057,-179
46,stable,S15,SNPR,-1642.0,1302,-34
46,stable,S16,SNPR,-1320.0,1326,-28
46,stable,S17,SNPR,-1135.5,1317,1
46,stable,S18,SNPR,-1116.5,1287,-37
46,stable,S19,SNPR,-1670.5,1295,-61
46,stable,Z20,ZIP,6704.0,3740,-224
46,stable,Z21,ZIP,7437.5,3643,-343
46,stable,Z22,ZIP,4938.0,3642,-1058
46,stable,Z23,ZIP,6003.5,3645,-331
46,stable,Z24,ZIP,6431.0,3762,-756
46,stable,P25,PRSH,4613.0,1814,868
46,stable,P26,PRSH,1427.5,225,193
46,stable,P27,PRSH,4865.5,1009,779
46,stable,P28,PRSH,1971.5,337,281
46,stable,P29,PRSH,1924.0,728,402
46,stable,C30,CUSTOM,6176.5,4801,-15
46,stable,C31,CUSTOM,5806.0,4728,-30
46,stable,C32,CUSTOM,6117.5,4767,-41
46,stable,C33,CUSTOM,6255.0,4740,-18
46,stable,C34,CUSTOM,6136.5,4765,-39
47,stable,G00,GVWY,-8721.7,6670,-222
47,stable,G01,GVWY,-8223.6,6670,-116
47,stable,G02,GVWY,-7327.45,6641,-297
47,stable,G03,GVWY,-8289.05,6659,-253
47,stable,G04,GVWY,-8071.55,6635,-343
47,stable,Z05,ZIC,-469.15,531,261
47,stable,Z06,ZIC,-703.9,592,286
47,stable,Z07,ZIC,-505.15,593,301
47,stable,Z08,ZIC,-449.45,549,263
47,stable,Z09,ZIC,-813.5,552,270
47,stable,S10,SHVR,-3556.5,6088,-170
47,stable,S11,SHVR,-5082.5,6042,30
47,stable,S12,SHVR,-5106.3,6082,-78
47,stable,S13,SHVR,-4343.85,6051,-61
47,stable,S14,SHVR,-4662.05,6039,7
47,stable,S15,SNPR,40.8,1308,-112
47,stable,S16,SNPR,-716.95,1319,-67
47,stable,S17,SNPR,-1553.25,1313,-5
47,stable,S18,SNPR,-821.95,1301,-7
47,stable,S19,SNPR,-955.75,1319,-15
47,stable,Z20,ZIP,8133.4,3714,-156
47,stable,Z21,ZIP,10033.7,3630,-658
47,stable,Z22,ZIP,10056.0,3648,-560
47,stable,Z23,ZIP,8423.5,3686,-310
47,stable,Z24,ZIP,9787.2,3656,-288
47,stable,P25,PRSH,-3244.2,4680,528
47,stable,P26,PRSH,-294.75,249,205
47,stable,P27,PRSH,-713.95,671,333
47,stable,P28,PRSH,-2243.7,2820,998
47,stable,P29,PRSH,-286.1,552,294
47,stable,C30,CUSTOM,6621.25,4685,-35
47,stable,C31,CUSTOM,6650.3,4726,-62
47,stable,C32,CUSTOM,5786.7,4710,-38
47,stable,C33,CUSTOM,6047.8,4720,-12
47,stable,C34,CUSTOM,6642.25,4685,-35
48,stable,G00,GVWY,-8489.2,6678,108
48,stable,G01,GVWY,-8737.4,6646,-34
48,stable,G02,GVWY,-8526.6,6666,-106
48,stable,G03,GVWY,-8064.2,6658,-292
48,stable,G04,GVWY,-8979.3,6695,7
48,stable,Z05,ZIC,-220.3,583,337
48,stable,Z06,ZIC,-47.0,524,310
48,stable,Z07,ZIC,-249.6,562,314
48,stable,Z08,ZIC,167.5,669,375
48,stable,Z09,ZIC,291.3,623,343
48,stable,S10,SHVR,-6218.2,6016,-142
48,stable,S11,SHVR,-6933.0,6120,330
48,stable,S12,SHVR,-5016.6,6080,-56
48,stable,S13,SHVR,-7273.9,6067,151
48,stable,S14,SHVR,-6779.4,6088,-4
48,stable,S15,SNPR,-1236.8,1300,42
48,stable,S16,SNPR,-1629.5,1309,55
48,stable,S17,SNPR,-1006.6,1290,-26
48,stable,S18,SNPR,-1124.9,1317,1
48,stable,S19,SNPR,-1200.4,1322,-34
48,stable,Z20,ZIP,9976.3,3725,-667
48,stable,Z21,ZIP,7646.5,3609,-115
48,stable,Z22,ZIP,8320.2,3696,-188
48,stable,Z23,ZIP,10336.6,3692,-974
48,stable,Z24,ZIP,11671.7,3709,-1223
48,stable,P25,PRSH,370.7,297,257
48,stable,P26,PRSH,-10.2,624,368
48,stable,P27,PRSH,720.5,721,345
48,stable,P28,PRSH,461.2,334,282
48,stable,P29,PRSH,93.9,329,309
48,stable,C30,CUSTOM,6579.4,4786,-6
48,stable,C31,CUSTOM,6491.1,4739,-19
48,stable,C32,CUSTOM,6087.5,4891,-15
48,stable,C33,CUSTOM,5904.9,4747,-21
48,stable,C34,CUSTOM,6668.9,4797,-31
49,stable,G00,GVWY,-7710.9,6630,-238
49,stable,G01,GVWY,-9699.95,6699,-99
49,stable,G02,GVWY,-7031.45,6667,-209
49,stable,G03,GVWY,-8794.5,6650,-230
49,stable,G04,GVWY,-8182.05,6651,-201
49,stable,Z05,ZIC,-715.2,526,296
49,stable,Z06,ZIC,-922.6,560,288
49,stable,Z07,ZIC,-1233.95,577,381
49,stable,Z08,ZIC,-777.8,538,284
49,stable,Z09,ZIC,-776.9,528,282
49,stable,S10,SHVR,-6457.05,6021,199
49,stable,S11,SHVR,-5411.8,6036,4
49,stable,S12,SHVR,-4227.35,6031,-147
49,stable,S13,SHVR,-4823.0,6092,-60
49,stable,S14,SHVR,-6095.85,6067,-17
49,stable,S15,SNPR,-284.15,1295,-63
49,stable,S16,SNPR,-947.5,1294,-70
49,stable,S17,SNPR,-1150.1,1296,-62
49,stable,S18,SNPR,-910.75,1283,-75
49,stable,S19,SNPR,-967.25,1315,-5
49,stable,Z20,ZIP,9294.85,3647,-223
49,stable,Z21,ZIP,8631.85,3623,-263
49,stable,Z22,ZIP,9224.7,3662,-306
49,stable,Z23,ZIP,12274.15,3641,-677
49,stable,Z24,ZIP,10748.5,3676,-370
49,stable,P25,PRSH,-1285.45,899,391
49,stable,P26,PRSH,-370.05,217,179
49,stable,P27,PRSH,-270.95,249,201
49,stable,P28,PRSH,-1736.7,914,486
49,stable,P29,PRSH,-347.25,431,375
49,stable,C30,CUSTOM,6503.55,4699,-29
49,stable,C31,CUSTOM,5582.45,4657,-31
49,stable,C32,CUSTOM,6424.5,4742,-10
49,stable,C33,CUSTOM,6374.25,4745,-35
49,stable,C34,CUSTOM,6857.85,4691,-23
50,stable,G00,GVWY,-9435.3,6688,-326
50,stable,G01,GVWY,-9020.05,6713,-211
50,stable,G02,GVWY,-8961.9,6682,-178
50,stable,G03,GVWY,-8582.35,6709,23
50,stable,G04,GVWY,-8871.85,6695,-247
50,stable,Z05,ZIC,568.6,534,292
50,stable,Z06,ZIC,358.95,549,269
50,stable,Z07,ZIC,885.35,551,317
50,stable,Z08,ZIC,942.3,580,326
50,stable,Z09,ZIC,795.35,505,257
50,stable,S10,SHVR,-6070.3,6146,-146
50,stable,S11,SHVR,-5805.35,6089,-117
50,stable,S12,SHVR,-5736.2,6106,96
50,stable,S13,SHVR,-5004.35,6141,-77
50,stable,S14,SHVR,-5535.45,6137,1
50,stable,S15,SNPR,-1390.65,1313,17
50,stable,S16,SNPR,-1530.7,1314,6
50,stable,S17,SNPR,-1259.35,1319,23
50,stable,S18,SNPR,-1142.7,1324,-14
50,stable,S19,SNPR,-1112.3,1318,-66
50,stable,Z20,ZIP,7182.3,3726,-214
50,stable,Z21,ZIP,7209.25,3735,-525
50,stable,Z22,ZIP,7744.75,3687,-655
50,stable,Z23,ZIP,7641.95,3689,-391
50,stable,Z24,ZIP,7776.4,3534,-432
50,stable,P25,PRSH,615.1,236,202
50,stable,P26,PRSH,1132.2,740,384
50,stable,P27,PRSH,3164.15,2031,933
50,stable,P28,PRSH,843.65,633,323
50,stable,P29,PRSH,564.05,257,211
50,stable,C30,CUSTOM,6745.2,4734,-16
50,stable,C31,CUSTOM,6424.4,4796,-12
50,stable,C32,CUSTOM,7027.3,4728,-34
50,stable,C33,CUSTOM,7036.0,4704,0
50,stable,C34,CUSTOM,5202.55,4755,-39
51,stable,G00,GVWY,-10549.2,6631,-209
51,stable,G01,GVWY,-9712.6,6623,-177
51,stable,G02,GVWY,-9401.4,6652,-318
51,stable,G03,GVWY,-8524.2,6620,-114
51,stable,G04,GVWY,-9221.8,6625,-181
51,stable,Z05,ZIC,1267.2,580,314
51,stable,Z06,ZIC,976.4,553,263
51,stable,Z07,ZIC,1003.2,584,264
51,stable,Z08,ZIC,1152.2,581,289
51,stable,Z09,ZIC,1348.6,588,342
51,stable,S10,SHVR,-5069.4,5997,77
51,stable,S11,SHVR,-5664.0,5990,10
51,stable,S12,SHVR,-6012.0,5951,95
51,stable,S13,SHVR,-6767.4,5985,27
51,stable,S14,SHVR,-5575.8,6021,149
51,stable,S15,SNPR,-1254.8,1311,-31
51,stable,S16,SNPR,-883.8,1290,4
51,stable,S17,SNPR,-1273.8,1306,-36
51,stable,S18,SNPR,-1035.8,1304,-66
51,stable,S19,SNPR,-1380.4,1306,-18
51,stable,Z20,ZIP,7159.8,3635,-249
51,stable,Z21,ZIP,8833.2,3666,-166
51,stable,Z22,ZIP,8382.2,3717,-601
51,stable,Z23,ZIP,7255.8,3660,-274
51,stable,Z24,ZIP,7233.4,3753,-897
51,stable,P25,PRSH,2398.8,1046,536
51,stable,P26,PRSH,1170.4,262,218
51,stable,P27,PRSH,1063.8,447,281
51,stable,P28,PRSH,1392.4,710,338
51,stable,P29,PRSH,1387.4,358,268
51,stable,C30,CUSTOM,6646.4,4850,-32
51,stable,C31,CUSTOM,5140.4,4928,-22
51,stable,C32,CUSTOM,6982.0,4791,-35
51,stable,C33,CUSTOM,6402.6,4828,-28
51,stable,C34,CUSTOM,5277.2,4818,-36
52,stable,G00,GVWY,-11599.0,6694,-180
52,stable,G01,GVWY,-11239.1,6676,-166
52,stable,G02,GVWY,-10643.3,6662,-178
52,stable,G03,GVWY,-9621.3,6650,-118
52,stable,G04,GVWY,-9223.2,6660,108
52,stable,Z05,ZIC,2692.05,515,213
52,stable,Z06,ZIC,3607.55,547,323
52,stable,Z07,ZIC,2799.85,543,261
52,stable,Z08,ZIC,3260.35,507,291
52,stable,Z09,ZIC,3301.05,575,293
52,stable,S10,SHVR,-4684.7,6076,38
52,stable,S11,SHVR,-6725.5,6076,-50
52,stable,S12,SHVR,-4101.95,6049,73
52,stable,S13,SHVR,-3573.25,6077,15
52,stable,S14,SHVR,-5336.8,6094,-88
52,stable,S15,SNPR,-1609.55,1337,-43
52,stable,S16,SNPR,-1529.65,1335,-49
52,stable,S17,SNPR,-1835.25,1295,-25
52,stable,S18,SNPR,-2020.7,1322,-82
52,stable,S19,SNPR,-1056.4,1344,16
52,stable,Z20,ZIP,3523.1,3622,-514
52,stable,Z21,ZIP,4477.95,3655,-333
52,stable,Z22,ZIP,3063.1,3652,-534
52,stable,Z23,ZIP,3903.5,3644,-410
52,stable,Z24,ZIP,-5792.45,3683,-1437
52,stable,P25,PRSH,5866.2,476,432
52,stable,P26,PRSH,7688.15,1843,659
52,stable,P27,PRSH,8065.25,4067,905
52,stable,P28,PRSH,5486.1,942,466
52,stable,P29,PRSH,2835.9,274,234
52,stable,C30,CUSTOM,5197.7,4716,-38
52,stable,C31,CUSTOM,6812.75,4691,-25
52,stable,C32,CUSTOM,5745.15,4725,-41
52,stable,C33,CUSTOM,6299.45,4745,-23
52,stable,C34,CUSTOM,6006.25,4647,-35
53,stable,G00,GVWY,-11801.2,6631,-373
53,stable,G01,GVWY,-9585.6,6568,-124
53,stable,G02,GVWY,-10019.0,6656,-250
53,stable,G03,GVWY,-9769.4,6549,-201
53,stable,G04,GVWY,-9406.8,6642,-212
53,stable,Z05,ZIC,1977.2,537,233
53,stable,Z06,ZIC,2096.0,573,265
53,stable,Z07,ZIC,2051.4,536,256
53,stable,Z08,ZIC,1833.2,578,258
53,stable,Z09,ZIC,1862.2,537,293
53,stable,S10,SHVR,-6858.0,6000,-150
53,stable,S11,SHVR,-5665.6,6032,-34
53,stable,S12,SHVR,-4587.0,6050,10
53,stable,S13,SHVR,-5517.4,5989,-11
53,stable,S14,SHVR,-5564.0,5995,-95
53,stable,S15,SNPR,-842.4,1305,49
53,stable,S16,SNPR,-1707.2,1296,-58
53,stable,S17,SNPR,-1468.8,1288,-92
53,stable,S18,SNPR,-1766.0,1301,-125
53,stable,S19,SNPR,-1738.6,1297,-19
53,stable,Z20,ZIP,5006.0,3644,-360
53,stable,Z21,ZIP,5808.6,3700,-186
53,stable,Z22,ZIP,4696.4,3650,-624
53,stable,Z23,ZIP,6049.2,3659,-517
53,stable,Z24,ZIP,6512.2,3530,-202
53,stable,P25,PRSH,1742.0,247,195
53,stable,P26,PRSH,6003.0,2325,815
53,stable,P27,PRSH,2501.2,725,273
53,stable,P28,PRSH,1908.8,261,227
53,stable,P29,PRSH,6444.4,2765,841
53,stable,C30,CUSTOM,5752.8,4816,-18
53,stable,C31,CUSTOM,5788.2,4829,-27
53,stable,C32,CUSTOM,5840.2,4815,-47
53,stable,C33,CUSTOM,6146.8,4754,-38
53,stable,C34,CUSTOM,6330.0,4677,-15
54,stable,G00,GVWY,-10279.8,6665,43
54,stable,G01,GVWY,-8467.2,6664,-168
54,stable,G02,GVWY,-6244.2,6637,-333
54,stable,G03,GVWY,-8603.4,6666,-136
54,stable,G04,GVWY,-8594.8,6672,-92
54,stable,Z05,ZIC,-1793.2,607,347
54,stable,Z06,ZIC,-1418.8,573,273
54,stable,Z07,ZIC,-1460.6,543,291
54,stable,Z08,ZIC,-1488.0,531,315
54,stable,Z09,ZIC,-1281.2,474,272
54,stable,S10,SHVR,-6881.8,6035,203
54,stable,S11,SHVR,-5375.0,6043,25
54,stable,S12,SHVR,-5429.4,6058,-86
54,stable,S13,SHVR,-5551.2,6027,-23
54,stable,S14,SHVR,-3932.8,6105,-27
54,stable,S15,SNPR,-1942.0,1303,95
54,stable,S16,SNPR,-1336.4,1298,-6
54,stable,S17,SNPR,-1354.4,1274,4
54,stable,S18,SNPR,-1102.0,1309,15
54,stable,S19,SNPR,-1290.8,1297,-77
54,stable,Z20,ZIP,9360.8,3714,-168
54,stable,Z21,ZIP,10188.4,3699,-289
54,stable,Z22,ZIP,13163.8,3669,-553
54,stable,Z23,ZIP,14685.8,3518,-718
54,stable,Z24,ZIP,15475.4,3717,-969
54,stable,P25,PRSH,-5913.0,3314,880
54,stable,P26,PRSH,-1628.4,501,279
54,stable,P27,PRSH,-1532.8,492,308
54,stable,P28,PRSH,-642.6,258,196
54,stable,P29,PRSH,-500.4,228,184
54,stable,C30,CUSTOM,6219.4,4700,-14
54,stable,C31,CUSTOM,6658.6,4817,-31
54,stable,C32,CUSTOM,6144.8,4870,-38
54,stable,C33,CUSTOM,6924.0,4795,-25
54,stable,C34,CUSTOM,5632.8,4786,-38
55,stable,G00,GVWY,-9255.0,6616,52
55,stable,G01,GVWY,-9721.75,6655,-121
55,stable,G02,GVWY,-11534.5,6646,-230
55,stable,G03,GVWY,-9974.5,6662,-26
55,stable,G04,GVWY,-11298.5,6642,-210
55,stable,Z05,ZIC,3358.25,563,275
55,stable,Z06,ZIC,3719.25,609,331
55,stable,Z07,ZIC,3127.0,538,260
55,stable,Z08,ZIC,3114.0,536,260
55,stable,Z09,ZIC,3053.5,512,262
55,stable,S10,SHVR,-7104.75,6037,-157
55,stable,S11,SHVR,-7301.25,5997,-135
55,stable,S12,SHVR,-5931.75,6007,-45
55,stable,S13,SHVR,-5951.5,5982,-2
55,stable,S14,SHVR,-4501.5,6014,142
55,stable,S15,SNPR,-2407.25,1299,-91
55,stable,S16,SNPR,-1745.5,1280,-46
55,stable,S17,SNPR,-323.0,1302,80
55,stable,S18,SNPR,-1550.25,1307,-35
55,stable,S19,SNPR,-1603.5,1318,-22
55,stable,Z20,ZIP,4934.25,3523,-189
55,stable,Z21,ZIP,5468.25,3657,-357
55,stable,Z22,ZIP,1837.0,3690,-844
55,stable,Z23,ZIP,6969.75,3631,-195
55,stable,Z24,ZIP,5815.25,3685,-153
55,stable,P25,PRSH,2805.5,256,226
55,stable,P26,PRSH,2352.0,258,196
55,stable,P27,PRSH,3551.25,585,287
55,stable,P28,PRSH,2287.75,241,185
55,stable,P29,PRSH,4638.75,399,369
55,stable,C30,CUSTOM,6734.25,4805,-17
55,stable,C31,CUSTOM,7208.0,4752,-12
55,stable,C32,CUSTOM,5807.0,4780,-8
55,stable,C33,CUSTOM,6790.75,4765,-35
55,stable,C34,CUSTOM,6647.5,4806,-18
56,stable,G00,GVWY,-8862.55,6619,-187
56,stable,G01,GVWY,-9283.35,6609,-139
56,stable,G02,GVWY,-9094.75,6629,-135
56,stable,G03,GVWY,-9135.4,6648,-336
56,stable,G04,GVWY,-9442.5,6596,-230
56,stable,Z05,ZIC,702.15,533,231
56,stable,Z06,ZIC,1028.55,563,247
56,stable,Z07,ZIC,900.15,617,291
56,stable,Z08,ZIC,673.65,525,261
56,stable,Z09,ZIC,1144.55,555,287
56,stable,S10,SHVR,-5641.05,5997,83
56,stable,S11,SHVR,-5383.85,5977,151
56,stable,S12,SHVR,-5317.85,6025,-9
56,stable,S13,SHVR,-6798.5,6040,-290
56,stable,S14,SHVR,-5362.65,5957,-1
56,stable,S15,SNPR,-1516.55,1289,-67
56,stable,S16,SNPR,-1262.6,1292,-24
56,stable,S17,SNPR,-1357.8,1308,-32
56,stable,S18,SNPR,-1281.7,1300,-98
56,stable,S19,SNPR,-1367.9,1294,54
56,stable,Z20,ZIP,7820.0,3572,-220
56,stable,Z21,ZIP,8368.05,3615,-163
56,stable,Z22,ZIP,8551.05,3657,-603
56,stable,Z23,ZIP,6741.2,3576,-192
56,stable,Z24,ZIP,8397.25,3617,-235
56,stable,P25,PRSH,1458.5,606,310
56,stable,P26,PRSH,1310.45,313,293
56,stable,P27,PRSH,1322.45,299,253
56,stable,P28,PRSH,784.3,230,182
56,stable,P29,PRSH,1174.1,780,374
56,stable,C30,CUSTOM,6877.05,4827,-23
56,stable,C31,CUSTOM,6960.0,4738,-40
56,stable,C32,CUSTOM,5534.2,4732,-32
56,stable,C33,CUSTOM,5883.2,4708,-12
56,stable,C34,CUSTOM,6075.2,4792,-32
57,stable,G00,GVWY,-9400.9,6675,-61
57,stable,G01,GVWY,-9420.0,6706,-170
57,stable,G02,GVWY,-9735.4,6674,14
57,stable,G03,GVWY,-9834.8,6674,-82
57,stable,G04,GVWY,-9265.0,6696,0
57,stable,Z05,ZIC,785.5,579,275
57,stable,Z06,ZIC,457.9,579,311
57,stable,Z07,ZIC,461.9,589,311
57,stable,Z08,ZIC,438.5,573,295
57,stable,Z09,ZIC,355.0,572,280
57,stable,S10,SHVR,-6008.6,6090,36
57,stable,S11,SHVR,-5751.8,6074,-22
57,stable,S12,SHVR,-6176.0,6130,0
57,stable,S13,SHVR,-5842.8,6082,-72
57,stable,S14,SHVR,-5647.7,6209,97
57,stable,S15,SNPR,-1551.6,1318,76
57,stable,S16,SNPR,-1051.9,1303,9
57,stable,S17,SNPR,-445.9,1319,-91
57,stable,S18,SNPR,-937.1,1319,-29
57,stable,S19,SNPR,-1438.3,1319,53
57,stable,Z20,ZIP,8760.7,3679,-987
57,stable,Z21,ZIP,8838.4,3538,-1294
57,stable,Z22,ZIP,9566.9,3515,-719
57,stable,Z23,ZIP,8404.3,3675,-943
57,stable,Z24,ZIP,8257.9,3719,-279
57,stable,P25,PRSH,777.1,1605,709
57,stable,P26,PRSH,1685.0,900,730
57,stable,P27,PRSH,607.5,277,195
57,stable,P28,PRSH,-983.1,4293,801
57,stable,P29,PRSH,1292.2,1864,648
57,stable,C30,CUSTOM,6798.0,4738,-30
57,stable,C31,CUSTOM,7229.1,4803,-31
57,stable,C32,CUSTOM,6834.2,4762,-22
57,stable,C33,CUSTOM,6183.3,4747,-33
57,stable,C34,CUSTOM,6110.1,4793,-41
58,stable,G00,GVWY,-9803.0,6662,-360
58,stable,G01,GVWY,-10440.5,6688,-134
58,stable,G02,GVWY,-10394.75,6675,-227
58,stable,G03,GVWY,-8958.75,6679,-275
58,stable,G04,GVWY,-8476.0,6630,-156
58,stable,Z05,ZIC,657.25,535,265
58,stable,Z06,ZIC,933.75,531,299
58,stable,Z07,ZIC,785.0,596,336
58,stable,Z08,ZIC,539.75,547,295
58,stable,Z09,ZIC,858.5,560,310
58,stable,S10,SHVR,-5214.75,6105,-159
58,stable,S11,SHVR,-4466.75,6101,37
58,stable,S12,SHVR,-4505.75,6079,-71
58,stable,S13,SHVR,-6409.75,6079,-227
58,stable,S14,SHVR,-4703.5,6092,-126
58,stable,S15,SNPR,-1435.0,1306,-56
58,stable,S16,SNPR,-1156.5,1320,-30
58,stable,S17,SNPR,-1119.0,1318,24
58,stable,S18,SNPR,-1156.0,1310,-32
58,stable,S19,SNPR,-1452.75,1295,-3
58,stable,Z20,ZIP,7511.75,3703,-541
58,stable,Z21,ZIP,6548.0,3654,-264
58,stable,Z22,ZIP,6767.75,3651,-149
58,stable,Z23,ZIP,7175.5,3680,-482
58,stable,Z24,ZIP,8154.5,3744,-578
58,stable,P25,PRSH,2631.5,1598,834
58,stable,P26,PRSH,778.75,247,227
58,stable,P27,PRSH,2284.0,3824,760
58,stable,P28,PRSH,735.25,361,249
58,stable,P29,PRSH,964.25,359,233
58,stable,C30,CUSTOM,6986.25,4641,-11
58,stable,C31,CUSTOM,6347.75,4695,-13
58,stable,C32,CUSTOM,6724.75,4701,-5
58,stable,C33,CUSTOM,6337.25,4665,-7
58,stable,C34,CUSTOM,6688.25,4685,-15
59,stable,G00,GVWY,-8892.9,6695,-311
59,stable,G01,GVWY,-6574.3,6715,-367
59,stable,G02,GVWY,-8925.2,6680,-48
59,stable,G03,GVWY,-9008.6,6628,-144
59,stable,G04,GVWY,-9556.1,6649,-99
59,stable,Z05,ZIC,-270.0,554,280
59,stable,Z06,ZIC,-271.1,509,281
59,stable,Z07,ZIC,-297.0,554,280
59,stable,Z08,ZIC,-243.3,581,283
59,stable,Z09,ZIC,-298.7,547,297
59,stable,S10,SHVR,-5083.1,6103,-159
59,stable,S11,SHVR,-4923.1,6055,-169
59,stable,S12,SHVR,-4379.4,6064,104
59,stable,S13,SHVR,-5945.6,6016,36
59,stable,S14,SHVR,-4968.1,6105,-39
59,stable,S15,SNPR,-754.0,1308,-60
59,stable,S16,SNPR,-1408.0,1316,-50
59,stable,S17,SNPR,-924.2,1316,-18
59,stable,S18,SNPR,-1218.2,1294,-8
59,stable,S19,SNPR,-1536.0,1284,40
59,stable,Z20,ZIP,9393.5,3629,-415
59,stable,Z21,ZIP,8127.3,3725,-233
59,stable,Z22,ZIP,9176.7,3655,-307
59,stable,Z23,ZIP,11179.2,3746,-1102
59,stable,Z24,ZIP,10433.1,3691,-571
59,stable,P25,PRSH,-184.3,1191,523
59,stable,P26,PRSH,-1703.8,4110,798
59,stable,P27,PRSH,125.8,950,402
59,stable,P28,PRSH,-174.3,307,213
59,stable,P29,PRSH,-1030.3,1803,723
59,stable,C30,CUSTOM,6121.2,4734,-22
59,stable,C31,CUSTOM,6047.4,4784,-44
59,stable,C32,CUSTOM,5932.9,4703,-49
59,stable,C33,CUSTOM,5518.0,4796,-40
59,stable,C34,CUSTOM,6817.7,4643,-57
60,stable,G00,GVWY,-8550.55,6653,-83
60,stable,G01,GVWY,-9895.0,6644,-400
60,stable,G02,GVWY,-10937.5,6628,-250
60,stable,G03,GVWY,-10746.25,6683,-445
60,stable,G04,GVWY,-9728.2,6600,-232
60,stable,Z05,ZIC,1446.2,576,272
60,stable,Z06,ZIC,1297.25,491,225
60,stable,Z07,ZIC,1968.1,572,306
60,stable,Z08,ZIC,1713.95,539,287
60,stable,Z09,ZIC,1810.7,542,302
60,stable,S10,SHVR,-4579.25,5999,-45
60,stable,S11,SHVR,-4418.8,6054,-108
60,stable,S12,SHVR,-5471.65,6003,-89
60,stable,S13,SHVR,-5727.65,6017,-89
60,stable,S14,SHVR,-5930.5,6108,-130
60,stable,S15,SNPR,-1317.55,1295,57
60,stable,S16,SNPR,-876.9,1318,26
60,stable,S17,SNPR,-2180.25,1307,-65
60,stable,S18,SNPR,-1145.7,1314,-2
60,stable,S19,SNPR,-1452.0,1312,0
60,stable,Z20,ZIP,6191.2,3608,-388
60,stable,Z21,ZIP,5828.95,3681,-293
60,stable,Z22,ZIP,6974.4,3822,-156
60,stable,Z23,ZIP,5931.25,3533,-555
60,stable,Z24,ZIP,6074.45,3717,-483
60,stable,P25,PRSH,5393.75,2873,855
60,stable,P26,PRSH,3447.3,1230,598
60,stable,P27,PRSH,1352.0,294,220
60,stable,P28,PRSH,2212.95,739,447
60,stable,P29,PRSH,1785.8,680,328
60,stable,C30,CUSTOM,5825.9,4688,-46
60,stable,C31,CUSTOM,5986.4,4722,-36
60,stable,C32,CUSTOM,5681.35,4741,-9
60,stable,C33,CUSTOM,6388.4,4662,-36
60,stable,C34,CUSTOM,5709.85,4715,-59
61,stable,G00,GVWY,-8955.0,6665,13
61,stable,G01,GVWY,-8511.0,6670,-324
61,stable,G02,GVWY,-10297.0,6706,-290
61,stable,G03,GVWY,-8927.0,6686,-332
61,stable,G04,GVWY,-10019.0,6702,-366
61,stable,Z05,ZIC,862.0,515,185
61,stable,Z06,ZIC,839.0,549,305
61,stable,Z07,ZIC,766.0,494,236
61,stable,Z08,ZIC,1204.0,618,316
61,stable,Z09,ZIC,762.0,532,256
61,stable,S10,SHVR,-5923.0,6082,-120
61,stable,S11,SHVR,-6184.0,6081,-67
61,stable,S12,SHVR,-3766.0,6116,-44
61,stable,S13,SHVR,-5961.0,6062,-146
61,stable,S14,SHVR,-4829.0,6017,-25
61,stable,S15,SNPR,-1319.0,1322,-30
61,stable,S16,SNPR,-1369.0,1317,-45
61,stable,S17,SNPR,-1421.0,1295,-3
61,stable,S18,SNPR,-1431.0,1299,-73
61,stable,S19,SNPR,-1141.0,1291,-57
61,stable,Z20,ZIP,7142.0,3729,-531
61,stable,Z21,ZIP,8595.0,3647,-387
61,stable,Z22,ZIP,8050.0,3703,-237
61,stable,Z23,ZIP,7170.0,3748,-542
61,stable,Z24,ZIP,6590.0,3720,-262
61,stable,P25,PRSH,871.0,237,185
61,stable,P26,PRSH,1214.0,679,403
61,stable,P27,PRSH,883.0,341,211
61,stable,P28,PRSH,2570.0,3467,887
61,stable,P29,PRSH,1432.0,4114,944
61,stable,C30,CUSTOM,5587.0,4731,-19
61,stable,C31,CUSTOM,7185.0,4730,-30
61,stable,C32,CUSTOM,6288.0,4816,-18
61,stable,C33,CUSTOM,6193.0,4748,-8
61,stable,C34,CUSTOM,6182.0,4810,-22
62,stable,G00,GVWY,-8805.0,6630,-340
62,stable,G01,GVWY,-9154.7,6688,-262
62,stable,G02,GVWY,-9140.15,6701,-379
62,stable,G03,GVWY,-10197.4,6626,-364
62,stable,G04,GVWY,-8747.65,6671,-369
62,stable,Z05,ZIC,512.7,528,302
62,stable,Z06,ZIC,619.2,504,212
62,stable,Z07,ZIC,410.2,554,292
62,stable,Z08,ZIC,428.5,578,310
62,stable,Z09,ZIC,640.4,572,244
62,stable,S10,SHVR,-5277.65,6081,-329
62,stable,S11,SHVR,-4126.25,6021,-185
62,stable,S12,SHVR,-5284.05,6047,-133
62,stable,S13,SHVR,-5248.55,6001,-123
62,stable,S14,SHVR,-4953.35,6063,69
62,stable,S15,SNPR,-1494.9,1302,-74
62,stable,S16,SNPR,-1033.7,1304,-62
62,stable,S17,SNPR,-1427.1,1316,-46
62,stable,S18,SNPR,-1045.2,1298,-32
62,stable,S19,SNPR,-882.5,1326,-30
62,stable,Z20,ZIP,7788.3,3736,-262
62,stable,Z21,ZIP,7173.3,3614,-142
62,stable,Z22,ZIP,7975.25,3631,-295
62,stable,Z23,ZIP,7185.95,3703,-233
62,stable,Z24,ZIP,9207.85,3689,-499
62,stable,P25,PRSH,776.25,299,225
62,stable,P26,PRSH,1676.4,1988,804
62,stable,P27,PRSH,1391.6,2548,856
62,stable,P28,PRSH,-833.9,4262,786
62,stable,P29,PRSH,677.7,256,182
62,stable,C30,CUSTOM,5154.35,4785,-49
62,stable,C31,CUSTOM,6673.85,4819,-19
62,stable,C32,CUSTOM,6132.8,4838,-32
62,stable,C33,CUSTOM,6613.05,4753,-27
62,stable,C34,CUSTOM,7117.3,4728,-42
63,stable,G00,GVWY,-7612.45,6651,-431
63,stable,G01,GVWY,-8379.3,6628,-294
63,stable,G02,GVWY,-9113.65,6611,-167
63,stable,G03,GVWY,-7908.85,6625,-183
63,stable,G04,GVWY,-8607.25,6621,-315
63,stable,Z05,ZIC,657.5,558,250
63,stable,Z06,ZIC,115.6,578,268
63,stable,Z07,ZIC,330.05,553,299
63,stable,Z08,ZIC,253.65,531,187
63,stable,Z09,ZIC,329.85,575,263
63,stable,S10,SHVR,-5671.95,6009,-161
63,stable,S11,SHVR,-4425.05,5995,-119
63,stable,S12,SHVR,-5168.55,5997,-9
63,stable,S13,SHVR,-5207.2,5994,-56
63,stable,S14,SHVR,-5479.05,6029,-219
63,stable,S15,SNPR,-1759.35,1321,7
63,stable,S16,SNPR,-1111.65,1313,-47
63,stable,S17,SNPR,-1373.0,1326,-40
63,stable,S18,SNPR,-616.85,1305,-83
63,stable,S19,SNPR,-1477.1,1318,22
63,stable,Z20,ZIP,7242.85,3663,-257
63,stable,Z21,ZIP,9786.9,3850,-1018
63,stable,Z22,ZIP,7223.55,3795,-231
63,stable,Z23,ZIP,6772.25,3687,-105
63,stable,Z24,ZIP,8234.4,3812,-248
63,stable,P25,PRSH,1206.55,425,389
63,stable,P26,PRSH,356.75,193,145
63,stable,P27,PRSH,729.65,977,427
63,stable,P28,PRSH,-199.5,3062,910
63,stable,P29,PRSH,323.45,3417,831
63,stable,C30,CUSTOM,6477.45,4719,-29
63,stable,C31,CUSTOM,6235.3,4774,-26
63,stable,C32,CUSTOM,5790.15,4765,-23
63,stable,C33,CUSTOM,6047.85,4707,3
63,stable,C34,CUSTOM,6539.9,4706,-18
64,stable,G00,GVWY,-12537.1,6626,-258
64,stable,G01,GVWY,-12742.15,6633,-267
64,stable,G02,GVWY,-9519.3,6652,-34
64,stable,G03,GVWY,-10050.2,6642,-36
64,stable,G04,GVWY,-9250.55,6661,-19
64,stable,Z05,ZIC,3493.05,561,309
64,stable,Z06,ZIC,3135.7,558,326
64,stable,Z07,ZIC,2801.0,574,320
64,stable,Z08,ZIC,3158.9,590,322
64,stable,Z09,ZIC,3215.6,542,328
64,stable,S10,SHVR,-6553.1,6024,-38
64,stable,S11,SHVR,-6392.85,5981,-113
64,stable,S12,SHVR,-5243.7,6002,74
64,stable,S13,SHVR,-4067.9,6012,138
64,stable,S14,SHVR,-6690.3,6016,-34
64,stable,S15,SNPR,-921.45,1313,19
64,stable,S16,SNPR,-1520.8,1312,36
64,stable,S17,SNPR,-1569.95,1303,-51
64,stable,S18,SNPR,-1663.35,1309,-3
64,stable,S19,SNPR,-1413.45,1305,-1
64,stable,Z20,ZIP,5555.15,3651,-413
64,stable,Z21,ZIP,6663.7,3762,-314
64,stable,Z22,ZIP,6317.2,3602,-264
64,stable,Z23,ZIP,5882.95,3717,-369
64,stable,Z24,ZIP,2687.05,3671,-1051
64,stable,P25,PRSH,2566.95,387,251
64,stable,P26,PRSH,4622.0,892,460
64,stable,P27,PRSH,2481.0,290,240
64,stable,P28,PRSH,2936.8,330,284
64,stable,P29,PRSH,2338.5,284,210
64,stable,C30,CUSTOM,5429.6,4782,-32
64,stable,C31,CUSTOM,7344.8,4696,-16
64,stable,C32,CUSTOM,6069.2,4820,-24
64,stable,C33,CUSTOM,6244.05,4707,-11
64,stable,C34,CUSTOM,7109.75,4863,-5
65,stable,G00,GVWY,-9594.8,6662,-176
65,stable,G01,GVWY,-8710.2,6651,-199
65,stable,G02,GVWY,-8802.6,6675,-277
65,stable,G03,GVWY,-9011.4,6682,-58
65,stable,G04,GVWY,-8683.6,6683,-137
65,stable,Z05,ZIC,884.0,570,310
65,stable,Z06,ZIC,561.6,608,362
65,stable,Z07,ZIC,728.0,559,285
65,stable,Z08,ZIC,660.4,535,283
65,stable,Z09,ZIC,540.0,567,325
65,stable,S10,SHVR,-5772.4,6099,27
65,stable,S11,SHVR,-5114.0,6067,-125
65,stable,S12,SHVR,-5344.6,6078,-92
65,stable,S13,SHVR,-6260.0,6093,-25
65,stable,S14,SHVR,-6385.2,6072,-124
65,stable,S15,SNPR,-1004.4,1304,-48
65,stable,S16,SNPR,-1137.8,1304,34
65,stable,S17,SNPR,-1254.0,1321,15
65,stable,S18,SNPR,-941.8,1331,99
65,stable,S19,SNPR,-1572.2,1301,21
65,stable,Z20,ZIP,7937.0,3654,-120
65,stable,Z21,ZIP,6514.2,3715,-201
65,stable,Z22,ZIP,8595.6,3695,-443
65,stable,Z23,ZIP,9883.0,3713,-1115
65,stable,Z24,ZIP,9593.2,3610,-536
65,stable,P25,PRSH,525.6,225,197
65,stable,P26,PRSH,616.0,305,255
65,stable,P27,PRSH,364.8,3887,1041
65,stable,P28,PRSH,611.0,323,245
65,stable,P29,PRSH,699.0,281,215
65,stable,C30,CUSTOM,6451.4,4827,-17
65,stable,C31,CUSTOM,6085.6,4802,-8
65,stable,C32,CUSTOM,5915.6,4789,-13
65,stable,C33,CUSTOM,6739.2,4760,-26
65,stable,C34,CUSTOM,5842.2,4804,14
66,stable,G00,GVWY,-9078.5,6640,-190
66,stable,G01,GVWY,-10908.75,6659,-223
66,stable,G02,GVWY,-9342.75,6671,-91
66,stable,G03,GVWY,-9809.0,6696,-312
66,stable,G04,GVWY,-9985.5,6688,-10
66,stable,Z05,ZIC,1469.25,595,297
66,stable,Z06,ZIC,1554.0,558,196
66,stable,Z07,ZIC,1085.25,481,249
66,stable,Z08,ZIC,1262.5,568,282
66,stable,Z09,ZIC,1291.25,503,245
66,stable,S10,SHVR,-5679.0,6096,28
66,stable,S11,SHVR,-6239.5,6084,-250
66,stable,S12,SHVR,-6242.25,6089,-53
66,stable,S13,SHVR,-5277.0,6050,-108
66,stable,S14,SHVR,-3868.0,6078,176
66,stable,S15,SNPR,-1696.0,1318,-48
66,stable,S16,SNPR,-1424.75,1305,17
66,stable,S17,SNPR,-632.5,1282,22
66,stable,S18,SNPR,-1574.5,1314,-114
66,stable,S19,SNPR,-1299.5,1312,-10
66,stable,Z20,ZIP,6468.5,3588,-482
66,stable,Z21,ZIP,6690.75,3655,-421
66,stable,Z22,ZIP,7399.25,3641,-155
66,stable,Z23,ZIP,7614.5,3630,-526
66,stable,Z24,ZIP,7363.5,3714,-206
66,stable,P25,PRSH,1425.5,432,246
66,stable,P26,PRSH,3427.0,1660,760
66,stable,P27,PRSH,1508.0,702,312
66,stable,P28,PRSH,1201.5,238,182
66,stable,P29,PRSH,1511.0,604,300
66,stable,C30,CUSTOM,7522.75,4743,-29
66,stable,C31,CUSTOM,6353.75,4885,-41
66,stable,C32,CUSTOM,6132.25,4743,-27
66,stable,C33,CUSTOM,5862.75,4681,-25
66,stable,C34,CUSTOM,6203.75,4813,-53
67,stable,G00,GVWY,-7969.55,6651,17
67,stable,G01,GVWY,-9788.0,6640,-20
67,stable,G02,GVWY,-9414.6,6704,-216
67,stable,G03,GVWY,-9322.8,6620,-168
67,stable,G04,GVWY,-9453.3,6638,-38
67,stable,Z05,ZIC,2038.3,572,298
67,stable,Z06,ZIC,1394.55,545,283
67,stable,Z07,ZIC,1793.25,503,285
67,stable,Z08,ZIC,1716.8,540,248
67,stable,Z09,ZIC,1877.55,591,283
67,stable,S10,SHVR,-6344.35,5997,-111
67,stable,S11,SHVR,-5754.55,6025,-143
67,stable,S12,SHVR,-6223.7,6064,-82
67,stable,S13,SHVR,-5531.1,6010,-46
67,stable,S14,SHVR,-7454.7,6056,-122
67,stable,S15,SNPR,-1367.45,1317,-17
67,stable,S16,SNPR,-1460.8,1286,-28
67,stable,S17,SNPR,-958.15,1325,-39
67,stable,S18,SNPR,-1249.25,1279,35
67,stable,S19,SNPR,-1778.85,1317,-101
67,stable,Z20,ZIP,4781.85,3651,-1119
67,stable,Z21,ZIP,6549.05,3719,-487
67,stable,Z22,ZIP,6210.85,3719,-619
67,stable,Z23,ZIP,6494.05,3637,-327
67,stable,Z24,ZIP,7197.15,3457,-281
67,stable,P25,PRSH,2578.1,742,426
67,stable,P26,PRSH,4591.4,2408,924
67,stable,P27,PRSH,1177.45,225,177
67,stable,P28,PRSH,3251.55,1129,523
67,stable,P29,PRSH,3329.4,882,524
67,stable,C30,CUSTOM,5457.15,4815,-41
67,stable,C31,CUSTOM,5003.4,4840,-16
67,stable,C32,CUSTOM,6625.0,4800,-20
67,stable,C33,CUSTOM,5923.3,4890,-42
67,stable,C34,CUSTOM,6142.1,4880,-14
68,stable,G00,GVWY,-9120.0,6660,-330
68,stable,G01,GVWY,-9901.0,6670,-110
68,stable,G02,GVWY,-9807.3,6601,-367
68,stable,G03,GVWY,-9093.8,6576,-172
68,stable,G04,GVWY,-10113.1,6623,-339
68,stable,Z05,ZIC,1732.4,488,236
68,stable,Z06,ZIC,1420.0,566,270
68,stable,Z07,ZIC,1296.4,542,246
68,stable,Z08,ZIC,1656.7,587,283
68,stable,Z09,ZIC,2140.7,543,323
68,stable,S10,SHVR,-5398.0,6010,-60
68,stable,S11,SHVR,-5116.3,5987,-167
68,stable,S12,SHVR,-5047.1,6029,-69
68,stable,S13,SHVR,-5614.7,6025,-93
68,stable,S14,SHVR,-4730.9,6021,-1
68,stable,S15,SNPR,-1603.7,1309,-93
68,stable,S16,SNPR,-862.5,1317,5
68,stable,S17,SNPR,-1288.5,1325,-65
68,stable,S18,SNPR,-1410.7,1309,27
68,stable,S19,SNPR,-1338.4,1312,-26
68,stable,Z20,ZIP,6320.1,3697,-301
68,stable,Z21,ZIP,5902.2,3662,-382
68,stable,Z22,ZIP,6489.0,3692,-240
68,stable,Z23,ZIP,5423.5,3691,-435
68,stable,Z24,ZIP,5654.3,3739,-303
68,stable,P25,PRSH,1769.6,298,254
68,stable,P26,PRSH,1622.4,556,256
68,stable,P27,PRSH,1674.9,535,281
68,stable,P28,PRSH,4203.2,3552,738
68,stable,P29,PRSH,3985.0,636,600
68,stable,C30,CUSTOM,6391.9,4591,11
68,stable,C31,CUSTOM,5457.5,4657,-5
68,stable,C32,CUSTOM,5716.7,4661,-7
68,stable,C33,CUSTOM,5440.6,4692,-16
68,stable,C34,CUSTOM,6130.0,4630,-20
69,stable,G00,GVWY,-7451.7,6665,-191
69,stable,G01,GVWY,-8535.5,6627,-105
69,stable,G02,GVWY,-7986.2,6718,-86
69,stable,G03,GVWY,-8341.4,6696,-2
69,stable,G04,GVWY,-7055.6,6720,-288
69,stable,Z05,ZIC,-3174.3,621,371
69,stable,Z06,ZIC,-1760.3,525,231
69,stable,Z07,ZIC,-2769.3,601,321
69,stable,Z08,ZIC,-3070.6,608,322
69,stable,Z09,ZIC,-2671.0,542,300
69,stable,S10,SHVR,-5637.5,6011,-15
69,stable,S11,SHVR,-4840.2,5998,-76
69,stable,S12,SHVR,-5501.3,6031,11
69,stable,S13,SHVR,-5364.5,6053,-15
69,stable,S14,SHVR,-5171.8,6102,-104
69,stable,S15,SNPR,-1965.4,1322,58
69,stable,S16,SNPR,-271.2,1316,-76
69,stable,S17,SNPR,-1823.0,1326,-10
69,stable,S18,SNPR,-1303.6,1324,12
69,stable,S19,SNPR,-2080.4,1328,48
69,stable,Z20,ZIP,14624.3,3635,-511
69,stable,Z21,ZIP,15508.6,3716,-532
69,stable,Z22,ZIP,17585.8,3732,-946
69,stable,Z23,ZIP,13651.9,3567,-463
69,stable,Z24,ZIP,9243.8,3684,-86
69,stable,P25,PRSH,-3385.5,833,415
69,stable,P26,PRSH,-1685.7,281,249
69,stable,P27,PRSH,-3535.0,668,380
69,stable,P28,PRSH,-1874.6,252,212
69,stable,P29,PRSH,-4996.0,920,550
69,stable,C30,CUSTOM,6094.9,4807,-3
69,stable,C31,CUSTOM,6388.8,4838,14
69,stable,C32,CUSTOM,7095.6,4672,-12
69,stable,C33,CUSTOM,6273.2,4916,6
69,stable,C34,CUSTOM,6318.5,4797,-15
70,stable,G00,GVWY,-9436.9,6681,-19
70,stable,G01,GVWY,-10692.2,6696,-112
70,stable,G02,GVWY,-11123.8,6674,-178
70,stable,G03,GVWY,-11044.0,6642,-210
70,stable,G04,GVWY,-9100.0,6708,-60
70,stable,Z05,ZIC,2500.4,578,304
70,stable,Z06,ZIC,2006.7,533,277
70,stable,Z07,ZIC,2170.8,596,298
70,stable,Z08,ZIC,2247.4,510,304
70,stable,Z09,ZIC,2212.1,547,291
70,stable,S10,SHVR,-6506.9,6093,-259
70,stable,S11,SHVR,-6020.2,6086,-2
70,stable,S12,SHVR,-7328.8,6050,-288
70,stable,S13,SHVR,-5927.5,6099,-105
70,stable,S14,SHVR,-5348.8,6024,-188
70,stable,S15,SNPR,-1328.0,1308,-50
70,stable,S16,SNPR,-1152.1,1323,-1
70,stable,S17,SNPR,-1701.7,1299,-87
70,stable,S18,SNPR,-1942.4,1304,-74
70,stable,S19,SNPR,-1576.7,1323,33
70,stable,Z20,ZIP,5493.4,3560,-306
70,stable,Z21,ZIP,7423.0,3690,-260
70,stable,Z22,ZIP,4739.1,3643,-749
70,stable,Z23,ZIP,5335.5,3681,-765
70,stable,Z24,ZIP,5403.3,3631,-387
70,stable,P25,PRSH,5951.8,2286,828
70,stable,P26,PRSH,6228.2,3292,982
70,stable,P27,PRSH,2120.3,517,273
70,stable,P28,PRSH,2406.1,615,341
70,stable,P29,PRSH,1805.1,261,221
70,stable,C30,CUSTOM,5501.2,4694,-28
70,stable,C31,CUSTOM,6376.9,4755,-21
70,stable,C32,CUSTOM,7069.9,4749,-21
70,stable,C33,CUSTOM,6459.7,4767,-33
70,stable,C34,CUSTOM,6822.6,4730,-24
71,stable,G00,GVWY,-9327.15,6683,-19
71,stable,G01,GVWY,-8635.1,6694,-186
71,stable,G02,GVWY,-8879.05,6675,87
71,stable,G03,GVWY,-9105.35,6661,-131
71,stable,G04,GVWY,-9085.65,6657,-129
71,stable,Z05,ZIC,-29.3,562,282
71,stable,Z06,ZIC,-188.9,636,366
71,stable,Z07,ZIC,129.5,552,230
71,stable,Z08,ZIC,22.8,568,288
71,stable,Z09,ZIC,-289.5,544,310
71,stable,S10,SHVR,-6306.0,6102,0
71,stable,S11,SHVR,-5344.95,6107,-167
71,stable,S12,SHVR,-4690.45,6025,-57
71,stable,S13,SHVR,-5067.45,6067,-57
71,stable,S14,SHVR,-5456.55,6087,-103
71,stable,S15,SNPR,-1386.2,1298,-52
71,stable,S16,SNPR,-764.6,1304,4
71,stable,S17,SNPR,-829.7,1302,-22
71,stable,S18,SNPR,-1295.0,1290,20
71,stable,S19,SNPR,-1300.95,1255,13
71,stable,Z20,ZIP,8211.1,3654,-134
71,stable,Z21,ZIP,11331.85,3535,-939
71,stable,Z22,ZIP,9197.15,3575,-381
71,stable,Z23,ZIP,12474.3,3722,-1302
71,stable,Z24,ZIP,7381.4,3496,-116
71,stable,P25,PRSH,-2108.1,3930,1014
71,stable,P26,PRSH,-552.3,850,442
71,stable,P27,PRSH,118.55,419,303
71,stable,P28,PRSH,94.5,336,310
71,stable,P29,PRSH,21.55,373,243
71,stable,C30,CUSTOM,5892.95,4767,-33
71,stable,C31,CUSTOM,5948.25,4851,-35
71,stable,C32,CUSTOM,6291.35,4731,-29
71,stable,C33,CUSTOM,6876.7,4748,-18
71,stable,C34,CUSTOM,6793.4,4782,-36
72,stable,G00,GVWY,-9148.95,6679,-157
72,stable,G01,GVWY,-10168.6,6682,-216
72,stable,G02,GVWY,-8493.75,6679,-205
72,stable,G03,GVWY,-9148.95,6691,-177
72,stable,G04,GVWY,-8704.35,6675,-141
72,stable,Z05,ZIC,719.75,535,225
72,stable,Z06,ZIC,1044.3,548,298
72,stable,Z07,ZIC,1004.9,586,254
72,stable,Z08,ZIC,1253.15,579,289
72,stable,Z09,ZIC,790.4,568,284
72,stable,S10,SHVR,-4741.05,6075,-143
72,stable,S11,SHVR,-5149.5,6098,50
72,stable,S12,SHVR,-5319.1,6042,74
72,stable,S13,SHVR,-5748.5,6102,-70
72,stable,S14,SHVR,-4270.85,6019,129
72,stable,S15,SNPR,-954.35,1317,-1
72,stable,S16,SNPR,-1344.65,1309,-59
72,stable,S17,SNPR,-946.7,1304,-82
72,stable,S18,SNPR,-1477.25,1313,-15
72,stable,S19,SNPR,-1467.8,1308,12
72,stable,Z20,ZIP,6397.55,3675,-267
72,stable,Z21,ZIP,7227.05,3705,-997
72,stable,Z22,ZIP,6495.2,3588,-228
72,stable,Z23,ZIP,6564.85,3713,-969
72,stable,Z24,ZIP,7287.55,3679,-167
72,stable,P25,PRSH,1315.9,930,394
72,stable,P26,PRSH,1777.5,1036,490
72,stable,P27,PRSH,982.85,307,171
72,stable,P28,PRSH,3280.9,2984,914
72,stable,P29,PRSH,1082.55,417,253
72,stable,C30,CUSTOM,6368.4,4718,-16
72,stable,C31,CUSTOM,6025.25,4711,15
72,stable,C32,CUSTOM,6225.8,4734,-12
72,stable,C33,CUSTOM,5218.85,4705,11
72,stable,C34,CUSTOM,6358.6,4684,-4
73,stable,G00,GVWY,-7316.75,6595,-345
73,stable,G01,GVWY,-7809.9,6622,-154
73,stable,G02,GVWY,-8041.45,6541,-407
73,stable,G03,GVWY,-9183.6,6606,-176
73,stable,G04,GVWY,-9070.55,6549,-193
73,stable,Z05,ZIC,-91.7,538,238
73,stable,Z06,ZIC,33.85,483,271
73,stable,Z07,ZIC,-433.4,542,236
73,stable,Z08,ZIC,-399.95,517,263
73,stable,Z09,ZIC,152.3,580,258
73,stable,S10,SHVR,-6698.05,5961,37
73,stable,S11,SHVR,-6259.55,5923,107
73,stable,S12,SHVR,-5789.85,5999,-91
73,stable,S13,SHVR,-5867.65,5953,101
73,stable,S14,SHVR,-5263.15,5947,-149
73,stable,S15,SNPR,-1402.55,1279,-33
73,stable,S16,SNPR,-607.85,1289,-71
73,stable,S17,SNPR,-1013.85,1293,-11
73,stable,S18,SNPR,-1260.8,1284,-28
73,stable,S19,SNPR,-1536.3,1282,-58
73,stable,Z20,ZIP,9361.6,3606,-164
73,stable,Z21,ZIP,9178.7,3780,-318
73,stable,Z22,ZIP,7925.0,3588,-80
73,stable,Z23,ZIP,11029.2,3704,-348
73,stable,Z24,ZIP,9034.3,3546,-262
73,stable,P25,PRSH,90.4,668,344
73,stable,P26,PRSH,-354.6,550,284
73,stable,P27,PRSH,61.95,243,177
73,stable,P28,PRSH,-211.55,839,407
73,stable,P29,PRSH,-57.1,474,274
73,stable,C30,CUSTOM,7332.35,4673,-59
73,stable,C31,CUSTOM,7100.55,4751,-47
73,stable,C32,CUSTOM,4715.1,4852,-14
73,stable,C33,CUSTOM,5801.45,4743,-33
73,stable,C34,CUSTOM,7375.45,4721,-13
74,stable,G00,GVWY,-9224.7,6662,-254
74,stable,G01,GVWY,-9062.65,6663,-123
74,stable,G02,GVWY,-9255.65,6613,-323
74,stable,G03,GVWY,-8987.05,6673,-91
74,stable,G04,GVWY,-8678.65,6631,-143
74,stable,Z05,ZIC,892.45,541,319
74,stable,Z06,ZIC,1026.3,620,286
74,stable,Z07,ZIC,743.3,534,266
74,stable,Z08,ZIC,918.35,531,297
74,stable,Z09,ZIC,754.35,569,257
74,stable,S10,SHVR,-5427.85,5989,-167
74,stable,S11,SHVR,-5083.7,6032,-294
74,stable,S12,SHVR,-4143.1,6072,-222
74,stable,S13,SHVR,-5511.5,6032,-90
74,stable,S14,SHVR,-5417.05,6067,-51
74,stable,S15,SNPR,-1749.85,1289,33
74,stable,S16,SNPR,-1006.65,1283,-3
74,stable,S17,SNPR,-1553.7,1322,-14
74,stable,S18,SNPR,-1192.1,1312,-62
74,stable,S19,SNPR,-1577.05,1299,69
74,stable,Z20,ZIP,7229.25,3619,-345
74,stable,Z21,ZIP,6441.45,3743,-181
74,stable,Z22,ZIP,8096.35,3651,-583
74,stable,Z23,ZIP,7490.2,3714,-376
74,stable,Z24,ZIP,7400.8,3732,-304
74,stable,P25,PRSH,881.25,243,175
74,stable,P26,PRSH,1997.7,608,474
74,stable,P27,PRSH,786.9,234,178
74,stable,P28,PRSH,811.55,801,361
74,stable,P29,PRSH,2443.3,3326,1026
74,stable,C30,CUSTOM,6000.7,4766,-26
74,stable,C31,CUSTOM,5190.8,4696,-44
74,stable,C32,CUSTOM,5827.75,4707,-55
74,stable,C33,CUSTOM,6154.45,4739,-41
74,stable,C34,CUSTOM,6956.75,4727,-35
75,stable,G00,GVWY,-7801.65,6667,-389
75,stable,G01,GVWY,-8652.85,6671,-321
75,stable,G02,GVWY,-9186.45,6691,-117
75,stable,G03,GVWY,-8309.5,6668,-250
75,stable,G04,GVWY,-7510.4,6626,-204
75,stable,Z05,ZIC,-595.2,524,268
75,stable,Z06,ZIC,-518.95,577,273
75,stable,Z07,ZIC,-667.95,581,313
75,stable,Z08,ZIC,-511.85,567,279
75,stable,Z09,ZIC,-274.05,543,267
75,stable,S10,SHVR,-5353.0,6094,-80
75,stable,S11,SHVR,-5473.35,6077,-71
75,stable,S12,SHVR,-5197.25,6093,-185
75,stable,S13,SHVR,-5519.45,6107,-17
75,stable,S14,SHVR,-5462.55,6057,-43
75,stable,S15,SNPR,-1275.65,1325,-29
75,stable,S16,SNPR,-553.65,1313,-29
75,stable,S17,SNPR,-1334.0,1322,-40
75,stable,S18,SNPR,-1347.5,1320,-70
75,stable,S19,SNPR,-791.15,1299,-39
75,stable,Z20,ZIP,9800.9,3784,-366
75,stable,Z21,ZIP,12426.8,3576,-792
75,stable,Z22,ZIP,10046.45,3647,-443
75,stable,Z23,ZIP,10550.0,3690,-540
75,stable,Z24,ZIP,8708.6,3660,-344
75,stable,P25,PRSH,-3063.35,4477,489
75,stable,P26,PRSH,-1538.8,2240,732
75,stable,P27,PRSH,-118.95,229,173
75,stable,P28,PRSH,-437.05,1591,747
75,stable,P29,PRSH,-2369.15,3191,921
75,stable,C30,CUSTOM,7604.3,4766,-22
75,stable,C31,CUSTOM,6029.45,4663,-43
75,stable,C32,CUSTOM,7517.65,4679,-51
75,stable,C33,CUSTOM,5967.75,4779,-25
75,stable,C34,CUSTOM,5901.2,4718,-28
76,stable,G00,GVWY,-9552.0,6637,-185
76,stable,G01,GVWY,-9933.2,6684,-174
76,stable,G02,GVWY,-10620.0,6663,-185
76,stable,G03,GVWY,-9656.4,6668,-198
76,stable,G04,GVWY,-12690.2,6689,-449
76,stable,Z05,ZIC,2337.6,524,262
76,stable,Z06,ZIC,2327.0,597,335
76,stable,Z07,ZIC,2372.6,578,332
76,stable,Z08,ZIC,2240.6,577,277
76,stable,Z09,ZIC,2140.4,582,328
76,stable,S10,SHVR,-6199.2,6132,-114
76,stable,S11,SHVR,-6205.4,6065,57
76,stable,S12,SHVR,-6170.6,6021,-187
76,stable,S13,SHVR,-5296.2,6082,6
76,stable,S14,SHVR,-6852.0,6025,-265
76,stable,S15,SNPR,-1559.4,1296,-38
76,stable,S16,SNPR,-1864.0,1307,-125
76,stable,S17,SNPR,-642.4,1298,52
76,stable,S18,SNPR,-667.4,1282,22
76,stable,S19,SNPR,-1353.4,1309,-13
76,stable,Z20,ZIP,4884.2,3714,-696
76,stable,Z21,ZIP,6394.0,3660,-190
76,stable,Z22,ZIP,6258.8,3617,-159
76,stable,Z23,ZIP,3253.0,3647,-865
76,stable,Z24,ZIP,6137.6,3634,-308
76,stable,P25,PRSH,7269.8,2244,986
76,stable,P26,PRSH,1770.8,232,206
76,stable,P27,PRSH,4293.4,1060,558
76,stable,P28,PRSH,3368.4,2502,628
76,stable,P29,PRSH,1908.2,248,204
76,stable,C30,CUSTOM,7091.4,4740,-32
76,stable,C31,CUSTOM,7292.8,4670,-34
76,stable,C32,CUSTOM,6274.0,4750,-30
76,stable,C33,CUSTOM,6254.4,4711,-17
76,stable,C34,CUSTOM,5660.6,4727,-43
77,stable,G00,GVWY,-9188.0,6662,-134
77,stable,G01,GVWY,-8897.5,6617,-111
77,stable,G02,GVWY,-8636.0,6636,-264
77,stable,G03,GVWY,-8457.5,6663,-147
77,stable,G04,GVWY,-8416.5,6651,-135
77,stable,Z05,ZIC,-667.0,524,288
77,stable,Z06,ZIC,-253.5,555,291
77,stable,Z07,ZIC,-825.5,535,301
77,stable,Z08,ZIC,-296.0,526,258
77,stable,Z09,ZIC,-508.0,486,154
77,stable,S10,SHVR,-5300.5,6119,-81
77,stable,S11,SHVR,-4876.5,6091,-27
77,stable,S12,SHVR,-6305.5,6037,9
77,stable,S13,SHVR,-5534.0,6058,-28
77,stable,S14,SHVR,-5354.0,6030,16
77,stable,S15,SNPR,-1732.0,1304,12
77,stable,S16,SNPR,-1213.0,1308,10
77,stable,S17,SNPR,-1191.5,1293,-23
77,stable,S18,SNPR,-1322.0,1294,16
77,stable,S19,SNPR,-1747.5,1299,13
77,stable,Z20,ZIP,10688.0,3602,-460
77,stable,Z21,ZIP,13598.5,3611,-1023
77,stable,Z22,ZIP,10281.5,3735,-393
77,stable,Z23,ZIP,9351.0,3664,-316
77,stable,Z24,ZIP,11048.5,3697,-611
77,stable,P25,PRSH,-1186.0,1112,592
77,stable,P26,PRSH,-292.5,259,213
77,stable,P27,PRSH,-655.0,1126,486
77,stable,P28,PRSH,-383.0,310,248
77,stable,P29,PRSH,-2175.0,2926,944
77,stable,C30,CUSTOM,6725.5,4685,-39
77,stable,C31,CUSTOM,5541.5,4833,-19
77,stable,C32,CUSTOM,5849.0,4692,-24
77,stable,C33,CUSTOM,6767.0,4748,-28
77,stable,C34,CUSTOM,6244.0,4726,-48
78,stable,G00,GVWY,-10082.2,6630,-248
78,stable,G01,GVWY,-8669.5,6598,-130
78,stable,G02,GVWY,-9340.15,6663,-241
78,stable,G03,GVWY,-9896.55,6689,-197
78,stable,G04,GVWY,-9000.95,6631,-73
78,stable,Z05,ZIC,1827.25,599,295
78,stable,Z06,ZIC,1710.15,501,301
78,stable,Z07,ZIC,1989.4,552,336
78,stable,Z08,ZIC,1924.45,547,283
78,stable,Z09,ZIC,1625.9,564,306
78,stable,S10,SHVR,-6319.35,6071,-229
78,stable,S11,SHVR,-5740.0,6054,20
78,stable,S12,SHVR,-4261.1,6058,26
78,stable,S13,SHVR,-5165.7,6052,2
78,stable,S14,SHVR,-6175.85,5989,-99
78,stable,S15,SNPR,-1639.35,1309,-49
78,stable,S16,SNPR,-1726.75,1325,-5
78,stable,S17,SNPR,-975.05,1295,13
78,stable,S18,SNPR,-1464.6,1302,-44
78,stable,S19,SNPR,-1136.05,1309,-27
78,stable,Z20,ZIP,5992.55,3707,-303
78,stable,Z21,ZIP,6271.45,3761,-417
78,stable,Z22,ZIP,6517.85,3711,-121
78,stable,Z23,ZIP,5984.3,3654,-698
78,stable,Z24,ZIP,6269.9,3622,-294
78,stable,P25,PRSH,2053.2,644,328
78,stable,P26,PRSH,2103.95,793,413
78,stable,P27,PRSH,1834.15,653,341
78,stable,P28,PRSH,2258.5,356,310
78,stable,P29,PRSH,1634.9,546,286
78,stable,C30,CUSTOM,7019.6,4792,-16
78,stable,C31,CUSTOM,5907.35,4775,-11
78,stable,C32,CUSTOM,6353.5,4778,-30
78,stable,C33,CUSTOM,6185.45,4691,-37
78,stable,C34,CUSTOM,6490.9,4674,-14
79,stable,G00,GVWY,-9413.2,6657,-297
79,stable,G01,GVWY,-9045.6,6608,-326
79,stable,G02,GVWY,-10670.2,6651,-147
79,stable,G03,GVWY,-9594.0,6642,-160
79,stable,G04,GVWY,-10419.2,6637,-237
79,stable,Z05,ZIC,1425.0,561,285
79,stable,Z06,ZIC,823.4,527,219
79,stable,Z07,ZIC,1484.2,535,287
79,stable,Z08,ZIC,888.8,496,268
79,stable,Z09,ZIC,1470.4,558,314
79,stable,S10,SHVR,-6170.4,6005,-69
79,stable,S11,SHVR,-5407.4,5944,66
79,stable,S12,SHVR,-5576.2,5986,-122
79,stable,S13,SHVR,-6038.8,6078,-58
79,stable,S14,SHVR,-6406.2,6031,-67
79,stable,S15,SNPR,-1368.4,1303,101
79,stable,S16,SNPR,-1410.0,1299,-45
79,stable,S17,SNPR,-887.6,1285,59
79,stable,S18,SNPR,-1330.8,1326,-118
79,stable,S19,SNPR,-1016.2,1315,-27
79,stable,Z20,ZIP,8032.6,3748,-394
79,stable,Z21,ZIP,7855.8,3654,-142
79,stable,Z22,ZIP,7765.0,3637,-605
79,stable,Z23,ZIP,8428.4,3604,-576
79,stable,Z24,ZIP,7289.2,3598,-238
79,stable,P25,PRSH,1671.0,842,430
79,stable,P26,PRSH,863.8,502,308
79,stable,P27,PRSH,2986.6,2403,911
79,stable,P28,PRSH,1184.8,262,208
79,stable,P29,PRSH,1232.8,285,223
79,stable,C30,CUSTOM,6684.8,4838,8
79,stable,C31,CUSTOM,6467.2,4795,-43
79,stable,C32,CUSTOM,6251.2,4740,2
79,stable,C33,CUSTOM,5872.0,4802,-30
79,stable,C34,CUSTOM,6321.0,4799,-15
80,stable,G00,GVWY,-9625.75,6705,-105
80,stable,G01,GVWY,-8563.1,6654,-86
80,stable,G02,GVWY,-9294.35,6679,-21
80,stable,G03,GVWY,-10837.7,6724,-182
80,stable,G04,GVWY,-9807.25,6659,-15
80,stable,Z05,ZIC,2770.25,553,335
80,stable,Z06,ZIC,2363.2,518,252
80,stable,Z07,ZIC,2303.4,544,264
80,stable,Z08,ZIC,2661.2,524,292
80,stable,Z09,ZIC,2036.1,556,226
80,stable,S10,SHVR,-3808.55,6049,207
80,stable,S11,SHVR,-5413.85,6085,-171
80,stable,S12,SHVR,-5521.35,6051,-41
80,stable,S13,SHVR,-5796.75,6069,-5
80,stable,S14,SHVR,-6000.75,6061,-85
80,stable,S15,SNPR,-1092.2,1300,-12
80,stable,S16,SNPR,-1004.0,1306,0
80,stable,S17,SNPR,-794.7,1282,-2
80,stable,S18,SNPR,-1516.2,1326,48
80,stable,S19,SNPR,-1570.9,1308,-34
80,stable,Z20,ZIP,4223.0,3788,-540
80,stable,Z21,ZIP,4895.4,3650,-276
80,stable,Z22,ZIP,-494.6,3728,-1136
80,stable,Z23,ZIP,5305.7,3676,-78
80,stable,Z24,ZIP,2677.25,3685,-785
80,stable,P25,PRSH,2610.8,294,268
80,stable,P26,PRSH,2552.6,276,256
80,stable,P27,PRSH,9830.75,1169,925
80,stable,P28,PRSH,3075.15,319,289
80,stable,P29,PRSH,3228.6,350,316
80,stable,C30,CUSTOM,6449.85,4655,-29
80,stable,C31,CUSTOM,5746.1,4846,-34
80,stable,C32,CUSTOM,6334.35,4693,1
80,stable,C33,CUSTOM,6105.35,4705,-19
80,stable,C34,CUSTOM,6357.8,4746,-32
81,stable,G00,GVWY,-9131.95,6685,-61
81,stable,G01,GVWY,-9877.3,6646,-294
81,stable,G02,GVWY,-9022.5,6694,70
81,stable,G03,GVWY,-9420.1,6666,-18
81,stable,G04,GVWY,-9996.05,6661,21
81,stable,Z05,ZIC,887.6,578,288
81,stable,Z06,ZIC,770.4,594,312
81,stable,Z07,ZIC,896.85,597,343
81,stable,Z08,ZIC,966.85,539,283
81,stable,Z09,ZIC,264.65,631,347
81,stable,S10,SHVR,-4546.25,6063,-95
81,stable,S11,SHVR,-5489.2,6056,-76
81,stable,S12,SHVR,-5294.75,6019,-25
81,stable,S13,SHVR,-4764.6,6038,92
81,stable,S14,SHVR,-6098.1,6010,102
81,stable,S15,SNPR,-993.15,1307,103
81,stable,S16,SNPR,-1286.8,1334,-84
81,stable,S17,SNPR,-1073.5,1312,70
81,stable,S18,SNPR,-1601.05,1299,41
81,stable,S19,SNPR,-1460.5,1302,-10
81,stable,Z20,ZIP,7944.25,3513,-1045
81,stable,Z21,ZIP,8599.85,3627,-997
81,stable,Z22,ZIP,6746.45,3719,-109
81,stable,Z23,ZIP,7740.35,3751,-1047
81,stable,Z24,ZIP,8507.75,3569,-995
81,stable,P25,PRSH,1131.95,781,481
81,stable,P26,PRSH,787.3,324,274
81,stable,P27,PRSH,2640.5,3108,990
81,stable,P28,PRSH,565.3,260,234
81,stable,P29,PRSH,921.1,1372,718
81,stable,C30,CUSTOM,5568.35,4825,13
81,stable,C31,CUSTOM,5789.05,4777,-1
81,stable,C32,CUSTOM,7096.2,4796,16
81,stable,C33,CUSTOM,6485.05,4795,-1
81,stable,C34,CUSTOM,6014.65,4785,7
82,stable,G00,GVWY,-7973.0,6640,-280
82,stable,G01,GVWY,-8664.1,6682,-134
82,stable,G02,GVWY,-9849.4,6646,-236
82,stable,G03,GVWY,-8018.55,6649,-277
82,stable,G04,GVWY,-9061.65,6657,29
82,stable,Z05,ZIC,-601.1,550,266
82,stable,Z06,ZIC,-525.15,573,299
82,stable,Z07,ZIC,-245.2,532,292
82,stable,Z08,ZIC,-546.1,630,326
82,stable,Z09,ZIC,-40.4,530,224
82,stable,S10,SHVR,-7282.65,6063,169
82,stable,S11,SHVR,-5689.4,6104,-176
82,stable,S12,SHVR,-4023.05,6023,-167
82,stable,S13,SHVR,-5667.0,6026,-60
82,stable,S14,SHVR,-5022.35,6063,-149
82,stable,S15,SNPR,-1489.55,1297,43
82,stable,S16,SNPR,-840.8,1278,-32
82,stable,S17,SNPR,-1751.4,1308,-16
82,stable,S18,SNPR,-1175.45,1313,-43
82,stable,S19,SNPR,-952.3,1328,-2
82,stable,Z20,ZIP,8186.35,3673,-271
82,stable,Z21,ZIP,9561.55,3663,-223
82,stable,Z22,ZIP,14049.6,3724,-976
82,stable,Z23,ZIP,8880.7,3760,-322
82,stable,Z24,ZIP,10863.6,3798,-496
82,stable,P25,PRSH,-2115.45,4159,797
82,stable,P26,PRSH,-136.7,256,202
82,stable,P27,PRSH,-65.65,237,209
82,stable,P28,PRSH,-2610.5,3792,910
82,stable,P29,PRSH,-10.0,254,200
82,stable,C30,CUSTOM,6636.65,4779,-29
82,stable,C31,CUSTOM,7180.75,4823,-15
82,stable,C32,CUSTOM,6863.85,4745,-41
82,stable,C33,CUSTOM,5536.1,4798,-26
82,stable,C34,CUSTOM,7217.0,4824,-20
83,stable,G00,GVWY,-8975.2,6626,-148
83,stable,G01,GVWY,-9417.8,6619,-167
83,stable,G02,GVWY,-9818.4,6637,-211
83,stable,G03,GVWY,-9470.6,6665,-179
83,stable,G04,GVWY,-8029.2,6607,-193
83,stable,Z05,ZIC,771.4,599,261
83,stable,Z06,ZIC,980.0,550,240
83,stable,Z07,ZIC,752.2,555,293
83,stable,Z08,ZIC,841.6,545,289
83,stable,Z09,ZIC,913.2,527,223
83,stable,S10,SHVR,-5403.2,6014,-108
83,stable,S11,SHVR,-5868.6,6008,-214
83,stable,S12,SHVR,-6250.2,6055,-423
83,stable,S13,SHVR,-6022.4,6065,-51
83,stable,S14,SHVR,-5342.4,6076,-116
83,stable,S15,SNPR,-1392.0,1318,-40
83,stable,S16,SNPR,-1452.6,1292,16
83,stable,S17,SNPR,-1307.2,1304,-138
83,stable,S18,SNPR,-1658.0,1282,-60
83,stable,S19,SNPR,-1245.0,1302,20
83,stable,Z20,ZIP,7803.8,3530,-388
83,stable,Z21,ZIP,7268.0,3698,-320
83,stable,Z22,ZIP,7421.0,3694,-90
83,stable,Z23,ZIP,8579.2,3779,-807
83,stable,Z24,ZIP,7551.8,3686,-188
83,stable,P25,PRSH,840.2,259,183
83,stable,P26,PRSH,1266.0,1433,655
83,stable,P27,PRSH,2032.2,3155,843
83,stable,P28,PRSH,2023.6,511,359
83,stable,P29,PRSH,1377.6,1093,479
83,stable,C30,CUSTOM,5771.4,4742,-34
83,stable,C31,CUSTOM,6945.0,4755,-15
83,stable,C32,CUSTOM,6266.2,4759,-37
83,stable,C33,CUSTOM,5764.4,4743,-19
83,stable,C34,CUSTOM,6766.0,4659,-45
84,stable,G00,GVWY,-8173.6,6636,-148
84,stable,G01,GVWY,-7128.0,6606,-420
84,stable,G02,GVWY,-7622.8,6668,-324
84,stable,G03,GVWY,-8066.65,6621,-247
84,stable,G04,GVWY,-7296.7,6640,-426
84,stable,Z05,ZIC,73.0,528,240
84,stable,Z06,ZIC,-302.0,574,260
84,stable,Z07,ZIC,-416.15,573,283
84,stable,Z08,ZIC,-169.05,565,201
84,stable,Z09,ZIC,-189.1,518,242
84,stable,S10,SHVR,-5622.95,6031,39
84,stable,S11,SHVR,-4708.35,5993,-153
84,stable,S12,SHVR,-4313.35,5985,-93
84,stable,S13,SHVR,-3655.55,6067,-349
84,stable,S14,SHVR,-4180.95,6069,-321
84,stable,S15,SNPR,-859.25,1301,5
84,stable,S16,SNPR,-604.05,1299,-59
84,stable,S17,SNPR,-629.75,1303,-125
84,stable,S18,SNPR,-748.5,1304,-90
84,stable,S19,SNPR,-875.95,1305,-101
84,stable,Z20,ZIP,7336.65,3557,-213
84,stable,Z21,ZIP,6938.95,3705,-239
84,stable,Z22,ZIP,9461.6,3650,-652
84,stable,Z23,ZIP,7953.2,3628,-244
84,stable,Z24,ZIP,7142.9,3636,-218
84,stable,P25,PRSH,-62.0,250,200
84,stable,P26,PRSH,-678.1,2296,762
84,stable,P27,PRSH,-307.9,2456,778
84,stable,P28,PRSH,-378.7,748,294
84,stable,P29,PRSH,-257.7,2474,1194
84,stable,C30,CUSTOM,6506.85,4707,-37
84,stable,C31,CUSTOM,5312.8,4756,-36
84,stable,C32,CUSTOM,5821.6,4644,-52
84,stable,C33,CUSTOM,5757.95,4625,-19
84,stable,C34,CUSTOM,5797.35,4721,-67
85,stable,G00,GVWY,-7366.3,6595,-311
85,stable,G01,GVWY,-7824.1,6621,-227
85,stable,G02,GVWY,-7727.2,6584,-364
85,stable,G03,GVWY,-7349.3,6549,-311
85,stable,G04,GVWY,-6764.1,6659,-347
85,stable,Z05,ZIC,-487.2,568,266
85,stable,Z06,ZIC,-186.6,532,248
85,stable,Z07,ZIC,-209.2,574,266
85,stable,Z08,ZIC,-588.4,574,322
85,stable,Z09,ZIC,-408.0,548,270
85,stable,S10,SHVR,-5704.7,5999,31
85,stable,S11,SHVR,-4587.2,5980,-114
85,stable,S12,SHVR,-5650.5,5997,45
85,stable,S13,SHVR,-4312.1,5935,-87
85,stable,S14,SHVR,-5393.9,5923,-3
85,stable,S15,SNPR,-1124.9,1277,7
85,stable,S16,SNPR,-1177.4,1296,12
85,stable,S17,SNPR,-1467.5,1303,-15
85,stable,S18,SNPR,-1000.4,1270,-38
85,stable,S19,SNPR,-2105.4,1282,62
85,stable,Z20,ZIP,10155.3,3633,-439
85,stable,Z21,ZIP,9104.2,3632,-296
85,stable,Z22,ZIP,8592.8,3608,-224
85,stable,Z23,ZIP,8101.2,3630,-236
85,stable,Z24,ZIP,9852.0,3552,-330
85,stable,P25,PRSH,-1447.9,2673,877
85,stable,P26,PRSH,-740.9,611,357
85,stable,P27,PRSH,2.2,222,164
85,stable,P28,PRSH,-273.1,265,203
85,stable,P29,PRSH,61.7,295,249
85,stable,C30,CUSTOM,6770.6,4808,2
85,stable,C31,CUSTOM,5264.4,4784,-22
85,stable,C32,CUSTOM,4674.8,4794,-34
85,stable,C33,CUSTOM,5214.3,4813,-29
85,stable,C34,CUSTOM,6572.9,4743,-27
86,stable,G00,GVWY,-9657.75,6649,-305
86,stable,G01,GVWY,-8961.9,6630,-218
86,stable,G02,GVWY,-9173.8,6634,-196
86,stable,G03,GVWY,-8529.05,6659,-291
86,stable,G04,GVWY,-9613.6,6670,48
86,stable,Z05,ZIC,1171.05,545,291
86,stable,Z06,ZIC,1058.7,598,314
86,stable,Z07,ZIC,1065.65,531,283
86,stable,Z08,ZIC,1157.5,520,250
86,stable,Z09,ZIC,1454.5,544,290
86,stable,S10,SHVR,-6573.7,6050,-134
86,stable,S11,SHVR,-5876.25,6019,-155
86,stable,S12,SHVR,-5537.75,6011,-145
86,stable,S13,SHVR,-5932.0,6016,80
86,stable,S14,SHVR,-5781.55,6045,-81
86,stable,S15,SNPR,-1776.3,1286,-66
86,stable,S16,SNPR,-1998.95,1299,-49
86,stable,S17,SNPR,-1324.05,1289,29
86,stable,S18,SNPR,-1253.45,1303,1
86,stable,S19,SNPR,-1064.35,1295,3
86,stable,Z20,ZIP,6911.55,3573,-179
86,stable,Z21,ZIP,8900.8,3736,-464
86,stable,Z22,ZIP,7506.45,3541,-421
86,stable,Z23,ZIP,8400.35,3605,-483
86,stable,Z24,ZIP,7848.4,3618,-232
86,stable,P25,PRSH,1406.25,679,375
86,stable,P26,PRSH,919.25,253,215
86,stable,P27,PRSH,2457.95,1837,789
86,stable,P28,PRSH,1258.25,613,315
86,stable,P29,PRSH,691.5,260,210
86,stable,C30,CUSTOM,5639.2,4802,-36
86,stable,C31,CUSTOM,6417.05,4797,-29
86,stable,C32,CUSTOM,5669.65,4819,-17
86,stable,C33,CUSTOM,6091.9,4814,-22
86,stable,C34,CUSTOM,6977.8,4806,-4
87,stable,G00,GVWY,-8638.4,6650,-86
87,stable,G01,GVWY,-9191.0,6601,-175
87,stable,G02,GVWY,-8784.8,6661,-117
87,stable,G03,GVWY,-8224.2,6673,-273
87,stable,G04,GVWY,-8249.8,6695,-217
87,stable,Z05,ZIC,254.4,532,236
87,stable,Z06,ZIC,-188.8,551,293
87,stable,Z07,ZIC,273.4,587,281
87,stable,Z08,ZIC,-384.2,572,362
87,stable,Z09,ZIC,70.6,553,289
87,stable,S10,SHVR,-5976.6,6020,6
87,stable,S11,SHVR,-6116.0,6030,180
87,stable,S12,SHVR,-5503.2,6082,-138
87,stable,S13,SHVR,-6269.4,6010,-66
87,stable,S14,SHVR,-5153.2,6003,-153
87,stable,S15,SNPR,-1602.8,1317,-17
87,stable,S16,SNPR,-1173.2,1309,-13
87,stable,S17,SNPR,-845.2,1298,-48
87,stable,S18,SNPR,-1151.8,1290,18
87,stable,S19,SNPR,-1190.8,1308,8
87,stable,Z20,ZIP,10736.4,3664,-714
87,stable,Z21,ZIP,11442.8,3731,-753
87,stable,Z22,ZIP,8542.6,3659,-191
87,stable,Z23,ZIP,8947.8,3699,-403
87,stable,Z24,ZIP,8430.8,3658,-288
87,stable,P25,PRSH,-5.2,663,337
87,stable,P26,PRSH,48.4,865,451
87,stable,P27,PRSH,-208.2,612,332
87,stable,P28,PRSH,13.4,566,316
87,stable,P29,PRSH,-145.4,964,554
87,stable,C30,CUSTOM,5409.0,4808,0
87,stable,C31,CUSTOM,5908.4,4837,-9
87,stable,C32,CUSTOM,7016.4,4615,-39
87,stable,C33,CUSTOM,7298.0,4792,-10
87,stable,C34,CUSTOM,5328.2,4804,-2
88,stable,G00,GVWY,-10382.8,6616,-148
88,stable,G01,GVWY,-12898.0,6622,-250
88,stable,G02,GVWY,-11147.9,6645,-229
88,stable,G03,GVWY,-13694.2,6648,-392
88,stable,G04,GVWY,-10743.4,6626,-224
88,stable,Z05,ZIC,3891.4,566,284
88,stable,Z06,ZIC,3598.3,531,303
88,stable,Z07,ZIC,3188.8,528,228
88,stable,Z08,ZIC,4044.2,568,322
88,stable,Z09,ZIC,3512.8,466,278
88,stable,S10,SHVR,-6319.8,5974,12
88,stable,S11,SHVR,-5021.4,6026,6
88,stable,S12,SHVR,-5605.3,5993,-3
88,stable,S13,SHVR,-4791.4,6028,16
88,stable,S14,SHVR,-4235.9,6037,111
88,stable,S15,SNPR,-1473.2,1306,-32
88,stable,S16,SNPR,-1508.3,1311,-33
88,stable,S17,SNPR,-1281.5,1305,5
88,stable,S18,SNPR,-2097.3,1309,-93
88,stable,S19,SNPR,-1421.7,1303,-17
88,stable,Z20,ZIP,5306.0,3624,-510
88,stable,Z21,ZIP,5988.3,3681,-137
88,stable,Z22,ZIP,5769.4,3616,-236
88,stable,Z23,ZIP,1615.8,3544,-672
88,stable,Z24,ZIP,6127.8,3722,-102
88,stable,P25,PRSH,3023.6,408,236
88,stable,P26,PRSH,6101.7,991,447
88,stable,P27,PRSH,3976.8,656,318
88,stable,P28,PRSH,4807.4,810,404
88,stable,P29,PRSH,3409.7,369,237
88,stable,C30,CUSTOM,4703.2,4824,-38
88,stable,C31,CUSTOM,5809.0,4904,-20
88,stable,C32,CUSTOM,5941.7,4767,-33
88,stable,C33,CUSTOM,5523.2,4820,-48
88,stable,C34,CUSTOM,6524.2,4842,-28
89,stable,G00,GVWY,-5659.5,6627,-393
89,stable,G01,GVWY,-6970.5,6667,-381
89,stable,G02,GVWY,-8063.5,6679,-157
89,stable,G03,GVWY,-7991.0,6666,-104
89,stable,G04,GVWY,-9709.5,6683,-113
89,stable,Z05,ZIC,-1812.0,564,298
89,stable,Z06,ZIC,-1174.0,550,266
89,stable,Z07,ZIC,-1263.0,586,288
89,stable,Z08,ZIC,-1138.0,570,242
89,stable,Z09,ZIC,-1651.5,599,301
89,stable,S10,SHVR,-5708.0,6098,50
89,stable,S11,SHVR,-4347.5,6117,57
89,stable,S12,SHVR,-4385.0,6070,-12
89,stable,S13,SHVR,-6153.0,6118,56
89,stable,S14,SHVR,-4421.0,6044,-182
89,stable,S15,SNPR,-1028.0,1326,-50
89,stable,S16,SNPR,-58.0,1308,-76
89,stable,S17,SNPR,-1095.0,1310,10
89,stable,S18,SNPR,-1151.5,1313,-57
89,stable,S19,SNPR,-755.0,1322,-66
89,stable,Z20,ZIP,7994.0,3650,-138
89,stable,Z21,ZIP,10008.5,3575,-361
89,stable,Z22,ZIP,12583.5,3731,-515
89,stable,Z23,ZIP,19335.5,3763,-1423
89,stable,Z24,ZIP,9705.5,3635,-317
89,stable,P25,PRSH,-2726.5,1211,543
89,stable,P26,PRSH,-2501.0,936,456
89,stable,P27,PRSH,-3539.5,977,763
89,stable,P28,PRSH,-5563.5,3771,769
89,stable,P29,PRSH,-995.5,321,249
89,stable,C30,CUSTOM,6181.5,4743,-27
89,stable,C31,CUSTOM,6776.5,4707,-27
89,stable,C32,CUSTOM,6049.5,4669,-15
89,stable,C33,CUSTOM,5999.0,4710,-42
89,stable,C34,CUSTOM,6339.5,4645,-9
90,stable,G00,GVWY,-10223.55,6667,-239
90,stable,G01,GVWY,-10177.15,6621,-267
90,stable,G02,GVWY,-9450.65,6657,-197
90,stable,G03,GVWY,-9124.1,6596,-238
90,stable,G04,GVWY,-9794.05,6635,-149
90,stable,Z05,ZIC,1477.95,527,291
90,stable,Z06,ZIC,1248.5,528,250
90,stable,Z07,ZIC,1675.65,571,257
90,stable,Z08,ZIC,1823.75,553,275
90,stable,Z09,ZIC,1826.35,547,323
90,stable,S10,SHVR,-6193.7,6078,-66
90,stable,S11,SHVR,-5941.0,6028,-180
90,stable,S12,SHVR,-6119.7,6032,54
90,stable,S13,SHVR,-6213.75,6029,-275
90,stable,S14,SHVR,-4405.9,6090,18
90,stable,S15,SNPR,-1432.35,1309,-63
90,stable,S16,SNPR,-1763.1,1318,2
90,stable,S17,SNPR,-1498.9,1312,-62
90,stable,S18,SNPR,-1354.25,1303,-25
90,stable,S19,SNPR,-1465.05,1299,11
90,stable,Z20,ZIP,7787.6,3652,-52
90,stable,Z21,ZIP,6250.15,3661,-233
90,stable,Z22,ZIP,6906.75,3637,-225
90,stable,Z23,ZIP,7311.7,3624,-274
90,stable,Z24,ZIP,6503.2,3714,-224
90,stable,P25,PRSH,1507.6,276,228
90,stable,P26,PRSH,1134.15,245,207
90,stable,P27,PRSH,1449.25,3695,505
90,stable,P28,PRSH,2110.1,294,258
90,stable,P29,PRSH,1445.0,232,180
90,stable,C30,CUSTOM,7291.25,4851,-35
90,stable,C31,CUSTOM,7830.35,4743,-37
90,stable,C32,CUSTOM,5854.2,4680,-24
90,stable,C33,CUSTOM,7274.55,4657,-21
90,stable,C34,CUSTOM,6548.45,4655,-39
91,stable,G00,GVWY,-10437.7,6649,-279
91,stable,G01,GVWY,-10259.0,6634,-150
91,stable,G02,GVWY,-11922.0,6632,-380
91,stable,G03,GVWY,-10996.3,6621,-211
91,stable,G04,GVWY,-10181.0,6624,-230
91,stable,Z05,ZIC,2124.6,570,252
91,stable,Z06,ZIC,2570.8,520,296
91,stable,Z07,ZIC,2157.6,566,282
91,stable,Z08,ZIC,2163.2,578,294
91,stable,Z09,ZIC,2177.3,553,291
91,stable,S10,SHVR,-5513.9,6011,57
91,stable,S11,SHVR,-4916.3,5941,69
91,stable,S12,SHVR,-5257.1,6055,-67
91,stable,S13,SHVR,-5620.6,6014,18
91,stable,S14,SHVR,-5677.9,6031,107
91,stable,S15,SNPR,-1556.8,1308,24
91,stable,S16,SNPR,-933.0,1292,-10
91,stable,S17,SNPR,-1670.6,1306,-72
91,stable,S18,SNPR,-2115.4,1272,-88
91,stable,S19,SNPR,-1186.1,1297,3
91,stable,Z20,ZIP,5119.3,3723,-269
91,stable,Z21,ZIP,4742.4,3656,-772
91,stable,Z22,ZIP,8753.1,3725,-223
91,stable,Z23,ZIP,6670.6,3656,-98
91,stable,Z24,ZIP,7172.6,3660,-38
91,stable,P25,PRSH,2511.0,300,260
91,stable,P26,PRSH,2147.2,264,234
91,stable,P27,PRSH,1498.1,213,167
91,stable,P28,PRSH,4102.9,877,463
91,stable,P29,PRSH,2579.2,306,264
91,stable,C30,CUSTOM,5836.1,4789,-23
91,stable,C31,CUSTOM,6409.4,4754,-42
91,stable,C32,CUSTOM,6338.1,4813,-43
91,stable,C33,CUSTOM,7158.1,4749,-43
91,stable,C34,CUSTOM,6385.5,4733,-35
92,stable,G00,GVWY,-7678.6,6652,-236
92,stable,G01,GVWY,-8972.8,6638,-48
92,stable,G02,GVWY,-8779.85,6653,-251
92,stable,G03,GVWY,-9755.45,6639,-27
92,stable,G04,GVWY,-6769.75,6623,-125
92,stable,Z05,ZIC,-1079.4,558,276
92,stable,Z06,ZIC,-1542.0,514,300
92,stable,Z07,ZIC,-948.9,558,266
92,stable,Z08,ZIC,-1390.1,582,314
92,stable,Z09,ZIC,-2017.7,574,338
92,stable,S10,SHVR,-5671.2,5980,-52
92,stable,S11,SHVR,-6143.7,5976,-42
92,stable,S12,SHVR,-6937.9,5982,146
92,stable,S13,SHVR,-6745.5,5982,90
92,stable,S14,SHVR,-5028.95,5997,-117
92,stable,S15,SNPR,-829.0,1294,0
92,stable,S16,SNPR,-1338.7,1278,-42
92,stable,S17,SNPR,-1366.8,1318,-8
92,stable,S18,SNPR,-1362.55,1289,-13
92,stable,S19,SNPR,-184.05,1293,-143
92,stable,Z20,ZIP,9191.6,3604,-164
92,stable,Z21,ZIP,8115.75,3559,-175
92,stable,Z22,ZIP,10702.7,3648,-318
92,stable,Z23,ZIP,15787.65,3739,-881
92,stable,Z24,ZIP,9944.85,3627,-269
92,stable,P25,PRSH,-1337.65,589,321
92,stable,P26,PRSH,-772.65,273,221
92,stable,P27,PRSH,-1177.45,371,273
92,stable,P28,PRSH,-1503.45,567,313
92,stable,P29,PRSH,-998.35,291,219
92,stable,C30,CUSTOM,7369.95,4753,-43
92,stable,C31,CUSTOM,8175.55,4799,-47
92,stable,C32,CUSTOM,7775.95,4723,-43
92,stable,C33,CUSTOM,7005.45,4749,-53
92,stable,C34,CUSTOM,6889.8,4756,-32
93,stable,G00,GVWY,-8979.7,6635,-159
93,stable,G01,GVWY,-8859.0,6662,-160
93,stable,G02,GVWY,-8425.8,6676,-116
93,stable,G03,GVWY,-8398.4,6652,-298
93,stable,G04,GVWY,-9023.6,6644,-442
93,stable,Z05,ZIC,461.1,537,247
93,stable,Z06,ZIC,92.0,646,320
93,stable,Z07,ZIC,-4.1,525,203
93,stable,Z08,ZIC,166.7,569,239
93,stable,Z09,ZIC,-21.8,540,264
93,stable,S10,SHVR,-4356.4,6004,-78
93,stable,S11,SHVR,-5042.0,5982,-90
93,stable,S12,SHVR,-5218.1,6103,-267
93,stable,S13,SHVR,-4822.9,6005,-103
93,stable,S14,SHVR,-6869.1,6015,93
93,stable,S15,SNPR,-1631.2,1334,-34
93,stable,S16,SNPR,-738.2,1308,-64
93,stable,S17,SNPR,-1961.5,1295,95
93,stable,S18,SNPR,-1598.7,1311,-9
93,stable,S19,SNPR,-958.9,1319,27
93,stable,Z20,ZIP,11056.9,3711,-827
93,stable,Z21,ZIP,8504.0,3664,-230
93,stable,Z22,ZIP,8830.5,3711,-235
93,stable,Z23,ZIP,8306.6,3696,-288
93,stable,Z24,ZIP,8796.1,3685,-243
93,stable,P25,PRSH,66.0,498,280
93,stable,P26,PRSH,171.4,1346,578
93,stable,P27,PRSH,-232.8,3074,914
93,stable,P28,PRSH,299.6,228,182
93,stable,P29,PRSH,-184.2,604,306
93,stable,C30,CUSTOM,6225.1,4833,-33
93,stable,C31,CUSTOM,6746.6,4796,-8
93,stable,C32,CUSTOM,6537.7,4763,-31
93,stable,C33,CUSTOM,6326.8,4760,-24
93,stable,C34,CUSTOM,5304.7,4769,-51
94,stable,G00,GVWY,-9551.2,6621,-121
94,stable,G01,GVWY,-9654.6,6620,-218
94,stable,G02,GVWY,-9937.4,6642,-182
94,stable,G03,GVWY,-9513.6,6624,-138
94,stable,G04,GVWY,-8264.0,6629,55
94,stable,Z05,ZIC,1574.2,596,356
94,stable,Z06,ZIC,794.4,552,322
94,stable,Z07,ZIC,1575.8,632,384
94,stable,Z08,ZIC,1254.2,540,306
94,stable,Z09,ZIC,1430.8,506,304
94,stable,S10,SHVR,-6358.8,6012,-114
94,stable,S11,SHVR,-5495.8,5992,-84
94,stable,S12,SHVR,-5928.4,6052,38
94,stable,S13,SHVR,-5359.4,5984,68
94,stable,S14,SHVR,-5147.0,5973,45
94,stable,S15,SNPR,-1569.6,1304,-38
94,stable,S16,SNPR,-1688.4,1282,28
94,stable,S17,SNPR,-798.2,1293,-51
94,stable,S18,SNPR,-1593.8,1302,-14
94,stable,S19,SNPR,-764.8,1298,-54
94,stable,Z20,ZIP,8289.6,3648,-162
94,stable,Z21,ZIP,7486.2,3678,-294
94,stable,Z22,ZIP,7418.6,3730,-802
94,stable,Z23,ZIP,8303.4,3476,-978
94,stable,Z24,ZIP,7404.6,3662,-392
94,stable,P25,PRSH,2927.6,1437,613
94,stable,P26,PRSH,1136.8,271,219
94,stable,P27,PRSH,900.8,282,204
94,stable,P28,PRSH,1729.6,776,418
94,stable,P29,PRSH,1062.6,701,403
94,stable,C30,CUSTOM,5901.2,4786,-4
94,stable,C31,CUSTOM,5141.8,4834,-26
94,stable,C32,CUSTOM,4132.8,4933,-21
94,stable,C33,CUSTOM,7515.8,4840,-16
94,stable,C34,CUSTOM,6195.8,4872,-16
95,stable,G00,GVWY,-9742.2,6668,38
95,stable,G01,GVWY,-12326.0,6666,-500
95,stable,G02,GVWY,-11205.6,6664,-236
95,stable,G03,GVWY,-11487.2,6668,-272
95,stable,G04,GVWY,-9566.8,6614,-68
95,stable,Z05,ZIC,3167.0,606,340
95,stable,Z06,ZIC,2249.3,541,253
95,stable,Z07,ZIC,2001.4,482,174
95,stable,Z08,ZIC,2374.4,530,254
95,stable,Z09,ZIC,2481.3,557,273
95,stable,S10,SHVR,-5764.2,6092,-22
95,stable,S11,SHVR,-7783.0,6088,-250
95,stable,S12,SHVR,-5486.0,6042,-20
95,stable,S13,SHVR,-6210.1,6079,-81
95,stable,S14,SHVR,-4226.6,5980,4
95,stable,S15,SNPR,-1239.7,1287,-27
95,stable,S16,SNPR,-799.3,1323,47
95,stable,S17,SNPR,-1779.0,1292,-90
95,stable,S18,SNPR,-1249.0,1306,-10
95,stable,S19,SNPR,-1300.6,1304,-16
95,stable,Z20,ZIP,5009.7,3625,-353
95,stable,Z21,ZIP,3022.5,3715,-1035
95,stable,Z22,ZIP,7222.1,3629,-279
95,stable,Z23,ZIP,5673.5,3647,-165
95,stable,Z24,ZIP,6258.1,3551,-299
95,stable,P25,PRSH,4443.4,956,444
95,stable,P26,PRSH,5538.9,1473,659
95,stable,P27,PRSH,2610.8,390,248
95,stable,P28,PRSH,2151.3,255,193
95,stable,P29,PRSH,6761.9,3481,899
95,stable,C30,CUSTOM,5713.8,4674,-52
95,stable,C31,CUSTOM,5751.2,4764,-28
95,stable,C32,CUSTOM,6034.6,4748,-34
95,stable,C33,CUSTOM,5169.1,4727,-39
95,stable,C34,CUSTOM,6125.9,4723,-31
96,stable,G00,GVWY,-9458.8,6642,-116
96,stable,G01,GVWY,-8741.05,6669,-381
96,stable,G02,GVWY,-7362.75,6653,-75
96,stable,G03,GVWY,-8067.4,6624,-228
96,stable,G04,GVWY,-10100.35,6641,93
96,stable,Z05,ZIC,-44.45,577,331
96,stable,Z06,ZIC,-81.85,545,283
96,stable,Z07,ZIC,215.65,589,273
96,stable,Z08,ZIC,-88.5,552,330
96,stable,Z09,ZIC,98.45,567,309
96,stable,S10,SHVR,-5618.0,6032,-60
96,stable,S11,SHVR,-6268.0,6022,60
96,stable,S12,SHVR,-5993.7,6034,-174
96,stable,S13,SHVR,-5958.4,6022,72
96,stable,S14,SHVR,-5936.15,6009,-3
96,stable,S15,SNPR,-951.45,1317,-9
96,stable,S16,SNPR,-1225.5,1300,30
96,stable,S17,SNPR,-901.2,1312,-84
96,stable,S18,SNPR,-1272.55,1313,-91
96,stable,S19,SNPR,-1377.95,1289,1
96,stable,Z20,ZIP,7310.75,3651,-145
96,stable,Z21,ZIP,8547.5,3814,-130
96,stable,Z22,ZIP,11055.2,3702,-576
96,stable,Z23,ZIP,9689.55,3711,-689
96,stable,Z24,ZIP,9074.25,3811,-395
96,stable,P25,PRSH,310.05,463,261
96,stable,P26,PRSH,503.15,311,283
96,stable,P27,PRSH,-1.5,850,470
96,stable,P28,PRSH,75.55,245,211
96,stable,P29,PRSH,110.6,252,192
96,stable,C30,CUSTOM,6337.85,4709,-23
96,stable,C31,CUSTOM,6893.95,4749,-1
96,stable,C32,CUSTOM,6270.25,4779,-15
96,stable,C33,CUSTOM,6353.15,4699,-17
96,stable,C34,CUSTOM,6965.0,4804,0
97,stable,G00,GVWY,-9933.0,6680,-270
97,stable,G01,GVWY,-9723.8,6674,-134
97,stable,G02,GVWY,-10023.3,6663,-309
97,stable,G03,GVWY,-8864.1,6691,-3
97,stable,G04,GVWY,-9135.2,6660,64
97,stable,Z05,ZIC,1778.1,507,263
97,stable,Z06,ZIC,1717.5,569,275
97,stable,Z07,ZIC,2001.8,582,264
97,stable,Z08,ZIC,1698.2,540,236
97,stable,Z09,ZIC,2072.6,592,308
97,stable,S10,SHVR,-6263.9,6139,-67
97,stable,S11,SHVR,-5307.6,6070,-58
97,stable,S12,SHVR,-6358.1,6065,-53
97,stable,S13,SHVR,-6606.1,6135,-143
97,stable,S14,SHVR,-5378.7,6131,-151
97,stable,S15,SNPR,-428.8,1324,46
97,stable,S16,SNPR,-1132.0,1310,-10
97,stable,S17,SNPR,-1621.5,1309,-85
97,stable,S18,SNPR,-1143.4,1316,18
97,stable,S19,SNPR,-1094.6,1316,-28
97,stable,Z20,ZIP,3877.5,3845,-875
97,stable,Z21,ZIP,7216.2,3592,-24
97,stable,Z22,ZIP,5645.6,3738,-802
97,stable,Z23,ZIP,4467.7,3817,-339
97,stable,Z24,ZIP,5778.5,3747,-645
97,stable,P25,PRSH,3799.1,1061,503
97,stable,P26,PRSH,1989.6,266,238
97,stable,P27,PRSH,1803.6,558,248
97,stable,P28,PRSH,4606.3,1801,709
97,stable,P29,PRSH,3523.7,4173,851
97,stable,C30,CUSTOM,5354.5,4703,-25
97,stable,C31,CUSTOM,6206.7,4719,-9
97,stable,C32,CUSTOM,7332.1,4753,-7
97,stable,C33,CUSTOM,6025.7,4659,-19
97,stable,C34,CUSTOM,6324.1,4753,-17
98,stable,G00,GVWY,-9693.5,6690,-70
98,stable,G01,GVWY,-9522.75,6733,-103
98,stable,G02,GVWY,-9154.5,6636,6
98,stable,G03,GVWY,-10224.5,6674,-130
98,stable,G04,GVWY,-8812.5,6690,62
98,stable,Z05,ZIC,1967.5,568,278
98,stable,Z06,ZIC,1939.25,567,357
98,stable,Z07,ZIC,1905.5,584,298
98,stable,Z08,ZIC,1603.0,586,300
98,stable,Z09,ZIC,2213.25,635,325
98,stable,S10,SHVR,-6943.75,6047,-95
98,stable,S11,SHVR,-6317.75,6077,-91
98,stable,S12,SHVR,-4757.0,6068,20
98,stable,S13,SHVR,-4529.75,6045,77
98,stable,S14,SHVR,-5332.0,6118,20
98,stable,S15,SNPR,-2115.75,1283,-67
98,stable,S16,SNPR,-808.0,1294,36
98,stable,S17,SNPR,-1925.25,1305,-85
98,stable,S18,SNPR,-2236.75,1309,-59
98,stable,S19,SNPR,-1027.75,1311,29
98,stable,Z20,ZIP,5999.25,3713,-331
98,stable,Z21,ZIP,4790.25,3697,-899
98,stable,Z22,ZIP,5930.0,3694,-584
98,stable,Z23,ZIP,3748.0,3636,-1180
98,stable,Z24,ZIP,6829.0,3722,-212
98,stable,P25,PRSH,4369.5,842,606
98,stable,P26,PRSH,1590.25,295,229
98,stable,P27,PRSH,1355.25,249,189
98,stable,P28,PRSH,1621.25,265,205
98,stable,P29,PRSH,6097.0,2072,912
98,stable,C30,CUSTOM,5552.0,4694,-4
98,stable,C31,CUSTOM,7087.5,4742,-26
98,stable,C32,CUSTOM,5581.25,4761,-23
98,stable,C33,CUSTOM,6747.75,4729,-9
98,stable,C34,CUSTOM,6510.5,4758,6
99,stable,G00,GVWY,-9164.0,6668,-360
99,stable,G01,GVWY,-9170.9,6662,-262
99,stable,G02,GVWY,-10427.8,6670,-204
99,stable,G03,GVWY,-10250.25,6731,-185
99,stable,G04,GVWY,-10392.1,6650,-78
99,stable,Z05,ZIC,1214.35,579,303
99,stable,Z06,ZIC,1411.85,573,293
99,stable,Z07,ZIC,1172.35,593,283
99,stable,Z08,ZIC,1411.75,529,275
99,stable,Z09,ZIC,1269.75,537,255
99,stable,S10,SHVR,-5032.2,6066,-36
99,stable,S11,SHVR,-6027.7,6098,-26
99,stable,S12,SHVR,-5276.15,6047,-27
99,stable,S13,SHVR,-5916.5,6070,-110
99,stable,S14,SHVR,-4802.75,6149,-55
99,stable,S15,SNPR,-887.45,1297,-1
99,stable,S16,SNPR,-1255.8,1284,-4
99,stable,S17,SNPR,-800.15,1301,-47
99,stable,S18,SNPR,-1177.35,1295,-43
99,stable,S19,SNPR,-951.8,1300,-24
99,stable,Z20,ZIP,6317.25,3637,-715
99,stable,Z21,ZIP,6356.45,3749,-479
99,stable,Z22,ZIP,7410.7,3760,-474
99,stable,Z23,ZIP,6781.95,3663,-269
99,stable,Z24,ZIP,6676.45,3745,-319
99,stable,P25,PRSH,5075.15,1999,947
99,stable,P26,PRSH,1620.3,4382,834
99,stable,P27,PRSH,1577.6,806,368
99,stable,P28,PRSH,1304.8,260,204
99,stable,P29,PRSH,1266.3,318,214
99,stable,C30,CUSTOM,6145.35,4791,-37
99,stable,C31,CUSTOM,6786.4,4744,-48
99,stable,C32,CUSTOM,5746.65,4795,-43
99,stable,C33,CUSTOM,5643.6,4790,-72
99,stable,C34,CUSTOM,6344.35,4701,-37
100,stable,G00,GVWY,-8519.0,6673,-165
100,stable,G01,GVWY,-7927.4,6693,-249
100,stable,G02,GVWY,-10228.8,6688,22
100,stable,G03,GVWY,-8541.0,6629,-85
100,stable,G04,GVWY,-8755.8,6634,-118
100,stable,Z05,ZIC,-1122.2,568,328
100,stable,Z06,ZIC,-1334.0,544,330
100,stable,Z07,ZIC,-1350.6,568,324
100,stable,Z08,ZIC,-838.8,597,277
100,stable,Z09,ZIC,-1354.4,590,316
100,stable,S10,SHVR,-5785.0,6039,-145
100,stable,S11,SHVR,-4773.0,6077,-75
100,stable,S12,SHVR,-4150.6,6071,-251
100,stable,S13,SHVR,-3951.8,6071,-63
100,stable,S14,SHVR,-4300.8,6059,-293
100,stable,S15,SNPR,-1507.0,1285,-25
100,stable,S16,SNPR,-699.0,1309,-45
100,stable,S17,SNPR,-920.8,1301,-53
100,stable,S18,SNPR,-1157.6,1312,14
100,stable,S19,SNPR,-722.6,1321,-1
100,stable,Z20,ZIP,10448.8,3653,-397
100,stable,Z21,ZIP,9255.0,3616,-170
100,stable,Z22,ZIP,11398.2,3692,-448
100,stable,Z23,ZIP,10248.8,3652,-282
100,stable,Z24,ZIP,13980.2,3503,-913
100,stable,P25,PRSH,-1076.6,563,299
100,stable,P26,PRSH,-953.8,355,267
100,stable,P27,PRSH,-4445.4,2875,1031
100,stable,P28,PRSH,-1338.4,864,396
100,stable,P29,PRSH,-578.8,248,212
100,stable,C30,CUSTOM,6674.4,4748,-6
100,stable,C31,CUSTOM,5879.8,4809,-17
100,stable,C32,CUSTOM,6619.8,4775,-17
100,stable,C33,CUSTOM,5925.8,4818,-12
100,stable,C34,CUSTOM,6591.6,4762,-24
101,stable,G00,GVWY,-9004.55,6669,-61
101,stable,G01,GVWY,-12123.2,6638,-264
101,stable,G02,GVWY,-10368.45,6627,-119
101,stable,G03,GVWY,-10852.55,6629,-241
101,stable,G04,GVWY,-11756.35,6703,-197
101,stable,Z05,ZIC,2839.65,553,263
101,stable,Z06,ZIC,3174.8,542,296
101,stable,Z07,ZIC,3501.85,537,307
101,stable,Z08,ZIC,3631.35,591,317
101,stable,Z09,ZIC,3627.1,606,322
101,stable,S10,SHVR,-5530.25,6063,105
101,stable,S11,SHVR,-6205.9,6038,-38
101,stable,S12,SHVR,-3386.8,5956,224
101,stable,S13,SHVR,-6653.95,6109,-89
101,stable,S14,SHVR,-6670.25,6047,-55
101,stable,S15,SNPR,-1175.35,1325,3
101,stable,S16,SNPR,-878.9,1292,82
101,stable,S17,SNPR,-795.4,1312,32
101,stable,S18,SNPR,-1566.85,1321,-47
101,stable,S19,SNPR,-209.95,1321,91
101,stable,Z20,ZIP,510.7,3806,-946
101,stable,Z21,ZIP,4814.4,3692,-432
101,stable,Z22,ZIP,5251.7,3588,-306
101,stable,Z23,ZIP,2773.6,3752,-668
101,stable,Z24,ZIP,3574.3,3654,-374
101,stable,P25,PRSH,2690.9,256,218
101,stable,P26,PRSH,3858.0,464,340
101,stable,P27,PRSH,5137.4,864,468
101,stable,P28,PRSH,2686.55,247,201
101,stable,P29,PRSH,8098.8,868,656
101,stable,C30,CUSTOM,5791.95,4761,-31
101,stable,C31,CUSTOM,5837.6,4722,-28
101,stable,C32,CUSTOM,6858.85,4727,-13
101,stable,C33,CUSTOM,5503.0,4734,-20
101,stable,C34,CUSTOM,7250.0,4770,-20
102,stable,G00,GVWY,-11001.25,6661,-215
102,stable,G01,GVWY,-9824.25,6631,-75
102,stable,G02,GVWY,-12437.65,6697,-327
102,stable,G03,GVWY,-10806.75,6717,-205
102,stable,G04,GVWY,-12947.45,6647,-311
102,stable,Z05,ZIC,3521.05,517,299
102,stable,Z06,ZIC,3438.65,553,307
102,stable,Z07,ZIC,3030.25,517,255
102,stable,Z08,ZIC,3158.0,550,260
102,stable,Z09,ZIC,3384.15,573,277
102,stable,S10,SHVR,-6167.05,6089,-39
102,stable,S11,SHVR,-6114.65,6131,-167
102,stable,S12,SHVR,-5032.45,6087,69
102,stable,S13,SHVR,-7082.55,6063,-109
102,stable,S14,SHVR,-6426.7,6074,-106
102,stable,S15,SNPR,-1203.6,1288,12
102,stable,S16,SNPR,-2066.8,1314,-64
102,stable,S17,SNPR,-1669.4,1298,-72
102,stable,S18,SNPR,-581.8,1294,36
102,stable,S19,SNPR,-2007.65,1317,-87
102,stable,Z20,ZIP,1989.9,3590,-898
102,stable,Z21,ZIP,6391.05,3615,-381
102,stable,Z22,ZIP,6038.65,3647,-213
102,stable,Z23,ZIP,6266.6,3628,-252
102,stable,Z24,ZIP,4128.3,3704,-366
102,stable,P25,PRSH,2652.1,292,218
102,stable,P26,PRSH,6319.6,1046,528
102,stable,P27,PRSH,2741.0,254,220
102,stable,P28,PRSH,3935.15,4723,597
102,stable,P29,PRSH,9466.95,3937,981
102,stable,C30,CUSTOM,4784.8,4822,-36
102,stable,C31,CUSTOM,5675.5,4846,-30
102,stable,C32,CUSTOM,7103.15,4871,-23
102,stable,C33,CUSTOM,5557.3,4884,-26
102,stable,C34,CUSTOM,6360.1,4914,-22
103,stable,G00,GVWY,-11287.4,6692,-286
103,stable,G01,GVWY,-9756.7,6643,-153
103,stable,G02,GVWY,-11276.0,6672,-280
103,stable,G03,GVWY,-12345.8,6680,-352
103,stable,G04,GVWY,-9563.8,6700,-162
103,stable,Z05,ZIC,3488.2,548,328
103,stable,Z06,ZIC,2973.0,542,290
103,stable,Z07,ZIC,3093.0,558,280
103,stable,Z08,ZIC,2728.8,500,262
103,stable,Z09,ZIC,3094.2,558,288
103,stable,S10,SHVR,-6092.3,6155,-7
103,stable,S11,SHVR,-5171.1,6087,-29
103,stable,S12,SHVR,-5804.7,6079,-73
103,stable,S13,SHVR,-6450.7,6029,-23
103,stable,S14,SHVR,-9058.6,6120,-294
103,stable,S15,SNPR,-1536.3,1311,-47
103,stable,S16,SNPR,-1415.7,1321,-13
103,stable,S17,SNPR,-1278.2,1302,2
103,stable,S18,SNPR,-1267.0,1286,30
103,stable,S19,SNPR,-1474.7,1283,-43
103,stable,Z20,ZIP,5711.5,3609,-115
103,stable,Z21,ZIP,2823.3,3683,-803
103,stable,Z22,ZIP,4713.6,3670,-366
103,stable,Z23,ZIP,6877.6,3606,-196
103,stable,Z24,ZIP,2421.7,3633,-767
103,stable,P25,PRSH,3860.8,720,372
103,stable,P26,PRSH,3257.1,453,239
103,stable,P27,PRSH,3045.3,507,277
103,stable,P28,PRSH,8429.3,1903,877
103,stable,P29,PRSH,5710.1,4289,809
103,stable,C30,CUSTOM,6575.3,4731,-23
103,stable,C31,CUSTOM,4741.6,4780,-26
103,stable,C32,CUSTOM,6621.5,4723,-35
103,stable,C33,CUSTOM,6972.8,4820,-38
103,stable,C34,CUSTOM,6038.8,4808,-18
104,stable,G00,GVWY,-9227.8,6710,-38
104,stable,G01,GVWY,-9796.2,6702,-42
104,stable,G02,GVWY,-9101.5,6685,205
104,stable,G03,GVWY,-10067.5,6677,-65
104,stable,G04,GVWY,-8487.1,6699,109
104,stable,Z05,ZIC,1564.3,499,273
104,stable,Z06,ZIC,1760.3,629,343
104,stable,Z07,ZIC,2180.8,606,368
104,stable,Z08,ZIC,1674.6,608,316
104,stable,Z09,ZIC,1857.9,581,359
104,stable,S10,SHVR,-5774.3,6043,-243
104,stable,S11,SHVR,-6835.4,6152,-144
104,stable,S12,SHVR,-6001.4,6058,-284
104,stable,S13,SHVR,-7366.9,6085,-199
104,stable,S14,SHVR,-4902.5,6141,145
104,stable,S15,SNPR,-1674.6,1310,-56
104,stable,S16,SNPR,-819.9,1331,101
104,stable,S17,SNPR,-1272.1,1297,-11
104,stable,S18,SNPR,-1102.3,1311,-43
104,stable,S19,SNPR,-905.1,1309,59
104,stable,Z20,ZIP,7099.2,3590,-588
104,stable,Z21,ZIP,6496.8,3520,-822
104,stable,Z22,ZIP,5629.8,3578,-932
104,stable,Z23,ZIP,4796.6,3688,-884
104,stable,Z24,ZIP,7154.9,3619,-551
104,stable,P25,PRSH,1177.7,231,207
104,stable,P26,PRSH,4285.6,1410,826
104,stable,P27,PRSH,2655.6,828,476
104,stable,P28,PRSH,1707.9,287,249
104,stable,P29,PRSH,4077.3,1627,843
104,stable,C30,CUSTOM,5650.9,4785,-1
104,stable,C31,CUSTOM,5795.6,4814,-4
104,stable,C32,CUSTOM,5896.4,4746,-6
104,stable,C33,CUSTOM,6523.5,4779,-5
104,stable,C34,CUSTOM,5417.1,4857,1
105,stable,G00,GVWY,-8370.1,6697,-289
105,stable,G01,GVWY,-9924.3,6661,-57
105,stable,G02,GVWY,-7723.8,6730,-92
105,stable,G03,GVWY,-9232.3,6677,-257
105,stable,G04,GVWY,-8502.7,6687,-243
105,stable,Z05,ZIC,-179.3,605,333
105,stable,Z06,ZIC,112.9,569,271
105,stable,Z07,ZIC,-125.1,571,331
105,stable,Z08,ZIC,-214.9,557,319
105,stable,Z09,ZIC,-241.0,518,300
105,stable,S10,SHVR,-5208.8,6058,-42
105,stable,S11,SHVR,-4961.8,6076,38
105,stable,S12,SHVR,-4777.0,6072,90
105,stable,S13,SHVR,-5818.4,6068,-26
105,stable,S14,SHVR,-5973.6,6100,-184
105,stable,S15,SNPR,-1555.6,1312,26
105,stable,S16,SNPR,-1217.6,1310,-154
105,stable,S17,SNPR,-763.2,1318,-68
105,stable,S18,SNPR,-1400.3,1307,-7
105,stable,S19,SNPR,-1065.7,1305,-53
105,stable,Z20,ZIP,10812.6,3682,-1026
105,stable,Z21,ZIP,8302.8,3702,-248
105,stable,Z22,ZIP,10830.9,3613,-809
105,stable,Z23,ZIP,8879.7,3803,-477
105,stable,Z24,ZIP,7964.0,3746,-290
105,stable,P25,PRSH,-1043.4,3314,944
105,stable,P26,PRSH,-258.4,546,334
105,stable,P27,PRSH,48.6,2874,854
105,stable,P28,PRSH,244.3,307,237
105,stable,P29,PRSH,269.6,568,324
105,stable,C30,CUSTOM,5651.7,4823,-27
105,stable,C31,CUSTOM,6205.3,4729,-13
105,stable,C32,CUSTOM,6918.7,4745,-37
105,stable,C33,CUSTOM,6352.0,4770,-40
105,stable,C34,CUSTOM,6389.2,4710,-22
106,stable,G00,GVWY,-9187.0,6694,-182
106,stable,G01,GVWY,-9092.5,6707,-157
106,stable,G02,GVWY,-9270.5,6699,-177
106,stable,G03,GVWY,-10379.5,6715,-109
106,stable,G04,GVWY,-8585.0,6712,-184
106,stable,Z05,ZIC,464.0,606,294
106,stable,Z06,ZIC,593.0,648,380
106,stable,Z07,ZIC,543.5,531,259
106,stable,Z08,ZIC,428.0,562,302
106,stable,Z09,ZIC,282.5,557,311
106,stable,S10,SHVR,-4766.0,6120,-182
106,stable,S11,SHVR,-5711.0,6080,-66
106,stable,S12,SHVR,-5233.5,6125,-15
106,stable,S13,SHVR,-5347.5,6075,99
106,stable,S14,SHVR,-5350.5,6081,-1
106,stable,S15,SNPR,-1121.5,1335,-81
106,stable,S16,SNPR,-1016.5,1311,-41
106,stable,S17,SNPR,-1324.0,1314,-32
106,stable,S18,SNPR,-1517.5,1307,-33
106,stable,S19,SNPR,-1311.5,1313,-29
106,stable,Z20,ZIP,9378.5,3825,-601
106,stable,Z21,ZIP,8682.5,3729,-377
106,stable,Z22,ZIP,9084.0,3788,-942
106,stable,Z23,ZIP,6720.0,3684,-160
106,stable,Z24,ZIP,9343.0,3762,-828
106,stable,P25,PRSH,961.0,312,290
106,stable,P26,PRSH,888.5,365,335
106,stable,P27,PRSH,515.5,231,195
106,stable,P28,PRSH,-1599.5,4695,789
106,stable,P29,PRSH,2040.0,2594,1002
106,stable,C30,CUSTOM,6225.5,4729,-19
106,stable,C31,CUSTOM,6510.5,4669,-21
106,stable,C32,CUSTOM,5905.5,4777,-13
106,stable,C33,CUSTOM,5806.0,4762,-26
106,stable,C34,CUSTOM,7101.5,4683,-9
107,stable,G00,GVWY,-8515.0,6670,-96
107,stable,G01,GVWY,-8454.25,6663,-167
107,stable,G02,GVWY,-7323.5,6672,-322
107,stable,G03,GVWY,-6973.75,6697,-193
107,stable,G04,GVWY,-8854.25,6643,-75
107,stable,Z05,ZIC,-831.5,484,286
107,stable,Z06,ZIC,-991.75,557,331
107,stable,Z07,ZIC,-359.25,511,213
107,stable,Z08,ZIC,-736.25,557,309
107,stable,Z09,ZIC,-1170.75,493,299
107,stable,S10,SHVR,-5428.5,6082,106
107,stable,S11,SHVR,-5457.75,6127,27
107,stable,S12,SHVR,-5095.0,6114,-48
107,stable,S13,SHVR,-4267.0,6064,-112
107,stable,S14,SHVR,-4537.0,6082,-108
107,stable,S15,SNPR,-1172.75,1295,-41
107,stable,S16,SNPR,-1670.75,1317,-33
107,stable,S17,SNPR,-1668.75,1313,43
107,stable,S18,SNPR,-845.5,1302,-30
107,stable,S19,SNPR,-1310.5,1312,-46
107,stable,Z20,ZIP,9300.0,3696,-288
107,stable,Z21,ZIP,11361.5,3702,-638
107,stable,Z22,ZIP,11222.5,3700,-530
107,stable,Z23,ZIP,9170.0,3748,-288
107,stable,Z24,ZIP,13850.0,3724,-1092
107,stable,P25,PRSH,-482.5,322,266
107,stable,P26,PRSH,-5132.0,4592,804
107,stable,P27,PRSH,-720.75,585,255
107,stable,P28,PRSH,-2820.0,3776,908
107,stable,P29,PRSH,-1012.0,560,320
107,stable,C30,CUSTOM,5253.75,4753,-3
107,stable,C31,CUSTOM,7095.75,4729,-35
107,stable,C32,CUSTOM,6264.0,4712,-8
107,stable,C33,CUSTOM,5896.5,4624,-14
107,stable,C34,CUSTOM,6958.0,4782,-8
108,stable,G00,GVWY,-9687.4,6706,-124
108,stable,G01,GVWY,-11100.4,6687,-159
108,stable,G02,GVWY,-10469.8,6656,2
108,stable,G03,GVWY,-9225.0,6694,-210
108,stable,G04,GVWY,-8933.8,6633,-203
108,stable,Z05,ZIC,2227.6,576,326
108,stable,Z06,ZIC,1717.4,547,259
108,stable,Z07,ZIC,1386.4,567,259
108,stable,Z08,ZIC,1927.8,596,308
108,stable,Z09,ZIC,2295.0,581,345
108,stable,S10,SHVR,-5337.2,6050,48
108,stable,S11,SHVR,-5190.8,6094,12
108,stable,S12,SHVR,-5183.0,6037,65
108,stable,S13,SHVR,-6411.8,6124,-278
108,stable,S14,SHVR,-6012.6,6115,-31
108,stable,S15,SNPR,-1626.4,1306,-54
108,stable,S16,SNPR,-1247.6,1308,4
108,stable,S17,SNPR,-1253.2,1321,-17
108,stable,S18,SNPR,-1385.0,1315,-75
108,stable,S19,SNPR,-1511.8,1310,-48
108,stable,Z20,ZIP,7335.8,3673,-217
108,stable,Z21,ZIP,6714.2,3747,-393
108,stable,Z22,ZIP,5461.4,3676,-896
108,stable,Z23,ZIP,5809.0,3692,-500
108,stable,Z24,ZIP,4712.4,3761,-891
108,stable,P25,PRSH,2785.6,920,426
108,stable,P26,PRSH,5560.2,2575,797
108,stable,P27,PRSH,1259.4,246,194
108,stable,P28,PRSH,3384.4,1007,579
108,stable,P29,PRSH,3003.2,874,462
108,stable,C30,CUSTOM,5516.0,4788,-20
108,stable,C31,CUSTOM,6187.6,4780,26
108,stable,C32,CUSTOM,4736.8,4798,-22
108,stable,C33,CUSTOM,5873.6,4772,-24
108,stable,C34,CUSTOM,6507.0,4823,-35
109,stable,G00,GVWY,-6810.6,6706,-374
109,stable,G01,GVWY,-8522.9,6701,-191
109,stable,G02,GVWY,-9115.4,6722,-6
109,stable,G03,GVWY,-8299.8,6694,-112
109,stable,G04,GVWY,-8071.6,6712,-194
109,stable,Z05,ZIC,-1050.9,585,339
109,stable,Z06,ZIC,-563.9,587,299
109,stable,Z07,ZIC,-1001.3,553,343
109,stable,Z08,ZIC,-1146.6,560,306
109,stable,Z09,ZIC,-778.8,534,288
109,stable,S10,SHVR,-6069.7,6071,207
109,stable,S11,SHVR,-4719.9,6135,39
109,stable,S12,SHVR,-5106.9,6093,-31
109,stable,S13,SHVR,-5200.6,6070,-94
109,stable,S14,SHVR,-6013.3,6129,113
109,stable,S15,SNPR,-1039.0,1306,-20
109,stable,S16,SNPR,-1272.3,1305,-17
109,stable,S17,SNPR,-1580.7,1305,7
109,stable,S18,SNPR,-654.5,1283,-105
109,stable,S19,SNPR,-1446.2,1300,32
109,stable,Z20,ZIP,10566.8,3702,-628
109,stable,Z21,ZIP,12023.8,3742,-898
109,stable,Z22,ZIP,13441.0,3684,-1090
109,stable,Z23,ZIP,8751.0,3650,-350
109,stable,Z24,ZIP,12325.2,3834,-962
109,stable,P25,PRSH,-1767.9,2125,799
109,stable,P26,PRSH,-1270.3,971,763
109,stable,P27,PRSH,-1052.2,1414,602
109,stable,P28,PRSH,-3172.3,3991,823
109,stable,P29,PRSH,-694.7,349,317
109,stable,C30,CUSTOM,6629.5,4625,-45
109,stable,C31,CUSTOM,5416.6,4792,-56
109,stable,C32,CUSTOM,5710.1,4671,-41
109,stable,C33,CUSTOM,6013.2,4762,-52
109,stable,C34,CUSTOM,5989.6,4796,-56
110,stable,G00,GVWY,-10462.2,6642,-234
110,stable,G01,GVWY,-9335.0,6650,-320
110,stable,G02,GVWY,-10200.5,6671,-75
110,stable,G03,GVWY,-7471.5,6659,-295
110,stable,G04,GVWY,-9843.3,6631,-51
110,stable,Z05,ZIC,676.3,521,221
110,stable,Z06,ZIC,562.8,506,236
110,stable,Z07,ZIC,610.5,493,245
110,stable,Z08,ZIC,361.3,577,311
110,stable,Z09,ZIC,443.9,565,273
110,stable,S10,SHVR,-4282.9,6045,-353
110,stable,S11,SHVR,-5788.1,6077,-227
110,stable,S12,SHVR,-5727.6,6044,-12
110,stable,S13,SHVR,-5201.7,6015,-209
110,stable,S14,SHVR,-5552.4,6040,-28
110,stable,S15,SNPR,-899.0,1294,10
110,stable,S16,SNPR,-1201.4,1322,12
110,stable,S17,SNPR,-1350.1,1331,23
110,stable,S18,SNPR,-1403.6,1336,-92
110,stable,S19,SNPR,-1147.8,1294,-106
110,stable,Z20,ZIP,7995.3,3635,-459
110,stable,Z21,ZIP,7105.3,3819,-119
110,stable,Z22,ZIP,10437.5,3769,-835
110,stable,Z23,ZIP,7096.1,3703,-83
110,stable,Z24,ZIP,8006.9,3649,-407
110,stable,P25,PRSH,1172.1,2737,847
110,stable,P26,PRSH,1318.3,1495,711
110,stable,P27,PRSH,566.9,281,233
110,stable,P28,PRSH,586.5,551,285
110,stable,P29,PRSH,1419.0,1836,680
110,stable,C30,CUSTOM,6527.0,4668,-50
110,stable,C31,CUSTOM,6409.2,4742,-36
110,stable,C32,CUSTOM,7091.9,4771,-37
110,stable,C33,CUSTOM,6285.9,4809,-57
110,stable,C34,CUSTOM,5609.5,4779,-45
111,stable,G00,GVWY,-7903.0,6624,-246
111,stable,G01,GVWY,-8449.0,6647,-153
111,stable,G02,GVWY,-9903.0,6651,-87
111,stable,G03,GVWY,-8339.0,6673,-391
111,stable,G04,GVWY,-8783.0,6642,-118
111,stable,Z05,ZIC,-611.0,580,288
111,stable,Z06,ZIC,-152.0,522,234
111,stable,Z07,ZIC,-441.0,534,252
111,stable,Z08,ZIC,-432.0,500,280
111,stable,Z09,ZIC,-496.0,550,278
111,stable,S10,SHVR,-4734.0,6093,-65
111,stable,S11,SHVR,-5200.0,6031,-55
111,stable,S12,SHVR,-4641.0,6096,-6
111,stable,S13,SHVR,-5585.0,6092,-76
111,stable,S14,SHVR,-6439.0,6057,23
111,stable,S15,SNPR,-1154.0,1306,-76
111,stable,S16,SNPR,-933.0,1303,-53
111,stable,S17,SNPR,-529.0,1306,-94
111,stable,S18,SNPR,-615.0,1301,-47
111,stable,S19,SNPR,-1384.0,1304,90
111,stable,Z20,ZIP,8956.0,3598,-242
111,stable,Z21,ZIP,12486.0,3689,-1077
111,stable,Z22,ZIP,11064.0,3666,-504
111,stable,Z23,ZIP,11581.0,3789,-759
111,stable,Z24,ZIP,7608.0,3534,-132
111,stable,P25,PRSH,-91.0,249,215
111,stable,P26,PRSH,-40.0,227,179
111,stable,P27,PRSH,-2416.0,2944,974
111,stable,P28,PRSH,-3613.0,2929,1011
111,stable,P29,PRSH,-623.0,954,480
111,stable,C30,CUSTOM,6965.0,4768,-62
111,stable,C31,CUSTOM,5977.0,4811,-9
111,stable,C32,CUSTOM,6788.0,4707,-29
111,stable,C33,CUSTOM,5713.0,4716,-26
111,stable,C34,CUSTOM,6764.0,4712,-40
112,stable,G00,GVWY,-9247.45,6647,19
112,stable,G01,GVWY,-9112.7,6676,14
112,stable,G02,GVWY,-9066.65,6639,-217
112,stable,G03,GVWY,-8321.25,6699,-305
112,stable,G04,GVWY,-8884.45,6633,-221
112,stable,Z05,ZIC,-280.75,601,325
112,stable,Z06,ZIC,-206.25,569,315
112,stable,Z07,ZIC,-210.1,540,242
112,stable,Z08,ZIC,-304.25,511,275
112,stable,Z09,ZIC,-76.25,553,315
112,stable,S10,SHVR,-4945.25,5993,-45
112,stable,S11,SHVR,-4542.8,6026,-84
112,stable,S12,SHVR,-6617.55,6041,61
112,stable,S13,SHVR,-4992.6,6064,-28
112,stable,S14,SHVR,-5188.65,6087,-217
112,stable,S15,SNPR,-1348.75,1307,-35
112,stable,S16,SNPR,-1500.15,1327,-27
112,stable,S17,SNPR,-1775.65,1285,23
112,stable,S18,SNPR,-1230.3,1290,46
112,stable,S19,SNPR,-1411.15,1315,13
112,stable,Z20,ZIP,10287.8,3632,-436
112,stable,Z21,ZIP,11945.85,3735,-1307
112,stable,Z22,ZIP,11121.9,3680,-598
112,stable,Z23,ZIP,8154.35,3599,-277
112,stable,Z24,ZIP,8915.75,3641,-305
112,stable,P25,PRSH,-1189.35,3015,1037
112,stable,P26,PRSH,-81.85,317,227
112,stable,P27,PRSH,-711.0,1558,760
112,stable,P28,PRSH,-70.95,357,229
112,stable,P29,PRSH,105.55,487,299
112,stable,C30,CUSTOM,5787.15,4827,7
112,stable,C31,CUSTOM,5855.7,4746,-14
112,stable,C32,CUSTOM,7119.0,4750,-40
112,stable,C33,CUSTOM,7033.7,4764,-34
112,stable,C34,CUSTOM,5428.95,4815,-9
113,stable,G00,GVWY,-8870.05,6687,-103
113,stable,G01,GVWY,-10274.95,6677,-237
113,stable,G02,GVWY,-9373.45,6661,13
113,stable,G03,GVWY,-9005.85,6649,-51
113,stable,G04,GVWY,-10143.35,6693,-441
113,stable,Z05,ZIC,984.9,596,294
113,stable,Z06,ZIC,1045.15,575,389
113,stable,Z07,ZIC,675.35,555,301
113,stable,Z08,ZIC,768.4,624,324
113,stable,Z09,ZIC,1026.15,599,389
113,stable,S10,SHVR,-5694.45,6065,153
113,stable,S11,SHVR,-5887.05,6103,97
113,stable,S12,SHVR,-4907.3,6032,-18
113,stable,S13,SHVR,-4635.6,6082,4
113,stable,S14,SHVR,-5638.55,6145,147
113,stable,S15,SNPR,-1282.95,1299,43
113,stable,S16,SNPR,-1448.15,1307,-49
113,stable,S17,SNPR,-1403.4,1298,-4
113,stable,S18,SNPR,-1553.6,1310,44
113,stable,S19,SNPR,-990.1,1300,-46
113,stable,Z20,ZIP,8007.25,3867,-1225
113,stable,Z21,ZIP,7647.8,3776,-752
113,stable,Z22,ZIP,8629.7,3808,-518
113,stable,Z23,ZIP,8153.15,3637,-891
113,stable,Z24,ZIP,7777.5,3666,-250
113,stable,P25,PRSH,998.85,685,391
113,stable,P26,PRSH,2013.45,1499,847
113,stable,P27,PRSH,622.6,266,196
113,stable,P28,PRSH,856.0,460,340
113,stable,P29,PRSH,1894.4,1454,764
113,stable,C30,CUSTOM,5449.1,4796,-14
113,stable,C31,CUSTOM,4923.15,4783,-31
113,stable,C32,CUSTOM,6414.95,4801,-23
113,stable,C33,CUSTOM,6795.85,4847,-29
113,stable,C34,CUSTOM,6603.55,4797,-7
114,stable,G00,GVWY,-8803.85,6687,-407
114,stable,G01,GVWY,-10061.7,6636,-74
114,stable,G02,GVWY,-8761.25,6665,25
114,stable,G03,GVWY,-9858.5,6656,-270
114,stable,G04,GVWY,-9507.8,6610,-96
114,stable,Z05,ZIC,1298.85,535,307
114,stable,Z06,ZIC,1587.95,583,309
114,stable,Z07,ZIC,983.4,578,288
114,stable,Z08,ZIC,1317.6,562,292
114,stable,Z09,ZIC,1628.15,571,313
114,stable,S10,SHVR,-6353.9,5972,42
114,stable,S11,SHVR,-4476.75,5967,-45
114,stable,S12,SHVR,-5145.25,6009,-35
114,stable,S13,SHVR,-5580.1,6046,78
114,stable,S14,SHVR,-5201.4,6040,-228
114,stable,S15,SNPR,-1342.7,1306,-54
114,stable,S16,SNPR,-1389.05,1309,-51
114,stable,S17,SNPR,-2120.45,1317,-19
114,stable,S18,SNPR,-978.7,1314,26
114,stable,S19,SNPR,-747.45,1311,41
114,stable,Z20,ZIP,7545.5,3694,-630
114,stable,Z21,ZIP,7158.85,3645,-113
114,stable,Z22,ZIP,7789.7,3604,-606
114,stable,Z23,ZIP,6543.55,3723,-859
114,stable,Z24,ZIP,7289.35,3627,-383
114,stable,P25,PRSH,1207.6,272,212
114,stable,P26,PRSH,1758.3,802,426
114,stable,P27,PRSH,1128.2,262,224
114,stable,P28,PRSH,3417.85,3035,1107
114,stable,P29,PRSH,1230.9,274,238
114,stable,C30,CUSTOM,5325.9,4848,-22
114,stable,C31,CUSTOM,6054.0,4814,-20
114,stable,C32,CUSTOM,5791.15,4785,-7
114,stable,C33,CUSTOM,6811.55,4731,-19
114,stable,C34,CUSTOM,4715.05,4821,-49
115,stable,G00,GVWY,-9770.35,6665,-161
115,stable,G01,GVWY,-9689.05,6661,-103
115,stable,G02,GVWY,-8304.45,6647,-247
115,stable,G03,GVWY,-10391.0,6688,-500
115,stable,G04,GVWY,-9970.05,6717,-303
115,stable,Z05,ZIC,1111.1,530,226
115,stable,Z06,ZIC,1093.8,534,288
115,stable,Z07,ZIC,990.2,522,252
115,stable,Z08,ZIC,1221.95,565,257
115,stable,Z09,ZIC,1442.25,541,335
115,stable,S10,SHVR,-5373.75,6107,-85
115,stable,S11,SHVR,-6310.9,6076,26
115,stable,S12,SHVR,-5000.25,6081,-75
115,stable,S13,SHVR,-3800.05,6059,97
115,stable,S14,SHVR,-5279.65,6071,-199
115,stable,S15,SNPR,-1481.9,1310,26
115,stable,S16,SNPR,-1314.0,1290,-60
115,stable,S17,SNPR,-1339.35,1313,-1
115,stable,S18,SNPR,-1538.45,1327,-87
115,stable,S19,SNPR,-1076.85,1307,9
115,stable,Z20,ZIP,6392.6,3682,-364
115,stable,Z21,ZIP,6202.15,3659,-171
115,stable,Z22,ZIP,6683.3,3638,-782
115,stable,Z23,ZIP,6041.65,3553,-941
115,stable,Z24,ZIP,5644.7,3710,-218
115,stable,P25,PRSH,4621.3,3446,1038
115,stable,P26,PRSH,3055.25,2577,775
115,stable,P27,PRSH,2305.75,965,445
115,stable,P28,PRSH,1118.45,237,187
115,stable,P29,PRSH,1990.4,870,464
115,stable,C30,CUSTOM,6045.55,4663,-27
115,stable,C31,CUSTOM,6407.5,4724,-30
115,stable,C32,CUSTOM,6248.6,4714,-44
115,stable,C33,CUSTOM,7016.0,4690,-40
115,stable,C34,CUSTOM,5444.65,4681,-21
116,stable,G00,GVWY,-10203.2,6642,-452
116,stable,G01,GVWY,-10102.1,6655,-361
116,stable,G02,GVWY,-10096.8,6626,-108
116,stable,G03,GVWY,-10189.1,6635,-471
116,stable,G04,GVWY,-9703.7,6627,-387
116,stable,Z05,ZIC,1346.4,550,274
116,stable,Z06,ZIC,1241.6,504,236
116,stable,Z07,ZIC,1290.3,533,253
116,stable,Z08,ZIC,1280.4,524,264
116,stable,Z09,ZIC,1245.7,543,217
116,stable,S10,SHVR,-5048.1,6017,-171
116,stable,S11,SHVR,-6251.3,6055,-303
116,stable,S12,SHVR,-4474.1,5997,9
116,stable,S13,SHVR,-5255.8,5986,-128
116,stable,S14,SHVR,-5254.8,6016,-48
116,stable,S15,SNPR,-1545.0,1314,-20
116,stable,S16,SNPR,-1252.3,1313,-93
116,stable,S17,SNPR,-1804.7,1323,-77
116,stable,S18,SNPR,-1305.1,1337,-1
116,stable,S19,SNPR,-1561.2,1314,-62
116,stable,Z20,ZIP,6922.8,3654,-212
116,stable,Z21,ZIP,6735.0,3712,-540
116,stable,Z22,ZIP,5939.9,3719,-221
116,stable,Z23,ZIP,6835.7,3607,-293
116,stable,Z24,ZIP,6584.1,3717,-399
116,stable,P25,PRSH,1265.4,222,184
116,stable,P26,PRSH,1747.1,827,351
116,stable,P27,PRSH,4601.7,2787,1017
116,stable,P28,PRSH,2278.6,1522,686
116,stable,P29,PRSH,5122.5,1253,905
116,stable,C30,CUSTOM,5552.4,4764,-16
116,stable,C31,CUSTOM,6359.6,4732,-24
116,stable,C32,CUSTOM,5656.2,4736,-8
116,stable,C33,CUSTOM,5270.0,4706,-30
116,stable,C34,CUSTOM,6766.2,4638,-38
117,stable,G00,GVWY,-9681.25,6687,-65
117,stable,G01,GVWY,-10138.85,6659,-197
117,stable,G02,GVWY,-10243.45,6671,-209
117,stable,G03,GVWY,-11029.25,6661,-305
117,stable,G04,GVWY,-8748.9,6612,-118
117,stable,Z05,ZIC,2625.85,527,277
117,stable,Z06,ZIC,1955.9,528,238
117,stable,Z07,ZIC,2387.05,545,301
117,stable,Z08,ZIC,2628.6,528,272
117,stable,Z09,ZIC,2614.7,592,314
117,stable,S10,SHVR,-5737.75,6127,-95
117,stable,S11,SHVR,-7844.05,6045,-221
117,stable,S12,SHVR,-5981.55,6039,-171
117,stable,S13,SHVR,-3790.3,5950,134
117,stable,S14,SHVR,-3876.1,6106,158
117,stable,S15,SNPR,-1082.1,1312,18
117,stable,S16,SNPR,-1181.3,1314,-66
117,stable,S17,SNPR,-1402.0,1302,100
117,stable,S18,SNPR,-1816.05,1329,-41
117,stable,S19,SNPR,-1685.35,1293,-87
117,stable,Z20,ZIP,6592.45,3615,-211
117,stable,Z21,ZIP,6174.65,3703,-387
117,stable,Z22,ZIP,2093.15,3737,-1137
117,stable,Z23,ZIP,6223.05,3787,-399
117,stable,Z24,ZIP,5215.1,3646,-238
117,stable,P25,PRSH,2543.85,5007,637
117,stable,P26,PRSH,2815.2,338,284
117,stable,P27,PRSH,4055.75,3735,715
117,stable,P28,PRSH,2327.05,285,241
117,stable,P29,PRSH,3002.1,544,342
117,stable,C30,CUSTOM,6441.7,4772,-46
117,stable,C31,CUSTOM,6369.55,4777,-29
117,stable,C32,CUSTOM,6134.5,4768,-10
117,stable,C33,CUSTOM,5872.1,4864,-38
117,stable,C34,CUSTOM,6145.2,4818,-36
118,stable,G00,GVWY,-10187.0,6680,-60
118,stable,G01,GVWY,-8890.45,6675,-143
118,stable,G02,GVWY,-10117.5,6662,-10
118,stable,G03,GVWY,-10181.0,6696,100
118,stable,G04,GVWY,-9324.75,6657,-125
118,stable,Z05,ZIC,-28.4,510,244
118,stable,Z06,ZIC,-525.85,565,301
118,stable,Z07,ZIC,-869.2,558,332
118,stable,Z08,ZIC,-682.7,572,302
118,stable,Z09,ZIC,-437.65,543,289
118,stable,S10,SHVR,-5623.85,6005,-39
118,stable,S11,SHVR,-4891.05,6071,-127
118,stable,S12,SHVR,-5524.45,6101,-203
118,stable,S13,SHVR,-5726.55,6035,123
118,stable,S14,SHVR,-4948.15,6021,-161
118,stable,S15,SNPR,-1164.9,1306,54
118,stable,S16,SNPR,-1111.85,1303,1
118,stable,S17,SNPR,-1618.4,1292,64
118,stable,S18,SNPR,-1500.55,1291,23
118,stable,S19,SNPR,-708.7,1290,-38
118,stable,Z20,ZIP,10417.55,3523,-443
118,stable,Z21,ZIP,12457.2,3616,-532
118,stable,Z22,ZIP,9382.2,3796,-192
118,stable,Z23,ZIP,9168.4,3650,-344
118,stable,Z24,ZIP,12927.35,3567,-991
118,stable,P25,PRSH,-791.3,926,498
118,stable,P26,PRSH,-179.4,298,264
118,stable,P27,PRSH,-138.9,268,214
118,stable,P28,PRSH,-1193.6,746,416
118,stable,P29,PRSH,-389.4,334,224
118,stable,C30,CUSTOM,6922.45,4731,-17
118,stable,C31,CUSTOM,5999.55,4787,-23
118,stable,C32,CUSTOM,5542.1,4856,-6
118,stable,C33,CUSTOM,6988.55,4749,-23
118,stable,C34,CUSTOM,7534.8,4792,-8
119,stable,G00,GVWY,-11087.0,6622,-240
119,stable,G01,GVWY,-8713.0,6604,-140
119,stable,G02,GVWY,-11899.05,6659,-421
119,stable,G03,GVWY,-9848.8,6606,-256
119,stable,G04,GVWY,-10435.45,6641,-409
119,stable,Z05,ZIC,1495.3,564,266
119,stable,Z06,ZIC,1609.7,522,274
119,stable,Z07,ZIC,1632.35,541,267
119,stable,Z08,ZIC,1597.65,557,253
119,stable,Z09,ZIC,2052.85,541,257
119,stable,S10,SHVR,-5951.6,6012,-32
119,stable,S11,SHVR,-6083.95,6071,-119
119,stable,S12,SHVR,-4739.0,6004,-20
119,stable,S13,SHVR,-4784.65,6061,-53
119,stable,S14,SHVR,-4587.35,6073,-127
119,stable,S15,SNPR,-1438.6,1326,-92
119,stable,S16,SNPR,-1181.6,1292,8
119,stable,S17,SNPR,-1506.3,1292,-46
119,stable,S18,SNPR,-1144.95,1287,-59
119,stable,S19,SNPR,-1665.0,1306,-40
119,stable,Z20,ZIP,5095.25,3705,-415
119,stable,Z21,ZIP,6181.75,3643,-665
119,stable,Z22,ZIP,6354.6,3670,-248
119,stable,Z23,ZIP,5709.7,3824,-426
119,stable,Z24,ZIP,6200.9,3668,-262
119,stable,P25,PRSH,4198.75,2601,755
119,stable,P26,PRSH,3544.9,1286,538
119,stable,P27,PRSH,4661.9,1128,658
119,stable,P28,PRSH,3541.45,2029,649
119,stable,P29,PRSH,1217.4,272,188
119,stable,C30,CUSTOM,5606.65,4735,-27
119,stable,C31,CUSTOM,6180.2,4724,-16
119,stable,C32,CUSTOM,6415.5,4768,-10
119,stable,C33,CUSTOM,5804.85,4759,-23
119,stable,C34,CUSTOM,5917.2,4748,-36
120,stable,G00,GVWY,-6752.9,6647,-191
120,stable,G01,GVWY,-8265.2,6630,-158
120,stable,G02,GVWY,-5421.9,6631,-371
120,stable,G03,GVWY,-6367.8,6612,-272
120,stable,G04,GVWY,-6222.3,6685,-357
120,stable,Z05,ZIC,-1863.4,532,274
120,stable,Z06,ZIC,-1436.6,498,246
120,stable,Z07,ZIC,-1440.2,512,242
120,stable,Z08,ZIC,-1874.3,531,283
120,stable,Z09,ZIC,-1604.6,578,296
120,stable,S10,SHVR,-3726.7,6005,-83
120,stable,S11,SHVR,-2554.8,5956,-122
120,stable,S12,SHVR,-4070.1,6021,-179
120,stable,S13,SHVR,-3120.1,6043,-139
120,stable,S14,SHVR,-4848.9,6045,-71
120,stable,S15,SNPR,-1264.2,1308,42
120,stable,S16,SNPR,-1502.3,1305,-17
120,stable,S17,SNPR,199.4,1304,-164
120,stable,S18,SNPR,-1089.1,1307,31
120,stable,S19,SNPR,-947.0,1318,-20
120,stable,Z20,ZIP,11635.8,3654,-468
120,stable,Z21,ZIP,10409.7,3545,-377
120,stable,Z22,ZIP,9089.9,3715,-359
120,stable,Z23,ZIP,9283.7,3571,-217
120,stable,Z24,ZIP,13334.5,3603,-635
120,stable,P25,PRSH,-879.8,252,198
120,stable,P26,PRSH,-4203.3,1479,643
120,stable,P27,PRSH,-943.1,255,181
120,stable,P28,PRSH,-6585.6,2494,976
120,stable,P29,PRSH,-5984.9,2293,879
120,stable,C30,CUSTOM,5257.7,4689,-17
120,stable,C31,CUSTOM,6182.6,4724,-26
120,stable,C32,CUSTOM,5429.4,4668,-34
120,stable,C33,CUSTOM,6331.5,4723,-45
120,stable,C34,CUSTOM,6722.9,4673,-49
121,stable,G00,GVWY,-9353.15,6611,27
121,stable,G01,GVWY,-10114.2,6658,-144
121,stable,G02,GVWY,-9453.25,6685,-295
121,stable,G03,GVWY,-8531.7,6622,-54
121,stable,G04,GVWY,-9012.05,6661,-331
121,stable,Z05,ZIC,319.55,595,341
121,stable,Z06,ZIC,527.1,532,262
121,stable,Z07,ZIC,493.9,558,278
121,stable,Z08,ZIC,378.2,532,264
121,stable,Z09,ZIC,412.6,596,312
121,stable,S10,SHVR,-5400.75,6055,-125
121,stable,S11,SHVR,-5677.65,6051,117
121,stable,S12,SHVR,-5915.7,6058,-94
121,stable,S13,SHVR,-5080.1,6062,-102
121,stable,S14,SHVR,-5506.25,6017,-95
121,stable,S15,SNPR,-1184.65,1309,-43
121,stable,S16,SNPR,-950.6,1310,-72
121,stable,S17,SNPR,-1286.5,1296,-10
121,stable,S18,SNPR,-1008.6,1306,-52
121,stable,S19,SNPR,-1278.85,1327,-67
121,stable,Z20,ZIP,7466.1,3738,-158
121,stable,Z21,ZIP,9013.4,3670,-332
121,stable,Z22,ZIP,10775.8,3812,-684
121,stable,Z23,ZIP,8553.5,3690,-250
121,stable,Z24,ZIP,9676.35,3575,-803
121,stable,P25,PRSH,-687.65,3545,857
121,stable,P26,PRSH,311.4,836,448
121,stable,P27,PRSH,486.3,850,446
121,stable,P28,PRSH,607.3,268,226
121,stable,P29,PRSH,499.25,275,235
121,stable,C30,CUSTOM,6785.7,4780,-26
121,stable,C31,CUSTOM,6647.05,4777,-29
121,stable,C32,CUSTOM,5559.55,4803,-39
121,stable,C33,CUSTOM,5782.4,4678,-32
121,stable,C34,CUSTOM,6393.8,4764,-24
122,stable,G00,GVWY,-9454.45,6611,-177
122,stable,G01,GVWY,-9632.05,6693,-93
122,stable,G02,GVWY,-9359.15,6683,1
122,stable,G03,GVWY,-8367.15,6633,-79
122,stable,G04,GVWY,-9211.85,6669,-141
122,stable,Z05,ZIC,159.5,510,310
122,stable,Z06,ZIC,477.05,575,313
122,stable,Z07,ZIC,149.4,598,324
122,stable,Z08,ZIC,319.5,592,250
122,stable,Z09,ZIC,393.35,535,291
122,stable,S10,SHVR,-5133.4,6068,-84
122,stable,S11,SHVR,-6379.75,6107,-215
122,stable,S12,SHVR,-4964.7,5992,-42
122,stable,S13,SHVR,-5896.85,6031,-181
122,stable,S14,SHVR,-5065.25,6081,15
122,stable,S15,SNPR,-1454.35,1299,9
122,stable,S16,SNPR,-1198.15,1315,21
122,stable,S17,SNPR,-1412.8,1298,12
122,stable,S18,SNPR,-1282.3,1294,2
122,stable,S19,SNPR,-706.7,1274,-22
122,stable,Z20,ZIP,8623.2,3622,-168
122,stable,Z21,ZIP,9740.25,3769,-335
122,stable,Z22,ZIP,8374.15,3613,-201
122,stable,Z23,ZIP,10721.25,3715,-735
122,stable,Z24,ZIP,9153.45,3903,-683
122,stable,P25,PRSH,637.1,938,426
122,stable,P26,PRSH,743.6,594,276
122,stable,P27,PRSH,445.75,251,195
122,stable,P28,PRSH,-675.9,4796,586
122,stable,P29,PRSH,864.85,271,221
122,stable,C30,CUSTOM,5538.45,4897,-23
122,stable,C31,CUSTOM,5950.0,4802,-40
122,stable,C32,CUSTOM,4980.25,4901,-15
122,stable,C33,CUSTOM,7012.6,4852,-4
122,stable,C34,CUSTOM,6213.2,4840,-48
123,stable,G00,GVWY,-7409.0,6672,-230
123,stable,G01,GVWY,-9071.2,6656,-314
123,stable,G02,GVWY,-6595.4,6652,-428
123,stable,G03,GVWY,-8308.5,6623,-305
123,stable,G04,GVWY,-7313.6,6634,-352
123,stable,Z05,ZIC,-374.4,592,302
123,stable,Z06,ZIC,-653.6,560,318
123,stable,Z07,ZIC,-624.8,556,274
123,stable,Z08,ZIC,-920.7,575,331
123,stable,Z09,ZIC,-334.1,519,273
123,stable,S10,SHVR,-5548.6,5930,-32
123,stable,S11,SHVR,-5145.4,5980,-98
123,stable,S12,SHVR,-6355.2,6022,156
123,stable,S13,SHVR,-5924.9,5961,117
123,stable,S14,SHVR,-4849.5,5939,-55
123,stable,S15,SNPR,-1835.1,1293,63
123,stable,S16,SNPR,-1627.3,1295,-41
123,stable,S17,SNPR,-902.3,1301,-81
123,stable,S18,SNPR,-1053.4,1298,2
123,stable,S19,SNPR,-1564.3,1301,-11
123,stable,Z20,ZIP,9126.7,3577,-161
123,stable,Z21,ZIP,8070.5,3697,-235
123,stable,Z22,ZIP,9354.1,3645,-333
123,stable,Z23,ZIP,7533.6,3684,-168
123,stable,Z24,ZIP,9889.9,3679,-407
123,stable,P25,PRSH,-100.0,286,200
123,stable,P26,PRSH,-76.0,264,200
123,stable,P27,PRSH,-1359.7,1517,701
123,stable,P28,PRSH,29.4,202,158
123,stable,P29,PRSH,-92.3,241,189
123,stable,C30,CUSTOM,8222.3,4625,-19
123,stable,C31,CUSTOM,6084.1,4751,-3
123,stable,C32,CUSTOM,6808.1,4803,-43
123,stable,C33,CUSTOM,6835.4,4832,-12
123,stable,C34,CUSTOM,6618.7,4719,-31
124,stable,G00,GVWY,-9642.2,6650,38
124,stable,G01,GVWY,-9393.8,6628,42
124,stable,G02,GVWY,-8113.1,6689,-381
124,stable,G03,GVWY,-9146.6,6700,-46
124,stable,G04,GVWY,-8657.4,6642,-414
124,stable,Z05,ZIC,-131.7,539,293
124,stable,Z06,ZIC,-178.6,500,254
124,stable,Z07,ZIC,-82.8,556,302
124,stable,Z08,ZIC,-128.2,524,238
124,stable,Z09,ZIC,52.5,547,245
124,stable,S10,SHVR,-4947.7,6081,-227
124,stable,S11,SHVR,-5320.5,6055,45
124,stable,S12,SHVR,-4805.7,6045,73
124,stable,S13,SHVR,-5229.1,6025,139
124,stable,S14,SHVR,-4047.6,6012,-206
124,stable,S15,SNPR,-1116.9,1315,-49
124,stable,S16,SNPR,-609.7,1287,-27
124,stable,S17,SNPR,-1290.1,1307,-71
124,stable,S18,SNPR,-1113.4,1322,-4
124,stable,S19,SNPR,-626.6,1306,-46
124,stable,Z20,ZIP,8201.7,3643,-373
124,stable,Z21,ZIP,12852.2,3724,-1298
124,stable,Z22,ZIP,7164.0,3644,-250
124,stable,Z23,ZIP,8485.9,3665,-371
124,stable,Z24,ZIP,8928.1,3669,-329
124,stable,P25,PRSH,278.7,277,247
124,stable,P26,PRSH,-1098.4,3592,926
124,stable,P27,PRSH,-263.2,662,348
124,stable,P28,PRSH,-104.6,280,214
124,stable,P29,PRSH,-848.5,1899,755
124,stable,C30,CUSTOM,5467.6,4712,-4
124,stable,C31,CUSTOM,5461.9,4707,-31
124,stable,C32,CUSTOM,6963.0,4784,-10
124,stable,C33,CUSTOM,6752.7,4791,-23
124,stable,C34,CUSTOM,6759.7,4731,-43
125,stable,G00,GVWY,-7194.35,6657,-239
125,stable,G01,GVWY,-9984.3,6702,-42
125,stable,G02,GVWY,-8391.65,6727,-201
125,stable,G03,GVWY,-9186.85,6685,-109
125,stable,G04,GVWY,-9369.45,6693,-73
125,stable,Z05,ZIC,-1837.05,563,303
125,stable,Z06,ZIC,-1484.15,577,269
125,stable,Z07,ZIC,-1590.9,580,294
125,stable,Z08,ZIC,-1795.35,599,321
125,stable,Z09,ZIC,-1287.05,517,243
125,stable,S10,SHVR,-5023.05,6155,-157
125,stable,S11,SHVR,-5984.4,6154,-96
125,stable,S12,SHVR,-4366.5,6112,-150
125,stable,S13,SHVR,-4511.75,6107,-75
125,stable,S14,SHVR,-4972.4,6168,-176
125,stable,S15,SNPR,-1330.05,1319,-17
125,stable,S16,SNPR,-859.65,1333,-61
125,stable,S17,SNPR,-524.7,1322,-58
125,stable,S18,SNPR,-1600.7,1318,62
125,stable,S19,SNPR,-1707.6,1310,56
125,stable,Z20,ZIP,11425.45,3835,-267
125,stable,Z21,ZIP,15504.9,3744,-734
125,stable,Z22,ZIP,14006.5,3750,-570
125,stable,Z23,ZIP,11378.6,3714,-296
125,stable,Z24,ZIP,19674.6,3798,-1256
125,stable,P25,PRSH,-7444.2,3852,992
125,stable,P26,PRSH,-2005.9,836,374
125,stable,P27,PRSH,-1622.5,604,330
125,stable,P28,PRSH,-5659.7,5534,342
125,stable,P29,PRSH,-7408.4,3914,1044
125,stable,C30,CUSTOM,7278.95,4827,-17
125,stable,C31,CUSTOM,6394.95,4923,-37
125,stable,C32,CUSTOM,7443.5,4834,-30
125,stable,C33,CUSTOM,7536.65,4815,-19
125,stable,C34,CUSTOM,7500.65,4891,-19
126,stable,G00,GVWY,-7533.25,6675,-395
126,stable,G01,GVWY,-6597.55,6665,-321
126,stable,G02,GVWY,-7423.35,6641,-197
126,stable,G03,GVWY,-8200.25,6647,-315
126,stable,G04,GVWY,-5560.05,6675,-331
126,stable,Z05,ZIC,-1007.15,489,267
126,stable,Z06,ZIC,-480.45,593,261
126,stable,Z07,ZIC,-720.1,536,238
126,stable,Z08,ZIC,-840.4,522,232
126,stable,Z09,ZIC,-1189.45,529,281
126,stable,S10,SHVR,-3183.35,6121,-277
126,stable,S11,SHVR,-4371.25,6081,-175
126,stable,S12,SHVR,-4129.55,6071,-61
126,stable,S13,SHVR,-3913.85,6091,-167
126,stable,S14,SHVR,-2974.8,6128,-236
126,stable,S15,SNPR,-1735.55,1327,59
126,stable,S16,SNPR,-991.55,1317,-21
126,stable,S17,SNPR,-1643.85,1315,13
126,stable,S18,SNPR,-1507.75,1309,-5
126,stable,S19,SNPR,-146.9,1288,-78
126,stable,Z20,ZIP,7988.85,3645,-233
126,stable,Z21,ZIP,10879.6,3864,-528
126,stable,Z22,ZIP,9117.55,3725,-299
126,stable,Z23,ZIP,11667.45,3689,-601
126,stable,Z24,ZIP,11076.65,3763,-537
126,stable,P25,PRSH,-4104.35,2529,863
126,stable,P26,PRSH,-2107.6,1484,628
126,stable,P27,PRSH,-1196.65,1017,477
126,stable,P28,PRSH,-4269.9,4652,662
126,stable,P29,PRSH,-3740.0,3378,880
126,stable,C30,CUSTOM,5365.75,4775,-35
126,stable,C31,CUSTOM,6375.15,4727,-27
126,stable,C32,CUSTOM,5971.8,4760,-24
126,stable,C33,CUSTOM,6309.9,4778,-22
126,stable,C34,CUSTOM,5450.0,4752,-40
127,stable,G00,GVWY,-9312.8,6674,-76
127,stable,G01,GVWY,-7912.9,6675,-323
127,stable,G02,GVWY,-8749.7,6689,-159
127,stable,G03,GVWY,-8548.1,6635,-87
127,stable,G04,GVWY,-9273.0,6596,-40
127,stable,Z05,ZIC,146.2,524,284
127,stable,Z06,ZIC,268.1,583,277
127,stable,Z07,ZIC,-135.1,541,273
127,stable,Z08,ZIC,96.5,531,265
127,stable,Z09,ZIC,304.4,536,268
127,stable,S10,SHVR,-5940.7,6121,-29
127,stable,S11,SHVR,-5973.1,6087,83
127,stable,S12,SHVR,-4943.8,6060,-306
127,stable,S13,SHVR,-5213.4,6100,72
127,stable,S14,SHVR,-4721.0,6094,-310
127,stable,S15,SNPR,-854.7,1295,-59
127,stable,S16,SNPR,-1701.7,1303,-49
127,stable,S17,SNPR,-1329.3,1335,-51
127,stable,S18,SNPR,-1196.7,1305,-59
127,stable,S19,SNPR,-1026.3,1297,-51
127,stable,Z20,ZIP,10207.2,3620,-616
127,stable,Z21,ZIP,10193.1,3663,-983
127,stable,Z22,ZIP,7510.7,3611,-241
127,stable,Z23,ZIP,8013.8,3788,-214
127,stable,Z24,ZIP,9760.5,3659,-745
127,stable,P25,PRSH,-1223.5,2687,755
127,stable,P26,PRSH,831.2,2000,794
127,stable,P27,PRSH,-73.8,2518,844
127,stable,P28,PRSH,7.2,570,314
127,stable,P29,PRSH,324.8,348,226
127,stable,C30,CUSTOM,6508.0,4758,-20
127,stable,C31,CUSTOM,5885.2,4782,-16
127,stable,C32,CUSTOM,5819.2,4768,-26
127,stable,C33,CUSTOM,5776.6,4688,-8
127,stable,C34,CUSTOM,6786.8,4872,-44
128,stable,G00,GVWY,-10464.1,6638,-422
128,stable,G01,GVWY,-10106.15,6717,-183
128,stable,G02,GVWY,-10795.75,6653,-355
128,stable,G03,GVWY,-9668.3,6668,-126
128,stable,G04,GVWY,-8219.8,6670,-16
128,stable,Z05,ZIC,2099.75,613,375
128,stable,Z06,ZIC,1948.55,581,331
128,stable,Z07,ZIC,2037.0,568,280
128,stable,Z08,ZIC,2268.25,583,325
128,stable,Z09,ZIC,2214.15,591,323
128,stable,S10,SHVR,-6835.6,6070,-232
128,stable,S11,SHVR,-5135.3,6040,54
128,stable,S12,SHVR,-5493.4,6088,-28
128,stable,S13,SHVR,-5661.3,6068,-86
128,stable,S14,SHVR,-5305.15,6047,37
128,stable,S15,SNPR,-1191.15,1313,37
128,stable,S16,SNPR,-1245.45,1297,-9
128,stable,S17,SNPR,-1695.25,1311,-65
128,stable,S18,SNPR,-1352.9,1314,-18
128,stable,S19,SNPR,-1563.8,1294,-76
128,stable,Z20,ZIP,5739.5,3752,-350
128,stable,Z21,ZIP,5910.7,3660,-246
128,stable,Z22,ZIP,5326.2,3792,-496
128,stable,Z23,ZIP,4299.3,3644,-1054
128,stable,Z24,ZIP,6475.5,3690,-250
128,stable,P25,PRSH,2131.05,301,241
128,stable,P26,PRSH,2763.75,771,415
128,stable,P27,PRSH,7013.35,1905,887
128,stable,P28,PRSH,3332.85,443,417
128,stable,P29,PRSH,3014.1,398,362
128,stable,C30,CUSTOM,5071.75,4747,-25
128,stable,C31,CUSTOM,6054.3,4760,-14
128,stable,C32,CUSTOM,4890.35,4757,-13
128,stable,C33,CUSTOM,5410.05,4777,-39
128,stable,C34,CUSTOM,7172.2,4752,-16
129,stable,G00,GVWY,-12076.9,6632,-154
129,stable,G01,GVWY,-9946.1,6660,-86
129,stable,G02,GVWY,-8609.55,6675,-13
129,stable,G03,GVWY,-11089.0,6670,-160
129,stable,G04,GVWY,-10739.9,6618,-94
129,stable,Z05,ZIC,3633.45,581,287
129,stable,Z06,ZIC,4537.1,584,366
129,stable,Z07,ZIC,3843.15,581,329
129,stable,Z08,ZIC,3668.65,581,279
129,stable,Z09,ZIC,3853.65,617,299
129,stable,S10,SHVR,-3734.35,6091,39
129,stable,S11,SHVR,-5134.65,6065,-39
129,stable,S12,SHVR,-7091.05,6111,-23
129,stable,S13,SHVR,-6291.55,6075,27
129,stable,S14,SHVR,-6447.9,6004,-114
129,stable,S15,SNPR,-1590.4,1318,-4
129,stable,S16,SNPR,-1046.55,1321,7
129,stable,S17,SNPR,-1148.0,1324,-40
129,stable,S18,SNPR,-2299.15,1285,-69
129,stable,S19,SNPR,-1303.45,1297,13
129,stable,Z20,ZIP,2864.8,3676,-512
129,stable,Z21,ZIP,3188.25,3603,-625
129,stable,Z22,ZIP,4097.1,3608,-414
129,stable,Z23,ZIP,5007.35,3687,-359
129,stable,Z24,ZIP,4797.15,3623,-291
129,stable,P25,PRSH,3016.05,257,223
129,stable,P26,PRSH,4292.45,477,347
129,stable,P27,PRSH,3159.05,259,223
129,stable,P28,PRSH,2934.5,274,210
129,stable,P29,PRSH,4784.2,704,392
129,stable,C30,CUSTOM,5929.3,4870,-22
129,stable,C31,CUSTOM,5332.4,4794,-36
129,stable,C32,CUSTOM,6151.0,4850,-20
129,stable,C33,CUSTOM,6954.6,4820,-24
129,stable,C34,CUSTOM,6483.9,4758,-6
130,stable,G00,GVWY,-7958.4,6644,-264
130,stable,G01,GVWY,-8788.4,6641,-49
130,stable,G02,GVWY,-7414.8,6640,-298
130,stable,G03,GVWY,-8171.2,6636,-162
130,stable,G04,GVWY,-7493.6,6644,-356
130,stable,Z05,ZIC,-617.2,642,258
130,stable,Z06,ZIC,-936.2,520,278
130,stable,Z07,ZIC,-578.2,514,248
130,stable,Z08,ZIC,-590.0,471,225
130,stable,Z09,ZIC,-1385.2,553,333
130,stable,S10,SHVR,-5291.8,5979,-83
130,stable,S11,SHVR,-5450.6,6035,49
130,stable,S12,SHVR,-6032.0,5985,-25
130,stable,S13,SHVR,-4724.8,5950,2
130,stable,S14,SHVR,-4921.2,5957,-77
130,stable,S15,SNPR,-1687.2,1306,38
130,stable,S16,SNPR,-1429.8,1313,47
130,stable,S17,SNPR,-1057.6,1297,-11
130,stable,S18,SNPR,-1218.8,1275,47
130,stable,S19,SNPR,-1550.0,1288,-20
130,stable,Z20,ZIP,7910.4,3666,-126
130,stable,Z21,ZIP,11996.4,3655,-581
130,stable,Z22,ZIP,9844.0,3679,-435
130,stable,Z23,ZIP,11188.4,3654,-496
130,stable,Z24,ZIP,8881.4,3706,-246
130,stable,P25,PRSH,-2283.2,2436,758
130,stable,P26,PRSH,-139.6,312,234
130,stable,P27,PRSH,-650.2,317,283
130,stable,P28,PRSH,-1308.6,635,359
130,stable,P29,PRSH,-360.8,240,192
130,stable,C30,CUSTOM,6206.0,4753,-25
130,stable,C31,CUSTOM,7245.8,4686,-32
130,stable,C32,CUSTOM,6559.2,4714,-28
130,stable,C33,CUSTOM,6719.4,4770,-26
130,stable,C34,CUSTOM,5992.2,4796,-28
131,stable,G00,GVWY,-9451.35,6749,-59
131,stable,G01,GVWY,-7861.9,6716,-346
131,stable,G02,GVWY,-8057.0,6654,-160
131,stable,G03,GVWY,-8328.6,6662,-124
131,stable,G04,GVWY,-8940.65,6667,-61
131,stable,Z05,ZIC,-315.45,567,287
131,stable,Z06,ZIC,-455.15,559,289
131,stable,Z07,ZIC,-143.15,623,309
131,stable,Z08,ZIC,-540.25,563,355
131,stable,Z09,ZIC,-592.75,509,265
131,stable,S10,SHVR,-5558.4,6036,-56
131,stable,S11,SHVR,-5504.95,6049,17
131,stable,S12,SHVR,-4777.6,6074,-104
131,stable,S13,SHVR,-5320.4,6058,-76
131,stable,S14,SHVR,-4447.95,5999,-63
131,stable,S15,SNPR,-1490.5,1294,50
131,stable,S16,SNPR,-1418.35,1289,1
131,stable,S17,SNPR,-632.75,1301,-75
131,stable,S18,SNPR,-1231.95,1293,17
131,stable,S19,SNPR,-930.2,1310,-68
131,stable,Z20,ZIP,11908.65,3587,-919
131,stable,Z21,ZIP,8672.55,3689,-293
131,stable,Z22,ZIP,9428.0,3618,-500
131,stable,Z23,ZIP,8024.8,3634,-168
131,stable,Z24,ZIP,8139.45,3745,-327
131,stable,P25,PRSH,16.05,255,197
131,stable,P26,PRSH,274.2,2510,828
131,stable,P27,PRSH,-8.6,252,216
131,stable,P28,PRSH,113.2,732,388
131,stable,P29,PRSH,-347.0,346,260
131,stable,C30,CUSTOM,6092.2,4772,-12
131,stable,C31,CUSTOM,6366.0,4662,-20
131,stable,C32,CUSTOM,6556.05,4783,-23
131,stable,C33,CUSTOM,5050.4,4838,-24
131,stable,C34,CUSTOM,5876.7,4756,-22
132,stable,G00,GVWY,-7565.6,6638,-174
132,stable,G01,GVWY,-8447.0,6650,-520
132,stable,G02,GVWY,-8501.7,6685,-183
132,stable,G03,GVWY,-8798.6,6658,-314
132,stable,G04,GVWY,-8698.7,6661,-363
132,stable,Z05,ZIC,198.9,499,241
132,stable,Z06,ZIC,141.8,562,272
132,stable,Z07,ZIC,18.6,566,274
132,stable,Z08,ZIC,116.4,546,236
132,stable,Z09,ZIC,433.3,493,207
132,stable,S10,SHVR,-4267.3,6067,-167
132,stable,S11,SHVR,-5295.1,6043,-99
132,stable,S12,SHVR,-5027.9,6015,9
132,stable,S13,SHVR,-5499.9,6075,-151
132,stable,S14,SHVR,-3779.0,6036,-200
132,stable,S15,SNPR,-920.8,1320,-72
132,stable,S16,SNPR,-947.5,1327,-25
132,stable,S17,SNPR,-1073.5,1315,-65
132,stable,S18,SNPR,-1086.4,1330,-6
132,stable,S19,SNPR,-1315.1,1331,-59
132,stable,Z20,ZIP,6439.5,3799,-215
132,stable,Z21,ZIP,6757.5,3717,-255
132,stable,Z22,ZIP,7430.1,3605,-261
132,stable,Z23,ZIP,8573.9,3625,-719
132,stable,Z24,ZIP,8645.8,3744,-628
132,stable,P25,PRSH,873.9,1467,901
132,stable,P26,PRSH,341.5,309,265
132,stable,P27,PRSH,942.0,2634,850
132,stable,P28,PRSH,803.9,2937,881
132,stable,P29,PRSH,451.7,1041,463
132,stable,C30,CUSTOM,5743.8,4700,-48
132,stable,C31,CUSTOM,6690.2,4678,-42
132,stable,C32,CUSTOM,5720.1,4651,-21
132,stable,C33,CUSTOM,5714.9,4613,-29
132,stable,C34,CUSTOM,5569.5,4731,-15
133,stable,G00,GVWY,-10300.9,6643,-123
133,stable,G01,GVWY,-9215.6,6664,-102
133,stable,G02,GVWY,-9634.5,6673,-115
133,stable,G03,GVWY,-11881.5,6637,-205
133,stable,G04,GVWY,-10535.6,6688,-102
133,stable,Z05,ZIC,2881.5,571,335
133,stable,Z06,ZIC,2045.8,538,226
133,stable,Z07,ZIC,2477.6,544,272
133,stable,Z08,ZIC,2288.5,565,265
133,stable,Z09,ZIC,2702.5,537,295
133,stable,S10,SHVR,-5521.0,6098,-100
133,stable,S11,SHVR,-6354.9,6077,-183
133,stable,S12,SHVR,-5126.1,6095,-7
133,stable,S13,SHVR,-6829.6,6106,-152
133,stable,S14,SHVR,-5679.8,6074,-26
133,stable,S15,SNPR,-1874.8,1310,-46
133,stable,S16,SNPR,-2039.6,1286,-152
133,stable,S17,SNPR,-1527.4,1310,-48
133,stable,S18,SNPR,-1532.5,1301,65
133,stable,S19,SNPR,-1767.6,1318,-32
133,stable,Z20,ZIP,6008.4,3790,-272
133,stable,Z21,ZIP,6167.0,3694,-270
133,stable,Z22,ZIP,6104.8,3736,-154
133,stable,Z23,ZIP,1676.6,3736,-1068
133,stable,Z24,ZIP,5514.9,3661,-317
133,stable,P25,PRSH,4699.3,1011,471
133,stable,P26,PRSH,4667.9,4829,793
133,stable,P27,PRSH,2506.3,285,251
133,stable,P28,PRSH,3290.7,687,339
133,stable,P29,PRSH,2456.7,501,249
133,stable,C30,CUSTOM,6690.6,4772,-18
133,stable,C31,CUSTOM,6500.5,4699,-45
133,stable,C32,CUSTOM,7116.9,4763,-27
133,stable,C33,CUSTOM,6309.9,4775,-37
133,stable,C34,CUSTOM,7301.7,4725,-31
134,stable,G00,GVWY,-10273.15,6679,187
134,stable,G01,GVWY,-10189.75,6637,-245
134,stable,G02,GVWY,-10132.3,6670,-146
134,stable,G03,GVWY,-9986.65,6655,-263
134,stable,G04,GVWY,-8669.15,6665,-93
134,stable,Z05,ZIC,975.9,566,318
134,stable,Z06,ZIC,1491.75,535,305
134,stable,Z07,ZIC,1243.85,543,307
134,stable,Z08,ZIC,1121.65,525,303
134,stable,Z09,ZIC,1291.95,635,329
134,stable,S10,SHVR,-4216.25,6119,-155
134,stable,S11,SHVR,-5529.35,6043,3
134,stable,S12,SHVR,-5537.6,6032,-52
134,stable,S13,SHVR,-5458.75,6067,15
134,stable,S14,SHVR,-6324.45,6031,-79
134,stable,S15,SNPR,-1795.15,1309,-53
134,stable,S16,SNPR,-1240.75,1317,-25
134,stable,S17,SNPR,-826.2,1310,-4
134,stable,S18,SNPR,-1177.3,1320,-66
134,stable,S19,SNPR,-1404.75,1307,-5
134,stable,Z20,ZIP,8082.4,3704,-172
134,stable,Z21,ZIP,6923.5,3740,-290
134,stable,Z22,ZIP,5744.7,3712,-786
134,stable,Z23,ZIP,6110.4,3674,-972
134,stable,Z24,ZIP,7347.4,3700,-652
134,stable,P25,PRSH,1121.75,537,245
134,stable,P26,PRSH,4147.4,2146,888
134,stable,P27,PRSH,1642.6,616,392
134,stable,P28,PRSH,1100.75,225,185
134,stable,P29,PRSH,3049.05,1213,631
134,stable,C30,CUSTOM,6494.9,4772,-22
134,stable,C31,CUSTOM,6554.2,4738,-16
134,stable,C32,CUSTOM,7235.75,4825,-15
134,stable,C33,CUSTOM,4736.55,4721,-19
134,stable,C34,CUSTOM,6416.45,4791,-21
135,stable,G00,GVWY,-10578.5,6684,-438
135,stable,G01,GVWY,-9379.25,6661,-41
135,stable,G02,GVWY,-9439.0,6650,-96
135,stable,G03,GVWY,-7765.75,6651,-23
135,stable,G04,GVWY,-8088.0,6674,-240
135,stable,Z05,ZIC,1509.0,576,324
135,stable,Z06,ZIC,1713.25,569,273
135,stable,Z07,ZIC,1927.75,535,259
135,stable,Z08,ZIC,1304.25,511,269
135,stable,Z09,ZIC,1253.75,521,247
135,stable,S10,SHVR,-6067.75,6079,-155
135,stable,S11,SHVR,-5822.75,5975,-143
135,stable,S12,SHVR,-5442.75,6027,-215
135,stable,S13,SHVR,-4963.75,6027,-103
135,stable,S14,SHVR,-6168.5,6008,-314
135,stable,S15,SNPR,-1600.75,1301,33
135,stable,S16,SNPR,-1109.5,1294,-2
135,stable,S17,SNPR,-1930.5,1326,-14
135,stable,S18,SNPR,-1546.75,1303,61
135,stable,S19,SNPR,-1446.5,1304,-6
135,stable,Z20,ZIP,5952.25,3573,-523
135,stable,Z21,ZIP,6732.0,3676,-572
135,stable,Z22,ZIP,7358.0,3686,-324
135,stable,Z23,ZIP,5883.75,3727,-133
135,stable,Z24,ZIP,6779.25,3723,-291
135,stable,P25,PRSH,2946.0,3820,712
135,stable,P26,PRSH,1902.5,762,342
135,stable,P27,PRSH,1144.25,205,137
135,stable,P28,PRSH,5368.0,1352,860
135,stable,P29,PRSH,873.0,244,156
135,stable,C30,CUSTOM,5745.5,4720,-18
135,stable,C31,CUSTOM,5321.5,4690,-22
135,stable,C32,CUSTOM,5941.25,4681,-15
135,stable,C33,CUSTOM,6409.0,4634,-12
135,stable,C34,CUSTOM,5572.5,4706,-34
136,stable,G00,GVWY,-9365.5,6656,10
136,stable,G01,GVWY,-10926.45,6683,-103
136,stable,G02,GVWY,-10492.9,6696,-6
136,stable,G03,GVWY,-13987.9,6712,-346
136,stable,G04,GVWY,-9893.3,6670,18
136,stable,Z05,ZIC,4588.0,612,340
136,stable,Z06,ZIC,4144.35,583,269
136,stable,Z07,ZIC,4335.25,593,315
136,stable,Z08,ZIC,4991.9,590,326
136,stable,Z09,ZIC,5188.3,614,382
136,stable,S10,SHVR,-6513.9,6056,-186
136,stable,S11,SHVR,-3579.85,6093,161
136,stable,S12,SHVR,-4998.25,6103,65
136,stable,S13,SHVR,-6983.9,6096,-6
136,stable,S14,SHVR,-3590.35,6085,131
136,stable,S15,SNPR,-725.75,1295,15
136,stable,S16,SNPR,-1326.35,1305,-9
136,stable,S17,SNPR,-2248.0,1282,-40
136,stable,S18,SNPR,-2025.55,1307,-97
136,stable,S19,SNPR,-1178.25,1293,25
136,stable,Z20,ZIP,4920.45,3557,-357
136,stable,Z21,ZIP,5067.9,3638,-354
136,stable,Z22,ZIP,-1122.75,3689,-925
136,stable,Z23,ZIP,-3295.35,3657,-1169
136,stable,Z24,ZIP,2784.4,3646,-664
136,stable,P25,PRSH,5514.4,5140,576
136,stable,P26,PRSH,11438.4,4152,976
136,stable,P27,PRSH,3896.25,291,255
136,stable,P28,PRSH,3564.0,280,220
136,stable,P29,PRSH,3760.15,283,221
136,stable,C30,CUSTOM,6127.2,4964,-12
136,stable,C31,CUSTOM,4880.9,4862,-34
136,stable,C32,CUSTOM,5495.45,4953,3
136,stable,C33,CUSTOM,6246.0,4918,0
136,stable,C34,CUSTOM,5311.6,4940,-16
137,stable,G00,GVWY,-8667.8,6620,-336
137,stable,G01,GVWY,-8840.55,6657,-221
137,stable,G02,GVWY,-8902.6,6664,-152
137,stable,G03,GVWY,-8646.9,6624,-118
137,stable,G04,GVWY,-9273.45,6637,-379
137,stable,Z05,ZIC,211.5,506,230
137,stable,Z06,ZIC,93.3,542,326
137,stable,Z07,ZIC,-170.6,584,308
137,stable,Z08,ZIC,31.15,489,253
137,stable,Z09,ZIC,152.6,548,272
137,stable,S10,SHVR,-5918.85,5991,-47
137,stable,S11,SHVR,-6162.75,6005,35
137,stable,S12,SHVR,-5132.45,5975,-79
137,stable,S13,SHVR,-5190.4,6040,-28
137,stable,S14,SHVR,-5020.0,6018,40
137,stable,S15,SNPR,-1291.55,1307,59
137,stable,S16,SNPR,-1515.2,1304,-44
137,stable,S17,SNPR,-938.8,1262,-56
137,stable,S18,SNPR,-944.25,1293,-35
137,stable,S19,SNPR,-1051.95,1295,-89
137,stable,Z20,ZIP,8136.05,3765,-469
137,stable,Z21,ZIP,9272.75,3749,-375
137,stable,Z22,ZIP,10653.4,3684,-552
137,stable,Z23,ZIP,8881.1,3740,-538
137,stable,Z24,ZIP,8711.55,3629,-299
137,stable,P25,PRSH,113.5,306,230
137,stable,P26,PRSH,61.7,780,414
137,stable,P27,PRSH,-0.55,653,319
137,stable,P28,PRSH,-450.8,1420,684
137,stable,P29,PRSH,-140.35,2013,723
137,stable,C30,CUSTOM,6145.35,4803,-23
137,stable,C31,CUSTOM,5982.25,4641,-25
137,stable,C32,CUSTOM,6768.3,4708,-14
137,stable,C33,CUSTOM,6416.55,4715,-19
137,stable,C34,CUSTOM,6888.25,4775,-45
138,stable,G00,GVWY,-9485.0,6668,-200
138,stable,G01,GVWY,-9788.4,6653,-37
138,stable,G02,GVWY,-10720.8,6634,36
138,stable,G03,GVWY,-9480.4,6685,-37
138,stable,G04,GVWY,-10026.6,6660,-198
138,stable,Z05,ZIC,937.0,572,340
138,stable,Z06,ZIC,1311.8,607,329
138,stable,Z07,ZIC,1281.4,572,322
138,stable,Z08,ZIC,1149.2,581,341
138,stable,Z09,ZIC,1173.8,548,254
138,stable,S10,SHVR,-5720.6,6113,-163
138,stable,S11,SHVR,-7003.8,6097,-49
138,stable,S12,SHVR,-5028.0,6052,-110
138,stable,S13,SHVR,-5559.8,6132,-34
138,stable,S14,SHVR,-5664.8,6117,-129
138,stable,S15,SNPR,-1349.8,1303,-129
138,stable,S16,SNPR,-1329.6,1313,-83
138,stable,S17,SNPR,-1151.8,1323,-119
138,stable,S18,SNPR,-1662.8,1302,-64
138,stable,S19,SNPR,-1351.2,1305,59
138,stable,Z20,ZIP,8236.8,3742,-386
138,stable,Z21,ZIP,8938.6,3769,-477
138,stable,Z22,ZIP,8478.6,3728,-642
138,stable,Z23,ZIP,6610.2,3713,-199
138,stable,Z24,ZIP,8073.6,3715,-1077
138,stable,P25,PRSH,2426.4,1597,797
138,stable,P26,PRSH,1094.4,265,217
138,stable,P27,PRSH,1001.6,294,228
138,stable,P28,PRSH,1083.8,519,309
138,stable,P29,PRSH,1459.6,2870,958
138,stable,C30,CUSTOM,6951.8,4810,-16
138,stable,C31,CUSTOM,6144.0,4747,-5
138,stable,C32,CUSTOM,7012.6,4814,-42
138,stable,C33,CUSTOM,5641.6,4713,13
138,stable,C34,CUSTOM,6741.4,4828,-28
139,stable,G00,GVWY,-7417.3,6665,-379
139,stable,G01,GVWY,-8061.8,6676,-294
139,stable,G02,GVWY,-7523.5,6681,-255
139,stable,G03,GVWY,-7283.2,6692,-266
139,stable,G04,GVWY,-8470.8,6678,-134
139,stable,Z05,ZIC,-349.6,580,282
139,stable,Z06,ZIC,-501.0,538,280
139,stable,Z07,ZIC,-663.7,583,319
139,stable,Z08,ZIC,-427.5,549,235
139,stable,Z09,ZIC,-388.0,610,290
139,stable,S10,SHVR,-5258.3,6117,-189
139,stable,S11,SHVR,-5670.9,6017,-87
139,stable,S12,SHVR,-4805.8,6036,-174
139,stable,S13,SHVR,-5182.8,6040,-64
139,stable,S14,SHVR,-5848.7,6061,89
139,stable,S15,SNPR,-1110.5,1309,-75
139,stable,S16,SNPR,-1781.6,1340,-8
139,stable,S17,SNPR,-1582.5,1305,-55
139,stable,S18,SNPR,-1296.7,1315,-91
139,stable,S19,SNPR,-1398.1,1319,-3
139,stable,Z20,ZIP,8890.2,3664,-164
139,stable,Z21,ZIP,10475.0,3834,-420
139,stable,Z22,ZIP,9570.4,3740,-308
139,stable,Z23,ZIP,9290.7,3645,-309
139,stable,Z24,ZIP,12244.9,3721,-723
139,stable,P25,PRSH,-357.2,640,324
139,stable,P26,PRSH,-1944.9,1261,623
139,stable,P27,PRSH,-1690.3,1487,641
139,stable,P28,PRSH,-95.1,331,217
139,stable,P29,PRSH,-2303.1,3493,727
139,stable,C30,CUSTOM,6080.7,4873,-19
139,stable,C31,CUSTOM,6030.4,4764,-8
139,stable,C32,CUSTOM,7168.2,4700,-24
139,stable,C33,CUSTOM,6069.2,4728,-14
139,stable,C34,CUSTOM,6207.9,4825,-33
140,stable,G00,GVWY,-10231.75,6665,-337
140,stable,G01,GVWY,-10052.75,6649,-161
140,stable,G02,GVWY,-9687.75,6647,-65
140,stable,G03,GVWY,-10195.25,6619,-263
140,stable,G04,GVWY,-9264.25,6603,-251
140,stable,Z05,ZIC,1200.5,540,258
140,stable,Z06,ZIC,1721.25,533,251
140,stable,Z07,ZIC,1607.0,510,248
140,stable,Z08,ZIC,1548.75,491,217
140,stable,Z09,ZIC,1260.75,557,241
140,stable,S10,SHVR,-3592.25,5969,-75
140,stable,S11,SHVR,-5278.25,6013,-103
140,stable,S12,SHVR,-6133.5,5982,-90
140,stable,S13,SHVR,-4259.75,5955,59
140,stable,S14,SHVR,-4779.0,6016,4
140,stable,S15,SNPR,-1174.5,1288,-78
140,stable,S16,SNPR,-1142.25,1307,57
140,stable,S17,SNPR,-1934.25,1293,-103
140,stable,S18,SNPR,-1004.75,1293,-25
140,stable,S19,SNPR,-1693.0,1318,-112
140,stable,Z20,ZIP,6751.0,3646,-380
140,stable,Z21,ZIP,7411.5,3578,-170
140,stable,Z22,ZIP,6513.75,3713,-523
140,stable,Z23,ZIP,6990.0,3626,-204
140,stable,Z24,ZIP,8095.5,3606,-106
140,stable,P25,PRSH,2409.5,978,458
140,stable,P26,PRSH,2051.75,819,449
140,stable,P27,PRSH,1659.25,433,307
140,stable,P28,PRSH,1694.5,626,294
140,stable,P29,PRSH,1498.0,308,244
140,stable,C30,CUSTOM,5210.0,4802,-32
140,stable,C31,CUSTOM,6187.5,4742,-34
140,stable,C32,CUSTOM,4111.5,4786,-6
140,stable,C33,CUSTOM,5440.75,4835,-23
140,stable,C34,CUSTOM,6959.5,4804,-10
141,stable,G00,GVWY,-7619.85,6627,-263
141,stable,G01,GVWY,-8843.0,6590,20
141,stable,G02,GVWY,-8881.2,6576,-356
141,stable,G03,GVWY,-9136.4,6634,-112
141,stable,G04,GVWY,-9365.45,6643,-151
141,stable,Z05,ZIC,86.9,544,262
141,stable,Z06,ZIC,177.2,552,216
141,stable,Z07,ZIC,178.3,554,314
141,stable,Z08,ZIC,725.8,496,204
141,stable,Z09,ZIC,561.3,534,254
141,stable,S10,SHVR,-4149.85,6037,-103
141,stable,S11,SHVR,-5274.25,6039,-155
141,stable,S12,SHVR,-4448.7,5980,-206
141,stable,S13,SHVR,-4859.1,5986,-278
141,stable,S14,SHVR,-4925.3,6008,-194
141,stable,S15,SNPR,-1022.9,1296,38
141,stable,S16,SNPR,-510.85,1313,-63
141,stable,S17,SNPR,-762.85,1311,-143
141,stable,S18,SNPR,-980.3,1304,-74
141,stable,S19,SNPR,-1391.35,1337,-33
141,stable,Z20,ZIP,6764.3,3552,-146
141,stable,Z21,ZIP,8711.8,3744,-216
141,stable,Z22,ZIP,7612.1,3658,-182
141,stable,Z23,ZIP,7674.4,3574,-148
141,stable,Z24,ZIP,10082.75,3669,-615
141,stable,P25,PRSH,604.6,860,368
141,stable,P26,PRSH,285.55,419,209
141,stable,P27,PRSH,338.35,1833,713
141,stable,P28,PRSH,-1527.85,4539,577
141,stable,P29,PRSH,334.85,739,363
141,stable,C30,CUSTOM,5708.85,4823,-37
141,stable,C31,CUSTOM,5842.35,4813,-27
141,stable,C32,CUSTOM,6319.05,4759,-21
141,stable,C33,CUSTOM,6432.3,4804,-46
141,stable,C34,CUSTOM,5409.5,4834,-30
142,stable,G00,GVWY,-8808.5,6651,-55
142,stable,G01,GVWY,-10039.0,6674,-372
142,stable,G02,GVWY,-10814.5,6673,-351
142,stable,G03,GVWY,-10202.0,6670,-78
142,stable,G04,GVWY,-9222.0,6678,-36
142,stable,Z05,ZIC,1833.0,578,284
142,stable,Z06,ZIC,2080.0,520,316
142,stable,Z07,ZIC,2310.0,550,278
142,stable,Z08,ZIC,2030.5,559,267
142,stable,Z09,ZIC,1772.5,567,269
142,stable,S10,SHVR,-5123.5,6001,11
142,stable,S11,SHVR,-5604.0,6050,-164
142,stable,S12,SHVR,-6129.5,6067,-103
142,stable,S13,SHVR,-6781.0,6040,-140
142,stable,S14,SHVR,-6536.0,6070,-198
142,stable,S15,SNPR,-1440.5,1339,33
142,stable,S16,SNPR,-1460.5,1305,-19
142,stable,S17,SNPR,-1887.0,1312,-8
142,stable,S18,SNPR,-1363.0,1320,-28
142,stable,S19,SNPR,-1366.5,1305,41
142,stable,Z20,ZIP,6614.5,3621,-143
142,stable,Z21,ZIP,6513.5,3677,-195
142,stable,Z22,ZIP,6075.0,3702,-264
142,stable,Z23,ZIP,4290.0,3706,-998
142,stable,Z24,ZIP,7823.0,3690,-150
142,stable,P25,PRSH,2192.0,628,304
142,stable,P26,PRSH,4655.0,2020,878
142,stable,P27,PRSH,2375.0,646,298
142,stable,P28,PRSH,1422.0,220,164
142,stable,P29,PRSH,1583.5,247,195
142,stable,C30,CUSTOM,7057.5,4687,-35
142,stable,C31,CUSTOM,8520.0,4664,-20
142,stable,C32,CUSTOM,7096.5,4845,-23
142,stable,C33,CUSTOM,5189.5,4763,-5
142,stable,C34,CUSTOM,5438.5,4743,-17
143,stable,G00,GVWY,-9626.6,6607,-183
143,stable,G01,GVWY,-8858.4,6608,-132
143,stable,G02,GVWY,-10286.0,6668,-40
143,stable,G03,GVWY,-9143.8,6663,-119
143,stable,G04,GVWY,-8280.6,6661,-53
143,stable,Z05,ZIC,399.2,577,311
143,stable,Z06,ZIC,529.6,620,258
143,stable,Z07,ZIC,364.6,528,288
143,stable,Z08,ZIC,639.6,574,258
143,stable,Z09,ZIC,305.8,542,284
143,stable,S10,SHVR,-4056.0,6021,-255
143,stable,S11,SHVR,-5451.4,6067,-247
143,stable,S12,SHVR,-5283.4,6004,18
143,stable,S13,SHVR,-5378.0,6016,-170
143,stable,S14,SHVR,-5320.4,6050,-42
143,stable,S15,SNPR,-1271.8,1292,-54
143,stable,S16,SNPR,-1439.4,1294,-92
143,stable,S17,SNPR,-1190.2,1306,4
143,stable,S18,SNPR,-1257.8,1293,-49
143,stable,S19,SNPR,-1613.4,1304,-112
143,stable,Z20,ZIP,8732.0,3563,-555
143,stable,Z21,ZIP,8858.8,3694,-456
143,stable,Z22,ZIP,9302.0,3714,-450
143,stable,Z23,ZIP,6990.8,3615,-331
143,stable,Z24,ZIP,7828.2,3717,-219
143,stable,P25,PRSH,614.8,285,209
143,stable,P26,PRSH,1089.2,1439,601
143,stable,P27,PRSH,779.8,638,374
143,stable,P28,PRSH,647.2,254,176
143,stable,P29,PRSH,599.4,2433,777
143,stable,C30,CUSTOM,6532.8,4823,-11
143,stable,C31,CUSTOM,6413.4,4767,-13
143,stable,C32,CUSTOM,6213.8,4826,-16
143,stable,C33,CUSTOM,5444.4,4876,-28
143,stable,C34,CUSTOM,6632.2,4800,-24
144,stable,G00,GVWY,-10395.5,6703,-229
144,stable,G01,GVWY,-9191.0,6684,64
144,stable,G02,GVWY,-9787.0,6678,-180
144,stable,G03,GVWY,-10504.0,6678,-148
144,stable,G04,GVWY,-9390.0,6666,-286
144,stable,Z05,ZIC,1585.5,533,281
144,stable,Z06,ZIC,1460.0,576,324
144,stable,Z07,ZIC,1541.5,551,261
144,stable,Z08,ZIC,1278.0,574,230
144,stable,Z09,ZIC,1434.0,502,240
144,stable,S10,SHVR,-6222.5,6077,-111
144,stable,S11,SHVR,-5707.5,6149,-127
144,stable,S12,SHVR,-4455.0,6138,-202
144,stable,S13,SHVR,-6007.0,6110,-308
144,stable,S14,SHVR,-5408.5,6059,-221
144,stable,S15,SNPR,-1372.0,1304,-36
144,stable,S16,SNPR,-1130.5,1307,-51
144,stable,S17,SNPR,-995.0,1298,50
144,stable,S18,SNPR,-1691.5,1305,-125
144,stable,S19,SNPR,-1193.5,1285,-17
144,stable,Z20,ZIP,7903.5,3653,-129
144,stable,Z21,ZIP,7710.5,3673,-99
144,stable,Z22,ZIP,7622.5,3695,-443
144,stable,Z23,ZIP,7773.5,3693,-437
144,stable,Z24,ZIP,7419.5,3583,-379
144,stable,P25,PRSH,1374.5,479,245
144,stable,P26,PRSH,2890.5,1365,617
144,stable,P27,PRSH,2183.5,1129,461
144,stable,P28,PRSH,2311.5,1497,671
144,stable,P29,PRSH,-2126.0,5488,254
144,stable,C30,CUSTOM,6036.5,4795,-27
144,stable,C31,CUSTOM,6839.5,4777,-21
144,stable,C32,CUSTOM,6008.0,4756,-42
144,stable,C33,CUSTOM,6098.0,4774,-32
144,stable,C34,CUSTOM,6379.5,4787,-49
145,stable,G00,GVWY,-9112.6,6688,-294
145,stable,G01,GVWY,-8530.8,6676,-212
145,stable,G02,GVWY,-9083.8,6652,-352
145,stable,G03,GVWY,-9123.9,6671,-211
145,stable,G04,GVWY,-9572.1,6693,-69
145,stable,Z05,ZIC,826.8,570,242
145,stable,Z06,ZIC,671.2,590,308
145,stable,Z07,ZIC,565.8,548,272
145,stable,Z08,ZIC,669.7,543,253
145,stable,Z09,ZIC,464.5,505,275
145,stable,S10,SHVR,-3870.5,6077,-165
145,stable,S11,SHVR,-5485.7,6069,-153
145,stable,S12,SHVR,-6398.6,6076,-24
145,stable,S13,SHVR,-6419.2,6106,-18
145,stable,S14,SHVR,-4999.6,6074,-204
145,stable,S15,SNPR,-1069.4,1328,24
145,stable,S16,SNPR,-1253.1,1315,11
145,stable,S17,SNPR,-1049.3,1331,-7
145,stable,S18,SNPR,-1456.8,1326,-2
145,stable,S19,SNPR,-1315.4,1314,-6
145,stable,Z20,ZIP,6066.6,3644,-226
145,stable,Z21,ZIP,9054.6,3672,-746
145,stable,Z22,ZIP,8545.4,3646,-964
145,stable,Z23,ZIP,7876.3,3817,-833
145,stable,Z24,ZIP,7267.9,3579,-239
145,stable,P25,PRSH,2122.4,978,676
145,stable,P26,PRSH,578.9,991,441
145,stable,P27,PRSH,1567.0,2278,890
145,stable,P28,PRSH,2615.1,2603,1169
145,stable,P29,PRSH,901.2,304,268
145,stable,C30,CUSTOM,5240.2,4736,-22
145,stable,C31,CUSTOM,5392.2,4730,-22
145,stable,C32,CUSTOM,6245.3,4607,-23
145,stable,C33,CUSTOM,5737.6,4746,-46
145,stable,C34,CUSTOM,6433.4,4734,-34
146,stable,G00,GVWY,-9476.6,6603,-149
146,stable,G01,GVWY,-10780.8,6613,-247
146,stable,G02,GVWY,-9610.8,6647,-87
146,stable,G03,GVWY,-9182.2,6633,-93
146,stable,G04,GVWY,-11096.8,6673,-457
146,stable,Z05,ZIC,1954.0,548,290
146,stable,Z06,ZIC,2053.2,596,308
146,stable,Z07,ZIC,1944.0,521,315
146,stable,Z08,ZIC,1257.6,547,259
146,stable,Z09,ZIC,1992.2,566,258
146,stable,S10,SHVR,-5878.4,5981,-161
146,stable,S11,SHVR,-5716.4,6020,-156
146,stable,S12,SHVR,-4824.2,6005,-73
146,stable,S13,SHVR,-5187.0,5977,-125
146,stable,S14,SHVR,-6298.4,6003,-231
146,stable,S15,SNPR,-826.0,1329,15
146,stable,S16,SNPR,-1640.2,1308,-28
146,stable,S17,SNPR,-1528.2,1319,-93
146,stable,S18,SNPR,-2039.0,1303,-95
146,stable,S19,SNPR,-1240.0,1335,-25
146,stable,Z20,ZIP,5772.8,3672,-498
146,stable,Z21,ZIP,6476.0,3775,-365
146,stable,Z22,ZIP,6541.4,3654,-184
146,stable,Z23,ZIP,6387.4,3745,-209
146,stable,Z24,ZIP,5332.4,3601,-309
146,stable,P25,PRSH,1723.2,263,213
146,stable,P26,PRSH,2333.0,816,350
146,stable,P27,PRSH,2201.0,365,335
146,stable,P28,PRSH,2067.2,598,308
146,stable,P29,PRSH,7143.2,3393,973
146,stable,C30,CUSTOM,6529.6,4676,-26
146,stable,C31,CUSTOM,6014.2,4681,-27
146,stable,C32,CUSTOM,6170.6,4730,-26
146,stable,C33,CUSTOM,6398.8,4636,-38
146,stable,C34,CUSTOM,4878.4,4766,-44
147,stable,G00,GVWY,-9221.15,6675,-233
147,stable,G01,GVWY,-8346.3,6690,-106
147,stable,G02,GVWY,-8563.0,6666,-280
147,stable,G03,GVWY,-8900.75,6633,-65
147,stable,G04,GVWY,-8883.05,6691,-131
147,stable,Z05,ZIC,305.4,510,248
147,stable,Z06,ZIC,220.3,518,226
147,stable,Z07,ZIC,283.8,596,236
147,stable,Z08,ZIC,288.8,578,296
147,stable,Z09,ZIC,75.15,581,333
147,stable,S10,SHVR,-5356.45,6081,-279
147,stable,S11,SHVR,-4513.6,6112,-52
147,stable,S12,SHVR,-4187.85,5993,-107
147,stable,S13,SHVR,-4393.8,5992,-76
147,stable,S14,SHVR,-5615.65,6067,-83
147,stable,S15,SNPR,-1468.4,1320,32
147,stable,S16,SNPR,-1353.6,1304,-32
147,stable,S17,SNPR,-1509.6,1328,-12
147,stable,S18,SNPR,-894.65,1311,-23
147,stable,S19,SNPR,-1118.85,1325,73
147,stable,Z20,ZIP,8425.25,3767,-765
147,stable,Z21,ZIP,7808.0,3594,-340
147,stable,Z22,ZIP,9048.3,3670,-834
147,stable,Z23,ZIP,7552.45,3661,-341
147,stable,Z24,ZIP,7836.8,3562,-284
147,stable,P25,PRSH,1579.9,2042,1158
147,stable,P26,PRSH,606.6,278,192
147,stable,P27,PRSH,-337.95,3431,951
147,stable,P28,PRSH,53.35,255,217
147,stable,P29,PRSH,388.05,257,191
147,stable,C30,CUSTOM,6162.35,4799,-23
147,stable,C31,CUSTOM,6091.7,4626,-26
147,stable,C32,CUSTOM,6321.2,4734,-36
147,stable,C33,CUSTOM,5991.65,4723,-37
147,stable,C34,CUSTOM,6222.8,4754,-24
148,stable,G00,GVWY,-7876.0,6635,-175
148,stable,G01,GVWY,-7820.8,6648,-348
148,stable,G02,GVWY,-7377.6,6656,-346
148,stable,G03,GVWY,-8317.2,6631,-307
148,stable,G04,GVWY,-9741.6,6643,-201
148,stable,Z05,ZIC,-113.6,556,254
148,stable,Z06,ZIC,-344.8,537,277
148,stable,Z07,ZIC,-190.8,516,262
148,stable,Z08,ZIC,-376.6,558,294
148,stable,Z09,ZIC,-302.8,552,232
148,stable,S10,SHVR,-5556.4,6038,-14
148,stable,S11,SHVR,-4559.4,6018,-174
148,stable,S12,SHVR,-4790.2,6043,-47
148,stable,S13,SHVR,-4935.2,6039,-47
148,stable,S14,SHVR,-4900.0,5980,-120
148,stable,S15,SNPR,-1141.2,1306,-2
148,stable,S16,SNPR,-1105.0,1319,-105
148,stable,S17,SNPR,-1211.4,1311,-59
148,stable,S18,SNPR,-1437.2,1292,-12
148,stable,S19,SNPR,-1246.2,1290,-42
148,stable,Z20,ZIP,7767.0,3535,-245
148,stable,Z21,ZIP,7784.8,3661,-157
148,stable,Z22,ZIP,7224.0,3592,-190
148,stable,Z23,ZIP,8368.8,3564,-392
148,stable,Z24,ZIP,8741.4,3689,-361
148,stable,P25,PRSH,-73.0,316,210
148,stable,P26,PRSH,-244.0,762,390
148,stable,P27,PRSH,-1357.8,3093,987
148,stable,P28,PRSH,76.2,260,192
148,stable,P29,PRSH,-160.4,718,306
148,stable,C30,CUSTOM,6445.8,4816,-22
148,stable,C31,CUSTOM,7428.4,4722,-26
148,stable,C32,CUSTOM,7671.2,4782,-38
148,stable,C33,CUSTOM,7455.2,4664,-18
148,stable,C34,CUSTOM,6558.4,4657,-1
149,stable,G00,GVWY,-8581.35,6677,-227
149,stable,G01,GVWY,-8772.8,6646,-196
149,stable,G02,GVWY,-10199.85,6673,-177
149,stable,G03,GVWY,-8966.0,6644,-200
149,stable,G04,GVWY,-9745.3,6670,-66
149,stable,Z05,ZIC,901.05,539,281
149,stable,Z06,ZIC,744.7,554,314
149,stable,Z07,ZIC,512.8,608,336
149,stable,Z08,ZIC,1046.45,559,329
149,stable,Z09,ZIC,656.7,540,294
149,stable,S10,SHVR,-5111.5,6062,-50
149,stable,S11,SHVR,-5129.95,6069,-19
149,stable,S12,SHVR,-5759.65,6051,-173
149,stable,S13,SHVR,-5019.7,6108,46
149,stable,S14,SHVR,-5275.75,6039,-115
149,stable,S15,SNPR,-1021.55,1307,29
149,stable,S16,SNPR,-1376.85,1333,-97
149,stable,S17,SNPR,-1544.3,1302,94
149,stable,S18,SNPR,-1562.05,1289,-1
149,stable,S19,SNPR,-1868.15,1299,-63
149,stable,Z20,ZIP,8016.5,3626,-270
149,stable,Z21,ZIP,8374.55,3689,-269
149,stable,Z22,ZIP,9001.8,3658,-664
149,stable,Z23,ZIP,7393.3,3620,-214
149,stable,Z24,ZIP,8241.1,3600,-398
149,stable,P25,PRSH,698.85,281,197
149,stable,P26,PRSH,1223.45,1021,489
149,stable,P27,PRSH,774.6,468,292
149,stable,P28,PRSH,1062.7,576,274
149,stable,P29,PRSH,648.1,374,262
149,stable,C30,CUSTOM,7007.35,4721,-13
149,stable,C31,CUSTOM,6133.75,4791,-25
149,stable,C32,CUSTOM,6356.3,4770,-14
149,stable,C33,CUSTOM,5967.65,4797,-27
149,stable,C34,CUSTOM,5667.85,4783,-23
0,shock_up,G00,GVWY,-11979.0,6664,-220
0,shock_up,G01,GVWY,-10817.65,6637,-89
0,shock_up,G02,GVWY,-13776.0,6672,-320
0,shock_up,G03,GVWY,-12819.55,6679,-143
0,shock_up,G04,GVWY,-9740.8,6642,-188
0,shock_up,Z05,ZIC,3901.55,489,243
0,shock_up,Z06,ZIC,2814.1,514,226
0,shock_up,Z07,ZIC,3233.2,460,212
0,shock_up,Z08,ZIC,2994.05,505,153
0,shock_up,Z09,ZIC,3103.6,488,236
0,shock_up,S10,SHVR,-7237.75,6047,-235
0,shock_up,S11,SHVR,-5679.25,6031,-45
0,shock_up,S12,SHVR,-8533.15,6009,-199
0,shock_up,S13,SHVR,-6067.25,6031,-65
0,shock_up,S14,SHVR,-1836.05,6001,147
0,shock_up,S15,SNPR,-1303.45,1287,3
0,shock_up,S16,SNPR,-945.3,1326,-98
0,shock_up,S17,SNPR,-1349.45,1307,63
0,shock_up,S18,SNPR,-1092.75,1301,-35
0,shock_up,S19,SNPR,-1315.25,1325,35
0,shock_up,Z20,ZIP,5769.75,3651,-225
0,shock_up,Z21,ZIP,5340.05,3627,-227
0,shock_up,Z22,ZIP,4986.9,3728,-246
0,shock_up,Z23,ZIP,3845.75,3657,-345
0,shock_up,Z24,ZIP,3077.45,3727,-363
0,shock_up,P25,PRSH,10699.35,1573,631
0,shock_up,P26,PRSH,6496.5,866,390
0,shock_up,P27,PRSH,2710.7,168,142
0,shock_up,P28,PRSH,5117.5,800,330
0,shock_up,P29,PRSH,3859.6,556,256
0,shock_up,C30,CUSTOM,4585.5,4686,-30
0,shock_up,C31,CUSTOM,5978.95,4687,-13
0,shock_up,C32,CUSTOM,4923.25,4701,-35
0,shock_up,C33,CUSTOM,5166.1,4728,-14
0,shock_up,C34,CUSTOM,5383.55,4723,-17
1,shock_up,G00,GVWY,-13316.85,6721,-211
1,shock_up,G01,GVWY,-9862.15,6647,-29
1,shock_up,G02,GVWY,-14607.35,6665,-241
1,shock_up,G03,GVWY,-10822.35,6639,-1
1,shock_up,G04,GVWY,-12829.45,6671,-227
1,shock_up,Z05,ZIC,4624.5,460,190
1,shock_up,Z06,ZIC,4172.35,455,201
1,shock_up,Z07,ZIC,5759.25,571,275
1,shock_up,Z08,ZIC,4251.35,483,201
1,shock_up,Z09,ZIC,4895.45,491,247
1,shock_up,S10,SHVR,-2254.6,6028,144
1,shock_up,S11,SHVR,-2575.35,6037,179
1,shock_up,S12,SHVR,-5931.7,6030,-22
1,shock_up,S13,SHVR,-8306.0,6080,-100
1,shock_up,S14,SHVR,-5157.2,6022,-72
1,shock_up,S15,SNPR,-1074.85,1291,-11
1,shock_up,S16,SNPR,-1894.2,1324,-32
1,shock_up,S17,SNPR,-1439.3,1306,2
1,shock_up,S18,SNPR,-832.2,1318,28
1,shock_up,S19,SNPR,-657.9,1314,66
1,shock_up,Z20,ZIP,4147.8,3694,-232
1,shock_up,Z21,ZIP,954.1,3748,-394
1,shock_up,Z22,ZIP,772.9,3778,-466
1,shock_up,Z23,ZIP,-119.25,3717,-595
1,shock_up,Z24,ZIP,2958.45,3703,-453
1,shock_up,P25,PRSH,3758.3,404,178
1,shock_up,P26,PRSH,3615.0,182,140
1,shock_up,P27,PRSH,5163.55,353,233
1,shock_up,P28,PRSH,16282.3,3026,898
1,shock_up,P29,PRSH,4555.9,234,174
1,shock_up,C30,CUSTOM,5704.2,4714,-28
1,shock_up,C31,CUSTOM,4026.15,4737,-11
1,shock_up,C32,CUSTOM,5280.9,4686,-6
1,shock_up,C33,CUSTOM,5480.4,4776,-16
1,shock_up,C34,CUSTOM,5215.2,4706,-28
2,shock_up,G00,GVWY,-12388.2,6644,-68
2,shock_up,G01,GVWY,-12126.25,6613,-115
2,shock_up,G02,GVWY,-11602.8,6608,-12
2,shock_up,G03,GVWY,-10762.45,6671,-243
2,shock_up,G04,GVWY,-9387.85,6671,121
2,shock_up,Z05,ZIC,3697.75,539,265
2,shock_up,Z06,ZIC,2195.5,532,230
2,shock_up,Z07,ZIC,2636.85,501,219
2,shock_up,Z08,ZIC,3286.75,561,225
2,shock_up,Z09,ZIC,3346.8,534,252
2,shock_up,S10,SHVR,-7473.05,6001,-207
2,shock_up,S11,SHVR,-6300.65,6081,-111
2,shock_up,S12,SHVR,-7356.3,6054,-2
2,shock_up,S13,SHVR,-5363.2,6060,-188
2,shock_up,S14,SHVR,-1603.5,6030,70
2,shock_up,S15,SNPR,-1346.8,1332,28
2,shock_up,S16,SNPR,-1512.0,1294,-20
2,shock_up,S17,SNPR,-1227.25,1339,25
2,shock_up,S18,SNPR,-833.15,1309,-21
2,shock_up,S19,SNPR,-810.65,1315,-11
2,shock_up,Z20,ZIP,5273.3,3790,-358
2,shock_up,Z21,ZIP,5409.4,3702,-484
2,shock_up,Z22,ZIP,4954.35,3705,-571
2,shock_up,Z23,ZIP,5889.3,3602,-178
2,shock_up,Z24,ZIP,5864.3,3626,-198
2,shock_up,P25,PRSH,2285.4,494,236
2,shock_up,P26,PRSH,3664.1,528,234
2,shock_up,P27,PRSH,7181.75,1313,525
2,shock_up,P28,PRSH,3026.05,627,247
2,shock_up,P29,PRSH,2116.25,177,135
2,shock_up,C30,CUSTOM,5280.55,4747,-23
2,shock_up,C31,CUSTOM,5577.15,4619,-19
2,shock_up,C32,CUSTOM,6827.15,4677,-19
2,shock_up,C33,CUSTOM,5212.15,4705,-19
2,shock_up,C34,CUSTOM,6544.3,4652,2
3,shock_up,G00,GVWY,-12859.25,6667,-223
3,shock_up,G01,GVWY,-7395.25,6639,-111
3,shock_up,G02,GVWY,-13821.0,6642,-148
3,shock_up,G03,GVWY,-12517.5,6642,-166
3,shock_up,G04,GVWY,-10070.25,6665,-271
3,shock_up,Z05,ZIC,2533.0,464,172
3,shock_up,Z06,ZIC,2533.75,485,217
3,shock_up,Z07,ZIC,2725.0,518,236
3,shock_up,Z08,ZIC,3051.5,514,194
3,shock_up,Z09,ZIC,2703.25,535,231
3,shock_up,S10,SHVR,-7380.5,6014,-94
3,shock_up,S11,SHVR,-4724.5,6008,-206
3,shock_up,S12,SHVR,-3450.25,6069,-23
3,shock_up,S13,SHVR,-5175.0,6028,-120
3,shock_up,S14,SHVR,-7422.75,6055,-1
3,shock_up,S15,SNPR,-961.0,1270,-4
3,shock_up,S16,SNPR,-1275.5,1310,-42
3,shock_up,S17,SNPR,-1087.75,1311,-21
3,shock_up,S18,SNPR,-1257.25,1291,-3
3,shock_up,S19,SNPR,-1150.25,1313,-23
3,shock_up,Z20,ZIP,6236.5,3758,-126
3,shock_up,Z21,ZIP,5103.25,3669,-641
3,shock_up,Z22,ZIP,4819.0,3734,-204
3,shock_up,Z23,ZIP,3586.75,3629,-255
3,shock_up,Z24,ZIP,4084.5,3822,-582
3,shock_up,P25,PRSH,2052.5,218,146
3,shock_up,P26,PRSH,7408.0,2294,756
3,shock_up,P27,PRSH,7229.0,3686,652
3,shock_up,P28,PRSH,6868.0,1572,580
3,shock_up,P29,PRSH,3061.0,496,196
3,shock_up,C30,CUSTOM,4725.5,4754,-30
3,shock_up,C31,CUSTOM,5448.0,4746,-36
3,shock_up,C32,CUSTOM,5269.5,4712,-34
3,shock_up,C33,CUSTOM,5127.75,4699,-27
3,shock_up,C34,CUSTOM,5478.0,4728,-28
4,shock_up,G00,GVWY,-10251.15,6701,-147
4,shock_up,G01,GVWY,-8131.25,6657,-45
4,shock_up,G02,GVWY,-11616.35,6697,-243
4,shock_up,G03,GVWY,-13180.6,6676,-248
4,shock_up,G04,GVWY,-12791.3,6652,-74
4,shock_up,Z05,ZIC,3239.25,483,205
4,shock_up,Z06,ZIC,2642.0,448,180
4,shock_up,Z07,ZIC,2778.4,492,172
4,shock_up,Z08,ZIC,3112.15,473,187
4,shock_up,Z09,ZIC,3479.1,518,218
4,shock_up,S10,SHVR,-5425.45,6093,39
4,shock_up,S11,SHVR,-3218.65,6077,-57
4,shock_up,S12,SHVR,-8949.15,6121,-127
4,shock_up,S13,SHVR,-5951.35,6075,-43
4,shock_up,S14,SHVR,-9759.75,6091,-175
4,shock_up,S15,SNPR,-1877.0,1326,-140
4,shock_up,S16,SNPR,-1091.6,1332,-28
4,shock_up,S17,SNPR,-799.1,1318,42
4,shock_up,S18,SNPR,-1207.25,1301,-5
4,shock_up,S19,SNPR,-1446.1,1306,-98
4,shock_up,Z20,ZIP,2691.0,3662,-660
4,shock_up,Z21,ZIP,1780.1,3626,-482
4,shock_up,Z22,ZIP,2860.65,3719,-503
4,shock_up,Z23,ZIP,4939.65,3593,-183
4,shock_up,Z24,ZIP,2419.5,3812,-430
4,shock_up,P25,PRSH,4384.5,656,290
4,shock_up,P26,PRSH,5829.05,1635,469
4,shock_up,P27,PRSH,10438.65,4063,717
4,shock_up,P28,PRSH,7886.65,991,457
4,shock_up,P29,PRSH,10036.9,2228,682
4,shock_up,C30,CUSTOM,5193.75,4841,-5
4,shock_up,C31,CUSTOM,6476.55,4795,-21
4,shock_up,C32,CUSTOM,5114.55,4763,-1
4,shock_up,C33,CUSTOM,4977.9,4734,-18
4,shock_up,C34,CUSTOM,4850.35,4633,3
5,shock_up,G00,GVWY,-8511.0,6664,60
5,shock_up,G01,GVWY,-9871.4,6650,-38
5,shock_up,G02,GVWY,-13633.4,6674,-208
5,shock_up,G03,GVWY,-9659.8,6681,-101
5,shock_up,G04,GVWY,-11915.4,6640,-98
5,shock_up,Z05,ZIC,4133.8,521,221
5,shock_up,Z06,ZIC,4772.8,543,271
5,shock_up,Z07,ZIC,2863.8,532,256
5,shock_up,Z08,ZIC,3633.8,529,281
5,shock_up,Z09,ZIC,4236.0,560,290
5,shock_up,S10,SHVR,-4984.4,6009,7
5,shock_up,S11,SHVR,-5663.4,6019,-3
5,shock_up,S12,SHVR,-5397.6,5971,123
5,shock_up,S13,SHVR,-3804.6,5992,108
5,shock_up,S14,SHVR,-3868.0,6029,115
5,shock_up,S15,SNPR,-1270.0,1312,80
5,shock_up,S16,SNPR,-1053.2,1301,-9
5,shock_up,S17,SNPR,-1298.8,1312,24
5,shock_up,S18,SNPR,-859.8,1294,-46
5,shock_up,S19,SNPR,-1358.2,1312,26
5,shock_up,Z20,ZIP,4753.8,3723,-279
5,shock_up,Z21,ZIP,-1127.2,3770,-894
5,shock_up,Z22,ZIP,2249.6,3738,-818
5,shock_up,Z23,ZIP,4518.6,3518,-238
5,shock_up,Z24,ZIP,5830.4,3777,-297
5,shock_up,P25,PRSH,6325.4,971,433
5,shock_up,P26,PRSH,5869.2,722,344
5,shock_up,P27,PRSH,2368.8,237,181
5,shock_up,P28,PRSH,2624.8,197,151
5,shock_up,P29,PRSH,1730.2,172,124
5,shock_up,C30,CUSTOM,5615.4,4770,-32
5,shock_up,C31,CUSTOM,6290.4,4732,-42
5,shock_up,C32,CUSTOM,4734.0,4767,-5
5,shock_up,C33,CUSTOM,5744.2,4823,-11
5,shock_up,C34,CUSTOM,5584.4,4809,3
6,shock_up,G00,GVWY,-10672.4,6650,-62
6,shock_up,G01,GVWY,-13304.8,6599,-19
6,shock_up,G02,GVWY,-8091.4,6615,-97
6,shock_up,G03,GVWY,-10726.8,6646,136
6,shock_up,G04,GVWY,-11636.2,6706,-106
6,shock_up,Z05,ZIC,1615.8,508,274
6,shock_up,Z06,ZIC,1666.8,516,244
6,shock_up,Z07,ZIC,297.2,513,261
6,shock_up,Z08,ZIC,1604.8,505,239
6,shock_up,Z09,ZIC,1432.0,516,220
6,shock_up,S10,SHVR,-5632.4,6065,3
6,shock_up,S11,SHVR,-6472.8,6085,31
6,shock_up,S12,SHVR,-4268.4,6054,-2
6,shock_up,S13,SHVR,-6753.2,6041,199
6,shock_up,S14,SHVR,-8615.6,6057,-93
6,shock_up,S15,SNPR,-1351.4,1323,13
6,shock_up,S16,SNPR,-795.8,1298,-4
6,shock_up,S17,SNPR,-1059.2,1293,-51
6,shock_up,S18,SNPR,-1494.4,1303,3
6,shock_up,S19,SNPR,-1983.2,1319,-1
6,shock_up,Z20,ZIP,8647.4,3646,-698
6,shock_up,Z21,ZIP,9726.4,3758,-848
6,shock_up,Z22,ZIP,8808.6,3704,-222
6,shock_up,Z23,ZIP,8569.2,3732,-704
6,shock_up,Z24,ZIP,9393.0,3667,-185
6,shock_up,P25,PRSH,2202.6,230,198
6,shock_up,P26,PRSH,444.4,4686,632
6,shock_up,P27,PRSH,934.6,223,183
6,shock_up,P28,PRSH,1521.8,209,189
6,shock_up,P29,PRSH,4055.0,319,285
6,shock_up,C30,CUSTOM,6864.8,4757,-11
6,shock_up,C31,CUSTOM,5171.8,4801,-11
6,shock_up,C32,CUSTOM,6850.6,4737,-17
6,shock_up,C33,CUSTOM,5630.8,4802,-6
6,shock_up,C34,CUSTOM,6520.8,4764,-26
7,shock_up,G00,GVWY,-12470.9,6660,58
7,shock_up,G01,GVWY,-13282.0,6712,-200
7,shock_up,G02,GVWY,-12860.95,6667,-61
7,shock_up,G03,GVWY,-8923.05,6659,61
7,shock_up,G04,GVWY,-9394.8,6666,-204
7,shock_up,Z05,ZIC,3269.25,491,255
7,shock_up,Z06,ZIC,3538.3,578,234
7,shock_up,Z07,ZIC,3210.35,541,213
7,shock_up,Z08,ZIC,3894.2,540,256
7,shock_up,Z09,ZIC,3209.85,487,203
7,shock_up,S10,SHVR,-4943.0,6090,20
7,shock_up,S11,SHVR,-7651.4,6070,-52
7,shock_up,S12,SHVR,-5816.85,6035,-143
7,shock_up,S13,SHVR,-6726.5,6038,-150
7,shock_up,S14,SHVR,-5052.05,6105,-39
7,shock_up,S15,SNPR,-1683.95,1309,-1
7,shock_up,S16,SNPR,-1548.55,1311,-9
7,shock_up,S17,SNPR,-1311.15,1309,-57
7,shock_up,S18,SNPR,-1620.2,1306,4
7,shock_up,S19,SNPR,-968.55,1283,31
7,shock_up,Z20,ZIP,6263.8,3670,-256
7,shock_up,Z21,ZIP,3552.85,3701,-757
7,shock_up,Z22,ZIP,6178.35,3693,-367
7,shock_up,Z23,ZIP,4379.9,3648,-158
7,shock_up,Z24,ZIP,3833.05,3651,-561
7,shock_up,P25,PRSH,4511.6,586,268
7,shock_up,P26,PRSH,2820.35,213,173
7,shock_up,P27,PRSH,9816.7,2222,646
7,shock_up,P28,PRSH,4277.45,643,271
7,shock_up,P29,PRSH,4667.9,658,302
7,shock_up,C30,CUSTOM,4936.5,4714,-30
7,shock_up,C31,CUSTOM,4958.5,4756,-10
7,shock_up,C32,CUSTOM,4212.45,4827,-9
7,shock_up,C33,CUSTOM,7196.15,4743,-3
7,shock_up,C34,CUSTOM,4133.15,4799,-23
8,shock_up,G00,GVWY,-11534.5,6716,-190
8,shock_up,G01,GVWY,-11432.85,6695,-311
8,shock_up,G02,GVWY,-11066.5,6684,-70
8,shock_up,G03,GVWY,-13804.35,6631,-201
8,shock_up,G04,GVWY,-8278.65,6699,-259
8,shock_up,Z05,ZIC,788.85,503,211
8,shock_up,Z06,ZIC,1404.9,536,214
8,shock_up,Z07,ZIC,1150.75,465,145
8,shock_up,Z08,ZIC,878.85,577,251
8,shock_up,Z09,ZIC,1708.65,521,199
8,shock_up,S10,SHVR,-3670.05,6107,-83
8,shock_up,S11,SHVR,-3959.8,6050,-108
8,shock_up,S12,SHVR,-7135.65,6059,1
8,shock_up,S13,SHVR,-8040.65,6077,-179
8,shock_up,S14,SHVR,-3230.0,6084,120
8,shock_up,S15,SNPR,-1199.4,1332,-24
8,shock_up,S16,SNPR,-616.6,1302,-36
8,shock_up,S17,SNPR,-1804.15,1307,71
8,shock_up,S18,SNPR,-1690.2,1294,-12
8,shock_up,S19,SNPR,-1500.35,1317,19
8,shock_up,Z20,ZIP,8275.15,3631,-211
8,shock_up,Z21,ZIP,7847.7,3678,-258
8,shock_up,Z22,ZIP,9034.35,3627,-459
8,shock_up,Z23,ZIP,6225.65,3595,-201
8,shock_up,Z24,ZIP,9212.4,3646,-1276
8,shock_up,P25,PRSH,1196.9,442,194
8,shock_up,P26,PRSH,1660.85,879,431
8,shock_up,P27,PRSH,5495.2,2806,892
8,shock_up,P28,PRSH,4358.9,2606,874
8,shock_up,P29,PRSH,1449.05,575,263
8,shock_up,C30,CUSTOM,6319.9,4710,-6
8,shock_up,C31,CUSTOM,6332.85,4767,-9
8,shock_up,C32,CUSTOM,4740.75,4917,5
8,shock_up,C33,CUSTOM,5934.85,4713,-29
8,shock_up,C34,CUSTOM,5225.4,4706,-16
9,shock_up,G00,GVWY,-12381.9,6631,-243
9,shock_up,G01,GVWY,-11745.7,6653,-139
9,shock_up,G02,GVWY,-15222.9,6637,-323
9,shock_up,G03,GVWY,-12314.5,6637,-305
9,shock_up,G04,GVWY,-10841.8,6638,-146
9,shock_up,Z05,ZIC,3642.4,508,228
9,shock_up,Z06,ZIC,4299.0,522,240
9,shock_up,Z07,ZIC,4849.9,541,213
9,shock_up,Z08,ZIC,4616.3,503,201
9,shock_up,Z09,ZIC,3972.5,487,235
9,shock_up,S10,SHVR,-6456.0,6020,-10
9,shock_up,S11,SHVR,-6610.3,6005,-51
9,shock_up,S12,SHVR,-5896.8,6050,-146
9,shock_up,S13,SHVR,-6997.5,6021,-55
9,shock_up,S14,SHVR,-10367.2,6078,-134
9,shock_up,S15,SNPR,-618.6,1312,68
9,shock_up,S16,SNPR,-1525.3,1303,-11
9,shock_up,S17,SNPR,-836.7,1323,81
9,shock_up,S18,SNPR,-1877.7,1301,-79
9,shock_up,S19,SNPR,-1571.6,1294,-62
9,shock_up,Z20,ZIP,4343.4,3756,-402
9,shock_up,Z21,ZIP,4705.8,3720,-224
9,shock_up,Z22,ZIP,2034.5,3635,-175
9,shock_up,Z23,ZIP,3421.5,3619,-225
9,shock_up,Z24,ZIP,1552.2,3744,-376
9,shock_up,P25,PRSH,3879.1,473,187
9,shock_up,P26,PRSH,13811.7,1931,669
9,shock_up,P27,PRSH,13464.9,721,563
9,shock_up,P28,PRSH,3100.1,159,127
9,shock_up,P29,PRSH,5636.8,552,286
9,shock_up,C30,CUSTOM,5368.8,4708,-14
9,shock_up,C31,CUSTOM,5933.1,4719,-23
9,shock_up,C32,CUSTOM,4634.5,4723,-5
9,shock_up,C33,CUSTOM,4906.8,4772,-4
9,shock_up,C34,CUSTOM,6697.3,4763,11
10,shock_up,G00,GVWY,-16225.0,6658,-280
10,shock_up,G01,GVWY,-10503.0,6684,-120
10,shock_up,G02,GVWY,-11877.75,6673,-97
10,shock_up,G03,GVWY,-9470.75,6649,-121
10,shock_up,G04,GVWY,-14762.5,6618,-402
10,shock_up,Z05,ZIC,4322.25,501,203
10,shock_up,Z06,ZIC,4844.5,530,246
10,shock_up,Z07,ZIC,5135.75,503,201
10,shock_up,Z08,ZIC,4778.5,520,238
10,shock_up,Z09,ZIC,3665.75,525,165
10,shock_up,S10,SHVR,-4585.0,6034,-164
10,shock_up,S11,SHVR,-6144.5,6022,6
10,shock_up,S12,SHVR,-4992.75,6045,-13
10,shock_up,S13,SHVR,-5268.75,5997,-33
10,shock_up,S14,SHVR,-8123.5,6008,-178
10,shock_up,S15,SNPR,-1164.5,1302,-2
10,shock_up,S16,SNPR,-1164.25,1303,37
10,shock_up,S17,SNPR,-1280.25,1317,-67
10,shock_up,S18,SNPR,-1100.25,1299,33
10,shock_up,S19,SNPR,-1377.25,1327,5
10,shock_up,Z20,ZIP,-953.5,3760,-510
10,shock_up,Z21,ZIP,-212.75,3739,-409
10,shock_up,Z22,ZIP,2823.25,3653,-117
10,shock_up,Z23,ZIP,5019.5,3652,-210
10,shock_up,Z24,ZIP,3127.0,3652,-488
10,shock_up,P25,PRSH,3953.75,497,205
10,shock_up,P26,PRSH,14567.0,3282,776
10,shock_up,P27,PRSH,4286.5,452,186
10,shock_up,P28,PRSH,3158.75,213,157
10,shock_up,P29,PRSH,17503.25,3205,771
10,shock_up,C30,CUSTOM,4002.75,4795,-7
10,shock_up,C31,CUSTOM,3441.5,4808,-26
10,shock_up,C32,CUSTOM,4401.0,4706,8
10,shock_up,C33,CUSTOM,5753.0,4694,-8
10,shock_up,C34,CUSTOM,4741.75,4765,9
11,shock_up,G00,GVWY,-13483.95,6671,-73
11,shock_up,G01,GVWY,-12607.8,6660,-112
11,shock_up,G02,GVWY,-13861.2,6698,-188
11,shock_up,G03,GVWY,-14831.6,6694,-264
11,shock_up,G04,GVWY,-16554.15,6687,-321
11,shock_up,Z05,ZIC,4595.6,512,204
11,shock_up,Z06,ZIC,4693.85,487,219
11,shock_up,Z07,ZIC,3647.75,449,165
11,shock_up,Z08,ZIC,4287.0,508,180
11,shock_up,Z09,ZIC,4135.6,480,184
11,shock_up,S10,SHVR,-8416.3,6138,-42
11,shock_up,S11,SHVR,-7824.15,6155,-201
11,shock_up,S12,SHVR,-5268.3,6066,-102
11,shock_up,S13,SHVR,-4552.3,6110,-102
11,shock_up,S14,SHVR,-7775.55,6123,-57
11,shock_up,S15,SNPR,-894.7,1290,-38
11,shock_up,S16,SNPR,-1379.15,1315,-101
11,shock_up,S17,SNPR,-676.15,1297,39
11,shock_up,S18,SNPR,-1735.6,1308,-44
11,shock_up,S19,SNPR,-1756.3,1296,-42
11,shock_up,Z20,ZIP,4238.0,3630,-320
11,shock_up,Z21,ZIP,4910.75,3675,-115
11,shock_up,Z22,ZIP,-501.7,3772,-538
11,shock_up,Z23,ZIP,-2563.15,3709,-801
11,shock_up,Z24,ZIP,2631.1,3674,-266
11,shock_up,P25,PRSH,8759.55,855,397
11,shock_up,P26,PRSH,16421.7,2924,818
11,shock_up,P27,PRSH,7810.6,958,364
11,shock_up,P28,PRSH,13398.2,2114,648
11,shock_up,P29,PRSH,10361.45,4395,603
11,shock_up,C30,CUSTOM,6519.0,4838,-20
11,shock_up,C31,CUSTOM,4054.65,4739,-29
11,shock_up,C32,CUSTOM,4363.45,4697,-17
11,shock_up,C33,CUSTOM,5286.5,4746,-30
11,shock_up,C34,CUSTOM,4651.25,4719,-25
12,shock_up,G00,GVWY,-12810.95,6673,-159
12,shock_up,G01,GVWY,-11015.75,6629,85
12,shock_up,G02,GVWY,-10563.25,6673,-85
12,shock_up,G03,GVWY,-6692.3,6632,14
12,shock_up,G04,GVWY,-7759.55,6633,69
12,shock_up,Z05,ZIC,3180.25,473,225
12,shock_up,Z06,ZIC,2285.25,537,305
12,shock_up,Z07,ZIC,2694.5,492,310
12,shock_up,Z08,ZIC,2720.05,573,241
12,shock_up,Z09,ZIC,2137.55,543,251
12,shock_up,S10,SHVR,-6386.4,6052,-28
12,shock_up,S11,SHVR,-5813.75,6073,-15
12,shock_up,S12,SHVR,-6213.7,6088,-94
12,shock_up,S13,SHVR,-6482.3,6004,134
12,shock_up,S14,SHVR,-3356.65,6101,127
12,shock_up,S15,SNPR,-1737.9,1288,42
12,shock_up,S16,SNPR,-966.6,1296,28
12,shock_up,S17,SNPR,-1283.2,1296,-24
12,shock_up,S18,SNPR,-1419.7,1290,86
12,shock_up,S19,SNPR,-1399.95,1297,21
12,shock_up,Z20,ZIP,7182.4,3664,-472
12,shock_up,Z21,ZIP,1594.35,3737,-1133
12,shock_up,Z22,ZIP,8706.45,3525,-211
12,shock_up,Z23,ZIP,4377.35,3719,-933
12,shock_up,Z24,ZIP,7127.1,3622,-158
12,shock_up,P25,PRSH,3183.95,639,319
12,shock_up,P26,PRSH,4872.45,1283,569
12,shock_up,P27,PRSH,1564.55,207,131
12,shock_up,P28,PRSH,2160.05,221,181
12,shock_up,P29,PRSH,2243.0,286,220
12,shock_up,C30,CUSTOM,4799.5,4846,-10
12,shock_up,C31,CUSTOM,6744.15,4739,-17
12,shock_up,C32,CUSTOM,4157.9,4684,-22
12,shock_up,C33,CUSTOM,6420.85,4715,17
12,shock_up,C34,CUSTOM,5350.3,4760,6
13,shock_up,G00,GVWY,-9187.3,6691,-29
13,shock_up,G01,GVWY,-11832.5,6657,-165
13,shock_up,G02,GVWY,-10672.2,6698,124
13,shock_up,G03,GVWY,-9645.3,6709,-149
13,shock_up,G04,GVWY,-12321.5,6739,-245
13,shock_up,Z05,ZIC,3786.6,490,248
13,shock_up,Z06,ZIC,3776.3,475,229
13,shock_up,Z07,ZIC,4135.0,470,250
13,shock_up,Z08,ZIC,3630.3,515,209
13,shock_up,Z09,ZIC,3302.6,480,208
13,shock_up,S10,SHVR,-6867.5,6107,-155
13,shock_up,S11,SHVR,-7962.9,6133,-47
13,shock_up,S12,SHVR,-2372.8,6080,-44
13,shock_up,S13,SHVR,-6982.3,6189,-89
13,shock_up,S14,SHVR,-7873.5,6141,-5
13,shock_up,S15,SNPR,-1003.3,1313,-49
13,shock_up,S16,SNPR,-1732.5,1323,35
13,shock_up,S17,SNPR,-1216.9,1315,43
13,shock_up,S18,SNPR,-1262.6,1316,32
13,shock_up,S19,SNPR,-1106.5,1323,55
13,shock_up,Z20,ZIP,4953.5,3609,-325
13,shock_up,Z21,ZIP,7012.5,3699,-115
13,shock_up,Z22,ZIP,-3838.1,3711,-1163
13,shock_up,Z23,ZIP,-5459.1,3743,-1203
13,shock_up,Z24,ZIP,4200.1,3645,-377
13,shock_up,P25,PRSH,3719.0,578,250
13,shock_up,P26,PRSH,10065.9,3517,887
13,shock_up,P27,PRSH,10969.5,2007,745
13,shock_up,P28,PRSH,2357.7,175,121
13,shock_up,P29,PRSH,12881.3,1911,799
13,shock_up,C30,CUSTOM,5223.1,4713,-37
13,shock_up,C31,CUSTOM,5372.1,4673,-27
13,shock_up,C32,CUSTOM,5070.5,4627,-25
13,shock_up,C33,CUSTOM,5709.9,4757,-23
13,shock_up,C34,CUSTOM,4732.2,4746,-24
14,shock_up,G00,GVWY,-10738.8,6668,12
14,shock_up,G01,GVWY,-13366.2,6628,-152
14,shock_up,G02,GVWY,-10923.7,6641,-27
14,shock_up,G03,GVWY,-9453.4,6644,-34
14,shock_up,G04,GVWY,-13060.1,6643,-181
14,shock_up,Z05,ZIC,3264.3,473,263
14,shock_up,Z06,ZIC,3412.2,488,202
14,shock_up,Z07,ZIC,3295.0,528,230
14,shock_up,Z08,ZIC,3803.7,489,237
14,shock_up,Z09,ZIC,4516.7,585,307
14,shock_up,S10,SHVR,-4658.3,5971,-33
14,shock_up,S11,SHVR,-3639.9,5965,-9
14,shock_up,S12,SHVR,-5439.0,6102,0
14,shock_up,S13,SHVR,-7269.6,6098,-96
14,shock_up,S14,SHVR,-2396.2,6018,-2
14,shock_up,S15,SNPR,-1482.1,1293,-31
14,shock_up,S16,SNPR,-1234.4,1304,-84
14,shock_up,S17,SNPR,-1363.7,1293,-77
14,shock_up,S18,SNPR,-1358.5,1293,15
14,shock_up,S19,SNPR,-1861.3,1309,-53
14,shock_up,Z20,ZIP,4819.4,3716,-276
14,shock_up,Z21,ZIP,2962.6,3810,-464
14,shock_up,Z22,ZIP,7024.4,3678,-216
14,shock_up,Z23,ZIP,5270.0,3654,-290
14,shock_up,Z24,ZIP,322.2,3766,-608
14,shock_up,P25,PRSH,2440.9,175,139
14,shock_up,P26,PRSH,3640.2,616,222
14,shock_up,P27,PRSH,6220.4,780,404
14,shock_up,P28,PRSH,8960.3,1175,503
14,shock_up,P29,PRSH,2778.4,190,134
14,shock_up,C30,CUSTOM,5345.6,4678,-4
14,shock_up,C31,CUSTOM,4868.2,4728,-18
14,shock_up,C32,CUSTOM,5750.2,4744,-18
14,shock_up,C33,CUSTOM,5577.7,4779,7
14,shock_up,C34,CUSTOM,3941.6,4824,-24
15,shock_up,G00,GVWY,-9816.15,6691,-37
15,shock_up,G01,GVWY,-8957.15,6661,-77
15,shock_up,G02,GVWY,-9110.6,6684,92
15,shock_up,G03,GVWY,-13183.45,6675,-291
15,shock_up,G04,GVWY,-12211.75,6699,-225
15,shock_up,Z05,ZIC,3012.25,509,195
15,shock_up,Z06,ZIC,3483.6,518,288
15,shock_up,Z07,ZIC,3807.9,514,262
15,shock_up,Z08,ZIC,3935.7,556,266
15,shock_up,Z09,ZIC,2883.95,481,181
15,shock_up,S10,SHVR,-8850.5,6040,-110
15,shock_up,S11,SHVR,-3482.05,6113,1
15,shock_up,S12,SHVR,-3690.85,6097,97
15,shock_up,S13,SHVR,-2170.5,6096,-70
15,shock_up,S14,SHVR,-5178.65,6091,-127
15,shock_up,S15,SNPR,-1411.85,1323,-63
15,shock_up,S16,SNPR,-1653.85,1331,-23
15,shock_up,S17,SNPR,-1489.15,1303,-57
15,shock_up,S18,SNPR,-1013.65,1331,73
15,shock_up,S19,SNPR,-1279.5,1306,-30
15,shock_up,Z20,ZIP,-2602.1,3696,-898
15,shock_up,Z21,ZIP,5584.8,3510,-196
15,shock_up,Z22,ZIP,680.0,3732,-620
15,shock_up,Z23,ZIP,5244.0,3720,-320
15,shock_up,Z24,ZIP,3451.7,3642,-334
15,shock_up,P25,PRSH,2842.75,213,165
15,shock_up,P26,PRSH,7661.05,1351,599
15,shock_up,P27,PRSH,2825.55,221,149
15,shock_up,P28,PRSH,9330.65,2535,727
15,shock_up,P29,PRSH,3918.15,601,377
15,shock_up,C30,CUSTOM,5544.15,4773,-3
15,shock_up,C31,CUSTOM,5025.3,4770,-26
15,shock_up,C32,CUSTOM,5359.9,4604,-18
15,shock_up,C33,CUSTOM,5439.45,4749,-29
15,shock_up,C34,CUSTOM,6013.2,4764,-4
16,shock_up,G00,GVWY,-9706.2,6665,-19
16,shock_up,G01,GVWY,-7938.2,6666,106
16,shock_up,G02,GVWY,-9219.2,6674,56
16,shock_up,G03,GVWY,-7670.4,6684,132
16,shock_up,G04,GVWY,-10473.2,6694,-14
16,shock_up,Z05,ZIC,4297.0,505,285
16,shock_up,Z06,ZIC,3648.8,530,266
16,shock_up,Z07,ZIC,5690.4,556,298
16,shock_up,Z08,ZIC,4616.4,521,243
16,shock_up,Z09,ZIC,4575.2,477,269
16,shock_up,S10,SHVR,-5471.0,6008,0
16,shock_up,S11,SHVR,-5567.4,6057,27
16,shock_up,S12,SHVR,-8096.8,6060,-66
16,shock_up,S13,SHVR,-5489.6,6009,83
16,shock_up,S14,SHVR,-4917.0,6041,-5
16,shock_up,S15,SNPR,-854.6,1305,113
16,shock_up,S16,SNPR,-1896.4,1293,-83
16,shock_up,S17,SNPR,-1249.2,1288,-24
16,shock_up,S18,SNPR,-1226.8,1311,-41
16,shock_up,S19,SNPR,-1259.6,1297,-17
16,shock_up,Z20,ZIP,225.2,3631,-631
16,shock_up,Z21,ZIP,-334.2,3798,-674
16,shock_up,Z22,ZIP,5162.8,3601,-349
16,shock_up,Z23,ZIP,-3196.0,3646,-1010
16,shock_up,Z24,ZIP,1452.8,3703,-509
16,shock_up,P25,PRSH,3091.2,203,149
16,shock_up,P26,PRSH,7785.6,851,437
16,shock_up,P27,PRSH,5332.2,587,319
16,shock_up,P28,PRSH,7522.4,1737,513
16,shock_up,P29,PRSH,3518.0,260,200
16,shock_up,C30,CUSTOM,5719.6,4706,-18
16,shock_up,C31,CUSTOM,4863.6,4719,-13
16,shock_up,C32,CUSTOM,5722.8,4763,-9
16,shock_up,C33,CUSTOM,5246.8,4635,-9
16,shock_up,C34,CUSTOM,6264.4,4686,-2
17,shock_up,G00,GVWY,-8855.0,6652,10
17,shock_up,G01,GVWY,-13240.6,6679,-133
17,shock_up,G02,GVWY,-11536.2,6635,-211
17,shock_up,G03,GVWY,-13088.8,6679,-179
17,shock_up,G04,GVWY,-11672.0,6659,-35
17,shock_up,Z05,ZIC,3457.8,494,184
17,shock_up,Z06,ZIC,3863.4,488,192
17,shock_up,Z07,ZIC,4028.2,509,191
17,shock_up,Z08,ZIC,3795.0,487,205
17,shock_up,Z09,ZIC,4963.2,496,246
17,shock_up,S10,SHVR,-4265.2,6036,-56
17,shock_up,S11,SHVR,-8270.2,6095,-111
17,shock_up,S12,SHVR,-8055.2,6031,-101
17,shock_up,S13,SHVR,-5990.6,6092,-28
17,shock_up,S14,SHVR,-6247.6,6077,-133
17,shock_up,S15,SNPR,-1214.8,1299,-29
17,shock_up,S16,SNPR,-818.4,1296,38
17,shock_up,S17,SNPR,-835.0,1305,15
17,shock_up,S18,SNPR,-1037.4,1326,28
17,shock_up,S19,SNPR,-1639.4,1320,48
17,shock_up,Z20,ZIP,1893.8,3676,-336
17,shock_up,Z21,ZIP,4281.6,3771,-317
17,shock_up,Z22,ZIP,2414.8,3676,-516
17,shock_up,Z23,ZIP,3817.8,3690,-246
17,shock_up,Z24,ZIP,469.4,3666,-608
17,shock_up,P25,PRSH,2987.4,209,157
17,shock_up,P26,PRSH,15133.0,2206,910
17,shock_up,P27,PRSH,4697.8,654,264
17,shock_up,P28,PRSH,6921.0,590,300
17,shock_up,P29,PRSH,6161.2,785,341
17,shock_up,C30,CUSTOM,6223.8,4733,-31
17,shock_up,C31,CUSTOM,6162.4,4739,-23
17,shock_up,C32,CUSTOM,4831.8,4765,-11
17,shock_up,C33,CUSTOM,5871.4,4814,-28
17,shock_up,C34,CUSTOM,4748.4,4681,-23
18,shock_up,G00,GVWY,-5556.75,6627,71
18,shock_up,G01,GVWY,-15484.25,6647,-479
18,shock_up,G02,GVWY,-7757.5,6638,-94
18,shock_up,G03,GVWY,-12183.5,6628,-242
18,shock_up,G04,GVWY,-12158.75,6639,-181
18,shock_up,Z05,ZIC,3339.75,515,217
18,shock_up,Z06,ZIC,3102.0,484,212
18,shock_up,Z07,ZIC,4125.75,529,241
18,shock_up,Z08,ZIC,4200.5,496,182
18,shock_up,Z09,ZIC,3818.5,462,158
18,shock_up,S10,SHVR,-7679.0,6048,-124
18,shock_up,S11,SHVR,-5951.25,6067,-131
18,shock_up,S12,SHVR,-6865.75,6023,-105
18,shock_up,S13,SHVR,-7923.75,6051,15
18,shock_up,S14,SHVR,-4007.5,6016,-126
18,shock_up,S15,SNPR,-1314.0,1310,-68
18,shock_up,S16,SNPR,-2077.75,1317,-49
18,shock_up,S17,SNPR,-1431.5,1302,-26
18,shock_up,S18,SNPR,-1024.5,1318,6
18,shock_up,S19,SNPR,-1145.75,1293,-45
18,shock_up,Z20,ZIP,7367.5,3552,-22
18,shock_up,Z21,ZIP,4227.0,3604,-272
18,shock_up,Z22,ZIP,1471.0,3680,-288
18,shock_up,Z23,ZIP,522.75,3579,-623
18,shock_up,Z24,ZIP,4034.0,3688,-212
18,shock_up,P25,PRSH,3805.75,301,173
18,shock_up,P26,PRSH,10709.25,2887,643
18,shock_up,P27,PRSH,1771.25,163,107
18,shock_up,P28,PRSH,11032.75,2869,789
18,shock_up,P29,PRSH,5189.25,773,275
18,shock_up,C30,CUSTOM,4205.25,4671,-5
18,shock_up,C31,CUSTOM,3879.0,4648,4
18,shock_up,C32,CUSTOM,5177.75,4695,-7
18,shock_up,C33,CUSTOM,5124.0,4700,-24
18,shock_up,C34,CUSTOM,5239.25,4681,-37
19,shock_up,G00,GVWY,-7667.75,6677,85
19,shock_up,G01,GVWY,-9475.25,6677,55
19,shock_up,G02,GVWY,-10915.1,6608,-166
19,shock_up,G03,GVWY,-10898.4,6642,-104
19,shock_up,G04,GVWY,-11117.3,6656,-198
19,shock_up,Z05,ZIC,2053.35,481,211
19,shock_up,Z06,ZIC,1795.85,493,241
19,shock_up,Z07,ZIC,3598.25,553,245
19,shock_up,Z08,ZIC,2182.55,591,263
19,shock_up,Z09,ZIC,2320.7,488,262
19,shock_up,S10,SHVR,-7994.75,6031,-155
19,shock_up,S11,SHVR,-6896.75,6013,-35
19,shock_up,S12,SHVR,-7944.5,6028,110
19,shock_up,S13,SHVR,-4888.6,6042,-56
19,shock_up,S14,SHVR,-6323.85,6005,-81
19,shock_up,S15,SNPR,-633.05,1297,-73
19,shock_up,S16,SNPR,-1639.6,1286,44
19,shock_up,S17,SNPR,-970.35,1289,29
19,shock_up,S18,SNPR,-1021.9,1284,26
19,shock_up,S19,SNPR,-1427.45,1287,-37
19,shock_up,Z20,ZIP,7131.9,3694,-406
19,shock_up,Z21,ZIP,5873.6,3662,-204
19,shock_up,Z22,ZIP,9419.5,3580,-150
19,shock_up,Z23,ZIP,6817.45,3717,-263
19,shock_up,Z24,ZIP,3483.75,3655,-965
19,shock_up,P25,PRSH,2691.45,237,197
19,shock_up,P26,PRSH,2226.8,206,148
19,shock_up,P27,PRSH,2580.9,482,254
19,shock_up,P28,PRSH,4837.1,914,446
19,shock_up,P29,PRSH,3174.05,461,253
19,shock_up,C30,CUSTOM,6252.7,4740,2
19,shock_up,C31,CUSTOM,5254.1,4792,6
19,shock_up,C32,CUSTOM,5984.9,4868,14
19,shock_up,C33,CUSTOM,5763.55,4787,3
19,shock_up,C34,CUSTOM,6784.95,4803,27
20,shock_up,G00,GVWY,-10255.0,6683,5
20,shock_up,G01,GVWY,-11268.0,6688,-54
20,shock_up,G02,GVWY,-8989.0,6653,-63
20,shock_up,G03,GVWY,-11239.0,6675,187
20,shock_up,G04,GVWY,-12380.0,6681,-77
20,shock_up,Z05,ZIC,4072.0,511,319
20,shock_up,Z06,ZIC,4099.0,627,337
20,shock_up,Z07,ZIC,3280.0,558,256
20,shock_up,Z08,ZIC,3316.0,567,305
20,shock_up,Z09,ZIC,3899.0,629,281
20,shock_up,S10,SHVR,-5857.0,6128,-40
20,shock_up,S11,SHVR,-4803.0,6037,-123
20,shock_up,S12,SHVR,-6396.0,6073,-3
20,shock_up,S13,SHVR,-7765.0,6113,-13
20,shock_up,S14,SHVR,-3556.0,6106,234
20,shock_up,S15,SNPR,-840.0,1308,-46
20,shock_up,S16,SNPR,-1001.0,1285,-61
20,shock_up,S17,SNPR,-860.0,1306,-4
20,shock_up,S18,SNPR,-1380.0,1305,31
20,shock_up,S19,SNPR,-1678.0,1317,-5
20,shock_up,Z20,ZIP,-2471.0,3726,-1346
20,shock_up,Z21,ZIP,1996.0,3607,-1131
20,shock_up,Z22,ZIP,6565.0,3546,-320
20,shock_up,Z23,ZIP,5630.0,3628,-400
20,shock_up,Z24,ZIP,2103.0,3639,-947
20,shock_up,P25,PRSH,4332.0,759,423
20,shock_up,P26,PRSH,10491.0,3826,836
20,shock_up,P27,PRSH,6544.0,4506,876
20,shock_up,P28,PRSH,2547.0,319,233
20,shock_up,P29,PRSH,3904.0,732,328
20,shock_up,C30,CUSTOM,4949.0,4780,10
20,shock_up,C31,CUSTOM,5854.0,4745,7
20,shock_up,C32,CUSTOM,5149.0,4835,-15
20,shock_up,C33,CUSTOM,5555.0,4732,12
20,shock_up,C34,CUSTOM,6155.0,4824,-4
21,shock_up,G00,GVWY,-13610.85,6659,-269
21,shock_up,G01,GVWY,-15443.95,6649,-183
21,shock_up,G02,GVWY,-13210.15,6589,-231
21,shock_up,G03,GVWY,-12549.95,6645,-103
21,shock_up,G04,GVWY,-9929.45,6663,-173
21,shock_up,Z05,ZIC,4759.75,495,275
21,shock_up,Z06,ZIC,3516.25,505,205
21,shock_up,Z07,ZIC,4236.2,506,208
21,shock_up,Z08,ZIC,4250.3,532,202
21,shock_up,Z09,ZIC,4229.7,528,218
21,shock_up,S10,SHVR,-4732.9,6020,14
21,shock_up,S11,SHVR,-6329.95,6053,-103
21,shock_up,S12,SHVR,-5742.2,6002,72
21,shock_up,S13,SHVR,-9641.55,6061,-87
21,shock_up,S14,SHVR,-6492.05,6037,-57
21,shock_up,S15,SNPR,-1368.95,1293,17
21,shock_up,S16,SNPR,-1092.8,1294,68
21,shock_up,S17,SNPR,-1744.65,1287,-41
21,shock_up,S18,SNPR,-1161.9,1306,-46
21,shock_up,S19,SNPR,-1604.45,1285,-73
21,shock_up,Z20,ZIP,4733.2,3690,-252
21,shock_up,Z21,ZIP,5867.3,3576,-178
21,shock_up,Z22,ZIP,2899.4,3584,-504
21,shock_up,Z23,ZIP,7150.95,3613,-177
21,shock_up,Z24,ZIP,5793.75,3555,-225
21,shock_up,P25,PRSH,7054.75,775,355
21,shock_up,P26,PRSH,3309.4,236,156
21,shock_up,P27,PRSH,5774.55,651,347
21,shock_up,P28,PRSH,8954.75,1173,475
21,shock_up,P29,PRSH,3051.35,191,139
21,shock_up,C30,CUSTOM,4976.3,4796,-18
21,shock_up,C31,CUSTOM,4427.15,4759,-29
21,shock_up,C32,CUSTOM,6162.8,4710,-28
21,shock_up,C33,CUSTOM,5838.6,4678,-16
21,shock_up,C34,CUSTOM,6848.35,4749,-21
22,shock_up,G00,GVWY,-6905.5,6626,210
22,shock_up,G01,GVWY,-10411.9,6690,142
22,shock_up,G02,GVWY,-10107.4,6644,-28
22,shock_up,G03,GVWY,-10905.65,6675,-153
22,shock_up,G04,GVWY,-7978.35,6669,-7
22,shock_up,Z05,ZIC,3398.15,529,283
22,shock_up,Z06,ZIC,3645.75,515,255
22,shock_up,Z07,ZIC,2930.85,523,277
22,shock_up,Z08,ZIC,3478.3,574,226
22,shock_up,Z09,ZIC,2748.3,562,266
22,shock_up,S10,SHVR,-6171.25,6109,-105
22,shock_up,S11,SHVR,-4932.4,6084,-48
22,shock_up,S12,SHVR,-5005.35,6059,13
22,shock_up,S13,SHVR,-10673.55,6109,-151
22,shock_up,S14,SHVR,-5663.15,6063,-103
22,shock_up,S15,SNPR,-1357.55,1303,-51
22,shock_up,S16,SNPR,-1290.5,1288,-10
22,shock_up,S17,SNPR,-1447.25,1323,15
22,shock_up,S18,SNPR,-1036.8,1314,64
22,shock_up,S19,SNPR,-1357.0,1316,-120
22,shock_up,Z20,ZIP,4272.85,3797,-303
22,shock_up,Z21,ZIP,5260.25,3537,-315
22,shock_up,Z22,ZIP,543.9,3648,-682
22,shock_up,Z23,ZIP,-2296.55,3771,-1191
22,shock_up,Z24,ZIP,4135.25,3759,-475
22,shock_up,P25,PRSH,4551.6,736,352
22,shock_up,P26,PRSH,8411.85,2035,677
22,shock_up,P27,PRSH,5191.9,848,418
22,shock_up,P28,PRSH,4587.6,746,332
22,shock_up,P29,PRSH,3343.15,247,203
22,shock_up,C30,CUSTOM,6905.55,4639,-9
22,shock_up,C31,CUSTOM,5234.25,4791,-15
22,shock_up,C32,CUSTOM,6696.95,4711,-21
22,shock_up,C33,CUSTOM,5833.0,4818,0
22,shock_up,C34,CUSTOM,6255.5,4798,10
23,shock_up,G00,GVWY,-12512.9,6709,-173
23,shock_up,G01,GVWY,-8715.1,6719,53
23,shock_up,G02,GVWY,-11047.3,6685,-81
23,shock_up,G03,GVWY,-12333.2,6672,-124
23,shock_up,G04,GVWY,-16678.2,6684,-184
23,shock_up,Z05,ZIC,5302.8,560,226
23,shock_up,Z06,ZIC,4212.9,485,253
23,shock_up,Z07,ZIC,4312.9,497,243
23,shock_up,Z08,ZIC,4109.6,512,192
23,shock_up,Z09,ZIC,4250.4,536,238
23,shock_up,S10,SHVR,-7694.0,6062,-40
23,shock_up,S11,SHVR,-5784.5,6067,5
23,shock_up,S12,SHVR,-7764.8,6134,-56
23,shock_up,S13,SHVR,-6042.4,6118,32
23,shock_up,S14,SHVR,-7184.9,6105,-63
23,shock_up,S15,SNPR,-815.8,1292,4
23,shock_up,S16,SNPR,-1292.7,1329,11
23,shock_up,S17,SNPR,-984.9,1323,-3
23,shock_up,S18,SNPR,-1575.3,1313,19
23,shock_up,S19,SNPR,-1423.0,1310,20
23,shock_up,Z20,ZIP,4412.8,3752,-404
23,shock_up,Z21,ZIP,4749.6,3688,-268
23,shock_up,Z22,ZIP,5126.6,3696,-238
23,shock_up,Z23,ZIP,-3027.6,3706,-842
23,shock_up,Z24,ZIP,-7594.4,3764,-1178
23,shock_up,P25,PRSH,15727.9,3157,863
23,shock_up,P26,PRSH,6485.4,738,348
23,shock_up,P27,PRSH,3530.0,206,160
23,shock_up,P28,PRSH,3609.5,203,165
23,shock_up,P29,PRSH,14100.3,1929,791
23,shock_up,C30,CUSTOM,6292.8,4706,-4
23,shock_up,C31,CUSTOM,5304.8,4764,-14
23,shock_up,C32,CUSTOM,7550.1,4725,-23
23,shock_up,C33,CUSTOM,6337.0,4796,10
23,shock_up,C34,CUSTOM,6293.9,4701,3
24,shock_up,G00,GVWY,-9175.0,6636,-200
24,shock_up,G01,GVWY,-6646.9,6683,23
24,shock_up,G02,GVWY,-12094.9,6695,-277
24,shock_up,G03,GVWY,-10936.3,6711,-179
24,shock_up,G04,GVWY,-9943.8,6692,-274
24,shock_up,Z05,ZIC,2914.8,520,184
24,shock_up,Z06,ZIC,2500.9,511,227
24,shock_up,Z07,ZIC,2412.7,517,231
24,shock_up,Z08,ZIC,2504.4,496,262
24,shock_up,Z09,ZIC,2990.1,489,203
24,shock_up,S10,SHVR,-7310.4,6106,-162
24,shock_up,S11,SHVR,-6389.3,6089,-69
24,shock_up,S12,SHVR,-8404.3,6055,-229
24,shock_up,S13,SHVR,-6679.2,6108,-206
24,shock_up,S14,SHVR,-5793.2,6106,-136
24,shock_up,S15,SNPR,-873.9,1323,-57
24,shock_up,S16,SNPR,-1300.0,1306,-60
24,shock_up,S17,SNPR,-1229.7,1295,29
24,shock_up,S18,SNPR,-1329.8,1344,-34
24,shock_up,S19,SNPR,-1126.7,1311,19
24,shock_up,Z20,ZIP,3427.2,3758,-474
24,shock_up,Z21,ZIP,4811.2,3572,-284
24,shock_up,Z22,ZIP,6377.7,3585,-189
24,shock_up,Z23,ZIP,6154.0,3680,-280
24,shock_up,Z24,ZIP,6144.4,3730,-208
24,shock_up,P25,PRSH,8581.0,2658,820
24,shock_up,P26,PRSH,1301.5,163,115
24,shock_up,P27,PRSH,2949.1,431,183
24,shock_up,P28,PRSH,5240.2,3552,686
24,shock_up,P29,PRSH,5868.3,1055,439
24,shock_up,C30,CUSTOM,4986.1,4671,-47
24,shock_up,C31,CUSTOM,4088.3,4727,-21
24,shock_up,C32,CUSTOM,5742.1,4659,-47
24,shock_up,C33,CUSTOM,4873.4,4698,-8
24,shock_up,C34,CUSTOM,4667.1,4675,-7
25,shock_up,G00,GVWY,-13034.8,6706,-166
25,shock_up,G01,GVWY,-7896.6,6706,18
25,shock_up,G02,GVWY,-10157.9,6725,107
25,shock_up,G03,GVWY,-15530.5,6711,-95
25,shock_up,G04,GVWY,-6020.1,6643,113
25,shock_up,Z05,ZIC,5067.2,522,234
25,shock_up,Z06,ZIC,4883.4,534,248
25,shock_up,Z07,ZIC,5147.9,507,273
25,shock_up,Z08,ZIC,6033.6,508,272
25,shock_up,Z09,ZIC,6438.9,547,303
25,shock_up,S10,SHVR,-6959.3,6109,-31
25,shock_up,S11,SHVR,-6497.7,6041,-79
25,shock_up,S12,SHVR,-9439.3,6097,-81
25,shock_up,S13,SHVR,-8185.7,6059,-109
25,shock_up,S14,SHVR,-4101.3,6163,-41
25,shock_up,S15,SNPR,-1733.4,1304,12
25,shock_up,S16,SNPR,-1301.7,1313,21
25,shock_up,S17,SNPR,-599.5,1291,135
25,shock_up,S18,SNPR,-1426.7,1301,1
25,shock_up,S19,SNPR,-1344.0,1304,-10
25,shock_up,Z20,ZIP,5262.5,3767,-335
25,shock_up,Z21,ZIP,-1699.0,3636,-740
25,shock_up,Z22,ZIP,4824.3,3707,-279
25,shock_up,Z23,ZIP,-6822.0,3606,-830
25,shock_up,Z24,ZIP,-1252.7,3717,-609
25,shock_up,P25,PRSH,5429.8,272,226
25,shock_up,P26,PRSH,5766.1,527,287
25,shock_up,P27,PRSH,6473.8,634,296
25,shock_up,P28,PRSH,10921.4,1142,588
25,shock_up,P29,PRSH,5745.3,397,301
25,shock_up,C30,CUSTOM,5625.5,4737,-5
25,shock_up,C31,CUSTOM,5760.9,4729,-17
25,shock_up,C32,CUSTOM,7877.3,4701,-9
25,shock_up,C33,CUSTOM,5231.8,4670,-24
25,shock_up,C34,CUSTOM,7116.5,4793,-5
26,shock_up,G00,GVWY,-14599.9,6662,-182
26,shock_up,G01,GVWY,-8983.05,6641,-39
26,shock_up,G02,GVWY,-8179.65,6697,-347
26,shock_up,G03,GVWY,-11347.4,6658,-132
26,shock_up,G04,GVWY,-9951.95,6673,-181
26,shock_up,Z05,ZIC,1666.3,516,234
26,shock_up,Z06,ZIC,1062.5,532,250
26,shock_up,Z07,ZIC,872.4,518,252
26,shock_up,Z08,ZIC,1090.15,469,217
26,shock_up,Z09,ZIC,1006.6,504,248
26,shock_up,S10,SHVR,-1882.15,6061,143
26,shock_up,S11,SHVR,-4337.1,6052,-58
26,shock_up,S12,SHVR,-3946.7,6052,-86
26,shock_up,S13,SHVR,-6663.65,6051,13
26,shock_up,S14,SHVR,-5249.7,6106,-66
26,shock_up,S15,SNPR,436.5,1310,-150
26,shock_up,S16,SNPR,-2417.55,1327,51
26,shock_up,S17,SNPR,-1543.05,1301,-39
26,shock_up,S18,SNPR,-666.4,1302,-32
26,shock_up,S19,SNPR,-266.9,1310,-122
26,shock_up,Z20,ZIP,7363.1,3640,-42
26,shock_up,Z21,ZIP,7781.45,3663,-989
26,shock_up,Z22,ZIP,7672.05,3641,-101
26,shock_up,Z23,ZIP,6741.8,3638,-256
26,shock_up,Z24,ZIP,8120.05,3793,-281
26,shock_up,P25,PRSH,2103.35,3051,733
26,shock_up,P26,PRSH,795.4,224,132
26,shock_up,P27,PRSH,873.45,733,271
26,shock_up,P28,PRSH,1832.95,1179,481
26,shock_up,P29,PRSH,870.5,164,130
26,shock_up,C30,CUSTOM,6436.95,4777,-19
26,shock_up,C31,CUSTOM,5968.75,4739,-35
26,shock_up,C32,CUSTOM,5879.85,4679,-17
26,shock_up,C33,CUSTOM,6205.25,4735,-5
26,shock_up,C34,CUSTOM,5198.95,4679,1
27,shock_up,G00,GVWY,-15794.7,6663,-151
27,shock_up,G01,GVWY,-10988.3,6629,-219
27,shock_up,G02,GVWY,-9684.3,6647,-69
27,shock_up,G03,GVWY,-9181.1,6695,-83
27,shock_up,G04,GVWY,-15540.2,6664,-286
27,shock_up,Z05,ZIC,4799.6,546,288
27,shock_up,Z06,ZIC,3062.7,485,191
27,shock_up,Z07,ZIC,3893.6,524,258
27,shock_up,Z08,ZIC,3508.4,456,172
27,shock_up,Z09,ZIC,3740.7,467,231
27,shock_up,S10,SHVR,-9316.5,6073,-135
27,shock_up,S11,SHVR,-8187.9,6043,-287
27,shock_up,S12,SHVR,-3714.3,6003,131
27,shock_up,S13,SHVR,-3068.7,6061,-41
27,shock_up,S14,SHVR,-4626.8,6092,96
27,shock_up,S15,SNPR,-1553.7,1307,9
27,shock_up,S16,SNPR,-824.1,1309,-73
27,shock_up,S17,SNPR,-989.6,1298,-18
27,shock_up,S18,SNPR,-1244.0,1306,-50
27,shock_up,S19,SNPR,-1133.3,1313,-59
27,shock_up,Z20,ZIP,1205.6,3618,-752
27,shock_up,Z21,ZIP,5381.1,3573,-137
27,shock_up,Z22,ZIP,6732.1,3655,-147
27,shock_up,Z23,ZIP,3215.9,3743,-353
27,shock_up,Z24,ZIP,2311.5,3639,-275
27,shock_up,P25,PRSH,2884.4,250,172
27,shock_up,P26,PRSH,11744.8,1368,524
27,shock_up,P27,PRSH,2782.8,196,144
27,shock_up,P28,PRSH,10067.8,2630,744
27,shock_up,P29,PRSH,4236.0,448,210
27,shock_up,C30,CUSTOM,4711.3,4725,-21
27,shock_up,C31,CUSTOM,5717.3,4725,-1
27,shock_up,C32,CUSTOM,5240.5,4701,-15
27,shock_up,C33,CUSTOM,5926.2,4720,-34
27,shock_up,C34,CUSTOM,5594.9,4783,-3
28,shock_up,G00,GVWY,-7285.75,6595,63
28,shock_up,G01,GVWY,-11802.5,6596,-78
28,shock_up,G02,GVWY,-6897.25,6643,125
28,shock_up,G03,GVWY,-11439.75,6647,99
28,shock_up,G04,GVWY,-8457.0,6624,-56
28,shock_up,Z05,ZIC,2807.25,537,275
28,shock_up,Z06,ZIC,2635.25,575,291
28,shock_up,Z07,ZIC,3533.75,499,249
28,shock_up,Z08,ZIC,3353.0,518,220
28,shock_up,Z09,ZIC,2583.25,507,243
28,shock_up,S10,SHVR,-4872.0,5980,20
28,shock_up,S11,SHVR,-7003.5,6016,10
28,shock_up,S12,SHVR,-8816.0,6042,-104
28,shock_up,S13,SHVR,-4296.5,6012,-82
28,shock_up,S14,SHVR,-3342.5,5976,6
28,shock_up,S15,SNPR,-820.5,1290,14
28,shock_up,S16,SNPR,-1533.5,1296,102
28,shock_up,S17,SNPR,-1466.75,1327,67
28,shock_up,S18,SNPR,-1003.0,1284,8
28,shock_up,S19,SNPR,-1322.75,1287,-5
28,shock_up,Z20,ZIP,5621.25,3691,-341
28,shock_up,Z21,ZIP,6075.5,3608,-634
28,shock_up,Z22,ZIP,5927.75,3613,-283
28,shock_up,Z23,ZIP,6211.75,3603,-103
28,shock_up,Z24,ZIP,1008.75,3673,-1327
28,shock_up,P25,PRSH,5145.25,797,391
28,shock_up,P26,PRSH,2045.0,274,180
28,shock_up,P27,PRSH,2198.5,196,142
28,shock_up,P28,PRSH,4230.5,842,418
28,shock_up,P29,PRSH,2117.75,195,157
28,shock_up,C30,CUSTOM,5684.75,4815,-11
28,shock_up,C31,CUSTOM,5510.25,4775,-13
28,shock_up,C32,CUSTOM,4978.25,4833,-21
28,shock_up,C33,CUSTOM,4094.75,4925,-27
28,shock_up,C34,CUSTOM,5821.75,4833,-7
29,shock_up,G00,GVWY,-5578.8,6613,33
29,shock_up,G01,GVWY,-8658.4,6680,54
29,shock_up,G02,GVWY,-11343.0,6689,-205
29,shock_up,G03,GVWY,-12566.6,6641,-79
29,shock_up,G04,GVWY,-12484.0,6632,-170
29,shock_up,Z05,ZIC,4803.8,515,207
29,shock_up,Z06,ZIC,5323.2,496,248
29,shock_up,Z07,ZIC,4032.8,459,187
29,shock_up,Z08,ZIC,4270.8,528,212
29,shock_up,Z09,ZIC,5240.6,495,259
29,shock_up,S10,SHVR,-5122.6,6047,-49
29,shock_up,S11,SHVR,-3978.4,5988,34
29,shock_up,S12,SHVR,-5550.8,6023,-137
29,shock_up,S13,SHVR,-5442.2,6066,-28
29,shock_up,S14,SHVR,-9328.2,5984,-178
29,shock_up,S15,SNPR,-1001.4,1308,44
29,shock_up,S16,SNPR,-967.4,1298,-66
29,shock_up,S17,SNPR,-1835.4,1311,-31
29,shock_up,S18,SNPR,-1777.6,1324,-14
29,shock_up,S19,SNPR,-1776.0,1285,-85
29,shock_up,Z20,ZIP,1797.6,3676,-476
29,shock_up,Z21,ZIP,-4385.0,3632,-850
29,shock_up,Z22,ZIP,4753.0,3541,-245
29,shock_up,Z23,ZIP,3312.8,3686,-348
29,shock_up,Z24,ZIP,597.8,3638,-198
29,shock_up,P25,PRSH,9097.2,1249,663
29,shock_up,P26,PRSH,4188.6,577,199
29,shock_up,P27,PRSH,4988.0,630,300
29,shock_up,P28,PRSH,3036.0,174,130
29,shock_up,P29,PRSH,8692.4,2051,581
29,shock_up,C30,CUSTOM,6746.2,4622,-12
29,shock_up,C31,CUSTOM,5107.2,4684,-12
29,shock_up,C32,CUSTOM,5553.0,4701,-15
29,shock_up,C33,CUSTOM,4213.4,4817,-19
29,shock_up,C34,CUSTOM,5117.0,4709,-15
30,shock_up,G00,GVWY,-13605.1,6687,-33
30,shock_up,G01,GVWY,-10148.1,6675,-73
30,shock_up,G02,GVWY,-8828.5,6703,-105
30,shock_up,G03,GVWY,-6507.3,6679,141
30,shock_up,G04,GVWY,-8652.0,6682,-80
30,shock_up,Z05,ZIC,3514.1,583,243
30,shock_up,Z06,ZIC,4182.2,480,266
30,shock_up,Z07,ZIC,3276.0,502,240
30,shock_up,Z08,ZIC,4078.7,501,251
30,shock_up,Z09,ZIC,2638.2,496,206
30,shock_up,S10,SHVR,-6657.4,6074,48
30,shock_up,S11,SHVR,-4388.8,6004,-4
30,shock_up,S12,SHVR,-6195.1,6071,27
30,shock_up,S13,SHVR,-4611.5,6053,-5
30,shock_up,S14,SHVR,-4679.7,6117,99
30,shock_up,S15,SNPR,-1654.6,1318,82
30,shock_up,S16,SNPR,-1375.0,1308,-110
30,shock_up,S17,SNPR,-1085.4,1320,-12
30,shock_up,S18,SNPR,-1210.7,1285,29
30,shock_up,S19,SNPR,-1632.2,1312,44
30,shock_up,Z20,ZIP,4944.1,3699,-427
30,shock_up,Z21,ZIP,4598.6,3550,-222
30,shock_up,Z22,ZIP,1701.7,3677,-619
30,shock_up,Z23,ZIP,-918.7,3565,-1021
30,shock_up,Z24,ZIP,379.5,3725,-755
30,shock_up,P25,PRSH,3067.0,206,190
30,shock_up,P26,PRSH,5948.1,1905,653
30,shock_up,P27,PRSH,2597.4,200,162
30,shock_up,P28,PRSH,8753.9,1027,527
30,shock_up,P29,PRSH,3117.2,398,226
30,shock_up,C30,CUSTOM,5698.5,4801,-5
30,shock_up,C31,CUSTOM,5660.0,4750,-10
30,shock_up,C32,CUSTOM,5386.1,4733,3
30,shock_up,C33,CUSTOM,5928.8,4750,4
30,shock_up,C34,CUSTOM,5882.5,4885,-15
31,shock_up,G00,GVWY,-15718.4,6660,-372
31,shock_up,G01,GVWY,-10989.2,6676,-136
31,shock_up,G02,GVWY,-11961.6,6657,-83
31,shock_up,G03,GVWY,-10886.0,6647,-205
31,shock_up,G04,GVWY,-9234.8,6673,-89
31,shock_up,Z05,ZIC,4132.2,541,271
31,shock_up,Z06,ZIC,4420.8,457,249
31,shock_up,Z07,ZIC,4489.0,491,195
31,shock_up,Z08,ZIC,3910.2,491,221
31,shock_up,Z09,ZIC,3729.4,490,202
31,shock_up,S10,SHVR,-8121.8,6081,-119
31,shock_up,S11,SHVR,-9242.8,6030,-84
31,shock_up,S12,SHVR,-7334.0,6112,-120
31,shock_up,S13,SHVR,-5960.6,6079,-23
31,shock_up,S14,SHVR,-7822.0,6024,-60
31,shock_up,S15,SNPR,-1056.2,1296,-6
31,shock_up,S16,SNPR,-827.8,1324,26
31,shock_up,S17,SNPR,-1407.0,1299,15
31,shock_up,S18,SNPR,-1121.0,1318,-60
31,shock_up,S19,SNPR,-1431.4,1330,18
31,shock_up,Z20,ZIP,5154.6,3730,-382
31,shock_up,Z21,ZIP,3031.4,3791,-293
31,shock_up,Z22,ZIP,6241.8,3650,-156
31,shock_up,Z23,ZIP,5425.8,3575,-211
31,shock_up,Z24,ZIP,1766.2,3759,-669
31,shock_up,P25,PRSH,13975.8,1766,774
31,shock_up,P26,PRSH,2826.4,195,127
31,shock_up,P27,PRSH,9574.2,1331,551
31,shock_up,P28,PRSH,3368.0,311,165
31,shock_up,P29,PRSH,6377.6,635,313
31,shock_up,C30,CUSTOM,4563.6,4784,-32
31,shock_up,C31,CUSTOM,5317.8,4756,-16
31,shock_up,C32,CUSTOM,4840.8,4757,-11
31,shock_up,C33,CUSTOM,5603.0,4753,-15
31,shock_up,C34,CUSTOM,4503.2,4769,-19
32,shock_up,G00,GVWY,-8411.6,6730,168
32,shock_up,G01,GVWY,-10980.8,6650,64
32,shock_up,G02,GVWY,-4772.6,6676,78
32,shock_up,G03,GVWY,-10118.3,6675,49
32,shock_up,G04,GVWY,-10624.8,6696,-116
32,shock_up,Z05,ZIC,3688.7,523,309
32,shock_up,Z06,ZIC,2762.8,542,256
32,shock_up,Z07,ZIC,2820.6,514,262
32,shock_up,Z08,ZIC,2198.5,485,215
32,shock_up,Z09,ZIC,2903.1,541,247
32,shock_up,S10,SHVR,-5637.6,6146,38
32,shock_up,S11,SHVR,-4124.8,6120,-26
32,shock_up,S12,SHVR,-6594.6,6124,58
32,shock_up,S13,SHVR,-6384.3,6077,-41
32,shock_up,S14,SHVR,-6234.6,6052,18
32,shock_up,S15,SNPR,-1363.6,1328,88
32,shock_up,S16,SNPR,-1263.7,1323,-49
32,shock_up,S17,SNPR,-1157.2,1304,36
32,shock_up,S18,SNPR,-1343.2,1320,36
32,shock_up,S19,SNPR,-1372.7,1307,-39
32,shock_up,Z20,ZIP,1855.1,3663,-833
32,shock_up,Z21,ZIP,-359.7,3763,-1109
32,shock_up,Z22,ZIP,6132.3,3713,-839
32,shock_up,Z23,ZIP,600.7,3809,-1061
32,shock_up,Z24,ZIP,7951.8,3602,-144
32,shock_up,P25,PRSH,6293.3,1939,771
32,shock_up,P26,PRSH,2857.5,527,395
32,shock_up,P27,PRSH,4217.3,777,391
32,shock_up,P28,PRSH,3083.5,547,335
32,shock_up,P29,PRSH,3956.1,909,407
32,shock_up,C30,CUSTOM,6449.6,4624,2
32,shock_up,C31,CUSTOM,5974.5,4747,5
32,shock_up,C32,CUSTOM,5887.6,4740,-8
32,shock_up,C33,CUSTOM,5138.4,4690,-12
32,shock_up,C34,CUSTOM,5545.5,4727,5
33,shock_up,G00,GVWY,-7018.75,6677,107
33,shock_up,G01,GVWY,-8552.75,6707,43
33,shock_up,G02,GVWY,-12299.5,6698,-210
33,shock_up,G03,GVWY,-11833.0,6714,-44
33,shock_up,G04,GVWY,-12161.75,6649,-181
33,shock_up,Z05,ZIC,3244.5,536,254
33,shock_up,Z06,ZIC,3296.75,501,269
33,shock_up,Z07,ZIC,3466.25,529,251
33,shock_up,Z08,ZIC,3182.5,486,238
33,shock_up,Z09,ZIC,3007.75,481,269
33,shock_up,S10,SHVR,-6926.5,6082,-50
33,shock_up,S11,SHVR,-6739.25,6085,-179
33,shock_up,S12,SHVR,-6276.0,6104,64
33,shock_up,S13,SHVR,-7995.0,6136,-100
33,shock_up,S14,SHVR,-7737.75,6031,-45
33,shock_up,S15,SNPR,-1316.0,1312,36
33,shock_up,S16,SNPR,-1291.25,1313,17
33,shock_up,S17,SNPR,-1093.75,1319,31
33,shock_up,S18,SNPR,-1348.75,1323,-57
33,shock_up,S19,SNPR,-1599.0,1320,56
33,shock_up,Z20,ZIP,-4303.5,3740,-1382
33,shock_up,Z21,ZIP,3896.75,3571,-719
33,shock_up,Z22,ZIP,6555.25,3697,-133
33,shock_up,Z23,ZIP,4944.75,3655,-263
33,shock_up,Z24,ZIP,5362.5,3660,-362
33,shock_up,P25,PRSH,3927.25,243,207
33,shock_up,P26,PRSH,6349.75,1019,397
33,shock_up,P27,PRSH,2735.75,529,249
33,shock_up,P28,PRSH,7764.0,1236,544
33,shock_up,P29,PRSH,12211.25,2475,703
33,shock_up,C30,CUSTOM,6105.25,4715,-25
33,shock_up,C31,CUSTOM,5135.0,4716,-4
33,shock_up,C32,CUSTOM,6019.5,4684,-14
33,shock_up,C33,CUSTOM,6255.25,4793,-1
33,shock_up,C34,CUSTOM,4781.5,4796,-6
34,shock_up,G00,GVWY,-10649.95,6635,-251
34,shock_up,G01,GVWY,-7477.0,6668,100
34,shock_up,G02,GVWY,-11658.95,6665,-151
34,shock_up,G03,GVWY,-9804.4,6606,-92
34,shock_up,G04,GVWY,-6428.65,6631,203
34,shock_up,Z05,ZIC,4040.5,532,250
34,shock_up,Z06,ZIC,2235.2,466,216
34,shock_up,Z07,ZIC,4006.35,543,283
34,shock_up,Z08,ZIC,2944.75,517,235
34,shock_up,Z09,ZIC,4454.8,570,284
34,shock_up,S10,SHVR,-7565.0,5918,-20
34,shock_up,S11,SHVR,-5030.65,5989,103
34,shock_up,S12,SHVR,-8210.85,5971,-73
34,shock_up,S13,SHVR,-2671.0,5992,100
34,shock_up,S14,SHVR,-5926.65,5995,143
34,shock_up,S15,SNPR,-1539.3,1302,46
34,shock_up,S16,SNPR,-1467.25,1285,-25
34,shock_up,S17,SNPR,-991.55,1265,-39
34,shock_up,S18,SNPR,-1546.55,1291,-59
34,shock_up,S19,SNPR,-1294.4,1292,-32
34,shock_up,Z20,ZIP,5497.05,3527,-271
34,shock_up,Z21,ZIP,7357.7,3610,-94
34,shock_up,Z22,ZIP,3136.45,3563,-999
34,shock_up,Z23,ZIP,4405.45,3641,-599
34,shock_up,Z24,ZIP,4991.9,3696,-298
34,shock_up,P25,PRSH,2756.5,352,250
34,shock_up,P26,PRSH,4003.3,560,334
34,shock_up,P27,PRSH,2843.7,204,186
34,shock_up,P28,PRSH,1989.05,221,169
34,shock_up,P29,PRSH,2194.9,204,162
34,shock_up,C30,CUSTOM,5811.9,4822,2
34,shock_up,C31,CUSTOM,3897.85,4705,-7
34,shock_up,C32,CUSTOM,4633.2,4800,-4
34,shock_up,C33,CUSTOM,5508.05,4813,-11
34,shock_up,C34,CUSTOM,6350.55,4749,-1
35,shock_up,G00,GVWY,-12401.2,6650,-178
35,shock_up,G01,GVWY,-14280.7,6671,-253
35,shock_up,G02,GVWY,-7304.5,6687,65
35,shock_up,G03,GVWY,-8998.5,6657,155
35,shock_up,G04,GVWY,-14344.8,6622,-222
35,shock_up,Z05,ZIC,4056.1,573,209
35,shock_up,Z06,ZIC,4138.5,447,215
35,shock_up,Z07,ZIC,4662.3,511,227
35,shock_up,Z08,ZIC,4908.9,513,251
35,shock_up,Z09,ZIC,5671.4,556,276
35,shock_up,S10,SHVR,-3255.1,6023,101
35,shock_up,S11,SHVR,-7250.0,6044,10
35,shock_up,S12,SHVR,-3526.1,6049,-119
35,shock_up,S13,SHVR,-3774.9,5999,49
35,shock_up,S14,SHVR,-6598.1,6015,1
35,shock_up,S15,SNPR,-1780.2,1308,-38
35,shock_up,S16,SNPR,-2062.7,1297,-33
35,shock_up,S17,SNPR,-1642.1,1289,-49
35,shock_up,S18,SNPR,-1641.3,1281,-7
35,shock_up,S19,SNPR,-1585.2,1288,-38
35,shock_up,Z20,ZIP,-1413.2,3668,-528
35,shock_up,Z21,ZIP,951.0,3696,-370
35,shock_up,Z22,ZIP,550.7,3613,-437
35,shock_up,Z23,ZIP,-4516.8,3766,-792
35,shock_up,Z24,ZIP,449.9,3773,-369
35,shock_up,P25,PRSH,3205.5,193,135
35,shock_up,P26,PRSH,15995.1,2051,869
35,shock_up,P27,PRSH,5517.4,522,236
35,shock_up,P28,PRSH,8437.2,770,388
35,shock_up,P29,PRSH,4695.5,477,275
35,shock_up,C30,CUSTOM,7467.7,4803,-27
35,shock_up,C31,CUSTOM,6239.8,4724,-8
35,shock_up,C32,CUSTOM,5467.6,4678,4
35,shock_up,C33,CUSTOM,6962.3,4813,-43
35,shock_up,C34,CUSTOM,5234.6,4784,-26
36,shock_up,G00,GVWY,-10472.15,6631,23
36,shock_up,G01,GVWY,-12599.15,6671,-177
36,shock_up,G02,GVWY,-11295.35,6639,-33
36,shock_up,G03,GVWY,-11077.75,6695,-125
36,shock_up,G04,GVWY,-7574.25,6651,-95
36,shock_up,Z05,ZIC,2359.55,481,209
36,shock_up,Z06,ZIC,1535.3,540,234
36,shock_up,Z07,ZIC,2298.9,510,202
36,shock_up,Z08,ZIC,2381.0,520,300
36,shock_up,Z09,ZIC,2290.1,500,258
36,shock_up,S10,SHVR,-3977.55,6045,51
36,shock_up,S11,SHVR,-3478.75,6075,-145
36,shock_up,S12,SHVR,-5931.45,6097,-11
36,shock_up,S13,SHVR,-6213.25,6105,-75
36,shock_up,S14,SHVR,-6485.9,6098,58
36,shock_up,S15,SNPR,-1383.65,1315,-27
36,shock_up,S16,SNPR,-2055.2,1324,24
36,shock_up,S17,SNPR,-1707.7,1296,-46
36,shock_up,S18,SNPR,-1685.95,1321,119
36,shock_up,S19,SNPR,-1275.9,1304,18
36,shock_up,Z20,ZIP,8354.65,3727,-413
36,shock_up,Z21,ZIP,5774.9,3680,-558
36,shock_up,Z22,ZIP,6270.2,3618,-624
36,shock_up,Z23,ZIP,5292.6,3572,-192
36,shock_up,Z24,ZIP,5215.35,3637,-907
36,shock_up,P25,PRSH,3289.2,638,356
36,shock_up,P26,PRSH,2967.1,1016,378
36,shock_up,P27,PRSH,1184.7,192,166
36,shock_up,P28,PRSH,1588.35,605,253
36,shock_up,P29,PRSH,5904.45,2947,771
36,shock_up,C30,CUSTOM,5746.6,4766,-12
36,shock_up,C31,CUSTOM,5325.25,4703,-5
36,shock_up,C32,CUSTOM,7004.95,4771,-19
36,shock_up,C33,CUSTOM,6603.8,4692,4
36,shock_up,C34,CUSTOM,5701.05,4729,-1
37,shock_up,G00,GVWY,-7676.75,6647,25
37,shock_up,G01,GVWY,-10476.1,6696,-106
37,shock_up,G02,GVWY,-11207.45,6659,-77
37,shock_up,G03,GVWY,-12405.3,6658,-258
37,shock_up,G04,GVWY,-10347.25,6695,-25
37,shock_up,Z05,ZIC,5456.0,588,260
37,shock_up,Z06,ZIC,4092.15,477,219
37,shock_up,Z07,ZIC,4876.1,476,206
37,shock_up,Z08,ZIC,3936.25,505,225
37,shock_up,Z09,ZIC,4456.95,515,227
37,shock_up,S10,SHVR,-1711.75,6015,185
37,shock_up,S11,SHVR,-7368.05,6029,27
37,shock_up,S12,SHVR,-6835.3,6022,-118
37,shock_up,S13,SHVR,-5906.15,6069,41
37,shock_up,S14,SHVR,-9263.1,6076,94
37,shock_up,S15,SNPR,-1245.25,1325,-25
37,shock_up,S16,SNPR,-1091.7,1330,78
37,shock_up,S17,SNPR,-1569.35,1311,29
37,shock_up,S18,SNPR,-1292.45,1313,23
37,shock_up,S19,SNPR,-733.45,1301,63
37,shock_up,Z20,ZIP,-2351.4,3770,-924
37,shock_up,Z21,ZIP,6168.25,3607,-195
37,shock_up,Z22,ZIP,7677.05,3653,-87
37,shock_up,Z23,ZIP,4327.45,3595,-263
37,shock_up,Z24,ZIP,-2766.7,3638,-942
37,shock_up,P25,PRSH,9057.65,929,469
37,shock_up,P26,PRSH,2676.5,186,150
37,shock_up,P27,PRSH,4305.85,303,281
37,shock_up,P28,PRSH,5340.9,684,314
37,shock_up,P29,PRSH,3033.3,222,178
37,shock_up,C30,CUSTOM,4781.4,4788,-16
37,shock_up,C31,CUSTOM,6641.8,4740,-32
37,shock_up,C32,CUSTOM,6364.5,4824,-10
37,shock_up,C33,CUSTOM,5749.1,4846,-14
37,shock_up,C34,CUSTOM,5211.45,4745,-23
38,shock_up,G00,GVWY,-9836.55,6649,-49
38,shock_up,G01,GVWY,-10977.5,6694,-130
38,shock_up,G02,GVWY,-10051.05,6667,21
38,shock_up,G03,GVWY,-9362.6,6648,12
38,shock_up,G04,GVWY,-11511.65,6605,-7
38,shock_up,Z05,ZIC,6705.05,545,319
38,shock_up,Z06,ZIC,5706.3,534,254
38,shock_up,Z07,ZIC,5379.0,502,260
38,shock_up,Z08,ZIC,6239.25,585,295
38,shock_up,Z09,ZIC,5581.85,551,283
38,shock_up,S10,SHVR,-4322.3,6054,-54
38,shock_up,S11,SHVR,-6073.55,6013,-89
38,shock_up,S12,SHVR,-3458.5,6002,190
38,shock_up,S13,SHVR,-7042.6,6024,-168
38,shock_up,S14,SHVR,-6425.4,6082,88
38,shock_up,S15,SNPR,-1345.55,1309,11
38,shock_up,S16,SNPR,-763.55,1283,71
38,shock_up,S17,SNPR,-1633.6,1294,-8
38,shock_up,S18,SNPR,-1768.6,1312,-28
38,shock_up,S19,SNPR,-1642.75,1305,-25
38,shock_up,Z20,ZIP,-1227.15,3629,-557
38,shock_up,Z21,ZIP,4115.65,3697,-353
38,shock_up,Z22,ZIP,6892.3,3622,-126
38,shock_up,Z23,ZIP,-3928.5,3642,-790
38,shock_up,Z24,ZIP,-11914.15,3669,-1157
38,shock_up,P25,PRSH,13404.3,1390,594
38,shock_up,P26,PRSH,4576.75,241,205
38,shock_up,P27,PRSH,5272.65,437,247
38,shock_up,P28,PRSH,11516.1,1180,578
38,shock_up,P29,PRSH,3005.75,231,145
38,shock_up,C30,CUSTOM,5795.95,4711,1
38,shock_up,C31,CUSTOM,5182.2,4832,-24
38,shock_up,C32,CUSTOM,3966.25,4813,-5
38,shock_up,C33,CUSTOM,4508.7,4842,6
38,shock_up,C34,CUSTOM,5647.0,4804,0
39,shock_up,G00,GVWY,-12014.2,6591,-141
39,shock_up,G01,GVWY,-8118.0,6636,50
39,shock_up,G02,GVWY,-11603.4,6627,-47
39,shock_up,G03,GVWY,-5697.2,6577,-231
39,shock_up,G04,GVWY,-10533.8,6650,-204
39,shock_up,Z05,ZIC,1412.4,491,227
39,shock_up,Z06,ZIC,1444.6,505,193
39,shock_up,Z07,ZIC,1227.8,466,184
39,shock_up,Z08,ZIC,1783.4,563,227
39,shock_up,Z09,ZIC,1596.2,518,256
39,shock_up,S10,SHVR,-3007.2,5996,-56
39,shock_up,S11,SHVR,-5917.0,6007,-35
39,shock_up,S12,SHVR,-5373.0,6004,30
39,shock_up,S13,SHVR,-6248.0,6015,-45
39,shock_up,S14,SHVR,-8720.2,6022,-16
39,shock_up,S15,SNPR,-1627.4,1313,33
39,shock_up,S16,SNPR,-912.0,1306,-10
39,shock_up,S17,SNPR,-602.8,1283,-89
39,shock_up,S18,SNPR,-1846.6,1285,67
39,shock_up,S19,SNPR,-1017.4,1273,-27
39,shock_up,Z20,ZIP,8038.4,3770,-598
39,shock_up,Z21,ZIP,11559.4,3726,-148
39,shock_up,Z22,ZIP,9635.2,3541,-489
39,shock_up,Z23,ZIP,5486.8,3536,-136
39,shock_up,Z24,ZIP,9832.6,3740,-302
39,shock_up,P25,PRSH,876.6,317,153
39,shock_up,P26,PRSH,1487.8,198,144
39,shock_up,P27,PRSH,943.0,189,135
39,shock_up,P28,PRSH,660.2,2794,636
39,shock_up,P29,PRSH,1998.8,592,254
39,shock_up,C30,CUSTOM,4165.8,4752,4
39,shock_up,C31,CUSTOM,5400.8,4830,-16
39,shock_up,C32,CUSTOM,5006.8,4760,-26
39,shock_up,C33,CUSTOM,4977.2,4763,-9
39,shock_up,C34,CUSTOM,5500.2,4826,-4
40,shock_up,G00,GVWY,-13180.1,6669,33
40,shock_up,G01,GVWY,-10700.5,6675,-185
40,shock_up,G02,GVWY,-8481.9,6691,-213
40,shock_up,G03,GVWY,-13118.0,6652,-350
40,shock_up,G04,GVWY,-10140.4,6660,-198
40,shock_up,Z05,ZIC,2734.6,508,192
40,shock_up,Z06,ZIC,2617.9,489,203
40,shock_up,Z07,ZIC,2298.6,486,192
40,shock_up,Z08,ZIC,2675.1,551,207
40,shock_up,Z09,ZIC,2345.5,537,165
40,shock_up,S10,SHVR,-6342.9,6063,-23
40,shock_up,S11,SHVR,-4293.4,6040,202
40,shock_up,S12,SHVR,-6687.3,6019,-61
40,shock_up,S13,SHVR,-5619.8,6090,-76
40,shock_up,S14,SHVR,-6273.8,6068,-26
40,shock_up,S15,SNPR,-1515.9,1305,27
40,shock_up,S16,SNPR,-766.4,1316,-78
40,shock_up,S17,SNPR,-682.4,1316,-98
40,shock_up,S18,SNPR,-1332.5,1297,25
40,shock_up,S19,SNPR,-1091.6,1286,-22
40,shock_up,Z20,ZIP,5987.0,3836,-460
40,shock_up,Z21,ZIP,4308.8,3778,-214
40,shock_up,Z22,ZIP,6139.0,3672,-330
40,shock_up,Z23,ZIP,9041.0,3742,-60
40,shock_up,Z24,ZIP,5746.9,3671,-397
40,shock_up,P25,PRSH,3726.6,242,212
40,shock_up,P26,PRSH,7995.0,1548,550
40,shock_up,P27,PRSH,2509.0,646,340
40,shock_up,P28,PRSH,2163.4,218,168
40,shock_up,P29,PRSH,2332.5,843,365
40,shock_up,C30,CUSTOM,6467.2,4638,-36
40,shock_up,C31,CUSTOM,5083.0,4824,-10
40,shock_up,C32,CUSTOM,6121.2,4782,-36
40,shock_up,C33,CUSTOM,5277.5,4747,-25
40,shock_up,C34,CUSTOM,5207.3,4795,-19
41,shock_up,G00,GVWY,-10477.35,6693,-47
41,shock_up,G01,GVWY,-14062.45,6655,-509
41,shock_up,G02,GVWY,-10189.15,6705,-103
41,shock_up,G03,GVWY,-7971.5,6672,-70
41,shock_up,G04,GVWY,-12951.35,6711,-47
41,shock_up,Z05,ZIC,3301.95,479,219
41,shock_up,Z06,ZIC,3862.15,519,263
41,shock_up,Z07,ZIC,2927.65,531,213
41,shock_up,Z08,ZIC,3164.75,499,215
41,shock_up,Z09,ZIC,3010.7,460,214
41,shock_up,S10,SHVR,-6287.65,6175,127
41,shock_up,S11,SHVR,-2909.9,6172,102
41,shock_up,S12,SHVR,-6976.7,6120,-354
41,shock_up,S13,SHVR,-4990.1,6106,-2
41,shock_up,S14,SHVR,-5619.65,6221,-73
41,shock_up,S15,SNPR,-1378.05,1321,-41
41,shock_up,S16,SNPR,-1676.65,1327,-33
41,shock_up,S17,SNPR,-1412.35,1333,73
41,shock_up,S18,SNPR,-1348.65,1327,7
41,shock_up,S19,SNPR,-1213.3,1324,14
41,shock_up,Z20,ZIP,4205.7,3734,-326
41,shock_up,Z21,ZIP,2284.75,3705,-485
41,shock_up,Z22,ZIP,234.75,3659,-805
41,shock_up,Z23,ZIP,3215.05,3669,-359
41,shock_up,Z24,ZIP,4431.5,3844,-470
41,shock_up,P25,PRSH,6286.8,1232,476
41,shock_up,P26,PRSH,2091.35,179,107
41,shock_up,P27,PRSH,9457.8,4218,636
41,shock_up,P28,PRSH,10947.05,3681,641
41,shock_up,P29,PRSH,1796.25,5199,505
41,shock_up,C30,CUSTOM,5702.05,4731,-19
41,shock_up,C31,CUSTOM,5990.65,4771,-27
41,shock_up,C32,CUSTOM,5023.7,4710,-26
41,shock_up,C33,CUSTOM,5325.5,4800,-10
41,shock_up,C34,CUSTOM,5286.6,4654,-28
42,shock_up,G00,GVWY,-15466.9,6659,-169
42,shock_up,G01,GVWY,-16631.0,6664,-400
42,shock_up,G02,GVWY,-10802.7,6671,33
42,shock_up,G03,GVWY,-8080.4,6634,166
42,shock_up,G04,GVWY,-6753.3,6695,97
42,shock_up,Z05,ZIC,3690.0,480,250
42,shock_up,Z06,ZIC,3631.1,505,221
42,shock_up,Z07,ZIC,3159.3,485,233
42,shock_up,Z08,ZIC,4197.0,486,210
42,shock_up,Z09,ZIC,3361.5,497,235
42,shock_up,S10,SHVR,-4169.9,6091,-69
42,shock_up,S11,SHVR,-6699.4,6120,-164
42,shock_up,S12,SHVR,-3236.9,6101,101
42,shock_up,S13,SHVR,-5095.0,6096,20
42,shock_up,S14,SHVR,-5458.4,6106,-14
42,shock_up,S15,SNPR,-1682.5,1339,-15
42,shock_up,S16,SNPR,-1354.5,1317,-85
42,shock_up,S17,SNPR,-952.2,1336,68
42,shock_up,S18,SNPR,-1240.8,1334,-78
42,shock_up,S19,SNPR,-1247.3,1313,7
42,shock_up,Z20,ZIP,576.2,3714,-848
42,shock_up,Z21,ZIP,-564.7,3659,-807
42,shock_up,Z22,ZIP,1743.4,3742,-436
42,shock_up,Z23,ZIP,2846.1,3633,-449
42,shock_up,Z24,ZIP,4898.8,3704,-282
42,shock_up,P25,PRSH,5062.8,720,308
42,shock_up,P26,PRSH,3981.7,559,247
42,shock_up,P27,PRSH,12933.1,2373,821
42,shock_up,P28,PRSH,2829.6,206,146
42,shock_up,P29,PRSH,11364.2,2638,652
42,shock_up,C30,CUSTOM,6425.8,4722,-12
42,shock_up,C31,CUSTOM,3342.3,4793,-17
42,shock_up,C32,CUSTOM,5869.3,4733,3
42,shock_up,C33,CUSTOM,5227.6,4828,6
42,shock_up,C34,CUSTOM,4480.0,4686,-20
43,shock_up,G00,GVWY,-8201.75,6711,-17
43,shock_up,G01,GVWY,-12218.75,6649,-81
43,shock_up,G02,GVWY,-9457.5,6708,-114
43,shock_up,G03,GVWY,-4683.25,6653,113
43,shock_up,G04,GVWY,-11805.5,6632,-182
43,shock_up,Z05,ZIC,3546.75,525,209
43,shock_up,Z06,ZIC,4095.25,515,267
43,shock_up,Z07,ZIC,3835.5,494,190
43,shock_up,Z08,ZIC,4759.5,508,250
43,shock_up,Z09,ZIC,5750.5,560,282
43,shock_up,S10,SHVR,-4665.0,6036,260
43,shock_up,S11,SHVR,-4838.25,6103,69
43,shock_up,S12,SHVR,-5970.75,6059,-25
43,shock_up,S13,SHVR,-5411.75,6025,-17
43,shock_up,S14,SHVR,-7111.5,6042,-14
43,shock_up,S15,SNPR,-1382.5,1320,-10
43,shock_up,S16,SNPR,-995.25,1313,33
43,shock_up,S17,SNPR,-1204.0,1294,-20
43,shock_up,S18,SNPR,-712.0,1300,-4
43,shock_up,S19,SNPR,-1720.5,1298,-66
43,shock_up,Z20,ZIP,5196.75,3547,-163
43,shock_up,Z21,ZIP,-817.25,3603,-555
43,shock_up,Z22,ZIP,961.5,3570,-394
43,shock_up,Z23,ZIP,-10601.5,3772,-1206
43,shock_up,Z24,ZIP,817.5,3610,-478
43,shock_up,P25,PRSH,4775.75,411,261
43,shock_up,P26,PRSH,5516.0,660,320
43,shock_up,P27,PRSH,3585.25,211,167
43,shock_up,P28,PRSH,11692.5,1552,654
43,shock_up,P29,PRSH,7165.0,740,348
43,shock_up,C30,CUSTOM,5261.75,4717,-19
43,shock_up,C31,CUSTOM,6589.25,4781,-13
43,shock_up,C32,CUSTOM,6817.0,4752,-28
43,shock_up,C33,CUSTOM,5362.5,4808,-22
43,shock_up,C34,CUSTOM,6012.75,4713,-3
44,shock_up,G00,GVWY,-13701.6,6652,-372
44,shock_up,G01,GVWY,-14515.0,6614,-210
44,shock_up,G02,GVWY,-10862.8,6600,-136
44,shock_up,G03,GVWY,-11204.2,6638,-184
44,shock_up,G04,GVWY,-10895.2,6652,-114
44,shock_up,Z05,ZIC,3146.9,511,243
44,shock_up,Z06,ZIC,3545.9,547,193
44,shock_up,Z07,ZIC,4226.0,520,280
44,shock_up,Z08,ZIC,3740.4,526,228
44,shock_up,Z09,ZIC,2413.2,480,214
44,shock_up,S10,SHVR,-7217.5,6063,-145
44,shock_up,S11,SHVR,-6718.6,6052,-272
44,shock_up,S12,SHVR,-10149.3,6045,-301
44,shock_up,S13,SHVR,-3936.9,6047,37
44,shock_up,S14,SHVR,-2758.2,6062,96
44,shock_up,S15,SNPR,-1759.2,1304,-64
44,shock_up,S16,SNPR,-1734.0,1314,0
44,shock_up,S17,SNPR,-1723.3,1309,19
44,shock_up,S18,SNPR,-1825.0,1306,-40
44,shock_up,S19,SNPR,-1408.5,1309,5
44,shock_up,Z20,ZIP,2827.7,3723,-551
44,shock_up,Z21,ZIP,5426.4,3688,-262
44,shock_up,Z22,ZIP,2426.8,3824,-384
44,shock_up,Z23,ZIP,7465.2,3582,-256
44,shock_up,Z24,ZIP,6217.9,3733,-167
44,shock_up,P25,PRSH,5806.7,901,359
44,shock_up,P26,PRSH,8566.5,1627,595
44,shock_up,P27,PRSH,5591.9,707,363
44,shock_up,P28,PRSH,4110.2,710,294
44,shock_up,P29,PRSH,7315.8,1508,566
44,shock_up,C30,CUSTOM,4732.5,4785,-25
44,shock_up,C31,CUSTOM,6178.5,4827,-15
44,shock_up,C32,CUSTOM,5973.3,4739,-19
44,shock_up,C33,CUSTOM,3817.5,4809,-5
44,shock_up,C34,CUSTOM,5997.5,4749,-5
45,shock_up,G00,GVWY,-10251.1,6609,-123
45,shock_up,G01,GVWY,-16255.1,6637,-303
45,shock_up,G02,GVWY,-10707.9,6697,-97
45,shock_up,G03,GVWY,-9637.8,6632,-234
45,shock_up,G04,GVWY,-9789.3,6653,-139
45,shock_up,Z05,ZIC,2645.9,505,197
45,shock_up,Z06,ZIC,2731.3,487,209
45,shock_up,Z07,ZIC,2494.7,491,201
45,shock_up,Z08,ZIC,2440.7,489,231
45,shock_up,Z09,ZIC,3328.8,494,234
45,shock_up,S10,SHVR,-3920.2,6008,24
45,shock_up,S11,SHVR,-3995.6,6040,-168
45,shock_up,S12,SHVR,-7016.0,6024,-170
45,shock_up,S13,SHVR,-5169.5,6057,5
45,shock_up,S14,SHVR,-5903.8,6054,116
45,shock_up,S15,SNPR,-1136.0,1292,-90
45,shock_up,S16,SNPR,-1033.5,1307,-55
45,shock_up,S17,SNPR,-547.9,1311,-27
45,shock_up,S18,SNPR,-1463.4,1272,-42
45,shock_up,S19,SNPR,-734.7,1291,-91
45,shock_up,Z20,ZIP,2510.8,3822,-266
45,shock_up,Z21,ZIP,4461.3,3683,-381
45,shock_up,Z22,ZIP,4759.7,3565,-229
45,shock_up,Z23,ZIP,5400.9,3651,-13
45,shock_up,Z24,ZIP,4313.1,3699,-317
45,shock_up,P25,PRSH,2541.3,227,169
45,shock_up,P26,PRSH,4425.5,721,255
45,shock_up,P27,PRSH,11295.9,2337,747
45,shock_up,P28,PRSH,3789.8,636,234
45,shock_up,P29,PRSH,3564.3,629,229
45,shock_up,C30,CUSTOM,4405.9,4771,-43
45,shock_up,C31,CUSTOM,6754.8,4740,-26
45,shock_up,C32,CUSTOM,4681.7,4725,-39
45,shock_up,C33,CUSTOM,4811.8,4778,4
45,shock_up,C34,CUSTOM,5894.8,4780,-26
46,shock_up,G00,GVWY,-10231.4,6646,-362
46,shock_up,G01,GVWY,-8181.1,6643,-53
46,shock_up,G02,GVWY,-10920.6,6656,-98
46,shock_up,G03,GVWY,-9238.1,6651,-133
46,shock_up,G04,GVWY,-10280.8,6698,-24
46,shock_up,Z05,ZIC,2002.3,485,219
46,shock_up,Z06,ZIC,2455.4,484,182
46,shock_up,Z07,ZIC,1159.3,509,239
46,shock_up,Z08,ZIC,1928.5,523,195
46,shock_up,Z09,ZIC,2522.8,498,244
46,shock_up,S10,SHVR,-7391.9,6003,-217
46,shock_up,S11,SHVR,-6145.3,6031,-89
46,shock_up,S12,SHVR,-6798.6,6030,102
46,shock_up,S13,SHVR,-5421.8,6026,-84
46,shock_up,S14,SHVR,-6752.4,6010,-82
46,shock_up,S15,SNPR,-699.0,1276,-90
46,shock_up,S16,SNPR,-946.2,1282,24
46,shock_up,S17,SNPR,-1425.3,1287,11
46,shock_up,S18,SNPR,-1865.8,1294,76
46,shock_up,S19,SNPR,-1530.7,1285,19
46,shock_up,Z20,ZIP,5545.8,3750,-516
46,shock_up,Z21,ZIP,7145.9,3615,-133
46,shock_up,Z22,ZIP,7466.8,3796,-406
46,shock_up,Z23,ZIP,6274.8,3660,-346
46,shock_up,Z24,ZIP,6839.3,3669,-411
46,shock_up,P25,PRSH,2531.5,339,205
46,shock_up,P26,PRSH,2205.8,500,224
46,shock_up,P27,PRSH,2815.4,872,372
46,shock_up,P28,PRSH,7166.4,4836,662
46,shock_up,P29,PRSH,1913.2,398,216
46,shock_up,C30,CUSTOM,6311.7,4825,-9
46,shock_up,C31,CUSTOM,4969.0,4820,-10
46,shock_up,C32,CUSTOM,4707.7,4803,1
46,shock_up,C33,CUSTOM,5593.4,4810,2
46,shock_up,C34,CUSTOM,6075.1,4859,3
47,shock_up,G00,GVWY,-13029.25,6687,-145
47,shock_up,G01,GVWY,-12955.75,6645,57
47,shock_up,G02,GVWY,-10071.0,6674,80
47,shock_up,G03,GVWY,-9373.5,6682,-158
47,shock_up,G04,GVWY,-11475.75,6683,-99
47,shock_up,Z05,ZIC,4309.5,466,238
47,shock_up,Z06,ZIC,5362.75,511,291
47,shock_up,Z07,ZIC,4842.0,532,228
47,shock_up,Z08,ZIC,5664.25,549,265
47,shock_up,Z09,ZIC,5142.25,509,281
47,shock_up,S10,SHVR,-5460.0,6068,40
47,shock_up,S11,SHVR,-3986.5,6124,78
47,shock_up,S12,SHVR,-2484.75,6031,149
47,shock_up,S13,SHVR,-968.5,6072,198
47,shock_up,S14,SHVR,-7175.0,6070,-88
47,shock_up,S15,SNPR,-1019.75,1307,61
47,shock_up,S16,SNPR,-1455.75,1331,-39
47,shock_up,S17,SNPR,-1366.5,1304,-42
47,shock_up,S18,SNPR,-1215.75,1291,17
47,shock_up,S19,SNPR,-685.25,1305,67
47,shock_up,Z20,ZIP,6028.75,3617,-189
47,shock_up,Z21,ZIP,3599.0,3726,-352
47,shock_up,Z22,ZIP,-5916.75,3819,-931
47,shock_up,Z23,ZIP,-93.0,3564,-624
47,shock_up,Z24,ZIP,1907.75,3503,-549
47,shock_up,P25,PRSH,4102.5,304,202
47,shock_up,P26,PRSH,6903.75,687,291
47,shock_up,P27,PRSH,5060.75,249,211
47,shock_up,P28,PRSH,4468.75,455,247
47,shock_up,P29,PRSH,5594.0,604,308
47,shock_up,C30,CUSTOM,5775.75,4791,-13
47,shock_up,C31,CUSTOM,5597.25,4761,-31
47,shock_up,C32,CUSTOM,6166.0,4720,-16
47,shock_up,C33,CUSTOM,5480.0,4802,-12
47,shock_up,C34,CUSTOM,3496.5,4812,-18
48,shock_up,G00,GVWY,-9664.0,6674,56
48,shock_up,G01,GVWY,-12895.0,6615,-353
48,shock_up,G02,GVWY,-11736.0,6628,-224
48,shock_up,G03,GVWY,-11291.0,6694,-228
48,shock_up,G04,GVWY,-8774.0,6642,40
48,shock_up,Z05,ZIC,2491.0,504,264
48,shock_up,Z06,ZIC,2078.0,511,277
48,shock_up,Z07,ZIC,2841.0,522,272
48,shock_up,Z08,ZIC,2067.0,470,234
48,shock_up,Z09,ZIC,2183.0,495,233
48,shock_up,S10,SHVR,-5791.0,6012,-12
48,shock_up,S11,SHVR,-5966.0,6094,-72
48,shock_up,S12,SHVR,-2431.0,6055,85
48,shock_up,S13,SHVR,-4404.0,6042,-86
48,shock_up,S14,SHVR,-5331.0,6049,-145
48,shock_up,S15,SNPR,-1313.0,1302,-50
48,shock_up,S16,SNPR,-508.0,1307,-43
48,shock_up,S17,SNPR,-1157.0,1318,-24
48,shock_up,S18,SNPR,-1303.0,1305,-11
48,shock_up,S19,SNPR,-1264.0,1307,-7
48,shock_up,Z20,ZIP,6227.0,3606,-228
48,shock_up,Z21,ZIP,2415.0,3627,-815
48,shock_up,Z22,ZIP,7114.0,3622,-204
48,shock_up,Z23,ZIP,5888.0,3688,-246
48,shock_up,Z24,ZIP,5840.0,3640,-132
48,shock_up,P25,PRSH,7470.0,2495,605
48,shock_up,P26,PRSH,1914.0,563,251
48,shock_up,P27,PRSH,1712.0,321,209
48,shock_up,P28,PRSH,2637.0,218,162
48,shock_up,P29,PRSH,1665.0,240,174
48,shock_up,C30,CUSTOM,5405.0,4682,-2
48,shock_up,C31,CUSTOM,4676.0,4787,15
48,shock_up,C32,CUSTOM,6489.0,4779,-23
48,shock_up,C33,CUSTOM,6976.0,4714,-2
48,shock_up,C34,CUSTOM,5882.0,4773,-21
49,shock_up,G00,GVWY,-12505.05,6675,-137
49,shock_up,G01,GVWY,-12499.6,6714,-84
49,shock_up,G02,GVWY,-12303.05,6667,-97
49,shock_up,G03,GVWY,-10882.8,6648,-212
49,shock_up,G04,GVWY,-14131.65,6723,-101
49,shock_up,Z05,ZIC,4500.9,560,246
49,shock_up,Z06,ZIC,5103.15,521,271
49,shock_up,Z07,ZIC,4566.15,547,271
49,shock_up,Z08,ZIC,4497.5,510,290
49,shock_up,Z09,ZIC,3692.95,457,203
49,shock_up,S10,SHVR,-8060.15,6117,-131
49,shock_up,S11,SHVR,-7180.2,6060,-48
49,shock_up,S12,SHVR,-3606.4,6050,-76
49,shock_up,S13,SHVR,-3165.15,6087,249
49,shock_up,S14,SHVR,-6078.7,6020,2
49,shock_up,S15,SNPR,-1658.7,1300,42
49,shock_up,S16,SNPR,-1376.55,1315,13
49,shock_up,S17,SNPR,-1347.7,1334,42
49,shock_up,S18,SNPR,-1161.65,1293,-1
49,shock_up,S19,SNPR,-1008.75,1309,-15
49,shock_up,Z20,ZIP,-2973.55,3755,-1087
49,shock_up,Z21,ZIP,3358.5,3738,-430
49,shock_up,Z22,ZIP,3834.15,3651,-329
49,shock_up,Z23,ZIP,5178.5,3606,-190
49,shock_up,Z24,ZIP,5829.8,3632,-148
49,shock_up,P25,PRSH,8503.6,1312,564
49,shock_up,P26,PRSH,2796.2,200,128
49,shock_up,P27,PRSH,4897.35,575,279
49,shock_up,P28,PRSH,3145.75,211,155
49,shock_up,P29,PRSH,8610.55,423,387
49,shock_up,C30,CUSTOM,6775.85,4853,-11
49,shock_up,C31,CUSTOM,6180.2,4764,-12
49,shock_up,C32,CUSTOM,6275.35,4717,-21
49,shock_up,C33,CUSTOM,6865.05,4803,-3
49,shock_up,C34,CUSTOM,6164.0,4718,0
50,shock_up,G00,GVWY,-10812.8,6656,-68
50,shock_up,G01,GVWY,-13680.6,6692,-296
50,shock_up,G02,GVWY,-14734.0,6724,-260
50,shock_up,G03,GVWY,-15595.2,6664,-232
50,shock_up,G04,GVWY,-11208.75,6713,-145
50,shock_up,Z05,ZIC,5108.8,524,228
50,shock_up,Z06,ZIC,4550.2,470,212
50,shock_up,Z07,ZIC,4711.5,532,270
50,shock_up,Z08,ZIC,4245.75,535,205
50,shock_up,Z09,ZIC,4376.35,517,241
50,shock_up,S10,SHVR,-3885.15,6109,-69
50,shock_up,S11,SHVR,-7221.65,6103,41
50,shock_up,S12,SHVR,-6526.45,6101,-47
50,shock_up,S13,SHVR,-6220.1,6114,-86
50,shock_up,S14,SHVR,-5304.9,6132,-14
50,shock_up,S15,SNPR,-980.9,1344,6
50,shock_up,S16,SNPR,-1067.5,1316,10
50,shock_up,S17,SNPR,-764.8,1312,52
50,shock_up,S18,SNPR,-1787.95,1321,-17
50,shock_up,S19,SNPR,-1168.9,1332,-74
50,shock_up,Z20,ZIP,3633.95,3705,-263
50,shock_up,Z21,ZIP,-7210.0,3724,-1020
50,shock_up,Z22,ZIP,2979.45,3771,-333
50,shock_up,Z23,ZIP,3741.85,3571,-209
50,shock_up,Z24,ZIP,3994.55,3627,-347
50,shock_up,P25,PRSH,13790.35,1757,701
50,shock_up,P26,PRSH,9885.5,4902,570
50,shock_up,P27,PRSH,3841.5,266,170
50,shock_up,P28,PRSH,3441.65,181,139
50,shock_up,P29,PRSH,13494.15,1375,649
50,shock_up,C30,CUSTOM,5272.75,4759,-15
50,shock_up,C31,CUSTOM,4168.3,4756,-2
50,shock_up,C32,CUSTOM,6361.95,4719,-23
50,shock_up,C33,CUSTOM,4608.65,4791,-1
50,shock_up,C34,CUSTOM,5969.05,4751,3
51,shock_up,G00,GVWY,-10851.4,6667,-143
51,shock_up,G01,GVWY,-10386.2,6695,-39
51,shock_up,G02,GVWY,-7750.0,6691,35
51,shock_up,G03,GVWY,-10699.8,6702,-16
51,shock_up,G04,GVWY,-13486.0,6683,-275
51,shock_up,Z05,ZIC,4952.8,518,236
51,shock_up,Z06,ZIC,4105.2,525,229
51,shock_up,Z07,ZIC,4724.0,470,280
51,shock_up,Z08,ZIC,4754.8,485,251
51,shock_up,Z09,ZIC,3846.8,538,256
51,shock_up,S10,SHVR,-7067.2,6058,-24
51,shock_up,S11,SHVR,-2312.2,6043,-19
51,shock_up,S12,SHVR,-5721.8,6068,-176
51,shock_up,S13,SHVR,-7080.0,6062,-200
51,shock_up,S14,SHVR,-6933.2,6092,-94
51,shock_up,S15,SNPR,-1095.6,1313,-7
51,shock_up,S16,SNPR,-1292.0,1331,55
51,shock_up,S17,SNPR,-1474.0,1315,-15
51,shock_up,S18,SNPR,-1304.4,1319,-23
51,shock_up,S19,SNPR,-1624.8,1298,-26
51,shock_up,Z20,ZIP,4675.4,3780,-192
51,shock_up,Z21,ZIP,1178.8,3680,-434
51,shock_up,Z22,ZIP,2207.8,3664,-274
51,shock_up,Z23,ZIP,1393.8,3740,-424
51,shock_up,Z24,ZIP,-819.6,3659,-767
51,shock_up,P25,PRSH,8135.8,1367,491
51,shock_up,P26,PRSH,2738.8,185,141
51,shock_up,P27,PRSH,13134.8,2043,791
51,shock_up,P28,PRSH,3246.8,395,201
51,shock_up,P29,PRSH,4733.2,399,259
51,shock_up,C30,CUSTOM,5663.8,4677,-19
51,shock_up,C31,CUSTOM,5151.6,4753,-13
51,shock_up,C32,CUSTOM,6026.4,4713,3
51,shock_up,C33,CUSTOM,4655.4,4766,-12
51,shock_up,C34,CUSTOM,4700.6,4747,-13
52,shock_up,G00,GVWY,-11523.2,6685,53
52,shock_up,G01,GVWY,-10675.4,6731,-139
52,shock_up,G02,GVWY,-11970.2,6681,-307
52,shock_up,G03,GVWY,-14953.2,6650,-252
52,shock_up,G04,GVWY,-10308.4,6689,-99
52,shock_up,Z05,ZIC,5281.0,562,240
52,shock_up,Z06,ZIC,3831.2,462,192
52,shock_up,Z07,ZIC,5270.2,541,257
52,shock_up,Z08,ZIC,3421.6,498,206
52,shock_up,Z09,ZIC,4268.8,486,258
52,shock_up,S10,SHVR,-6197.6,6071,-151
52,shock_up,S11,SHVR,-4934.8,6120,-68
52,shock_up,S12,SHVR,-6656.6,6086,-126
52,shock_up,S13,SHVR,-5950.6,6071,-71
52,shock_up,S14,SHVR,-10674.6,6077,-181
52,shock_up,S15,SNPR,-1091.2,1300,18
52,shock_up,S16,SNPR,-1225.2,1296,-2
52,shock_up,S17,SNPR,-1495.6,1307,29
52,shock_up,S18,SNPR,-1330.8,1325,-23
52,shock_up,S19,SNPR,-1282.0,1329,35
52,shock_up,Z20,ZIP,3208.2,3694,-368
52,shock_up,Z21,ZIP,4928.8,3572,-182
52,shock_up,Z22,ZIP,5466.0,3554,-220
52,shock_up,Z23,ZIP,2369.6,3724,-344
52,shock_up,Z24,ZIP,-740.4,3778,-674
52,shock_up,P25,PRSH,5359.4,711,269
52,shock_up,P26,PRSH,3367.8,228,158
52,shock_up,P27,PRSH,4960.4,553,279
52,shock_up,P28,PRSH,11638.8,2100,778
52,shock_up,P29,PRSH,10987.4,1576,414
52,shock_up,C30,CUSTOM,4819.4,4726,-6
52,shock_up,C31,CUSTOM,5294.4,4676,-6
52,shock_up,C32,CUSTOM,5336.4,4722,-16
52,shock_up,C33,CUSTOM,5520.0,4627,5
52,shock_up,C34,CUSTOM,5176.4,4757,-11
53,shock_up,G00,GVWY,-13028.95,6609,-127
53,shock_up,G01,GVWY,-8848.2,6610,108
53,shock_up,G02,GVWY,-13013.8,6660,-248
53,shock_up,G03,GVWY,-12527.0,6608,-80
53,shock_up,G04,GVWY,-8823.75,6659,-15
53,shock_up,Z05,ZIC,3199.85,481,201
53,shock_up,Z06,ZIC,4848.8,482,228
53,shock_up,Z07,ZIC,3775.55,511,203
53,shock_up,Z08,ZIC,4610.15,515,239
53,shock_up,Z09,ZIC,4406.95,499,227
53,shock_up,S10,SHVR,-8316.9,5936,-154
53,shock_up,S11,SHVR,-5582.4,5936,16
53,shock_up,S12,SHVR,-2437.2,6030,108
53,shock_up,S13,SHVR,-5781.55,5953,37
53,shock_up,S14,SHVR,-5794.35,5993,29
53,shock_up,S15,SNPR,-1142.05,1279,7
53,shock_up,S16,SNPR,-1621.4,1282,-24
53,shock_up,S17,SNPR,-2592.3,1290,-138
53,shock_up,S18,SNPR,-1525.1,1292,14
53,shock_up,S19,SNPR,-1758.25,1289,15
53,shock_up,Z20,ZIP,4846.0,3780,-180
53,shock_up,Z21,ZIP,4914.3,3588,-362
53,shock_up,Z22,ZIP,-1663.35,3609,-851
53,shock_up,Z23,ZIP,5276.95,3711,-413
53,shock_up,Z24,ZIP,7624.8,3592,-112
53,shock_up,P25,PRSH,6933.5,754,370
53,shock_up,P26,PRSH,4660.8,482,228
53,shock_up,P27,PRSH,5496.3,738,338
53,shock_up,P28,PRSH,2978.1,224,126
53,shock_up,P29,PRSH,3751.1,424,206
53,shock_up,C30,CUSTOM,3969.15,4775,-1
53,shock_up,C31,CUSTOM,6503.75,4867,-5
53,shock_up,C32,CUSTOM,6848.9,4796,14
53,shock_up,C33,CUSTOM,5105.35,4857,-29
53,shock_up,C34,CUSTOM,4251.85,4787,1
54,shock_up,G00,GVWY,-8249.8,6693,57
54,shock_up,G01,GVWY,-12232.6,6673,79
54,shock_up,G02,GVWY,-8681.0,6697,-55
54,shock_up,G03,GVWY,-16751.6,6655,-121
54,shock_up,G04,GVWY,-12826.6,6637,-41
54,shock_up,Z05,ZIC,2500.4,445,199
54,shock_up,Z06,ZIC,4903.2,491,247
54,shock_up,Z07,ZIC,3756.2,548,232
54,shock_up,Z08,ZIC,3406.4,525,199
54,shock_up,Z09,ZIC,3306.6,522,196
54,shock_up,S10,SHVR,-6878.6,6063,-21
54,shock_up,S11,SHVR,-3541.4,6021,41
54,shock_up,S12,SHVR,-4754.2,6143,63
54,shock_up,S13,SHVR,-3771.0,6052,10
54,shock_up,S14,SHVR,-2111.8,6057,87
54,shock_up,S15,SNPR,-1191.0,1316,10
54,shock_up,S16,SNPR,-1593.8,1302,-88
54,shock_up,S17,SNPR,-1905.0,1303,25
54,shock_up,S18,SNPR,-1371.6,1311,-51
54,shock_up,S19,SNPR,-1471.8,1281,-73
54,shock_up,Z20,ZIP,1846.8,3602,-322
54,shock_up,Z21,ZIP,-5292.0,3678,-1220
54,shock_up,Z22,ZIP,6341.0,3579,-225
54,shock_up,Z23,ZIP,3549.2,3700,-418
54,shock_up,Z24,ZIP,2457.8,3678,-732
54,shock_up,P25,PRSH,4968.6,483,281
54,shock_up,P26,PRSH,2578.0,199,145
54,shock_up,P27,PRSH,8791.8,1396,548
54,shock_up,P28,PRSH,3546.0,237,185
54,shock_up,P29,PRSH,10695.8,3968,758
54,shock_up,C30,CUSTOM,6218.2,4760,2
54,shock_up,C31,CUSTOM,5882.4,4779,9
54,shock_up,C32,CUSTOM,4697.4,4778,4
54,shock_up,C33,CUSTOM,5921.0,4729,-35
54,shock_up,C34,CUSTOM,7280.6,4800,6
55,shock_up,G00,GVWY,-13001.6,6662,-244
55,shock_up,G01,GVWY,-11245.8,6670,-262
55,shock_up,G02,GVWY,-11261.7,6651,-213
55,shock_up,G03,GVWY,-13230.8,6688,-72
55,shock_up,G04,GVWY,-11224.8,6742,-122
55,shock_up,Z05,ZIC,3425.4,486,196
55,shock_up,Z06,ZIC,3209.2,466,218
55,shock_up,Z07,ZIC,3454.0,488,170
55,shock_up,Z08,ZIC,4018.0,534,260
55,shock_up,Z09,ZIC,4034.7,509,253
55,shock_up,S10,SHVR,-6066.2,6100,-98
55,shock_up,S11,SHVR,-6971.7,6141,-103
55,shock_up,S12,SHVR,-4165.0,6090,30
55,shock_up,S13,SHVR,-1106.2,6152,122
55,shock_up,S14,SHVR,-4379.8,6076,-82
55,shock_up,S15,SNPR,-1165.5,1333,-55
55,shock_up,S16,SNPR,-904.6,1322,16
55,shock_up,S17,SNPR,-1309.4,1322,-26
55,shock_up,S18,SNPR,-1333.9,1293,19
55,shock_up,S19,SNPR,-1399.6,1318,6
55,shock_up,Z20,ZIP,-2177.6,3694,-714
55,shock_up,Z21,ZIP,5008.8,3690,-338
55,shock_up,Z22,ZIP,-2014.9,3633,-751
55,shock_up,Z23,ZIP,3985.7,3663,-277
55,shock_up,Z24,ZIP,4393.3,3615,-353
55,shock_up,P25,PRSH,4029.5,609,245
55,shock_up,P26,PRSH,10789.0,4060,790
55,shock_up,P27,PRSH,8251.5,4193,815
55,shock_up,P28,PRSH,9628.2,1248,478
55,shock_up,P29,PRSH,3779.7,201,153
55,shock_up,C30,CUSTOM,5745.4,4700,-14
55,shock_up,C31,CUSTOM,4514.6,4786,-16
55,shock_up,C32,CUSTOM,4894.0,4738,-20
55,shock_up,C33,CUSTOM,5101.2,4720,8
55,shock_up,C34,CUSTOM,4942.0,4722,-20
56,shock_up,G00,GVWY,-8627.15,6637,-103
56,shock_up,G01,GVWY,-11519.75,6657,-175
56,shock_up,G02,GVWY,-10835.95,6683,-259
56,shock_up,G03,GVWY,-14887.0,6682,-180
56,shock_up,G04,GVWY,-10099.55,6667,-111
56,shock_up,Z05,ZIC,4449.2,468,204
56,shock_up,Z06,ZIC,4547.05,521,261
56,shock_up,Z07,ZIC,4515.75,449,195
56,shock_up,Z08,ZIC,4671.8,564,256
56,shock_up,Z09,ZIC,4457.45,507,229
56,shock_up,S10,SHVR,-4379.95,6065,61
56,shock_up,S11,SHVR,-5918.1,6032,-62
56,shock_up,S12,SHVR,-5178.25,6093,15
56,shock_up,S13,SHVR,-7108.65,6013,27
56,shock_up,S14,SHVR,-7342.65,5991,47
56,shock_up,S15,SNPR,-1017.35,1301,53
56,shock_up,S16,SNPR,-1152.55,1303,-11
56,shock_up,S17,SNPR,-1540.85,1297,3
56,shock_up,S18,SNPR,-1218.85,1317,-37
56,shock_up,S19,SNPR,-1304.85,1299,23
56,shock_up,Z20,ZIP,2746.7,3624,-246
56,shock_up,Z21,ZIP,-6219.25,3655,-1005
56,shock_up,Z22,ZIP,985.6,3670,-468
56,shock_up,Z23,ZIP,3866.7,3674,-266
56,shock_up,Z24,ZIP,3407.8,3602,-404
56,shock_up,P25,PRSH,13745.95,2573,759
56,shock_up,P26,PRSH,3857.65,237,173
56,shock_up,P27,PRSH,4913.5,522,270
56,shock_up,P28,PRSH,9497.1,1442,642
56,shock_up,P29,PRSH,4064.5,250,170
56,shock_up,C30,CUSTOM,5474.3,4746,-34
56,shock_up,C31,CUSTOM,4828.25,4689,-15
56,shock_up,C32,CUSTOM,6989.8,4800,-24
56,shock_up,C33,CUSTOM,4583.25,4769,-15
56,shock_up,C34,CUSTOM,6663.2,4654,-16
57,shock_up,G00,GVWY,-8857.9,6688,-166
57,shock_up,G01,GVWY,-10286.95,6659,-173
57,shock_up,G02,GVWY,-14099.45,6667,-223
57,shock_up,G03,GVWY,-13888.7,6716,-178
57,shock_up,G04,GVWY,-12276.0,6644,-180
57,shock_up,Z05,ZIC,4238.05,489,227
57,shock_up,Z06,ZIC,4314.05,485,187
57,shock_up,Z07,ZIC,4027.3,488,182
57,shock_up,Z08,ZIC,4463.8,478,212
57,shock_up,Z09,ZIC,3508.0,486,180
57,shock_up,S10,SHVR,-8034.25,6089,-95
57,shock_up,S11,SHVR,-3039.05,6087,-7
57,shock_up,S12,SHVR,-2647.15,6057,19
57,shock_up,S13,SHVR,-10505.05,6119,-187
57,shock_up,S14,SHVR,-5371.25,6099,-175
57,shock_up,S15,SNPR,-1096.8,1314,-12
57,shock_up,S16,SNPR,-1204.4,1324,24
57,shock_up,S17,SNPR,-1645.75,1335,-25
57,shock_up,S18,SNPR,-1019.5,1312,30
57,shock_up,S19,SNPR,-1214.75,1307,15
57,shock_up,Z20,ZIP,3856.1,3678,-206
57,shock_up,Z21,ZIP,4172.55,3611,-243
57,shock_up,Z22,ZIP,3124.95,3647,-287
57,shock_up,Z23,ZIP,-3806.8,3736,-692
57,shock_up,Z24,ZIP,1395.3,3572,-258
57,shock_up,P25,PRSH,11096.55,495,417
57,shock_up,P26,PRSH,5790.6,774,304
57,shock_up,P27,PRSH,2806.2,384,128
57,shock_up,P28,PRSH,6677.25,5081,675
57,shock_up,P29,PRSH,12035.45,2479,583
57,shock_up,C30,CUSTOM,5646.75,4729,-35
57,shock_up,C31,CUSTOM,5161.5,4748,-30
57,shock_up,C32,CUSTOM,5518.35,4767,-11
57,shock_up,C33,CUSTOM,4757.55,4771,-43
57,shock_up,C34,CUSTOM,6101.3,4696,-18
58,shock_up,G00,GVWY,-11737.6,6654,-114
58,shock_up,G01,GVWY,-13834.0,6672,0
58,shock_up,G02,GVWY,-10086.8,6678,-82
58,shock_up,G03,GVWY,-10353.8,6670,-162
58,shock_up,G04,GVWY,-9030.8,6636,-192
58,shock_up,Z05,ZIC,2921.0,579,265
58,shock_up,Z06,ZIC,3626.2,503,263
58,shock_up,Z07,ZIC,3614.8,585,267
58,shock_up,Z08,ZIC,3268.8,572,272
58,shock_up,Z09,ZIC,3342.4,513,271
58,shock_up,S10,SHVR,-5758.0,6038,140
58,shock_up,S11,SHVR,-5588.6,6044,-14
58,shock_up,S12,SHVR,-7895.6,6128,16
58,shock_up,S13,SHVR,-8545.2,6030,-38
58,shock_up,S14,SHVR,-8196.6,6068,-64
58,shock_up,S15,SNPR,-1037.4,1316,14
58,shock_up,S16,SNPR,-1359.8,1328,-82
58,shock_up,S17,SNPR,-1048.8,1320,-2
58,shock_up,S18,SNPR,-1194.0,1331,-35
58,shock_up,S19,SNPR,-1457.8,1296,28
58,shock_up,Z20,ZIP,3575.8,3683,-973
58,shock_up,Z21,ZIP,6932.0,3496,-300
58,shock_up,Z22,ZIP,8156.2,3645,-357
58,shock_up,Z23,ZIP,8262.6,3620,-126
58,shock_up,Z24,ZIP,1437.8,3635,-1043
58,shock_up,P25,PRSH,2041.8,192,132
58,shock_up,P26,PRSH,6958.4,1318,536
58,shock_up,P27,PRSH,4365.0,638,330
58,shock_up,P28,PRSH,5786.8,1094,452
58,shock_up,P29,PRSH,3850.6,5367,579
58,shock_up,C30,CUSTOM,6276.2,4852,-2
58,shock_up,C31,CUSTOM,5580.8,4822,2
58,shock_up,C32,CUSTOM,4976.0,4797,5
58,shock_up,C33,CUSTOM,5223.8,4825,7
58,shock_up,C34,CUSTOM,6572.2,4835,-17
59,shock_up,G00,GVWY,-9793.0,6664,-300
59,shock_up,G01,GVWY,-14780.2,6680,-266
59,shock_up,G02,GVWY,-13834.4,6693,-187
59,shock_up,G03,GVWY,-10914.6,6633,-43
59,shock_up,G04,GVWY,-12559.0,6675,-105
59,shock_up,Z05,ZIC,3576.4,511,197
59,shock_up,Z06,ZIC,4776.2,491,241
59,shock_up,Z07,ZIC,3623.2,484,176
59,shock_up,Z08,ZIC,4507.2,512,236
59,shock_up,Z09,ZIC,3924.8,522,194
59,shock_up,S10,SHVR,-6067.0,6056,-50
59,shock_up,S11,SHVR,-4423.8,6060,66
59,shock_up,S12,SHVR,-9504.8,6063,-239
59,shock_up,S13,SHVR,-3867.0,6089,95
59,shock_up,S14,SHVR,-6277.0,6004,-20
59,shock_up,S15,SNPR,-1686.4,1333,-17
59,shock_up,S16,SNPR,-1610.0,1306,-30
59,shock_up,S17,SNPR,-790.0,1298,-10
59,shock_up,S18,SNPR,-1422.2,1320,-46
59,shock_up,S19,SNPR,-2122.4,1311,-87
59,shock_up,Z20,ZIP,6830.2,3701,-169
59,shock_up,Z21,ZIP,5390.0,3631,-195
59,shock_up,Z22,ZIP,5483.8,3586,-256
59,shock_up,Z23,ZIP,216.8,3711,-581
59,shock_up,Z24,ZIP,3985.6,3657,-147
59,shock_up,P25,PRSH,14006.6,4517,893
59,shock_up,P26,PRSH,2720.2,196,146
59,shock_up,P27,PRSH,3406.8,226,174
59,shock_up,P28,PRSH,4018.6,203,163
59,shock_up,P29,PRSH,2678.6,185,133
59,shock_up,C30,CUSTOM,4988.8,4731,-1
59,shock_up,C31,CUSTOM,6810.2,4723,31
59,shock_up,C32,CUSTOM,6710.6,4708,8
59,shock_up,C33,CUSTOM,5830.6,4698,-2
59,shock_up,C34,CUSTOM,5817.4,4793,-13
60,shock_up,G00,GVWY,-11860.95,6667,-99
60,shock_up,G01,GVWY,-11459.05,6663,-81
60,shock_up,G02,GVWY,-12517.4,6694,72
60,shock_up,G03,GVWY,-11013.4,6706,-148
60,shock_up,G04,GVWY,-10384.1,6716,-42
60,shock_up,Z05,ZIC,5460.55,515,291
60,shock_up,Z06,ZIC,5372.3,554,286
60,shock_up,Z07,ZIC,4149.3,504,226
60,shock_up,Z08,ZIC,4271.65,491,233
60,shock_up,Z09,ZIC,4322.85,477,237
60,shock_up,S10,SHVR,-6968.3,6086,74
60,shock_up,S11,SHVR,-5169.5,6096,50
60,shock_up,S12,SHVR,-6125.65,6099,-13
60,shock_up,S13,SHVR,-6737.75,6095,-15
60,shock_up,S14,SHVR,-4087.25,6051,115
60,shock_up,S15,SNPR,-1288.55,1305,49
60,shock_up,S16,SNPR,-2002.85,1285,-77
60,shock_up,S17,SNPR,-892.0,1300,40
60,shock_up,S18,SNPR,-941.6,1312,48
60,shock_up,S19,SNPR,-914.4,1318,72
60,shock_up,Z20,ZIP,-594.65,3733,-813
60,shock_up,Z21,ZIP,-422.65,3819,-733
60,shock_up,Z22,ZIP,7085.75,3677,-245
60,shock_up,Z23,ZIP,1660.1,3680,-578
60,shock_up,Z24,ZIP,4440.85,3811,-383
60,shock_up,P25,PRSH,4039.05,427,201
60,shock_up,P26,PRSH,8280.05,4831,641
60,shock_up,P27,PRSH,3254.85,215,177
60,shock_up,P28,PRSH,4592.15,541,283
60,shock_up,P29,PRSH,4807.0,520,260
60,shock_up,C30,CUSTOM,7391.4,4640,-32
60,shock_up,C31,CUSTOM,6145.4,4718,-12
60,shock_up,C32,CUSTOM,5904.75,4827,-25
60,shock_up,C33,CUSTOM,6384.85,4761,-43
60,shock_up,C34,CUSTOM,5938.05,4777,-19
61,shock_up,G00,GVWY,-10901.75,6701,65
61,shock_up,G01,GVWY,-8756.2,6678,76
61,shock_up,G02,GVWY,-7995.5,6674,190
61,shock_up,G03,GVWY,-12056.7,6694,-154
61,shock_up,G04,GVWY,-9166.05,6645,19
61,shock_up,Z05,ZIC,3900.05,503,241
61,shock_up,Z06,ZIC,3696.85,491,217
61,shock_up,Z07,ZIC,3884.1,484,242
61,shock_up,Z08,ZIC,4352.15,499,263
61,shock_up,Z09,ZIC,4645.1,532,262
61,shock_up,S10,SHVR,-6235.95,6047,-119
61,shock_up,S11,SHVR,-4049.9,6056,22
61,shock_up,S12,SHVR,-6459.65,6043,-153
61,shock_up,S13,SHVR,-5570.05,6007,-1
61,shock_up,S14,SHVR,-4815.45,6081,131
61,shock_up,S15,SNPR,-1087.4,1336,-8
61,shock_up,S16,SNPR,-1249.05,1301,19
61,shock_up,S17,SNPR,-1117.75,1303,5
61,shock_up,S18,SNPR,-1194.95,1307,61
61,shock_up,S19,SNPR,-1875.85,1327,-37
61,shock_up,Z20,ZIP,129.85,3653,-643
61,shock_up,Z21,ZIP,2772.05,3713,-379
61,shock_up,Z22,ZIP,5159.45,3619,-151
61,shock_up,Z23,ZIP,2521.5,3632,-590
61,shock_up,Z24,ZIP,-6690.05,3691,-1301
61,shock_up,P25,PRSH,12981.55,2227,871
61,shock_up,P26,PRSH,2703.55,201,151
61,shock_up,P27,PRSH,3592.5,282,270
61,shock_up,P28,PRSH,3130.85,223,177
61,shock_up,P29,PRSH,5941.65,607,313
61,shock_up,C30,CUSTOM,5951.45,4747,-11
61,shock_up,C31,CUSTOM,6602.1,4696,-18
61,shock_up,C32,CUSTOM,5154.95,4707,-21
61,shock_up,C33,CUSTOM,6354.1,4754,-18
61,shock_up,C34,CUSTOM,6358.3,4758,-14
62,shock_up,G00,GVWY,-9305.6,6704,-226
62,shock_up,G01,GVWY,-8589.4,6678,-204
62,shock_up,G02,GVWY,-4718.2,6664,-92
62,shock_up,G03,GVWY,-9944.2,6700,-142
62,shock_up,G04,GVWY,-10291.4,6682,-114
62,shock_up,Z05,ZIC,2077.5,503,205
62,shock_up,Z06,ZIC,827.6,504,206
62,shock_up,Z07,ZIC,2271.7,499,227
62,shock_up,Z08,ZIC,1367.6,528,196
62,shock_up,Z09,ZIC,941.3,557,203
62,shock_up,S10,SHVR,-7601.8,6104,182
62,shock_up,S11,SHVR,-2666.4,6124,-14
62,shock_up,S12,SHVR,-6779.7,6129,23
62,shock_up,S13,SHVR,-5708.7,6185,13
62,shock_up,S14,SHVR,-5097.8,6060,-48
62,shock_up,S15,SNPR,-842.9,1333,-19
62,shock_up,S16,SNPR,-1814.5,1329,75
62,shock_up,S17,SNPR,-1000.1,1321,-81
62,shock_up,S18,SNPR,-1499.1,1327,59
62,shock_up,S19,SNPR,-410.4,1304,-124
62,shock_up,Z20,ZIP,7503.0,3826,-440
62,shock_up,Z21,ZIP,7147.7,3683,-563
62,shock_up,Z22,ZIP,5300.0,3574,-220
62,shock_up,Z23,ZIP,6315.7,3741,-823
62,shock_up,Z24,ZIP,8324.0,3664,-400
62,shock_up,P25,PRSH,639.5,569,255
62,shock_up,P26,PRSH,2740.5,995,395
62,shock_up,P27,PRSH,69.8,5362,568
62,shock_up,P28,PRSH,1345.3,197,173
62,shock_up,P29,PRSH,1712.5,3163,715
62,shock_up,C30,CUSTOM,4627.1,4791,-19
62,shock_up,C31,CUSTOM,6130.2,4762,12
62,shock_up,C32,CUSTOM,5398.5,4747,5
62,shock_up,C33,CUSTOM,5648.7,4787,-3
62,shock_up,C34,CUSTOM,5429.4,4678,4
63,shock_up,G00,GVWY,-8076.8,6644,-348
63,shock_up,G01,GVWY,-9546.4,6696,-184
63,shock_up,G02,GVWY,-11624.85,6641,-161
63,shock_up,G03,GVWY,-10093.0,6674,-40
63,shock_up,G04,GVWY,-8668.7,6640,-342
63,shock_up,Z05,ZIC,1354.75,483,195
63,shock_up,Z06,ZIC,2600.0,542,220
63,shock_up,Z07,ZIC,1427.95,493,187
63,shock_up,Z08,ZIC,1202.15,503,219
63,shock_up,Z09,ZIC,1503.55,477,183
63,shock_up,S10,SHVR,-5147.1,6020,-66
63,shock_up,S11,SHVR,-3921.4,6058,-144
63,shock_up,S12,SHVR,-7363.85,6031,-161
63,shock_up,S13,SHVR,-4173.9,6016,-14
63,shock_up,S14,SHVR,-5121.6,6018,124
63,shock_up,S15,SNPR,-2357.7,1304,78
63,shock_up,S16,SNPR,-1320.25,1303,-25
63,shock_up,S17,SNPR,-992.5,1300,30
63,shock_up,S18,SNPR,-468.55,1309,-83
63,shock_up,S19,SNPR,-1490.75,1311,25
63,shock_up,Z20,ZIP,6153.75,3543,-265
63,shock_up,Z21,ZIP,7304.8,3756,-712
63,shock_up,Z22,ZIP,4714.65,3643,-231
63,shock_up,Z23,ZIP,6479.75,3649,-225
63,shock_up,Z24,ZIP,7316.65,3677,-271
63,shock_up,P25,PRSH,2339.75,1111,475
63,shock_up,P26,PRSH,1909.4,496,244
63,shock_up,P27,PRSH,3831.55,2369,583
63,shock_up,P28,PRSH,630.45,211,137
63,shock_up,P29,PRSH,4410.55,1945,583
63,shock_up,C30,CUSTOM,6157.6,4676,-24
63,shock_up,C31,CUSTOM,4705.6,4662,-4
63,shock_up,C32,CUSTOM,5543.5,4712,-10
63,shock_up,C33,CUSTOM,6010.9,4744,-6
63,shock_up,C34,CUSTOM,5809.3,4786,-2
64,shock_up,G00,GVWY,-9065.9,6653,-39
64,shock_up,G01,GVWY,-12770.9,6693,-69
64,shock_up,G02,GVWY,-9117.4,6688,76
64,shock_up,G03,GVWY,-11133.9,6643,-219
64,shock_up,G04,GVWY,-9873.8,6684,-208
64,shock_up,Z05,ZIC,3768.2,546,302
64,shock_up,Z06,ZIC,2724.4,502,264
64,shock_up,Z07,ZIC,2229.4,548,224
64,shock_up,Z08,ZIC,3869.6,524,246
64,shock_up,Z09,ZIC,3226.2,530,262
64,shock_up,S10,SHVR,-5835.0,6078,70
64,shock_up,S11,SHVR,-6941.3,6053,-253
64,shock_up,S12,SHVR,-7611.6,6030,-86
64,shock_up,S13,SHVR,-6958.8,6056,-78
64,shock_up,S14,SHVR,-3756.1,6117,-61
64,shock_up,S15,SNPR,-1310.2,1304,48
64,shock_up,S16,SNPR,-1522.1,1307,19
64,shock_up,S17,SNPR,-691.8,1304,-68
64,shock_up,S18,SNPR,-1067.1,1303,-41
64,shock_up,S19,SNPR,-1155.3,1327,-53
64,shock_up,Z20,ZIP,4305.3,3753,-437
64,shock_up,Z21,ZIP,158.3,3713,-997
64,shock_up,Z22,ZIP,6233.3,3541,-117
64,shock_up,Z23,ZIP,6080.5,3633,-275
64,shock_up,Z24,ZIP,5023.4,3576,-286
64,shock_up,P25,PRSH,2417.1,293,251
64,shock_up,P26,PRSH,7062.2,1060,412
64,shock_up,P27,PRSH,7407.3,2795,783
64,shock_up,P28,PRSH,2468.0,212,170
64,shock_up,P29,PRSH,2869.4,216,184
64,shock_up,C30,CUSTOM,6389.2,4692,-28
64,shock_up,C31,CUSTOM,6010.9,4785,-21
64,shock_up,C32,CUSTOM,4555.6,4802,-24
64,shock_up,C33,CUSTOM,5885.5,4715,5
64,shock_up,C34,CUSTOM,6367.6,4710,-14
65,shock_up,G00,GVWY,-11116.6,6666,-64
65,shock_up,G01,GVWY,-13559.6,6676,-364
65,shock_up,G02,GVWY,-8810.9,6689,-71
65,shock_up,G03,GVWY,-10466.8,6632,-52
65,shock_up,G04,GVWY,-6515.9,6721,-11
65,shock_up,Z05,ZIC,4408.0,502,230
65,shock_up,Z06,ZIC,3654.8,488,192
65,shock_up,Z07,ZIC,3586.4,488,216
65,shock_up,Z08,ZIC,4819.4,552,246
65,shock_up,Z09,ZIC,4819.1,475,209
65,shock_up,S10,SHVR,-5620.7,6113,67
65,shock_up,S11,SHVR,-4818.5,6091,-45
65,shock_up,S12,SHVR,-4301.0,6092,170
65,shock_up,S13,SHVR,-6245.5,6087,85
65,shock_up,S14,SHVR,-4605.2,6102,222
65,shock_up,S15,SNPR,-1867.8,1310,-32
65,shock_up,S16,SNPR,-980.1,1327,61
65,shock_up,S17,SNPR,-1245.3,1317,-77
65,shock_up,S18,SNPR,-2042.7,1315,-143
65,shock_up,S19,SNPR,-1226.5,1275,65
65,shock_up,Z20,ZIP,2180.5,3691,-375
65,shock_up,Z21,ZIP,391.4,3626,-714
65,shock_up,Z22,ZIP,3939.2,3580,-302
65,shock_up,Z23,ZIP,-6370.3,3659,-1017
65,shock_up,Z24,ZIP,4766.5,3641,-225
65,shock_up,P25,PRSH,14807.7,2225,773
65,shock_up,P26,PRSH,3256.6,196,164
65,shock_up,P27,PRSH,-157.7,5209,307
65,shock_up,P28,PRSH,6207.8,690,312
65,shock_up,P29,PRSH,3919.3,321,197
65,shock_up,C30,CUSTOM,6491.6,4784,-16
65,shock_up,C31,CUSTOM,6126.2,4784,-12
65,shock_up,C32,CUSTOM,5845.2,4846,-22
65,shock_up,C33,CUSTOM,5241.6,4766,-6
65,shock_up,C34,CUSTOM,5278.3,4719,-13
66,shock_up,G00,GVWY,-8580.2,6698,58
66,shock_up,G01,GVWY,-10013.4,6684,-124
66,shock_up,G02,GVWY,-11645.4,6651,-129
66,shock_up,G03,GVWY,-10824.0,6666,-210
66,shock_up,G04,GVWY,-12953.4,6703,-9
66,shock_up,Z05,ZIC,3955.4,480,234
66,shock_up,Z06,ZIC,4422.4,512,224
66,shock_up,Z07,ZIC,4223.2,439,237
66,shock_up,Z08,ZIC,4264.4,499,269
66,shock_up,Z09,ZIC,4932.4,526,294
66,shock_up,S10,SHVR,-6554.4,6065,-109
66,shock_up,S11,SHVR,-6248.4,6046,-44
66,shock_up,S12,SHVR,-7330.8,6046,32
66,shock_up,S13,SHVR,-5318.4,6030,126
66,shock_up,S14,SHVR,-6748.4,6041,61
66,shock_up,S15,SNPR,-1493.8,1298,-8
66,shock_up,S16,SNPR,-1021.0,1292,30
66,shock_up,S17,SNPR,-1896.0,1295,-85
66,shock_up,S18,SNPR,-1611.8,1313,-43
66,shock_up,S19,SNPR,-1508.4,1298,-14
66,shock_up,Z20,ZIP,-2521.6,3573,-851
66,shock_up,Z21,ZIP,7.8,3531,-947
66,shock_up,Z22,ZIP,3578.4,3553,-221
66,shock_up,Z23,ZIP,1841.8,3800,-582
66,shock_up,Z24,ZIP,8087.8,3623,-147
66,shock_up,P25,PRSH,12607.0,2433,895
66,shock_up,P26,PRSH,3003.4,213,179
66,shock_up,P27,PRSH,7585.2,881,397
66,shock_up,P28,PRSH,3470.4,252,174
66,shock_up,P29,PRSH,6380.0,564,300
66,shock_up,C30,CUSTOM,6665.8,4762,-22
66,shock_up,C31,CUSTOM,5200.6,4784,16
66,shock_up,C32,CUSTOM,6340.6,4720,-4
66,shock_up,C33,CUSTOM,4175.0,4776,0
66,shock_up,C34,CUSTOM,5530.6,4866,-4
67,shock_up,G00,GVWY,-11066.5,6700,-46
67,shock_up,G01,GVWY,-12531.25,6735,-63
67,shock_up,G02,GVWY,-13468.0,6752,-120
67,shock_up,G03,GVWY,-8484.25,6677,53
67,shock_up,G04,GVWY,-9836.5,6658,-70
67,shock_up,Z05,ZIC,5445.25,549,267
67,shock_up,Z06,ZIC,5096.25,487,235
67,shock_up,Z07,ZIC,6101.5,524,246
67,shock_up,Z08,ZIC,4965.5,560,258
67,shock_up,Z09,ZIC,4052.25,549,211
67,shock_up,S10,SHVR,-7791.25,6091,-103
67,shock_up,S11,SHVR,-5352.5,6026,-30
67,shock_up,S12,SHVR,-2763.0,6032,176
67,shock_up,S13,SHVR,-5680.0,6110,-48
67,shock_up,S14,SHVR,-5231.5,6162,30
67,shock_up,S15,SNPR,-582.25,1305,9
67,shock_up,S16,SNPR,-1353.0,1300,12
67,shock_up,S17,SNPR,-2778.5,1318,-154
67,shock_up,S18,SNPR,-47.5,1300,106
67,shock_up,S19,SNPR,-1513.5,1296,14
67,shock_up,Z20,ZIP,-10903.75,3727,-1117
67,shock_up,Z21,ZIP,-1210.5,3660,-490
67,shock_up,Z22,ZIP,2056.0,3750,-448
67,shock_up,Z23,ZIP,3472.5,3606,-378
67,shock_up,Z24,ZIP,1653.0,3756,-404
67,shock_up,P25,PRSH,4623.25,219,167
67,shock_up,P26,PRSH,3418.0,202,160
67,shock_up,P27,PRSH,15792.5,4446,926
67,shock_up,P28,PRSH,6184.25,607,283
67,shock_up,P29,PRSH,7904.25,801,371
67,shock_up,C30,CUSTOM,5531.25,4783,-17
67,shock_up,C31,CUSTOM,3914.5,4810,-18
67,shock_up,C32,CUSTOM,7883.0,4716,-20
67,shock_up,C33,CUSTOM,6709.0,4848,8
67,shock_up,C34,CUSTOM,5518.75,4855,5
68,shock_up,G00,GVWY,-9532.0,6655,-45
68,shock_up,G01,GVWY,-14554.2,6685,-321
68,shock_up,G02,GVWY,-17265.8,6681,-519
68,shock_up,G03,GVWY,-12559.4,6673,-357
68,shock_up,G04,GVWY,-9697.8,6656,-64
68,shock_up,Z05,ZIC,4472.0,508,210
68,shock_up,Z06,ZIC,4654.6,484,218
68,shock_up,Z07,ZIC,3257.8,493,179
68,shock_up,Z08,ZIC,4208.4,515,237
68,shock_up,Z09,ZIC,4911.2,495,221
68,shock_up,S10,SHVR,-6856.6,6060,102
68,shock_up,S11,SHVR,-7011.6,6039,-73
68,shock_up,S12,SHVR,-8014.8,6028,-204
68,shock_up,S13,SHVR,-5930.6,6007,-103
68,shock_up,S14,SHVR,-8346.8,6040,-124
68,shock_up,S15,SNPR,-1140.6,1317,27
68,shock_up,S16,SNPR,-1073.2,1313,9
68,shock_up,S17,SNPR,-917.4,1292,-32
68,shock_up,S18,SNPR,-1092.2,1340,14
68,shock_up,S19,SNPR,-1000.8,1311,-19
68,shock_up,Z20,ZIP,4598.4,3668,-198
68,shock_up,Z21,ZIP,3036.2,3742,-354
68,shock_up,Z22,ZIP,2444.0,3618,-240
68,shock_up,Z23,ZIP,2321.8,3690,-336
68,shock_up,Z24,ZIP,2326.2,3419,-219
68,shock_up,P25,PRSH,10523.6,1684,488
68,shock_up,P26,PRSH,2576.0,184,140
68,shock_up,P27,PRSH,6794.6,307,273
68,shock_up,P28,PRSH,17166.0,2370,800
68,shock_up,P29,PRSH,6685.8,1077,359
68,shock_up,C30,CUSTOM,4935.0,4699,-5
68,shock_up,C31,CUSTOM,5098.4,4752,-38
68,shock_up,C32,CUSTOM,4556.2,4678,-34
68,shock_up,C33,CUSTOM,5074.6,4702,-22
68,shock_up,C34,CUSTOM,5038.8,4739,-31
69,shock_up,G00,GVWY,-11276.25,6661,-163
69,shock_up,G01,GVWY,-9917.0,6618,-96
69,shock_up,G02,GVWY,-12528.75,6657,27
69,shock_up,G03,GVWY,-10827.25,6637,-27
69,shock_up,G04,GVWY,-10475.25,6635,-51
69,shock_up,Z05,ZIC,1388.25,523,291
69,shock_up,Z06,ZIC,3170.5,566,290
69,shock_up,Z07,ZIC,2358.75,525,237
69,shock_up,Z08,ZIC,1667.5,496,174
69,shock_up,Z09,ZIC,1814.75,521,233
69,shock_up,S10,SHVR,-7542.25,6053,65
69,shock_up,S11,SHVR,-7681.5,6064,6
69,shock_up,S12,SHVR,-8617.75,6099,-73
69,shock_up,S13,SHVR,-5145.5,6054,-178
69,shock_up,S14,SHVR,-5174.5,6056,10
69,shock_up,S15,SNPR,-1456.5,1290,26
69,shock_up,S16,SNPR,-480.25,1301,-47
69,shock_up,S17,SNPR,-683.5,1274,-6
69,shock_up,S18,SNPR,-1052.75,1297,-29
69,shock_up,S19,SNPR,-1649.75,1309,-13
69,shock_up,Z20,ZIP,8090.5,3554,-194
69,shock_up,Z21,ZIP,6780.25,3551,-1041
69,shock_up,Z22,ZIP,10554.0,3514,-180
69,shock_up,Z23,ZIP,10111.5,3650,-334
69,shock_up,Z24,ZIP,8582.75,3799,-527
69,shock_up,P25,PRSH,1604.75,261,197
69,shock_up,P26,PRSH,2067.0,582,300
69,shock_up,P27,PRSH,2012.75,233,165
69,shock_up,P28,PRSH,2797.5,4510,638
69,shock_up,P29,PRSH,3420.75,367,237
69,shock_up,C30,CUSTOM,4378.5,4826,10
69,shock_up,C31,CUSTOM,6562.0,4882,-20
69,shock_up,C32,CUSTOM,6183.5,4834,-14
69,shock_up,C33,CUSTOM,5332.0,4836,20
69,shock_up,C34,CUSTOM,6355.25,4807,19
70,shock_up,G00,GVWY,-10398.45,6689,-49
70,shock_up,G01,GVWY,-9006.95,6669,101
70,shock_up,G02,GVWY,-12483.5,6678,-190
70,shock_up,G03,GVWY,-8855.75,6687,-115
70,shock_up,G04,GVWY,-11752.85,6681,-97
70,shock_up,Z05,ZIC,3451.65,513,213
70,shock_up,Z06,ZIC,2060.45,493,189
70,shock_up,Z07,ZIC,3178.25,525,185
70,shock_up,Z08,ZIC,3128.25,501,225
70,shock_up,Z09,ZIC,3838.3,490,226
70,shock_up,S10,SHVR,-3561.8,6038,-16
70,shock_up,S11,SHVR,-8080.7,6112,-294
70,shock_up,S12,SHVR,-5560.65,6033,-173
70,shock_up,S13,SHVR,-6287.85,6063,3
70,shock_up,S14,SHVR,-7512.95,6133,-79
70,shock_up,S15,SNPR,-1177.9,1312,2
70,shock_up,S16,SNPR,-1134.95,1307,41
70,shock_up,S17,SNPR,-1392.2,1340,-24
70,shock_up,S18,SNPR,-1369.05,1309,19
70,shock_up,S19,SNPR,-787.1,1322,-42
70,shock_up,Z20,ZIP,2884.9,3810,-522
70,shock_up,Z21,ZIP,3503.95,3711,-441
70,shock_up,Z22,ZIP,4239.75,3571,-285
70,shock_up,Z23,ZIP,5910.15,3737,-277
70,shock_up,Z24,ZIP,6838.0,3564,-120
70,shock_up,P25,PRSH,4296.1,832,322
70,shock_up,P26,PRSH,2348.35,233,187
70,shock_up,P27,PRSH,2956.2,478,184
70,shock_up,P28,PRSH,4755.35,305,267
70,shock_up,P29,PRSH,6786.75,1375,535
70,shock_up,C30,CUSTOM,6045.35,4793,7
70,shock_up,C31,CUSTOM,5455.2,4728,4
70,shock_up,C32,CUSTOM,5718.1,4686,2
70,shock_up,C33,CUSTOM,5556.5,4820,-10
70,shock_up,C34,CUSTOM,5847.1,4760,-18
71,shock_up,G00,GVWY,-14314.2,6662,-188
71,shock_up,G01,GVWY,-9114.1,6654,-194
71,shock_up,G02,GVWY,-10608.5,6602,-250
71,shock_up,G03,GVWY,-10934.2,6646,-28
71,shock_up,G04,GVWY,-12092.0,6648,-300
71,shock_up,Z05,ZIC,4485.85,547,239
71,shock_up,Z06,ZIC,3229.8,526,212
71,shock_up,Z07,ZIC,3845.45,425,183
71,shock_up,Z08,ZIC,3633.65,461,171
71,shock_up,Z09,ZIC,4287.0,468,200
71,shock_up,S10,SHVR,-8349.8,5976,-272
71,shock_up,S11,SHVR,-4485.5,6000,70
71,shock_up,S12,SHVR,-8214.5,6024,-170
71,shock_up,S13,SHVR,-5100.75,6013,-65
71,shock_up,S14,SHVR,-2434.3,6050,58
71,shock_up,S15,SNPR,-1111.15,1307,-21
71,shock_up,S16,SNPR,-1041.75,1305,-5
71,shock_up,S17,SNPR,-1143.65,1327,9
71,shock_up,S18,SNPR,-1755.4,1314,-76
71,shock_up,S19,SNPR,-1435.15,1311,-101
71,shock_up,Z20,ZIP,1493.95,3667,-367
71,shock_up,Z21,ZIP,4511.4,3612,-184
71,shock_up,Z22,ZIP,106.4,3602,-564
71,shock_up,Z23,ZIP,7434.8,3540,-108
71,shock_up,Z24,ZIP,3816.9,3556,-234
71,shock_up,P25,PRSH,9300.4,1426,496
71,shock_up,P26,PRSH,5807.3,1002,322
71,shock_up,P27,PRSH,8311.45,1323,443
71,shock_up,P28,PRSH,5832.7,1402,578
71,shock_up,P29,PRSH,3661.95,563,153
71,shock_up,C30,CUSTOM,3394.45,4729,-17
71,shock_up,C31,CUSTOM,5032.2,4670,-12
71,shock_up,C32,CUSTOM,4089.05,4669,7
71,shock_up,C33,CUSTOM,4947.15,4711,-19
71,shock_up,C34,CUSTOM,4697.35,4709,-11
72,shock_up,G00,GVWY,-12891.45,6671,-143
72,shock_up,G01,GVWY,-11199.05,6653,-247
72,shock_up,G02,GVWY,-12446.65,6663,-91
72,shock_up,G03,GVWY,-8876.4,6642,4
72,shock_up,G04,GVWY,-9527.05,6681,53
72,shock_up,Z05,ZIC,3372.95,545,253
72,shock_up,Z06,ZIC,3774.2,520,228
72,shock_up,Z07,ZIC,3317.1,440,194
72,shock_up,Z08,ZIC,4285.2,492,228
72,shock_up,Z09,ZIC,4320.5,546,270
72,shock_up,S10,SHVR,-8497.4,6078,124
72,shock_up,S11,SHVR,-5636.7,6056,62
72,shock_up,S12,SHVR,-7309.85,6099,-119
72,shock_up,S13,SHVR,-6027.0,6082,40
72,shock_up,S14,SHVR,-4170.9,6094,74
72,shock_up,S15,SNPR,-1363.75,1317,55
72,shock_up,S16,SNPR,-1075.8,1330,-32
72,shock_up,S17,SNPR,-1354.8,1262,-12
72,shock_up,S18,SNPR,-1062.55,1319,43
72,shock_up,S19,SNPR,-1844.25,1321,-15
72,shock_up,Z20,ZIP,2803.35,3625,-451
72,shock_up,Z21,ZIP,5240.6,3638,-256
72,shock_up,Z22,ZIP,5206.1,3652,-346
72,shock_up,Z23,ZIP,-4355.65,3719,-1191
72,shock_up,Z24,ZIP,2317.75,3849,-535
72,shock_up,P25,PRSH,11800.3,2534,782
72,shock_up,P26,PRSH,3824.2,226,188
72,shock_up,P27,PRSH,6829.45,977,443
72,shock_up,P28,PRSH,5095.65,385,271
72,shock_up,P29,PRSH,3368.85,223,179
72,shock_up,C30,CUSTOM,7125.8,4746,-8
72,shock_up,C31,CUSTOM,6549.9,4694,-34
72,shock_up,C32,CUSTOM,6425.95,4821,13
72,shock_up,C33,CUSTOM,6616.15,4721,-19
72,shock_up,C34,CUSTOM,5858.6,4750,-16
73,shock_up,G00,GVWY,-11295.8,6675,-153
73,shock_up,G01,GVWY,-8468.8,6733,107
73,shock_up,G02,GVWY,-10919.4,6656,6
73,shock_up,G03,GVWY,-14106.4,6721,-309
73,shock_up,G04,GVWY,-12394.4,6649,-219
73,shock_up,Z05,ZIC,4838.2,485,247
73,shock_up,Z06,ZIC,4966.6,508,246
73,shock_up,Z07,ZIC,4629.0,465,215
73,shock_up,Z08,ZIC,5585.4,495,229
73,shock_up,Z09,ZIC,5309.2,495,257
73,shock_up,S10,SHVR,-8521.6,6109,-171
73,shock_up,S11,SHVR,-3840.8,6100,142
73,shock_up,S12,SHVR,-6557.6,6068,-106
73,shock_up,S13,SHVR,-6876.6,6105,-71
73,shock_up,S14,SHVR,-6536.0,6125,-5
73,shock_up,S15,SNPR,-1545.8,1307,-83
73,shock_up,S16,SNPR,-1451.8,1317,17
73,shock_up,S17,SNPR,-1238.8,1299,-13
73,shock_up,S18,SNPR,-1016.0,1309,45
73,shock_up,S19,SNPR,-1619.2,1319,-47
73,shock_up,Z20,ZIP,2304.4,3754,-336
73,shock_up,Z21,ZIP,816.8,3640,-512
73,shock_up,Z22,ZIP,2550.2,3695,-333
73,shock_up,Z23,ZIP,-3560.0,3852,-730
73,shock_up,Z24,ZIP,143.0,3675,-445
73,shock_up,P25,PRSH,6990.0,559,395
73,shock_up,P26,PRSH,10962.4,659,549
73,shock_up,P27,PRSH,14337.0,4569,805
73,shock_up,P28,PRSH,3184.6,197,141
73,shock_up,P29,PRSH,3437.6,218,156
73,shock_up,C30,CUSTOM,6807.0,4759,-5
73,shock_up,C31,CUSTOM,5712.8,4676,-12
73,shock_up,C32,CUSTOM,6093.8,4840,18
73,shock_up,C33,CUSTOM,5183.8,4696,-2
73,shock_up,C34,CUSTOM,6668.2,4758,-18
74,shock_up,G00,GVWY,-10659.75,6689,-95
74,shock_up,G01,GVWY,-10204.75,6675,25
74,shock_up,G02,GVWY,-7588.85,6695,-17
74,shock_up,G03,GVWY,-13493.1,6632,-122
74,shock_up,G04,GVWY,-8435.45,6675,171
74,shock_up,Z05,ZIC,3692.95,489,239
74,shock_up,Z06,ZIC,2697.15,499,243
74,shock_up,Z07,ZIC,4248.55,505,251
74,shock_up,Z08,ZIC,3296.6,530,232
74,shock_up,Z09,ZIC,3577.8,516,256
74,shock_up,S10,SHVR,-4733.75,6055,165
74,shock_up,S11,SHVR,-9406.15,6011,-103
74,shock_up,S12,SHVR,-4905.6,6050,148
74,shock_up,S13,SHVR,-5723.05,6023,59
74,shock_up,S14,SHVR,-6835.4,6042,-288
74,shock_up,S15,SNPR,-1087.85,1305,3
74,shock_up,S16,SNPR,-878.4,1286,12
74,shock_up,S17,SNPR,-1680.55,1283,-11
74,shock_up,S18,SNPR,-1069.0,1332,40
74,shock_up,S19,SNPR,-1220.0,1288,20
74,shock_up,Z20,ZIP,5683.4,3716,-272
74,shock_up,Z21,ZIP,-1535.2,3588,-884
74,shock_up,Z22,ZIP,1936.55,3655,-609
74,shock_up,Z23,ZIP,-3923.95,3635,-1019
74,shock_up,Z24,ZIP,7138.15,3729,-177
74,shock_up,P25,PRSH,4394.65,909,393
74,shock_up,P26,PRSH,13083.35,809,567
74,shock_up,P27,PRSH,4244.45,675,309
74,shock_up,P28,PRSH,2761.5,218,170
74,shock_up,P29,PRSH,4341.15,593,263
74,shock_up,C30,CUSTOM,6479.9,4714,-2
74,shock_up,C31,CUSTOM,6034.5,4768,-10
74,shock_up,C32,CUSTOM,7438.25,4835,5
74,shock_up,C33,CUSTOM,5529.9,4748,-2
74,shock_up,C34,CUSTOM,6210.65,4821,-7
75,shock_up,G00,GVWY,-10054.0,6676,-114
75,shock_up,G01,GVWY,-11441.0,6666,-22
75,shock_up,G02,GVWY,-11377.0,6713,-3
75,shock_up,G03,GVWY,-10084.0,6672,-142
75,shock_up,G04,GVWY,-13616.0,6688,-126
75,shock_up,Z05,ZIC,5519.0,512,274
75,shock_up,Z06,ZIC,5225.0,522,238
75,shock_up,Z07,ZIC,5445.0,513,237
75,shock_up,Z08,ZIC,5326.0,513,247
75,shock_up,Z09,ZIC,6185.0,533,273
75,shock_up,S10,SHVR,-9234.0,6094,-114
75,shock_up,S11,SHVR,-5804.0,6135,-53
75,shock_up,S12,SHVR,-6898.0,6125,-67
75,shock_up,S13,SHVR,-10199.0,6109,-145
75,shock_up,S14,SHVR,-6988.0,6051,-7
75,shock_up,S15,SNPR,-1292.0,1302,20
75,shock_up,S16,SNPR,-1586.0,1292,-94
75,shock_up,S17,SNPR,-957.0,1304,50
75,shock_up,S18,SNPR,-1911.0,1290,-32
75,shock_up,S19,SNPR,-1631.0,1306,34
75,shock_up,Z20,ZIP,-2527.0,3589,-749
75,shock_up,Z21,ZIP,6549.0,3712,-206
75,shock_up,Z22,ZIP,6340.0,3673,-233
75,shock_up,Z23,ZIP,3378.0,3681,-319
75,shock_up,Z24,ZIP,-1132.0,3554,-560
75,shock_up,P25,PRSH,4696.0,225,171
75,shock_up,P26,PRSH,4265.0,210,170
75,shock_up,P27,PRSH,11228.0,1177,495
75,shock_up,P28,PRSH,6562.0,5259,601
75,shock_up,P29,PRSH,4727.0,234,200
75,shock_up,C30,CUSTOM,6461.0,4751,-5
75,shock_up,C31,CUSTOM,5767.0,4777,-1
75,shock_up,C32,CUSTOM,5971.0,4770,-2
75,shock_up,C33,CUSTOM,5555.0,4741,-29
75,shock_up,C34,CUSTOM,6582.0,4734,-28
76,shock_up,G00,GVWY,-14899.25,6629,-11
76,shock_up,G01,GVWY,-9662.25,6661,-167
76,shock_up,G02,GVWY,-10708.5,6684,-62
76,shock_up,G03,GVWY,-9946.75,6653,-29
76,shock_up,G04,GVWY,-15968.5,6618,-262
76,shock_up,Z05,ZIC,4000.25,483,227
76,shock_up,Z06,ZIC,4976.0,510,228
76,shock_up,Z07,ZIC,4777.25,545,239
76,shock_up,Z08,ZIC,4677.25,511,251
76,shock_up,Z09,ZIC,4870.75,531,209
76,shock_up,S10,SHVR,-6233.0,6022,-52
76,shock_up,S11,SHVR,-6979.0,6034,-168
76,shock_up,S12,SHVR,-7034.5,6032,-166
76,shock_up,S13,SHVR,-5847.25,6093,-119
76,shock_up,S14,SHVR,-9375.25,5971,-219
76,shock_up,S15,SNPR,-1052.25,1303,13
76,shock_up,S16,SNPR,-2141.0,1314,-8
76,shock_up,S17,SNPR,-1298.0,1294,8
76,shock_up,S18,SNPR,-1044.75,1321,7
76,shock_up,S19,SNPR,-1644.75,1305,-89
76,shock_up,Z20,ZIP,3193.75,3719,-315
76,shock_up,Z21,ZIP,3431.0,3614,-224
76,shock_up,Z22,ZIP,-2074.25,3665,-723
76,shock_up,Z23,ZIP,2445.75,3793,-419
76,shock_up,Z24,ZIP,5827.25,3595,-205
76,shock_up,P25,PRSH,8557.25,1053,511
76,shock_up,P26,PRSH,4841.75,483,225
76,shock_up,P27,PRSH,13001.25,3109,747
76,shock_up,P28,PRSH,2682.25,187,131
76,shock_up,P29,PRSH,11384.75,2033,573
76,shock_up,C30,CUSTOM,6309.5,4674,-26
76,shock_up,C31,CUSTOM,4619.75,4769,-31
76,shock_up,C32,CUSTOM,5882.25,4793,-21
76,shock_up,C33,CUSTOM,5302.5,4798,-30
76,shock_up,C34,CUSTOM,5535.5,4814,-34
77,shock_up,G00,GVWY,-6290.6,6678,146
77,shock_up,G01,GVWY,-10644.6,6679,-59
77,shock_up,G02,GVWY,-10882.0,6672,-70
77,shock_up,G03,GVWY,-9203.6,6694,-4
77,shock_up,G04,GVWY,-11976.4,6682,-216
77,shock_up,Z05,ZIC,3252.4,502,236
77,shock_up,Z06,ZIC,4119.4,544,276
77,shock_up,Z07,ZIC,4537.4,595,271
77,shock_up,Z08,ZIC,4142.4,512,256
77,shock_up,Z09,ZIC,4384.8,491,237
77,shock_up,S10,SHVR,-5679.2,6068,-8
77,shock_up,S11,SHVR,-7362.6,6036,-124
77,shock_up,S12,SHVR,-5021.2,6051,-83
77,shock_up,S13,SHVR,-4126.8,6052,68
77,shock_up,S14,SHVR,-8166.8,6043,-87
77,shock_up,S15,SNPR,-1282.6,1314,-4
77,shock_up,S16,SNPR,-1427.8,1308,-12
77,shock_up,S17,SNPR,-1530.2,1325,-83
77,shock_up,S18,SNPR,-1652.4,1308,4
77,shock_up,S19,SNPR,-1384.0,1299,45
77,shock_up,Z20,ZIP,2242.8,3691,-463
77,shock_up,Z21,ZIP,4477.6,3660,-146
77,shock_up,Z22,ZIP,1477.8,3729,-413
77,shock_up,Z23,ZIP,2883.6,3806,-626
77,shock_up,Z24,ZIP,2850.0,3623,-285
77,shock_up,P25,PRSH,2565.8,214,172
77,shock_up,P26,PRSH,2450.0,189,135
77,shock_up,P27,PRSH,3668.2,216,168
77,shock_up,P28,PRSH,9660.0,1325,595
77,shock_up,P29,PRSH,2764.2,199,163
77,shock_up,C30,CUSTOM,6760.8,4732,-8
77,shock_up,C31,CUSTOM,5598.6,4706,14
77,shock_up,C32,CUSTOM,6883.4,4714,-24
77,shock_up,C33,CUSTOM,6175.2,4702,-22
77,shock_up,C34,CUSTOM,5892.8,4700,-18
78,shock_up,G00,GVWY,-11508.25,6689,-247
78,shock_up,G01,GVWY,-8083.5,6660,70
78,shock_up,G02,GVWY,-12805.5,6670,-262
78,shock_up,G03,GVWY,-16016.75,6669,-293
78,shock_up,G04,GVWY,-16819.75,6669,-277
78,shock_up,Z05,ZIC,6842.0,552,256
78,shock_up,Z06,ZIC,3920.0,476,196
78,shock_up,Z07,ZIC,6352.25,553,251
78,shock_up,Z08,ZIC,3945.25,457,175
78,shock_up,Z09,ZIC,4773.0,500,212
78,shock_up,S10,SHVR,-10236.25,6101,-243
78,shock_up,S11,SHVR,-8215.0,6132,-128
78,shock_up,S12,SHVR,-5565.5,6072,-106
78,shock_up,S13,SHVR,-11827.5,6108,-262
78,shock_up,S14,SHVR,-7001.0,6072,-60
78,shock_up,S15,SNPR,-1794.5,1292,-78
78,shock_up,S16,SNPR,-1633.5,1292,-2
78,shock_up,S17,SNPR,-1114.5,1316,2
78,shock_up,S18,SNPR,-1811.5,1294,-22
78,shock_up,S19,SNPR,-1276.0,1320,36
78,shock_up,Z20,ZIP,5192.75,3667,-235
78,shock_up,Z21,ZIP,6478.0,3608,-52
78,shock_up,Z22,ZIP,-1770.75,3659,-561
78,shock_up,Z23,ZIP,4175.0,3660,-228
78,shock_up,Z24,ZIP,2479.75,3629,-343
78,shock_up,P25,PRSH,5601.0,648,248
78,shock_up,P26,PRSH,16190.75,2485,721
78,shock_up,P27,PRSH,4163.25,219,187
78,shock_up,P28,PRSH,11358.5,3324,514
78,shock_up,P29,PRSH,12586.75,2909,533
78,shock_up,C30,CUSTOM,4720.75,4747,-31
78,shock_up,C31,CUSTOM,4638.5,4806,-10
78,shock_up,C32,CUSTOM,3075.75,4729,-19
78,shock_up,C33,CUSTOM,5030.25,4789,-29
78,shock_up,C34,CUSTOM,4588.5,4770,-10
79,shock_up,G00,GVWY,-10753.5,6660,-70
79,shock_up,G01,GVWY,-12551.2,6660,-272
79,shock_up,G02,GVWY,-10970.05,6607,-133
79,shock_up,G03,GVWY,-10530.05,6649,-153
79,shock_up,G04,GVWY,-13265.2,6660,-232
79,shock_up,Z05,ZIC,3083.1,464,206
79,shock_up,Z06,ZIC,2993.5,520,190
79,shock_up,Z07,ZIC,4333.65,513,249
79,shock_up,Z08,ZIC,3380.05,469,213
79,shock_up,Z09,ZIC,3709.75,535,255
79,shock_up,S10,SHVR,-6996.35,6001,89
79,shock_up,S11,SHVR,-5315.7,6076,-122
79,shock_up,S12,SHVR,-7248.75,6023,-155
79,shock_up,S13,SHVR,-4824.1,6068,-26
79,shock_up,S14,SHVR,-7488.65,6071,-9
79,shock_up,S15,SNPR,-1404.5,1320,-10
79,shock_up,S16,SNPR,-1703.85,1285,59
79,shock_up,S17,SNPR,-445.25,1297,-25
79,shock_up,S18,SNPR,-1707.65,1317,-69
79,shock_up,S19,SNPR,-1056.15,1301,-39
79,shock_up,Z20,ZIP,4699.9,3650,-286
79,shock_up,Z21,ZIP,7891.45,3515,-83
79,shock_up,Z22,ZIP,5318.65,3647,-271
79,shock_up,Z23,ZIP,4675.2,3680,-388
79,shock_up,Z24,ZIP,5438.2,3556,-168
79,shock_up,P25,PRSH,2236.25,187,125
79,shock_up,P26,PRSH,10588.65,2289,689
79,shock_up,P27,PRSH,2436.7,308,182
79,shock_up,P28,PRSH,3634.95,231,187
79,shock_up,P29,PRSH,2316.9,206,154
79,shock_up,C30,CUSTOM,6579.2,4690,-28
79,shock_up,C31,CUSTOM,5785.05,4739,-7
79,shock_up,C32,CUSTOM,5353.3,4704,-2
79,shock_up,C33,CUSTOM,6524.35,4769,-29
79,shock_up,C34,CUSTOM,5633.25,4699,5
80,shock_up,G00,GVWY,-10836.35,6631,-59
80,shock_up,G01,GVWY,-10864.55,6653,-47
80,shock_up,G02,GVWY,-9863.3,6666,-62
80,shock_up,G03,GVWY,-12896.6,6704,-224
80,shock_up,G04,GVWY,-9855.8,6666,-112
80,shock_up,Z05,ZIC,2968.05,509,197
80,shock_up,Z06,ZIC,3461.95,521,263
80,shock_up,Z07,ZIC,2809.05,559,257
80,shock_up,Z08,ZIC,3108.15,453,191
80,shock_up,Z09,ZIC,3471.05,539,277
80,shock_up,S10,SHVR,-4732.6,6102,-84
80,shock_up,S11,SHVR,-5753.25,6067,-45
80,shock_up,S12,SHVR,-3364.25,6039,115
80,shock_up,S13,SHVR,-4123.65,6073,59
80,shock_up,S14,SHVR,-4654.35,6135,21
80,shock_up,S15,SNPR,-1174.95,1303,-43
80,shock_up,S16,SNPR,-1164.6,1306,-84
80,shock_up,S17,SNPR,-1155.65,1319,19
80,shock_up,S18,SNPR,-1178.7,1318,82
80,shock_up,S19,SNPR,-1166.65,1297,39
80,shock_up,Z20,ZIP,4479.6,3614,-316
80,shock_up,Z21,ZIP,4563.65,3575,-219
80,shock_up,Z22,ZIP,3115.25,3685,-715
80,shock_up,Z23,ZIP,3890.45,3581,-207
80,shock_up,Z24,ZIP,529.55,3655,-993
80,shock_up,P25,PRSH,2838.05,279,237
80,shock_up,P26,PRSH,11199.55,2127,887
80,shock_up,P27,PRSH,1974.65,217,161
80,shock_up,P28,PRSH,4491.0,752,300
80,shock_up,P29,PRSH,2798.75,319,195
80,shock_up,C30,CUSTOM,4949.25,4771,-15
80,shock_up,C31,CUSTOM,6014.9,4808,-34
80,shock_up,C32,CUSTOM,5563.95,4741,-17
80,shock_up,C33,CUSTOM,5191.4,4792,-24
80,shock_up,C34,CUSTOM,5770.65,4801,-39
81,shock_up,G00,GVWY,-12737.95,6691,-407
81,shock_up,G01,GVWY,-11232.15,6657,101
81,shock_up,G02,GVWY,-12571.8,6638,-188
81,shock_up,G03,GVWY,-8910.0,6670,-100
81,shock_up,G04,GVWY,-11587.3,6662,-78
81,shock_up,Z05,ZIC,2608.2,530,252
81,shock_up,Z06,ZIC,3494.65,477,269
81,shock_up,Z07,ZIC,3446.15,513,259
81,shock_up,Z08,ZIC,3088.25,531,245
81,shock_up,Z09,ZIC,2682.95,483,227
81,shock_up,S10,SHVR,-5085.4,6098,16
81,shock_up,S11,SHVR,-5822.5,6046,-150
81,shock_up,S12,SHVR,-6127.85,5993,-101
81,shock_up,S13,SHVR,-6941.6,6136,104
81,shock_up,S14,SHVR,-7099.75,6083,-115
81,shock_up,S15,SNPR,-1232.85,1281,-41
81,shock_up,S16,SNPR,-1421.0,1294,0
81,shock_up,S17,SNPR,-1529.65,1309,11
81,shock_up,S18,SNPR,-1269.05,1303,-13
81,shock_up,S19,SNPR,-1856.75,1313,65
81,shock_up,Z20,ZIP,3859.65,3689,-611
81,shock_up,Z21,ZIP,5221.65,3611,-471
81,shock_up,Z22,ZIP,6111.65,3703,-471
81,shock_up,Z23,ZIP,5801.75,3707,-205
81,shock_up,Z24,ZIP,5021.4,3634,-316
81,shock_up,P25,PRSH,2768.65,223,189
81,shock_up,P26,PRSH,4771.85,641,301
81,shock_up,P27,PRSH,4174.8,278,248
81,shock_up,P28,PRSH,3979.25,489,245
81,shock_up,P29,PRSH,8042.0,1494,680
81,shock_up,C30,CUSTOM,5927.9,4774,-6
81,shock_up,C31,CUSTOM,6276.3,4734,-2
81,shock_up,C32,CUSTOM,5128.95,4691,7
81,shock_up,C33,CUSTOM,6610.75,4659,-5
81,shock_up,C34,CUSTOM,5961.0,4682,0
82,shock_up,G00,GVWY,-7207.5,6737,61
82,shock_up,G01,GVWY,-15935.0,6670,-200
82,shock_up,G02,GVWY,-7143.0,6644,80
82,shock_up,G03,GVWY,-8030.0,6660,-66
82,shock_up,G04,GVWY,-12281.5,6677,-67
82,shock_up,Z05,ZIC,4173.5,487,177
82,shock_up,Z06,ZIC,5971.0,512,270
82,shock_up,Z07,ZIC,5593.5,523,245
82,shock_up,Z08,ZIC,5018.0,510,218
82,shock_up,Z09,ZIC,5580.0,560,244
82,shock_up,S10,SHVR,-3448.5,6141,141
82,shock_up,S11,SHVR,-6201.0,6108,22
82,shock_up,S12,SHVR,-8839.5,6125,-169
82,shock_up,S13,SHVR,-7676.5,6073,-43
82,shock_up,S14,SHVR,-9247.5,6057,1
82,shock_up,S15,SNPR,-1350.5,1309,-37
82,shock_up,S16,SNPR,-451.5,1311,35
82,shock_up,S17,SNPR,-1160.5,1299,31
82,shock_up,S18,SNPR,-1935.0,1300,-44
82,shock_up,S19,SNPR,-514.0,1310,74
82,shock_up,Z20,ZIP,-1419.0,3690,-532
82,shock_up,Z21,ZIP,4414.5,3735,-299
82,shock_up,Z22,ZIP,-6792.5,3809,-903
82,shock_up,Z23,ZIP,4599.0,3788,-256
82,shock_up,Z24,ZIP,1511.0,3800,-312
82,shock_up,P25,PRSH,3051.0,188,124
82,shock_up,P26,PRSH,10210.5,347,315
82,shock_up,P27,PRSH,4098.0,206,162
82,shock_up,P28,PRSH,7387.5,5207,561
82,shock_up,P29,PRSH,5878.0,348,242
82,shock_up,C30,CUSTOM,5739.5,4707,-15
82,shock_up,C31,CUSTOM,7192.0,4824,0
82,shock_up,C32,CUSTOM,6580.0,4786,10
82,shock_up,C33,CUSTOM,7143.5,4695,-17
82,shock_up,C34,CUSTOM,6411.0,4836,-10
83,shock_up,G00,GVWY,-12414.6,6714,52
83,shock_up,G01,GVWY,-11272.6,6682,22
83,shock_up,G02,GVWY,-9397.2,6698,-66
83,shock_up,G03,GVWY,-6834.6,6667,57
83,shock_up,G04,GVWY,-8280.2,6695,39
83,shock_up,Z05,ZIC,5630.2,572,236
83,shock_up,Z06,ZIC,5523.8,514,264
83,shock_up,Z07,ZIC,4819.6,493,233
83,shock_up,Z08,ZIC,6893.4,513,307
83,shock_up,Z09,ZIC,6785.4,538,282
83,shock_up,S10,SHVR,-8995.6,6189,-193
83,shock_up,S11,SHVR,-1727.8,6066,196
83,shock_up,S12,SHVR,-5579.6,6089,-13
83,shock_up,S13,SHVR,-8876.8,6121,-29
83,shock_up,S14,SHVR,-7878.2,6052,-56
83,shock_up,S15,SNPR,-1041.4,1325,13
83,shock_up,S16,SNPR,-2112.0,1313,-95
83,shock_up,S17,SNPR,-725.2,1316,94
83,shock_up,S18,SNPR,-1590.2,1311,-21
83,shock_up,S19,SNPR,-1204.4,1293,43
83,shock_up,Z20,ZIP,-5803.6,3726,-818
83,shock_up,Z21,ZIP,7522.6,3587,-127
83,shock_up,Z22,ZIP,5383.2,3613,-119
83,shock_up,Z23,ZIP,-4642.0,3757,-785
83,shock_up,Z24,ZIP,-12699.6,3778,-1198
83,shock_up,P25,PRSH,3866.2,219,161
83,shock_up,P26,PRSH,3802.2,275,161
83,shock_up,P27,PRSH,9583.4,781,367
83,shock_up,P28,PRSH,6280.4,407,267
83,shock_up,P29,PRSH,10034.2,4733,781
83,shock_up,C30,CUSTOM,7275.8,4727,-1
83,shock_up,C31,CUSTOM,6773.4,4671,-23
83,shock_up,C32,CUSTOM,6790.6,4820,-12
83,shock_up,C33,CUSTOM,7123.6,4787,-17
83,shock_up,C34,CUSTOM,7262.4,4843,7
84,shock_up,G00,GVWY,-11961.15,6647,-131
84,shock_up,G01,GVWY,-8936.6,6656,-64
84,shock_up,G02,GVWY,-10351.15,6683,89
84,shock_up,G03,GVWY,-10315.4,6636,-236
84,shock_up,G04,GVWY,-9551.65,6629,139
84,shock_up,Z05,ZIC,3585.8,536,292
84,shock_up,Z06,ZIC,3636.1,522,294
84,shock_up,Z07,ZIC,3339.55,539,267
84,shock_up,Z08,ZIC,3477.15,491,251
84,shock_up,Z09,ZIC,3469.4,510,256
84,shock_up,S10,SHVR,-7660.9,6016,-86
84,shock_up,S11,SHVR,-6490.25,6063,-25
84,shock_up,S12,SHVR,-6192.4,6066,44
84,shock_up,S13,SHVR,-5731.0,6070,40
84,shock_up,S14,SHVR,-4594.15,6043,9
84,shock_up,S15,SNPR,-1549.35,1297,-19
84,shock_up,S16,SNPR,-1483.35,1309,-39
84,shock_up,S17,SNPR,-1090.7,1308,-18
84,shock_up,S18,SNPR,-1075.5,1304,-10
84,shock_up,S19,SNPR,-1060.3,1324,38
84,shock_up,Z20,ZIP,4885.95,3699,-377
84,shock_up,Z21,ZIP,5660.05,3641,-223
84,shock_up,Z22,ZIP,102.05,3737,-1043
84,shock_up,Z23,ZIP,7005.5,3622,-250
84,shock_up,Z24,ZIP,5559.95,3575,-337
84,shock_up,P25,PRSH,4552.55,663,287
84,shock_up,P26,PRSH,5647.2,286,248
84,shock_up,P27,PRSH,3731.5,550,310
84,shock_up,P28,PRSH,2193.85,217,149
84,shock_up,P29,PRSH,2378.45,193,153
84,shock_up,C30,CUSTOM,5065.75,4597,-25
84,shock_up,C31,CUSTOM,5140.75,4741,15
84,shock_up,C32,CUSTOM,6522.3,4630,-18
84,shock_up,C33,CUSTOM,5949.4,4726,-4
84,shock_up,C34,CUSTOM,5505.1,4754,-6
85,shock_up,G00,GVWY,-11943.8,6702,-192
85,shock_up,G01,GVWY,-11163.2,6656,-128
85,shock_up,G02,GVWY,-7889.65,6649,-91
85,shock_up,G03,GVWY,-9483.15,6671,-221
85,shock_up,G04,GVWY,-10719.25,6693,-175
85,shock_up,Z05,ZIC,3046.35,521,209
85,shock_up,Z06,ZIC,3134.3,524,242
85,shock_up,Z07,ZIC,3183.05,531,187
85,shock_up,Z08,ZIC,2450.5,486,230
85,shock_up,Z09,ZIC,3086.1,548,254
85,shock_up,S10,SHVR,-7061.65,6049,-231
85,shock_up,S11,SHVR,-8240.9,6130,-206
85,shock_up,S12,SHVR,-5743.65,6085,49
85,shock_up,S13,SHVR,-7702.25,6089,-235
85,shock_up,S14,SHVR,-6095.6,6066,-44
85,shock_up,S15,SNPR,-1807.15,1301,-41
85,shock_up,S16,SNPR,-1434.05,1313,33
85,shock_up,S17,SNPR,-1017.45,1299,-83
85,shock_up,S18,SNPR,-874.6,1294,-104
85,shock_up,S19,SNPR,-1463.0,1322,20
85,shock_up,Z20,ZIP,7822.1,3648,-146
85,shock_up,Z21,ZIP,4733.45,3665,-437
85,shock_up,Z22,ZIP,1854.45,3633,-317
85,shock_up,Z23,ZIP,3172.95,3635,-287
85,shock_up,Z24,ZIP,4162.5,3606,-470
85,shock_up,P25,PRSH,10916.6,2036,744
85,shock_up,P26,PRSH,2079.55,233,137
85,shock_up,P27,PRSH,5265.45,1043,443
85,shock_up,P28,PRSH,4708.75,705,305
85,shock_up,P29,PRSH,6435.05,1185,547
85,shock_up,C30,CUSTOM,5530.85,4719,-21
85,shock_up,C31,CUSTOM,5504.85,4743,-1
85,shock_up,C32,CUSTOM,4442.65,4727,-9
85,shock_up,C33,CUSTOM,4999.4,4808,-24
85,shock_up,C34,CUSTOM,5697.0,4770,0
86,shock_up,G00,GVWY,-13363.75,6671,-159
86,shock_up,G01,GVWY,-13625.5,6644,-246
86,shock_up,G02,GVWY,-13879.25,6675,-185
86,shock_up,G03,GVWY,-14254.0,6714,-244
86,shock_up,G04,GVWY,-10759.0,6688,-96
86,shock_up,Z05,ZIC,3455.25,481,233
86,shock_up,Z06,ZIC,3204.25,557,233
86,shock_up,Z07,ZIC,3606.25,509,237
86,shock_up,Z08,ZIC,3586.5,530,230
86,shock_up,Z09,ZIC,3927.0,512,256
86,shock_up,S10,SHVR,-1999.75,6105,61
86,shock_up,S11,SHVR,-6751.75,6189,-51
86,shock_up,S12,SHVR,-2168.5,6124,170
86,shock_up,S13,SHVR,-5426.5,6126,-94
86,shock_up,S14,SHVR,-3181.0,6118,84
86,shock_up,S15,SNPR,-1092.25,1315,-65
86,shock_up,S16,SNPR,-1693.0,1296,-56
86,shock_up,S17,SNPR,-1065.5,1312,-90
86,shock_up,S18,SNPR,-1749.75,1311,-55
86,shock_up,S19,SNPR,-1136.75,1317,9
86,shock_up,Z20,ZIP,4271.25,3625,-343
86,shock_up,Z21,ZIP,1591.25,3699,-651
86,shock_up,Z22,ZIP,6506.25,3671,-223
86,shock_up,Z23,ZIP,2945.75,3803,-633
86,shock_up,Z24,ZIP,4731.0,3606,-300
86,shock_up,P25,PRSH,4384.75,829,291
86,shock_up,P26,PRSH,6461.5,4656,458
86,shock_up,P27,PRSH,11064.75,3471,871
86,shock_up,P28,PRSH,3089.0,200,160
86,shock_up,P29,PRSH,2262.0,302,160
86,shock_up,C30,CUSTOM,4849.5,4780,-26
86,shock_up,C31,CUSTOM,5557.75,4753,7
86,shock_up,C32,CUSTOM,4026.0,4756,0
86,shock_up,C33,CUSTOM,4959.0,4822,-8
86,shock_up,C34,CUSTOM,6976.0,4758,4
87,shock_up,G00,GVWY,-9145.2,6732,-4
87,shock_up,G01,GVWY,-7547.15,6693,-123
87,shock_up,G02,GVWY,-14538.35,6645,-247
87,shock_up,G03,GVWY,-11282.7,6702,-454
87,shock_up,G04,GVWY,-11705.6,6692,-12
87,shock_up,Z05,ZIC,3131.6,516,272
87,shock_up,Z06,ZIC,3682.75,531,235
87,shock_up,Z07,ZIC,3925.8,566,236
87,shock_up,Z08,ZIC,3996.15,481,263
87,shock_up,Z09,ZIC,4179.55,539,271
87,shock_up,S10,SHVR,-6913.75,6123,-55
87,shock_up,S11,SHVR,-7924.5,6082,-210
87,shock_up,S12,SHVR,-3945.9,6094,22
87,shock_up,S13,SHVR,-10054.8,6090,-176
87,shock_up,S14,SHVR,-5292.85,6091,-97
87,shock_up,S15,SNPR,-1299.3,1314,54
87,shock_up,S16,SNPR,-1439.75,1321,-35
87,shock_up,S17,SNPR,-1899.45,1327,-29
87,shock_up,S18,SNPR,-1698.3,1306,-66
87,shock_up,S19,SNPR,-1636.45,1295,-29
87,shock_up,Z20,ZIP,3024.05,3669,-679
87,shock_up,Z21,ZIP,5186.3,3714,-234
87,shock_up,Z22,ZIP,5457.3,3796,-174
87,shock_up,Z23,ZIP,6945.2,3718,-136
87,shock_up,Z24,ZIP,3700.2,3694,-456
87,shock_up,P25,PRSH,10477.55,4095,811
87,shock_up,P26,PRSH,3335.35,241,207
87,shock_up,P27,PRSH,3898.1,402,262
87,shock_up,P28,PRSH,2688.65,307,193
87,shock_up,P29,PRSH,6072.45,679,369
87,shock_up,C30,CUSTOM,4725.35,4803,7
87,shock_up,C31,CUSTOM,6892.35,4685,-13
87,shock_up,C32,CUSTOM,5963.8,4788,-4
87,shock_up,C33,CUSTOM,4312.6,4804,-8
87,shock_up,C34,CUSTOM,5130.5,4732,-10
88,shock_up,G00,GVWY,-10755.05,6641,-167
88,shock_up,G01,GVWY,-13436.35,6699,-249
88,shock_up,G02,GVWY,-12576.0,6628,-180
88,shock_up,G03,GVWY,-12118.15,6669,-261
88,shock_up,G04,GVWY,-13976.95,6687,-113
88,shock_up,Z05,ZIC,3112.2,438,188
88,shock_up,Z06,ZIC,4119.6,486,244
88,shock_up,Z07,ZIC,3893.9,440,226
88,shock_up,Z08,ZIC,4494.85,531,239
88,shock_up,Z09,ZIC,3039.25,507,195
88,shock_up,S10,SHVR,-2132.05,6093,-27
88,shock_up,S11,SHVR,-11604.25,6099,-235
88,shock_up,S12,SHVR,-6542.95,6081,7
88,shock_up,S13,SHVR,-7503.5,6106,-50
88,shock_up,S14,SHVR,-4871.05,6027,13
88,shock_up,S15,SNPR,-1149.6,1306,-44
88,shock_up,S16,SNPR,-1116.5,1290,10
88,shock_up,S17,SNPR,-1389.55,1311,23
88,shock_up,S18,SNPR,-1447.1,1314,-54
88,shock_up,S19,SNPR,-1041.4,1298,64
88,shock_up,Z20,ZIP,3190.75,3679,-355
88,shock_up,Z21,ZIP,3694.15,3461,-339
88,shock_up,Z22,ZIP,4820.35,3605,-371
88,shock_up,Z23,ZIP,5973.9,3734,-274
88,shock_up,Z24,ZIP,6478.85,3751,-181
88,shock_up,P25,PRSH,2561.3,188,122
88,shock_up,P26,PRSH,6151.35,867,349
88,shock_up,P27,PRSH,6381.3,4586,542
88,shock_up,P28,PRSH,11812.85,1611,639
88,shock_up,P29,PRSH,2503.4,204,136
88,shock_up,C30,CUSTOM,6043.6,4718,-16
88,shock_up,C31,CUSTOM,6267.2,4814,-32
88,shock_up,C32,CUSTOM,4989.05,4785,-33
88,shock_up,C33,CUSTOM,6303.4,4772,-24
88,shock_up,C34,CUSTOM,5057.4,4738,-44
89,shock_up,G00,GVWY,-8310.0,6638,-48
89,shock_up,G01,GVWY,-7945.25,6661,-81
89,shock_up,G02,GVWY,-11645.0,6656,-152
89,shock_up,G03,GVWY,-9811.25,6645,-197
89,shock_up,G04,GVWY,-8914.75,6573,45
89,shock_up,Z05,ZIC,1394.75,519,243
89,shock_up,Z06,ZIC,2242.75,549,223
89,shock_up,Z07,ZIC,2341.0,466,188
89,shock_up,Z08,ZIC,1738.0,474,272
89,shock_up,Z09,ZIC,2565.0,444,236
89,shock_up,S10,SHVR,-5708.5,6068,38
89,shock_up,S11,SHVR,-7863.5,6028,-214
89,shock_up,S12,SHVR,-5657.25,5993,59
89,shock_up,S13,SHVR,-7036.5,6052,-154
89,shock_up,S14,SHVR,-5954.75,6031,5
89,shock_up,S15,SNPR,-1821.5,1298,94
89,shock_up,S16,SNPR,-1071.25,1297,27
89,shock_up,S17,SNPR,-1427.75,1307,-3
89,shock_up,S18,SNPR,-1549.75,1311,21
89,shock_up,S19,SNPR,-688.75,1303,-71
89,shock_up,Z20,ZIP,7977.25,3599,-147
89,shock_up,Z21,ZIP,6503.0,3676,-1100
89,shock_up,Z22,ZIP,7796.25,3629,-175
89,shock_up,Z23,ZIP,6297.25,3487,-127
89,shock_up,Z24,ZIP,6506.25,3523,-311
89,shock_up,P25,PRSH,3053.5,1270,458
89,shock_up,P26,PRSH,2994.25,255,197
89,shock_up,P27,PRSH,2739.0,256,196
89,shock_up,P28,PRSH,778.5,626,298
89,shock_up,P29,PRSH,1252.75,485,235
89,shock_up,C30,CUSTOM,5829.0,4796,-20
89,shock_up,C31,CUSTOM,4791.75,4785,-13
89,shock_up,C32,CUSTOM,5831.25,4735,-19
89,shock_up,C33,CUSTOM,6682.75,4699,-29
89,shock_up,C34,CUSTOM,6049.75,4699,-25
90,shock_up,G00,GVWY,-8719.8,6640,44
90,shock_up,G01,GVWY,-5362.2,6661,261
90,shock_up,G02,GVWY,-10372.0,6653,-115
90,shock_up,G03,GVWY,-9231.4,6682,192
90,shock_up,G04,GVWY,-11684.2,6659,-159
90,shock_up,Z05,ZIC,5124.2,551,329
90,shock_up,Z06,ZIC,2934.8,530,236
90,shock_up,Z07,ZIC,3157.2,599,279
90,shock_up,Z08,ZIC,4975.8,533,301
90,shock_up,Z09,ZIC,3113.8,567,251
90,shock_up,S10,SHVR,-3400.2,6022,56
90,shock_up,S11,SHVR,-6040.2,6042,-4
90,shock_up,S12,SHVR,-4387.4,6039,147
90,shock_up,S13,SHVR,-5286.8,6031,99
90,shock_up,S14,SHVR,-4621.8,6066,194
90,shock_up,S15,SNPR,-1301.4,1315,37
90,shock_up,S16,SNPR,-728.8,1295,49
90,shock_up,S17,SNPR,-1291.0,1300,70
90,shock_up,S18,SNPR,-957.8,1337,39
90,shock_up,S19,SNPR,-1341.4,1308,-68
90,shock_up,Z20,ZIP,-4873.8,3626,-1166
90,shock_up,Z21,ZIP,2708.8,3708,-574
90,shock_up,Z22,ZIP,4617.0,3640,-460
90,shock_up,Z23,ZIP,-1340.6,3631,-887
90,shock_up,Z24,ZIP,1223.8,3663,-729
90,shock_up,P25,PRSH,2164.8,237,171
90,shock_up,P26,PRSH,2609.2,209,169
90,shock_up,P27,PRSH,3476.2,338,224
90,shock_up,P28,PRSH,3711.4,219,183
90,shock_up,P29,PRSH,11920.0,2819,825
90,shock_up,C30,CUSTOM,5625.2,4779,19
90,shock_up,C31,CUSTOM,6068.2,4720,4
90,shock_up,C32,CUSTOM,6586.2,4754,-6
90,shock_up,C33,CUSTOM,6291.2,4749,-1
90,shock_up,C34,CUSTOM,4934.8,4763,1
91,shock_up,G00,GVWY,-8764.0,6574,18
91,shock_up,G01,GVWY,-8089.0,6662,-132
91,shock_up,G02,GVWY,-11817.5,6639,-89
91,shock_up,G03,GVWY,-10728.5,6627,-131
91,shock_up,G04,GVWY,-9983.5,6625,41
91,shock_up,Z05,ZIC,536.0,496,262
91,shock_up,Z06,ZIC,-477.0,552,312
91,shock_up,Z07,ZIC,1043.0,500,256
91,shock_up,Z08,ZIC,385.0,502,212
91,shock_up,Z09,ZIC,733.0,486,278
91,shock_up,S10,SHVR,-3376.5,5999,-141
91,shock_up,S11,SHVR,-6697.5,5953,33
91,shock_up,S12,SHVR,-4952.0,5986,-92
91,shock_up,S13,SHVR,-8081.0,6002,-116
91,shock_up,S14,SHVR,-8068.5,6033,167
91,shock_up,S15,SNPR,-677.0,1286,-56
91,shock_up,S16,SNPR,-2221.5,1293,61
91,shock_up,S17,SNPR,-999.5,1267,-5
91,shock_up,S18,SNPR,-803.0,1266,-34
91,shock_up,S19,SNPR,-1447.0,1286,4
91,shock_up,Z20,ZIP,15218.5,3653,-847
91,shock_up,Z21,ZIP,8682.5,3543,-119
91,shock_up,Z22,ZIP,8343.5,3641,-129
91,shock_up,Z23,ZIP,11317.0,3606,-600
91,shock_up,Z24,ZIP,9305.5,3567,-275
91,shock_up,P25,PRSH,832.5,219,167
91,shock_up,P26,PRSH,411.5,183,129
91,shock_up,P27,PRSH,343.5,429,207
91,shock_up,P28,PRSH,711.0,282,194
91,shock_up,P29,PRSH,-241.0,1052,460
91,shock_up,C30,CUSTOM,6373.5,4801,-19
91,shock_up,C31,CUSTOM,6456.5,4767,-13
91,shock_up,C32,CUSTOM,5323.0,4770,-10
91,shock_up,C33,CUSTOM,6139.0,4782,-14
91,shock_up,C34,CUSTOM,5283.5,4751,-3
92,shock_up,G00,GVWY,-14951.2,6650,-356
92,shock_up,G01,GVWY,-13944.8,6726,-224
92,shock_up,G02,GVWY,-13711.0,6662,-270
92,shock_up,G03,GVWY,-10940.6,6668,-268
92,shock_up,G04,GVWY,-11765.8,6655,-219
92,shock_up,Z05,ZIC,4999.4,530,232
92,shock_up,Z06,ZIC,3609.8,432,184
92,shock_up,Z07,ZIC,3541.6,477,183
92,shock_up,Z08,ZIC,5156.0,506,260
92,shock_up,Z09,ZIC,4592.2,477,211
92,shock_up,S10,SHVR,-6682.2,6101,-51
92,shock_up,S11,SHVR,-2932.2,6098,124
92,shock_up,S12,SHVR,-2700.4,6084,-62
92,shock_up,S13,SHVR,-6321.2,6086,14
92,shock_up,S14,SHVR,-10101.2,6094,-346
92,shock_up,S15,SNPR,-1244.8,1320,-64
92,shock_up,S16,SNPR,-1452.4,1305,-27
92,shock_up,S17,SNPR,-1404.4,1307,53
92,shock_up,S18,SNPR,-1351.6,1300,52
92,shock_up,S19,SNPR,-1571.0,1293,-25
92,shock_up,Z20,ZIP,3687.2,3779,-89
92,shock_up,Z21,ZIP,1209.6,3667,-337
92,shock_up,Z22,ZIP,-4048.0,3623,-875
92,shock_up,Z23,ZIP,3773.8,3752,-356
92,shock_up,Z24,ZIP,2997.4,3639,-193
92,shock_up,P25,PRSH,3897.4,220,152
92,shock_up,P26,PRSH,3315.8,207,169
92,shock_up,P27,PRSH,15665.8,3963,779
92,shock_up,P28,PRSH,12264.0,1725,695
92,shock_up,P29,PRSH,13513.8,2986,694
92,shock_up,C30,CUSTOM,4500.4,4736,-28
92,shock_up,C31,CUSTOM,4605.4,4752,-28
92,shock_up,C32,CUSTOM,4671.2,4746,-24
92,shock_up,C33,CUSTOM,4407.2,4664,-24
92,shock_up,C34,CUSTOM,4085.6,4727,-27
93,shock_up,G00,GVWY,-11606.9,6650,-278
93,shock_up,G01,GVWY,-14493.2,6656,-184
93,shock_up,G02,GVWY,-9174.6,6658,-252
93,shock_up,G03,GVWY,-10258.4,6650,-8
93,shock_up,G04,GVWY,-10374.6,6672,-52
93,shock_up,Z05,ZIC,3333.55,497,191
93,shock_up,Z06,ZIC,2403.35,493,207
93,shock_up,Z07,ZIC,2810.05,471,201
93,shock_up,Z08,ZIC,3183.8,482,216
93,shock_up,Z09,ZIC,3260.3,500,226
93,shock_up,S10,SHVR,-4798.5,6082,-110
93,shock_up,S11,SHVR,-5798.8,6112,-56
93,shock_up,S12,SHVR,-5966.2,6092,-64
93,shock_up,S13,SHVR,-4455.0,6058,-100
93,shock_up,S14,SHVR,-9136.3,6124,-86
93,shock_up,S15,SNPR,-974.45,1303,31
93,shock_up,S16,SNPR,-1045.1,1298,-82
93,shock_up,S17,SNPR,-1296.2,1304,16
93,shock_up,S18,SNPR,-1355.55,1321,-71
93,shock_up,S19,SNPR,-1198.8,1328,-36
93,shock_up,Z20,ZIP,6381.95,3677,-221
93,shock_up,Z21,ZIP,-1257.4,3768,-948
93,shock_up,Z22,ZIP,4563.5,3582,-270
93,shock_up,Z23,ZIP,3504.4,3768,-672
93,shock_up,Z24,ZIP,5425.15,3695,-317
93,shock_up,P25,PRSH,3846.2,628,264
93,shock_up,P26,PRSH,2622.15,187,123
93,shock_up,P27,PRSH,12052.5,2798,910
93,shock_up,P28,PRSH,8103.15,2729,783
93,shock_up,P29,PRSH,7407.55,3737,691
93,shock_up,C30,CUSTOM,5061.05,4747,-19
93,shock_up,C31,CUSTOM,5715.9,4720,-22
93,shock_up,C32,CUSTOM,5724.35,4647,-53
93,shock_up,C33,CUSTOM,2637.2,4744,4
93,shock_up,C34,CUSTOM,4730.75,4713,-25
94,shock_up,G00,GVWY,-9338.3,6690,134
94,shock_up,G01,GVWY,-10285.35,6663,-47
94,shock_up,G02,GVWY,-9219.65,6643,-33
94,shock_up,G03,GVWY,-6848.5,6650,-110
94,shock_up,G04,GVWY,-12039.7,6622,66
94,shock_up,Z05,ZIC,3403.1,552,302
94,shock_up,Z06,ZIC,3352.95,507,219
94,shock_up,Z07,ZIC,3226.4,496,268
94,shock_up,Z08,ZIC,3775.65,533,313
94,shock_up,Z09,ZIC,2604.35,557,247
94,shock_up,S10,SHVR,-4944.9,6008,2
94,shock_up,S11,SHVR,-5245.35,6033,-47
94,shock_up,S12,SHVR,-5043.5,6078,170
94,shock_up,S13,SHVR,-7460.55,6075,89
94,shock_up,S14,SHVR,-9162.1,6074,-202
94,shock_up,S15,SNPR,-885.6,1296,-32
94,shock_up,S16,SNPR,-1378.4,1314,52
94,shock_up,S17,SNPR,-1711.1,1308,-2
94,shock_up,S18,SNPR,-1230.1,1326,-2
94,shock_up,S19,SNPR,-1563.6,1316,28
94,shock_up,Z20,ZIP,5664.4,3554,-412
94,shock_up,Z21,ZIP,4628.95,3687,-621
94,shock_up,Z22,ZIP,5206.95,3621,-481
94,shock_up,Z23,ZIP,4521.0,3606,-300
94,shock_up,Z24,ZIP,1573.15,3639,-877
94,shock_up,P25,PRSH,2636.9,246,218
94,shock_up,P26,PRSH,2647.85,445,237
94,shock_up,P27,PRSH,3338.2,610,284
94,shock_up,P28,PRSH,5567.4,708,408
94,shock_up,P29,PRSH,3217.8,282,196
94,shock_up,C30,CUSTOM,6658.1,4660,-18
94,shock_up,C31,CUSTOM,6519.8,4842,-24
94,shock_up,C32,CUSTOM,6316.35,4751,-13
94,shock_up,C33,CUSTOM,5140.2,4680,-16
94,shock_up,C34,CUSTOM,6235.95,4711,-21
95,shock_up,G00,GVWY,-9230.25,6703,-169
95,shock_up,G01,GVWY,-14855.0,6688,-232
95,shock_up,G02,GVWY,-11402.75,6657,-39
95,shock_up,G03,GVWY,-13799.75,6709,-215
95,shock_up,G04,GVWY,-11681.75,6673,-227
95,shock_up,Z05,ZIC,5497.0,508,280
95,shock_up,Z06,ZIC,3792.0,462,180
95,shock_up,Z07,ZIC,4327.25,495,225
95,shock_up,Z08,ZIC,4987.5,524,242
95,shock_up,Z09,ZIC,4851.5,530,226
95,shock_up,S10,SHVR,-5209.0,6078,40
95,shock_up,S11,SHVR,-6692.0,6082,-36
95,shock_up,S12,SHVR,-7838.0,6052,-60
95,shock_up,S13,SHVR,-4341.5,6050,90
95,shock_up,S14,SHVR,-5073.5,6022,-94
95,shock_up,S15,SNPR,-953.0,1304,68
95,shock_up,S16,SNPR,-2563.25,1305,-105
95,shock_up,S17,SNPR,-1224.75,1329,-31
95,shock_up,S18,SNPR,-1571.5,1312,-26
95,shock_up,S19,SNPR,-1338.25,1321,-17
95,shock_up,Z20,ZIP,-7923.75,3623,-1055
95,shock_up,Z21,ZIP,2899.25,3699,-415
95,shock_up,Z22,ZIP,3366.25,3663,-179
95,shock_up,Z23,ZIP,616.25,3837,-511
95,shock_up,Z24,ZIP,4878.5,3744,-170
95,shock_up,P25,PRSH,12912.5,1912,670
95,shock_up,P26,PRSH,18207.25,3627,945
95,shock_up,P27,PRSH,2993.0,196,152
95,shock_up,P28,PRSH,7373.0,662,308
95,shock_up,P29,PRSH,3093.25,217,153
95,shock_up,C30,CUSTOM,6304.5,4690,-2
95,shock_up,C31,CUSTOM,5943.75,4697,7
95,shock_up,C32,CUSTOM,4613.5,4716,-6
95,shock_up,C33,CUSTOM,4460.75,4811,7
95,shock_up,C34,CUSTOM,5207.5,4738,-14
96,shock_up,G00,GVWY,-10537.2,6652,-98
96,shock_up,G01,GVWY,-14844.9,6707,-261
96,shock_up,G02,GVWY,-8037.4,6672,-206
96,shock_up,G03,GVWY,-10467.7,6651,-243
96,shock_up,G04,GVWY,-8099.9,6589,-21
96,shock_up,Z05,ZIC,2728.7,489,183
96,shock_up,Z06,ZIC,3793.2,512,258
96,shock_up,Z07,ZIC,3194.1,525,219
96,shock_up,Z08,ZIC,3055.5,517,245
96,shock_up,Z09,ZIC,2850.7,549,253
96,shock_up,S10,SHVR,-9468.6,6024,26
96,shock_up,S11,SHVR,-4613.6,6116,46
96,shock_up,S12,SHVR,-6406.5,6061,-155
96,shock_up,S13,SHVR,-5889.0,6078,0
96,shock_up,S14,SHVR,-5639.4,6048,24
96,shock_up,S15,SNPR,-1327.8,1312,58
96,shock_up,S16,SNPR,-1059.2,1298,2
96,shock_up,S17,SNPR,-1051.7,1337,-93
96,shock_up,S18,SNPR,-1306.3,1317,-77
96,shock_up,S19,SNPR,-1203.0,1324,-40
96,shock_up,Z20,ZIP,3382.0,3742,-470
96,shock_up,Z21,ZIP,5246.2,3672,-192
96,shock_up,Z22,ZIP,7456.1,3671,-271
96,shock_up,Z23,ZIP,4038.3,3739,-363
96,shock_up,Z24,ZIP,6832.9,3703,-249
96,shock_up,P25,PRSH,5462.6,452,314
96,shock_up,P26,PRSH,2210.1,173,139
96,shock_up,P27,PRSH,3580.6,692,304
96,shock_up,P28,PRSH,5505.8,5188,522
96,shock_up,P29,PRSH,2875.9,547,211
96,shock_up,C30,CUSTOM,6580.6,4692,-36
96,shock_up,C31,CUSTOM,4777.3,4677,-33
96,shock_up,C32,CUSTOM,5438.7,4725,-17
96,shock_up,C33,CUSTOM,4726.9,4847,-29
96,shock_up,C34,CUSTOM,5391.1,4795,-21
97,shock_up,G00,GVWY,-13240.8,6646,-138
97,shock_up,G01,GVWY,-13047.6,6662,-216
97,shock_up,G02,GVWY,-10910.0,6634,-320
97,shock_up,G03,GVWY,-6959.8,6619,7
97,shock_up,G04,GVWY,-12713.6,6623,-131
97,shock_up,Z05,ZIC,4124.2,496,252
97,shock_up,Z06,ZIC,3711.8,535,223
97,shock_up,Z07,ZIC,3338.8,457,223
97,shock_up,Z08,ZIC,4447.0,494,240
97,shock_up,Z09,ZIC,4287.8,457,193
97,shock_up,S10,SHVR,-4063.0,6044,60
97,shock_up,S11,SHVR,-4563.2,6073,83
97,shock_up,S12,SHVR,-7959.0,6128,-70
97,shock_up,S13,SHVR,-8153.2,6066,-192
97,shock_up,S14,SHVR,-7163.4,6041,31
97,shock_up,S15,SNPR,-1002.4,1332,-44
97,shock_up,S16,SNPR,-953.0,1310,10
97,shock_up,S17,SNPR,-1115.8,1317,17
97,shock_up,S18,SNPR,-1398.2,1310,8
97,shock_up,S19,SNPR,-1124.8,1307,87
97,shock_up,Z20,ZIP,-478.8,3823,-633
97,shock_up,Z21,ZIP,3710.8,3552,-332
97,shock_up,Z22,ZIP,3472.8,3794,-362
97,shock_up,Z23,ZIP,4270.2,3557,-183
97,shock_up,Z24,ZIP,2205.4,3763,-641
97,shock_up,P25,PRSH,8372.4,1243,549
97,shock_up,P26,PRSH,3989.6,279,191
97,shock_up,P27,PRSH,2988.4,193,149
97,shock_up,P28,PRSH,7079.6,737,371
97,shock_up,P29,PRSH,8892.4,4888,614
97,shock_up,C30,CUSTOM,6721.6,4757,-9
97,shock_up,C31,CUSTOM,4710.0,4827,-25
97,shock_up,C32,CUSTOM,6168.6,4799,-9
97,shock_up,C33,CUSTOM,5980.0,4809,-25
97,shock_up,C34,CUSTOM,6404.8,4812,-12
98,shock_up,G00,GVWY,-13538.7,6676,-258
98,shock_up,G01,GVWY,-9569.85,6671,-79
98,shock_up,G02,GVWY,-9541.2,6700,-308
98,shock_up,G03,GVWY,-11586.6,6662,-44
98,shock_up,G04,GVWY,-11692.95,6699,-33
98,shock_up,Z05,ZIC,2999.9,526,226
98,shock_up,Z06,ZIC,3184.25,475,195
98,shock_up,Z07,ZIC,3435.6,498,244
98,shock_up,Z08,ZIC,2531.65,461,211
98,shock_up,Z09,ZIC,4086.05,565,287
98,shock_up,S10,SHVR,-4754.2,6054,-248
98,shock_up,S11,SHVR,-3074.25,6027,45
98,shock_up,S12,SHVR,-4982.6,6046,-184
98,shock_up,S13,SHVR,-7624.2,6008,-228
98,shock_up,S14,SHVR,-4547.15,6093,-21
98,shock_up,S15,SNPR,-860.35,1295,-49
98,shock_up,S16,SNPR,-1200.95,1345,-53
98,shock_up,S17,SNPR,-1375.55,1325,-57
98,shock_up,S18,SNPR,-1020.8,1294,8
98,shock_up,S19,SNPR,-1229.0,1302,20
98,shock_up,Z20,ZIP,3888.75,3639,-255
98,shock_up,Z21,ZIP,2118.45,3699,-497
98,shock_up,Z22,ZIP,5370.4,3664,-204
98,shock_up,Z23,ZIP,1098.1,3656,-466
98,shock_up,Z24,ZIP,2913.15,3695,-499
98,shock_up,P25,PRSH,4090.7,682,318
98,shock_up,P26,PRSH,11619.5,3068,950
98,shock_up,P27,PRSH,2475.35,541,229
98,shock_up,P28,PRSH,10354.4,2630,676
98,shock_up,P29,PRSH,3524.0,214,180
98,shock_up,C30,CUSTOM,4879.45,4563,-17
98,shock_up,C31,CUSTOM,4421.5,4722,-30
98,shock_up,C32,CUSTOM,5152.4,4704,-4
98,shock_up,C33,CUSTOM,4440.0,4722,-20
98,shock_up,C34,CUSTOM,4172.6,4676,-16
99,shock_up,G00,GVWY,-9861.2,6709,-379
99,shock_up,G01,GVWY,-9205.0,6660,-110
99,shock_up,G02,GVWY,-12514.4,6669,-273
99,shock_up,G03,GVWY,-11060.4,6636,-308
99,shock_up,G04,GVWY,-12409.6,6662,-102
99,shock_up,Z05,ZIC,2969.0,479,225
99,shock_up,Z06,ZIC,3467.4,536,238
99,shock_up,Z07,ZIC,2833.8,544,206
99,shock_up,Z08,ZIC,3361.8,540,226
99,shock_up,Z09,ZIC,2750.8,492,136
99,shock_up,S10,SHVR,-10457.6,6115,-297
99,shock_up,S11,SHVR,-3657.6,6115,-17
99,shock_up,S12,SHVR,-7281.4,6100,-188
99,shock_up,S13,SHVR,-4602.8,6121,-31
99,shock_up,S14,SHVR,-7351.2,6007,-9
99,shock_up,S15,SNPR,-1115.2,1318,16
99,shock_up,S16,SNPR,-1305.2,1301,1
99,shock_up,S17,SNPR,-1178.0,1337,-15
99,shock_up,S18,SNPR,-1181.8,1324,-16
99,shock_up,S19,SNPR,-1320.0,1329,-5
99,shock_up,Z20,ZIP,3999.0,3769,-265
99,shock_up,Z21,ZIP,6660.2,3644,-146
99,shock_up,Z22,ZIP,5288.4,3691,-217
99,shock_up,Z23,ZIP,1217.8,3603,-689
99,shock_up,Z24,ZIP,4637.0,3775,-285
99,shock_up,P25,PRSH,8376.4,2109,563
99,shock_up,P26,PRSH,9284.8,2529,781
99,shock_up,P27,PRSH,9250.0,2599,635
99,shock_up,P28,PRSH,2871.4,198,148
99,shock_up,P29,PRSH,2475.6,320,192
99,shock_up,C30,CUSTOM,4190.2,4657,-11
99,shock_up,C31,CUSTOM,4507.8,4767,-19
99,shock_up,C32,CUSTOM,5524.6,4695,-3
99,shock_up,C33,CUSTOM,4262.0,4713,-15
99,shock_up,C34,CUSTOM,6013.2,4797,-21
100,shock_up,G00,GVWY,-11646.1,6647,-61
100,shock_up,G01,GVWY,-14405.3,6633,-243
100,shock_up,G02,GVWY,-10950.1,6625,-131
100,shock_up,G03,GVWY,-9034.2,6646,-182
100,shock_up,G04,GVWY,-9554.8,6620,112
100,shock_up,Z05,ZIC,3048.2,476,252
100,shock_up,Z06,ZIC,2468.1,509,241
100,shock_up,Z07,ZIC,2878.4,554,234
100,shock_up,Z08,ZIC,3591.6,544,236
100,shock_up,Z09,ZIC,2521.6,476,216
100,shock_up,S10,SHVR,-6024.0,6006,110
100,shock_up,S11,SHVR,-7644.6,6056,-156
100,shock_up,S12,SHVR,-5329.3,6037,-3
100,shock_up,S13,SHVR,-7202.1,6051,139
100,shock_up,S14,SHVR,-5508.9,6069,-29
100,shock_up,S15,SNPR,-1151.0,1288,-90
100,shock_up,S16,SNPR,-1121.2,1322,-2
100,shock_up,S17,SNPR,-1783.1,1301,89
100,shock_up,S18,SNPR,-1422.8,1302,-8
100,shock_up,S19,SNPR,-2147.8,1328,2
100,shock_up,Z20,ZIP,4903.1,3735,-379
100,shock_up,Z21,ZIP,6308.0,3692,-520
100,shock_up,Z22,ZIP,5676.6,3710,-534
100,shock_up,Z23,ZIP,7802.6,3682,-234
100,shock_up,Z24,ZIP,5145.3,3757,-507
100,shock_up,P25,PRSH,10755.6,1712,696
100,shock_up,P26,PRSH,2689.1,509,241
100,shock_up,P27,PRSH,3713.6,522,266
100,shock_up,P28,PRSH,1946.7,193,137
100,shock_up,P29,PRSH,2232.2,194,142
100,shock_up,C30,CUSTOM,5387.1,4767,-19
100,shock_up,C31,CUSTOM,5706.6,4718,-4
100,shock_up,C32,CUSTOM,5830.3,4743,-17
100,shock_up,C33,CUSTOM,5373.9,4729,-31
100,shock_up,C34,CUSTOM,6670.1,4749,-9
101,shock_up,G00,GVWY,-11953.75,6623,-141
101,shock_up,G01,GVWY,-11868.25,6669,-139
101,shock_up,G02,GVWY,-14518.0,6676,-276
101,shock_up,G03,GVWY,-13785.5,6622,-194
101,shock_up,G04,GVWY,-6486.25,6633,113
101,shock_up,Z05,ZIC,6002.0,478,244
101,shock_up,Z06,ZIC,5269.5,502,266
101,shock_up,Z07,ZIC,4847.5,488,222
101,shock_up,Z08,ZIC,5828.25,551,267
101,shock_up,Z09,ZIC,4326.0,492,228
101,shock_up,S10,SHVR,-7245.5,6004,-106
101,shock_up,S11,SHVR,-8138.0,6014,-92
101,shock_up,S12,SHVR,-6629.25,6027,-103
101,shock_up,S13,SHVR,-6593.0,5998,96
101,shock_up,S14,SHVR,-8698.0,6026,-136
101,shock_up,S15,SNPR,-1189.5,1298,-22
101,shock_up,S16,SNPR,-1568.25,1303,-7
101,shock_up,S17,SNPR,-1907.75,1293,-117
101,shock_up,S18,SNPR,-958.25,1293,21
101,shock_up,S19,SNPR,-1516.0,1308,-44
101,shock_up,Z20,ZIP,4838.75,3607,-259
101,shock_up,Z21,ZIP,4545.75,3579,-219
101,shock_up,Z22,ZIP,1562.75,3613,-491
101,shock_up,Z23,ZIP,6840.75,3795,-107
101,shock_up,Z24,ZIP,5241.25,3589,-117
101,shock_up,P25,PRSH,5597.0,254,236
101,shock_up,P26,PRSH,3821.0,228,164
101,shock_up,P27,PRSH,3521.0,194,152
101,shock_up,P28,PRSH,9381.0,918,440
101,shock_up,P29,PRSH,3297.25,207,135
101,shock_up,C30,CUSTOM,6517.75,4751,-23
101,shock_up,C31,CUSTOM,4698.0,4688,0
101,shock_up,C32,CUSTOM,5267.0,4750,-16
101,shock_up,C33,CUSTOM,5224.5,4812,2
101,shock_up,C34,CUSTOM,5472.25,4683,-17
102,shock_up,G00,GVWY,-11175.6,6658,-196
102,shock_up,G01,GVWY,-11010.75,6637,-135
102,shock_up,G02,GVWY,-8463.25,6647,-105
102,shock_up,G03,GVWY,-15401.1,6648,-206
102,shock_up,G04,GVWY,-9941.8,6704,-48
102,shock_up,Z05,ZIC,3953.85,517,221
102,shock_up,Z06,ZIC,4044.1,562,246
102,shock_up,Z07,ZIC,3349.55,485,183
102,shock_up,Z08,ZIC,3093.0,514,200
102,shock_up,Z09,ZIC,4195.05,485,233
102,shock_up,S10,SHVR,-7640.6,6028,-16
102,shock_up,S11,SHVR,-8668.65,6053,-229
102,shock_up,S12,SHVR,-6853.1,6000,14
102,shock_up,S13,SHVR,-6951.2,6012,-192
102,shock_up,S14,SHVR,-6378.8,6012,-68
102,shock_up,S15,SNPR,-1207.25,1307,15
102,shock_up,S16,SNPR,-1411.1,1302,-86
102,shock_up,S17,SNPR,-512.1,1320,74
102,shock_up,S18,SNPR,-924.5,1292,30
102,shock_up,S19,SNPR,-1275.4,1302,-104
102,shock_up,Z20,ZIP,533.05,3607,-527
102,shock_up,Z21,ZIP,5400.05,3597,-167
102,shock_up,Z22,ZIP,4439.0,3764,-100
102,shock_up,Z23,ZIP,-4537.6,3656,-956
102,shock_up,Z24,ZIP,6414.1,3652,-74
102,shock_up,P25,PRSH,4165.65,563,229
102,shock_up,P26,PRSH,10982.05,1731,593
102,shock_up,P27,PRSH,13536.0,1726,640
102,shock_up,P28,PRSH,3099.85,269,181
102,shock_up,P29,PRSH,8904.95,841,427
102,shock_up,C30,CUSTOM,6647.05,4735,-27
102,shock_up,C31,CUSTOM,4763.95,4771,-13
102,shock_up,C32,CUSTOM,4511.65,4769,-31
102,shock_up,C33,CUSTOM,4601.9,4854,-26
102,shock_up,C34,CUSTOM,5273.3,4664,-22
103,shock_up,G00,GVWY,-14544.1,6670,-302
103,shock_up,G01,GVWY,-9225.95,6665,-379
103,shock_up,G02,GVWY,-10697.35,6701,-207
103,shock_up,G03,GVWY,-13035.05,6667,-321
103,shock_up,G04,GVWY,-9090.25,6697,-265
103,shock_up,Z05,ZIC,2197.9,512,178
103,shock_up,Z06,ZIC,1784.5,460,210
103,shock_up,Z07,ZIC,2051.7,456,214
103,shock_up,Z08,ZIC,1517.4,488,148
103,shock_up,Z09,ZIC,1551.65,497,193
103,shock_up,S10,SHVR,-5321.0,6116,0
103,shock_up,S11,SHVR,-5747.75,6127,-15
103,shock_up,S12,SHVR,-2810.15,6131,117
103,shock_up,S13,SHVR,-6097.3,6126,14
103,shock_up,S14,SHVR,-5872.8,6088,-256
103,shock_up,S15,SNPR,-869.15,1311,-23
103,shock_up,S16,SNPR,-1095.2,1314,-24
103,shock_up,S17,SNPR,-2069.35,1315,73
103,shock_up,S18,SNPR,-1168.05,1307,-41
103,shock_up,S19,SNPR,-537.75,1327,-55
103,shock_up,Z20,ZIP,4781.0,3624,-140
103,shock_up,Z21,ZIP,7247.05,3595,-319
103,shock_up,Z22,ZIP,5664.3,3644,-414
103,shock_up,Z23,ZIP,907.45,3743,-1271
103,shock_up,Z24,ZIP,4757.45,3815,-391
103,shock_up,P25,PRSH,9705.6,2656,812
103,shock_up,P26,PRSH,4563.7,4496,594
103,shock_up,P27,PRSH,2879.0,862,340
103,shock_up,P28,PRSH,7575.25,2151,685
103,shock_up,P29,PRSH,5770.05,3607,821
103,shock_up,C30,CUSTOM,5382.45,4647,9
103,shock_up,C31,CUSTOM,5015.45,4751,-11
103,shock_up,C32,CUSTOM,4329.0,4750,-40
103,shock_up,C33,CUSTOM,5499.3,4760,-14
103,shock_up,C34,CUSTOM,4633.4,4782,8
104,shock_up,G00,GVWY,-10015.05,6627,-93
104,shock_up,G01,GVWY,-12110.65,6637,-109
104,shock_up,G02,GVWY,-9854.75,6659,-15
104,shock_up,G03,GVWY,-6806.45,6637,-17
104,shock_up,G04,GVWY,-8018.85,6655,-21
104,shock_up,Z05,ZIC,3150.4,540,284
104,shock_up,Z06,ZIC,3496.7,540,282
104,shock_up,Z07,ZIC,3326.45,527,217
104,shock_up,Z08,ZIC,2928.1,544,266
104,shock_up,Z09,ZIC,3379.15,499,239
104,shock_up,S10,SHVR,-5682.4,5986,276
104,shock_up,S11,SHVR,-7767.3,5994,-58
104,shock_up,S12,SHVR,-9972.1,5982,154
104,shock_up,S13,SHVR,-4958.85,5977,19
104,shock_up,S14,SHVR,-7658.6,5918,-56
104,shock_up,S15,SNPR,-965.1,1300,34
104,shock_up,S16,SNPR,-1551.8,1302,-68
104,shock_up,S17,SNPR,-1587.05,1309,47
104,shock_up,S18,SNPR,-1307.45,1287,-17
104,shock_up,S19,SNPR,-973.8,1320,72
104,shock_up,Z20,ZIP,9743.4,3672,-196
104,shock_up,Z21,ZIP,7566.05,3585,-367
104,shock_up,Z22,ZIP,5462.7,3732,-378
104,shock_up,Z23,ZIP,3734.95,3615,-713
104,shock_up,Z24,ZIP,1160.8,3620,-1052
104,shock_up,P25,PRSH,2916.3,208,178
104,shock_up,P26,PRSH,5737.35,727,371
104,shock_up,P27,PRSH,2679.15,361,259
104,shock_up,P28,PRSH,2099.15,261,179
104,shock_up,P29,PRSH,4798.2,668,312
104,shock_up,C30,CUSTOM,5786.5,4780,-30
104,shock_up,C31,CUSTOM,5763.1,4762,-14
104,shock_up,C32,CUSTOM,4883.65,4809,-11
104,shock_up,C33,CUSTOM,5043.15,4679,-1
104,shock_up,C34,CUSTOM,5154.05,4787,-7
105,shock_up,G00,GVWY,-17320.8,6680,-298
105,shock_up,G01,GVWY,-11005.4,6652,-24
105,shock_up,G02,GVWY,-17648.8,6746,-288
105,shock_up,G03,GVWY,-11654.8,6728,-138
105,shock_up,G04,GVWY,-14940.6,6662,-246
105,shock_up,Z05,ZIC,6275.4,472,264
105,shock_up,Z06,ZIC,6284.4,541,229
105,shock_up,Z07,ZIC,4854.0,496,200
105,shock_up,Z08,ZIC,4829.6,514,186
105,shock_up,Z09,ZIC,6176.4,567,249
105,shock_up,S10,SHVR,-4870.6,6119,19
105,shock_up,S11,SHVR,-4522.0,6130,50
105,shock_up,S12,SHVR,-2062.8,6111,77
105,shock_up,S13,SHVR,-9499.4,6115,-139
105,shock_up,S14,SHVR,-8362.0,6136,-170
105,shock_up,S15,SNPR,-1219.4,1310,26
105,shock_up,S16,SNPR,30.8,1309,53
105,shock_up,S17,SNPR,-2119.6,1298,-36
105,shock_up,S18,SNPR,-1015.6,1318,24
105,shock_up,S19,SNPR,-2106.8,1297,-23
105,shock_up,Z20,ZIP,-9217.0,3709,-785
105,shock_up,Z21,ZIP,-16627.4,3906,-1164
105,shock_up,Z22,ZIP,3255.8,3658,-162
105,shock_up,Z23,ZIP,-498.8,3735,-363
105,shock_up,Z24,ZIP,-1039.4,3778,-384
105,shock_up,P25,PRSH,16692.8,4997,703
105,shock_up,P26,PRSH,23671.0,2118,800
105,shock_up,P27,PRSH,15047.0,1570,540
105,shock_up,P28,PRSH,5379.0,215,185
105,shock_up,P29,PRSH,17144.0,2406,670
105,shock_up,C30,CUSTOM,6149.6,4842,-4
105,shock_up,C31,CUSTOM,5172.0,4745,-15
105,shock_up,C32,CUSTOM,5068.8,4759,-27
105,shock_up,C33,CUSTOM,5133.2,4804,2
105,shock_up,C34,CUSTOM,5403.4,4753,-11
106,shock_up,G00,GVWY,-12904.05,6675,-217
106,shock_up,G01,GVWY,-11883.0,6710,-200
106,shock_up,G02,GVWY,-9885.0,6700,-40
106,shock_up,G03,GVWY,-10771.75,6695,-175
106,shock_up,G04,GVWY,-12574.05,6723,-157
106,shock_up,Z05,ZIC,3622.1,490,234
106,shock_up,Z06,ZIC,3640.0,526,220
106,shock_up,Z07,ZIC,3869.8,550,272
106,shock_up,Z08,ZIC,3731.65,501,221
106,shock_up,Z09,ZIC,4186.95,523,223
106,shock_up,S10,SHVR,-2826.35,6059,81
106,shock_up,S11,SHVR,-5656.15,6081,-111
106,shock_up,S12,SHVR,-639.5,6094,210
106,shock_up,S13,SHVR,-6458.9,6108,-66
106,shock_up,S14,SHVR,-8761.95,6069,-83
106,shock_up,S15,SNPR,-1570.8,1322,-32
106,shock_up,S16,SNPR,-1440.05,1319,-77
106,shock_up,S17,SNPR,-1018.85,1329,-89
106,shock_up,S18,SNPR,-1467.4,1342,64
106,shock_up,S19,SNPR,-1242.35,1329,-39
106,shock_up,Z20,ZIP,5394.25,3715,-235
106,shock_up,Z21,ZIP,-6381.35,3747,-1279
106,shock_up,Z22,ZIP,3851.35,3635,-401
106,shock_up,Z23,ZIP,2369.0,3540,-680
106,shock_up,Z24,ZIP,6893.95,3611,-97
106,shock_up,P25,PRSH,6246.05,951,397
106,shock_up,P26,PRSH,3155.05,235,177
106,shock_up,P27,PRSH,2541.1,372,214
106,shock_up,P28,PRSH,6486.7,4962,738
106,shock_up,P29,PRSH,13730.6,2694,884
106,shock_up,C30,CUSTOM,5057.4,4764,-4
106,shock_up,C31,CUSTOM,3985.8,4700,-8
106,shock_up,C32,CUSTOM,5442.15,4783,11
106,shock_up,C33,CUSTOM,5275.55,4743,7
106,shock_up,C34,CUSTOM,5733.6,4746,-16
107,shock_up,G00,GVWY,-12353.5,6683,-255
107,shock_up,G01,GVWY,-11730.2,6664,-302
107,shock_up,G02,GVWY,-11969.5,6667,-125
107,shock_up,G03,GVWY,-8349.9,6649,-239
107,shock_up,G04,GVWY,-9779.5,6685,-205
107,shock_up,Z05,ZIC,2726.9,507,219
107,shock_up,Z06,ZIC,2277.9,491,209
107,shock_up,Z07,ZIC,2626.3,459,203
107,shock_up,Z08,ZIC,2010.3,489,233
107,shock_up,Z09,ZIC,1615.2,504,202
107,shock_up,S10,SHVR,-3719.5,6123,-105
107,shock_up,S11,SHVR,-6615.7,6089,-77
107,shock_up,S12,SHVR,-3467.6,6072,74
107,shock_up,S13,SHVR,-8944.9,6083,-149
107,shock_up,S14,SHVR,-7480.2,6084,78
107,shock_up,S15,SNPR,-972.6,1324,-46
107,shock_up,S16,SNPR,-1364.2,1320,-22
107,shock_up,S17,SNPR,-1531.5,1323,-35
107,shock_up,S18,SNPR,-896.0,1314,-80
107,shock_up,S19,SNPR,-1066.1,1341,69
107,shock_up,Z20,ZIP,6255.6,3768,-454
107,shock_up,Z21,ZIP,7261.0,3704,-180
107,shock_up,Z22,ZIP,5783.8,3754,-502
107,shock_up,Z23,ZIP,3384.4,3718,-666
107,shock_up,Z24,ZIP,6791.7,3775,-163
107,shock_up,P25,PRSH,3651.5,5041,575
107,shock_up,P26,PRSH,4711.8,988,458
107,shock_up,P27,PRSH,2427.1,189,141
107,shock_up,P28,PRSH,6338.2,1338,542
107,shock_up,P29,PRSH,7722.3,3763,663
107,shock_up,C30,CUSTOM,5509.7,4713,-23
107,shock_up,C31,CUSTOM,6043.1,4769,-9
107,shock_up,C32,CUSTOM,4937.0,4756,-40
107,shock_up,C33,CUSTOM,5035.9,4781,-1
107,shock_up,C34,CUSTOM,3745.4,4718,-16
108,shock_up,G00,GVWY,-10354.5,6703,-107
108,shock_up,G01,GVWY,-12762.0,6642,-194
108,shock_up,G02,GVWY,-9963.0,6640,-116
108,shock_up,G03,GVWY,-11754.0,6638,-134
108,shock_up,G04,GVWY,-11175.0,6676,-90
108,shock_up,Z05,ZIC,4940.0,530,262
108,shock_up,Z06,ZIC,4374.0,510,212
108,shock_up,Z07,ZIC,4531.0,518,244
108,shock_up,Z08,ZIC,4443.0,534,232
108,shock_up,Z09,ZIC,3952.0,486,190
108,shock_up,S10,SHVR,-9238.5,6027,-105
108,shock_up,S11,SHVR,-10187.5,6075,-293
108,shock_up,S12,SHVR,-2277.0,6086,198
108,shock_up,S13,SHVR,-8639.5,6051,-197
108,shock_up,S14,SHVR,-4266.5,6065,5
108,shock_up,S15,SNPR,-764.5,1301,67
108,shock_up,S16,SNPR,-1293.0,1318,2
108,shock_up,S17,SNPR,-1569.5,1311,-7
108,shock_up,S18,SNPR,-1583.0,1298,-10
108,shock_up,S19,SNPR,-916.0,1320,-16
108,shock_up,Z20,ZIP,-2737.0,3602,-560
108,shock_up,Z21,ZIP,6189.0,3624,-200
108,shock_up,Z22,ZIP,-2269.5,3701,-737
108,shock_up,Z23,ZIP,4275.0,3752,-222
108,shock_up,Z24,ZIP,5784.0,3554,-130
108,shock_up,P25,PRSH,15429.0,2946,812
108,shock_up,P26,PRSH,4016.5,253,165
108,shock_up,P27,PRSH,4019.0,224,180
108,shock_up,P28,PRSH,9284.0,1154,452
108,shock_up,P29,PRSH,3268.5,219,139
108,shock_up,C30,CUSTOM,6395.5,4873,-5
108,shock_up,C31,CUSTOM,5544.0,4782,-12
108,shock_up,C32,CUSTOM,5183.0,4744,-2
108,shock_up,C33,CUSTOM,5072.0,4752,-36
108,shock_up,C34,CUSTOM,5014.0,4746,-16
109,shock_up,G00,GVWY,-8418.0,6690,130
109,shock_up,G01,GVWY,-9598.0,6653,5
109,shock_up,G02,GVWY,-9597.0,6624,30
109,shock_up,G03,GVWY,-9401.0,6662,90
109,shock_up,G04,GVWY,-9118.0,6636,24
109,shock_up,Z05,ZIC,3055.0,497,237
109,shock_up,Z06,ZIC,3190.0,532,192
109,shock_up,Z07,ZIC,2859.0,527,223
109,shock_up,Z08,ZIC,2830.0,504,270
109,shock_up,Z09,ZIC,3376.0,587,323
109,shock_up,S10,SHVR,-4004.0,6029,-69
109,shock_up,S11,SHVR,-5797.0,5992,-14
109,shock_up,S12,SHVR,-9241.0,6049,-261
109,shock_up,S13,SHVR,-4057.0,6051,227
109,shock_up,S14,SHVR,-5861.0,6042,-40
109,shock_up,S15,SNPR,-1360.0,1293,39
109,shock_up,S16,SNPR,-1636.0,1304,10
109,shock_up,S17,SNPR,-1347.0,1291,29
109,shock_up,S18,SNPR,-2032.0,1316,22
109,shock_up,S19,SNPR,-827.0,1304,-4
109,shock_up,Z20,ZIP,5898.0,3591,-129
109,shock_up,Z21,ZIP,5249.0,3657,-717
109,shock_up,Z22,ZIP,6873.0,3575,-371
109,shock_up,Z23,ZIP,3507.0,3635,-831
109,shock_up,Z24,ZIP,2530.0,3618,-852
109,shock_up,P25,PRSH,4122.0,318,284
109,shock_up,P26,PRSH,2689.0,458,246
109,shock_up,P27,PRSH,5838.0,1206,572
109,shock_up,P28,PRSH,1968.0,201,151
109,shock_up,P29,PRSH,2085.0,263,207
109,shock_up,C30,CUSTOM,4656.0,4753,-11
109,shock_up,C31,CUSTOM,4961.0,4710,-10
109,shock_up,C32,CUSTOM,4673.0,4706,2
109,shock_up,C33,CUSTOM,5487.0,4649,-13
109,shock_up,C34,CUSTOM,5696.0,4729,-5
110,shock_up,G00,GVWY,-6409.2,6640,44
110,shock_up,G01,GVWY,-12968.2,6692,-126
110,shock_up,G02,GVWY,-8560.9,6651,113
110,shock_up,G03,GVWY,-9709.7,6645,-51
110,shock_up,G04,GVWY,-12045.6,6666,2
110,shock_up,Z05,ZIC,2748.9,525,247
110,shock_up,Z06,ZIC,3418.3,515,289
110,shock_up,Z07,ZIC,3026.7,497,251
110,shock_up,Z08,ZIC,2327.9,525,237
110,shock_up,Z09,ZIC,2525.8,534,204
110,shock_up,S10,SHVR,-6595.0,5982,20
110,shock_up,S11,SHVR,-7362.7,6005,139
110,shock_up,S12,SHVR,-7299.9,6025,-87
110,shock_up,S13,SHVR,-2108.7,6071,149
110,shock_up,S14,SHVR,-7123.0,6040,-220
110,shock_up,S15,SNPR,-1213.7,1309,9
110,shock_up,S16,SNPR,-839.1,1285,27
110,shock_up,S17,SNPR,-1308.6,1312,-8
110,shock_up,S18,SNPR,-1519.9,1275,-27
110,shock_up,S19,SNPR,-1579.4,1304,18
110,shock_up,Z20,ZIP,7236.0,3668,-320
110,shock_up,Z21,ZIP,2847.8,3644,-1076
110,shock_up,Z22,ZIP,4619.3,3643,-301
110,shock_up,Z23,ZIP,6254.3,3675,-471
110,shock_up,Z24,ZIP,5081.2,3706,-264
110,shock_up,P25,PRSH,4030.4,822,372
110,shock_up,P26,PRSH,1939.4,202,122
110,shock_up,P27,PRSH,4714.8,822,344
110,shock_up,P28,PRSH,2484.5,209,175
110,shock_up,P29,PRSH,3301.3,377,219
110,shock_up,C30,CUSTOM,4682.1,4819,-17
110,shock_up,C31,CUSTOM,4928.8,4808,-36
110,shock_up,C32,CUSTOM,7421.6,4798,-22
110,shock_up,C33,CUSTOM,6933.4,4836,12
110,shock_up,C34,CUSTOM,5655.1,4809,3
111,shock_up,G00,GVWY,-8256.85,6667,-1
111,shock_up,G01,GVWY,-9935.05,6663,-233
111,shock_up,G02,GVWY,-4377.55,6701,257
111,shock_up,G03,GVWY,-12264.95,6681,-207
111,shock_up,G04,GVWY,-9828.6,6734,104
111,shock_up,Z05,ZIC,3034.9,540,274
111,shock_up,Z06,ZIC,2955.1,518,226
111,shock_up,Z07,ZIC,1894.75,557,295
111,shock_up,Z08,ZIC,3346.6,496,236
111,shock_up,Z09,ZIC,2729.15,571,319
111,shock_up,S10,SHVR,-4836.15,6067,21
111,shock_up,S11,SHVR,-6487.9,6088,-114
111,shock_up,S12,SHVR,-5920.1,6106,34
111,shock_up,S13,SHVR,-9156.1,6104,-126
111,shock_up,S14,SHVR,-4913.7,6048,58
111,shock_up,S15,SNPR,-1831.6,1330,44
111,shock_up,S16,SNPR,-1025.2,1310,-92
111,shock_up,S17,SNPR,-1480.15,1287,-39
111,shock_up,S18,SNPR,-1583.15,1311,21
111,shock_up,S19,SNPR,-1041.9,1310,-34
111,shock_up,Z20,ZIP,6221.45,3639,-203
111,shock_up,Z21,ZIP,-766.5,3740,-1090
111,shock_up,Z22,ZIP,2047.45,3617,-803
111,shock_up,Z23,ZIP,4540.3,3652,-402
111,shock_up,Z24,ZIP,7611.4,3658,-416
111,shock_up,P25,PRSH,2234.95,321,187
111,shock_up,P26,PRSH,5166.35,923,451
111,shock_up,P27,PRSH,3852.55,911,463
111,shock_up,P28,PRSH,2258.6,504,276
111,shock_up,P29,PRSH,5931.1,1142,526
111,shock_up,C30,CUSTOM,5208.85,4709,1
111,shock_up,C31,CUSTOM,6085.6,4696,-4
111,shock_up,C32,CUSTOM,6056.6,4758,-4
111,shock_up,C33,CUSTOM,6360.0,4642,0
111,shock_up,C34,CUSTOM,6784.45,4715,-3
112,shock_up,G00,GVWY,-8538.05,6673,-133
112,shock_up,G01,GVWY,-10538.55,6659,-203
112,shock_up,G02,GVWY,-10969.4,6610,-304
112,shock_up,G03,GVWY,-5873.4,6604,36
112,shock_up,G04,GVWY,-10961.6,6658,-76
112,shock_up,Z05,ZIC,3649.45,451,257
112,shock_up,Z06,ZIC,4125.4,506,264
112,shock_up,Z07,ZIC,4223.5,480,270
112,shock_up,Z08,ZIC,3684.15,505,239
112,shock_up,Z09,ZIC,3227.25,493,245
112,shock_up,S10,SHVR,-8391.45,5957,-57
112,shock_up,S11,SHVR,-3872.2,6052,8
112,shock_up,S12,SHVR,-3301.25,6025,75
112,shock_up,S13,SHVR,-7907.3,6046,82
112,shock_up,S14,SHVR,-8530.0,6048,-100
112,shock_up,S15,SNPR,-1122.7,1300,118
112,shock_up,S16,SNPR,-866.25,1325,-65
112,shock_up,S17,SNPR,-903.75,1301,-35
112,shock_up,S18,SNPR,-1530.5,1312,-90
112,shock_up,S19,SNPR,-1475.75,1307,-35
112,shock_up,Z20,ZIP,4600.45,3701,-203
112,shock_up,Z21,ZIP,5927.45,3693,-223
112,shock_up,Z22,ZIP,1476.75,3787,-225
112,shock_up,Z23,ZIP,3526.3,3756,-562
112,shock_up,Z24,ZIP,6927.1,3800,-254
112,shock_up,P25,PRSH,3702.05,231,193
112,shock_up,P26,PRSH,2895.1,256,166
112,shock_up,P27,PRSH,2767.9,336,214
112,shock_up,P28,PRSH,3919.75,575,255
112,shock_up,P29,PRSH,2725.25,247,185
112,shock_up,C30,CUSTOM,5526.05,4793,-7
112,shock_up,C31,CUSTOM,5785.45,4753,-3
112,shock_up,C32,CUSTOM,4886.55,4809,-17
112,shock_up,C33,CUSTOM,5208.0,4828,-20
112,shock_up,C34,CUSTOM,6071.5,4748,-10
113,shock_up,G00,GVWY,-12903.1,6641,-229
113,shock_up,G01,GVWY,-10774.4,6706,-26
113,shock_up,G02,GVWY,-11618.4,6666,-196
113,shock_up,G03,GVWY,-12115.5,6661,-215
113,shock_up,G04,GVWY,-12854.3,6703,-107
113,shock_up,Z05,ZIC,3034.9,489,191
113,shock_up,Z06,ZIC,2250.3,481,207
113,shock_up,Z07,ZIC,3471.1,527,249
113,shock_up,Z08,ZIC,3219.3,483,187
113,shock_up,Z09,ZIC,2750.0,470,180
113,shock_up,S10,SHVR,-4699.3,6071,-87
113,shock_up,S11,SHVR,-4997.0,6076,-90
113,shock_up,S12,SHVR,-6719.6,6022,-24
113,shock_up,S13,SHVR,-10780.2,6052,-218
113,shock_up,S14,SHVR,-4408.6,6032,-134
113,shock_up,S15,SNPR,-1980.3,1305,3
113,shock_up,S16,SNPR,-1068.8,1314,58
113,shock_up,S17,SNPR,-957.7,1319,-63
113,shock_up,S18,SNPR,-1416.2,1314,-18
113,shock_up,S19,SNPR,-1399.4,1298,24
113,shock_up,Z20,ZIP,2760.3,3747,-803
113,shock_up,Z21,ZIP,3882.6,3628,-276
113,shock_up,Z22,ZIP,5560.4,3702,-694
113,shock_up,Z23,ZIP,4346.3,3669,-243
113,shock_up,Z24,ZIP,2777.7,3665,-347
113,shock_up,P25,PRSH,2694.9,191,151
113,shock_up,P26,PRSH,10817.6,1606,654
113,shock_up,P27,PRSH,4036.1,655,279
113,shock_up,P28,PRSH,13397.2,3178,888
113,shock_up,P29,PRSH,9668.5,3195,765
113,shock_up,C30,CUSTOM,4165.5,4783,-15
113,shock_up,C31,CUSTOM,5415.1,4737,-31
113,shock_up,C32,CUSTOM,4913.7,4675,-7
113,shock_up,C33,CUSTOM,5048.6,4764,-6
113,shock_up,C34,CUSTOM,4257.2,4740,-12
114,shock_up,G00,GVWY,-10127.75,6633,-179
114,shock_up,G01,GVWY,-12048.0,6668,-256
114,shock_up,G02,GVWY,-10148.75,6641,-191
114,shock_up,G03,GVWY,-7250.75,6601,-367
114,shock_up,G04,GVWY,-11530.0,6644,-232
114,shock_up,Z05,ZIC,2160.0,544,212
114,shock_up,Z06,ZIC,1524.0,500,224
114,shock_up,Z07,ZIC,1516.75,461,199
114,shock_up,Z08,ZIC,2659.75,523,211
114,shock_up,Z09,ZIC,1778.0,494,172
114,shock_up,S10,SHVR,-2993.5,6094,-34
114,shock_up,S11,SHVR,-4943.25,6099,-117
114,shock_up,S12,SHVR,-6248.5,6014,-74
114,shock_up,S13,SHVR,-4603.5,6036,-86
114,shock_up,S14,SHVR,-6062.75,6053,-27
114,shock_up,S15,SNPR,-1104.75,1315,-31
114,shock_up,S16,SNPR,-1378.25,1305,19
114,shock_up,S17,SNPR,-800.75,1309,-47
114,shock_up,S18,SNPR,-412.25,1291,-29
114,shock_up,S19,SNPR,-318.25,1301,-117
114,shock_up,Z20,ZIP,7534.75,3695,-477
114,shock_up,Z21,ZIP,5617.25,3647,-159
114,shock_up,Z22,ZIP,3530.0,3684,-68
114,shock_up,Z23,ZIP,6034.25,3781,-111
114,shock_up,Z24,ZIP,7729.25,3595,-243
114,shock_up,P25,PRSH,2431.25,1331,469
114,shock_up,P26,PRSH,3055.25,503,237
114,shock_up,P27,PRSH,2842.25,757,329
114,shock_up,P28,PRSH,1532.25,395,133
114,shock_up,P29,PRSH,3418.25,3883,681
114,shock_up,C30,CUSTOM,4739.25,4757,-35
114,shock_up,C31,CUSTOM,5227.5,4758,-2
114,shock_up,C32,CUSTOM,5160.75,4733,-25
114,shock_up,C33,CUSTOM,5913.25,4731,-15
114,shock_up,C34,CUSTOM,5876.5,4738,-34
115,shock_up,G00,GVWY,-12483.2,6637,-221
115,shock_up,G01,GVWY,-17769.6,6696,-298
115,shock_up,G02,GVWY,-6120.4,6636,78
115,shock_up,G03,GVWY,-12689.2,6673,-131
115,shock_up,G04,GVWY,-8773.2,6626,-26
115,shock_up,Z05,ZIC,5324.4,492,252
115,shock_up,Z06,ZIC,5747.0,541,265
115,shock_up,Z07,ZIC,4578.4,471,227
115,shock_up,Z08,ZIC,6116.0,568,280
115,shock_up,Z09,ZIC,4899.0,486,240
115,shock_up,S10,SHVR,-3611.4,6019,123
115,shock_up,S11,SHVR,-8220.2,6112,-146
115,shock_up,S12,SHVR,-8217.4,6054,-82
115,shock_up,S13,SHVR,-7754.0,6077,-35
115,shock_up,S14,SHVR,-9940.2,6061,-181
115,shock_up,S15,SNPR,-895.8,1308,-54
115,shock_up,S16,SNPR,-958.4,1330,58
115,shock_up,S17,SNPR,-1188.8,1319,-49
115,shock_up,S18,SNPR,-763.6,1296,2
115,shock_up,S19,SNPR,-1336.8,1319,21
115,shock_up,Z20,ZIP,462.6,3650,-522
115,shock_up,Z21,ZIP,2750.2,3679,-409
115,shock_up,Z22,ZIP,1894.4,3767,-423
115,shock_up,Z23,ZIP,2325.2,3702,-444
115,shock_up,Z24,ZIP,4757.8,3582,-296
115,shock_up,P25,PRSH,5125.6,525,243
115,shock_up,P26,PRSH,7145.6,616,338
115,shock_up,P27,PRSH,4523.2,483,231
115,shock_up,P28,PRSH,4043.0,239,165
115,shock_up,P29,PRSH,17509.2,4219,891
115,shock_up,C30,CUSTOM,4445.0,4786,-40
115,shock_up,C31,CUSTOM,4546.8,4865,-31
115,shock_up,C32,CUSTOM,3932.8,4663,-21
115,shock_up,C33,CUSTOM,5554.4,4800,-18
115,shock_up,C34,CUSTOM,4855.4,4805,-33
116,shock_up,G00,GVWY,-13751.45,6655,-89
116,shock_up,G01,GVWY,-11391.2,6708,-224
116,shock_up,G02,GVWY,-14069.85,6683,-317
116,shock_up,G03,GVWY,-12146.6,6630,-152
116,shock_up,G04,GVWY,-13897.7,6670,-214
116,shock_up,Z05,ZIC,5052.1,510,242
116,shock_up,Z06,ZIC,5242.4,510,248
116,shock_up,Z07,ZIC,4494.25,551,305
116,shock_up,Z08,ZIC,4624.8,522,216
116,shock_up,Z09,ZIC,4170.1,508,242
116,shock_up,S10,SHVR,-4291.55,6091,-11
116,shock_up,S11,SHVR,-5933.85,6063,-17
116,shock_up,S12,SHVR,-10029.95,6105,-179
116,shock_up,S13,SHVR,-1003.85,6147,223
116,shock_up,S14,SHVR,-7041.45,6095,-9
116,shock_up,S15,SNPR,-1107.95,1315,-39
116,shock_up,S16,SNPR,-1541.0,1308,20
116,shock_up,S17,SNPR,-1997.9,1318,-78
116,shock_up,S18,SNPR,-1669.05,1299,-121
116,shock_up,S19,SNPR,-1145.1,1310,-42
116,shock_up,Z20,ZIP,-648.15,3641,-803
116,shock_up,Z21,ZIP,4982.95,3637,-201
116,shock_up,Z22,ZIP,6111.5,3560,-70
116,shock_up,Z23,ZIP,4628.35,3591,-373
116,shock_up,Z24,ZIP,150.4,3776,-672
116,shock_up,P25,PRSH,8812.0,3492,740
116,shock_up,P26,PRSH,4006.9,226,198
116,shock_up,P27,PRSH,2352.05,193,121
116,shock_up,P28,PRSH,4033.1,216,182
116,shock_up,P29,PRSH,15025.0,2860,860
116,shock_up,C30,CUSTOM,5072.95,4721,-1
116,shock_up,C31,CUSTOM,5741.75,4779,-5
116,shock_up,C32,CUSTOM,6020.95,4835,-1
116,shock_up,C33,CUSTOM,6174.9,4876,-2
116,shock_up,C34,CUSTOM,4556.7,4712,-26
117,shock_up,G00,GVWY,-8136.3,6686,-42
117,shock_up,G01,GVWY,-8944.9,6710,-106
117,shock_up,G02,GVWY,-7770.45,6671,67
117,shock_up,G03,GVWY,-9035.8,6664,88
117,shock_up,G04,GVWY,-11690.05,6689,163
117,shock_up,Z05,ZIC,2785.7,602,298
117,shock_up,Z06,ZIC,3046.45,553,253
117,shock_up,Z07,ZIC,3093.65,485,281
117,shock_up,Z08,ZIC,1980.25,529,205
117,shock_up,Z09,ZIC,3040.25,491,265
117,shock_up,S10,SHVR,-3349.9,6102,234
117,shock_up,S11,SHVR,-3116.0,6082,160
117,shock_up,S12,SHVR,-7017.65,6011,-21
117,shock_up,S13,SHVR,-8761.25,6087,55
117,shock_up,S14,SHVR,-6745.2,6054,-148
117,shock_up,S15,SNPR,-513.7,1324,-18
117,shock_up,S16,SNPR,-1275.75,1321,-15
117,shock_up,S17,SNPR,-1380.15,1315,-11
117,shock_up,S18,SNPR,-310.45,1307,-93
117,shock_up,S19,SNPR,-1283.75,1289,45
117,shock_up,Z20,ZIP,1680.95,3745,-1317
117,shock_up,Z21,ZIP,4633.35,3675,-501
117,shock_up,Z22,ZIP,5334.9,3640,-494
117,shock_up,Z23,ZIP,5666.4,3730,-284
117,shock_up,Z24,ZIP,4786.35,3613,-541
117,shock_up,P25,PRSH,2826.5,224,190
117,shock_up,P26,PRSH,1926.0,624,380
117,shock_up,P27,PRSH,2881.75,313,235
117,shock_up,P28,PRSH,2436.35,237,219
117,shock_up,P29,PRSH,4257.0,856,440
117,shock_up,C30,CUSTOM,6737.25,4835,5
117,shock_up,C31,CUSTOM,5877.75,4757,15
117,shock_up,C32,CUSTOM,6266.15,4707,11
117,shock_up,C33,CUSTOM,5310.3,4810,-18
117,shock_up,C34,CUSTOM,5966.95,4765,-17
118,shock_up,G00,GVWY,-11017.5,6694,-122
118,shock_up,G01,GVWY,-12055.5,6668,74
118,shock_up,G02,GVWY,-7372.0,6712,64
118,shock_up,G03,GVWY,-12303.25,6639,-11
118,shock_up,G04,GVWY,-12455.25,6645,-131
118,shock_up,Z05,ZIC,5099.25,507,247
118,shock_up,Z06,ZIC,4517.5,488,202
118,shock_up,Z07,ZIC,5641.5,492,254
118,shock_up,Z08,ZIC,4638.25,509,207
118,shock_up,Z09,ZIC,4990.25,471,211
118,shock_up,S10,SHVR,-6582.75,6137,-37
118,shock_up,S11,SHVR,-8480.5,6070,-110
118,shock_up,S12,SHVR,-4916.5,6078,-42
118,shock_up,S13,SHVR,-7724.0,6096,-192
118,shock_up,S14,SHVR,-5207.25,6107,-31
118,shock_up,S15,SNPR,-1557.75,1309,-45
118,shock_up,S16,SNPR,-797.5,1282,22
118,shock_up,S17,SNPR,-1903.75,1303,-45
118,shock_up,S18,SNPR,-932.0,1290,44
118,shock_up,S19,SNPR,-1800.5,1318,18
118,shock_up,Z20,ZIP,5545.75,3655,-167
118,shock_up,Z21,ZIP,1652.75,3691,-455
118,shock_up,Z22,ZIP,2973.0,3648,-328
118,shock_up,Z23,ZIP,-11256.75,3655,-1145
118,shock_up,Z24,ZIP,-4680.5,3654,-746
118,shock_up,P25,PRSH,20347.75,1785,885
118,shock_up,P26,PRSH,4491.0,234,192
118,shock_up,P27,PRSH,3094.0,200,136
118,shock_up,P28,PRSH,7764.5,796,354
118,shock_up,P29,PRSH,15006.5,2782,742
118,shock_up,C30,CUSTOM,4858.0,4716,-4
118,shock_up,C31,CUSTOM,5180.75,4719,-11
118,shock_up,C32,CUSTOM,5521.0,4750,-8
118,shock_up,C33,CUSTOM,5153.5,4714,2
118,shock_up,C34,CUSTOM,5012.0,4804,-8
119,shock_up,G00,GVWY,-10381.0,6644,-68
119,shock_up,G01,GVWY,-9969.0,6645,-3
119,shock_up,G02,GVWY,-12723.0,6665,-247
119,shock_up,G03,GVWY,-7147.0,6657,3
119,shock_up,G04,GVWY,-11881.0,6664,-286
119,shock_up,Z05,ZIC,3669.0,547,207
119,shock_up,Z06,ZIC,2958.0,522,194
119,shock_up,Z07,ZIC,4316.0,511,239
119,shock_up,Z08,ZIC,2787.0,495,221
119,shock_up,Z09,ZIC,3421.0,472,238
119,shock_up,S10,SHVR,-4773.0,6016,118
119,shock_up,S11,SHVR,-4899.0,6031,-55
119,shock_up,S12,SHVR,-2601.0,5954,182
119,shock_up,S13,SHVR,-8360.0,6020,-62
119,shock_up,S14,SHVR,-5487.0,6015,-43
119,shock_up,S15,SNPR,-944.0,1335,-49
119,shock_up,S16,SNPR,-968.0,1304,-12
119,shock_up,S17,SNPR,-1116.0,1306,-36
119,shock_up,S18,SNPR,-1209.0,1291,-25
119,shock_up,S19,SNPR,-952.0,1307,11
119,shock_up,Z20,ZIP,5657.0,3612,-292
119,shock_up,Z21,ZIP,3874.0,3504,-364
119,shock_up,Z22,ZIP,2246.0,3629,-381
119,shock_up,Z23,ZIP,3922.0,3566,-304
119,shock_up,Z24,ZIP,3414.0,3564,-454
119,shock_up,P25,PRSH,2545.0,218,166
119,shock_up,P26,PRSH,3843.0,239,201
119,shock_up,P27,PRSH,5140.0,1358,356
119,shock_up,P28,PRSH,2771.0,199,157
119,shock_up,P29,PRSH,5968.0,1604,406
119,shock_up,C30,CUSTOM,5806.0,4723,-21
119,shock_up,C31,CUSTOM,4678.0,4711,-3
119,shock_up,C32,CUSTOM,6107.0,4666,-6
119,shock_up,C33,CUSTOM,5303.0,4757,-21
119,shock_up,C34,CUSTOM,4811.0,4770,-16
120,shock_up,G00,GVWY,-6117.8,6647,-7
120,shock_up,G01,GVWY,-11970.6,6644,-234
120,shock_up,G02,GVWY,-11677.8,6650,-292
120,shock_up,G03,GVWY,-12006.6,6636,-294
120,shock_up,G04,GVWY,-11896.0,6637,-115
120,shock_up,Z05,ZIC,3422.2,472,198
120,shock_up,Z06,ZIC,2152.2,499,183
120,shock_up,Z07,ZIC,3524.2,498,208
120,shock_up,Z08,ZIC,2102.2,441,183
120,shock_up,Z09,ZIC,3266.4,524,256
120,shock_up,S10,SHVR,-6032.2,6042,-58
120,shock_up,S11,SHVR,-6187.6,6027,-29
120,shock_up,S12,SHVR,-6702.0,6021,-115
120,shock_up,S13,SHVR,-4573.4,6036,-16
120,shock_up,S14,SHVR,-6700.4,6077,-121
120,shock_up,S15,SNPR,-1918.0,1324,-40
120,shock_up,S16,SNPR,-1147.4,1307,-21
120,shock_up,S17,SNPR,-937.2,1320,-38
120,shock_up,S18,SNPR,-541.0,1301,105
120,shock_up,S19,SNPR,-1234.6,1304,-74
120,shock_up,Z20,ZIP,2612.2,3694,-682
120,shock_up,Z21,ZIP,4351.4,3646,-294
120,shock_up,Z22,ZIP,6379.4,3498,-114
120,shock_up,Z23,ZIP,5124.8,3619,-353
120,shock_up,Z24,ZIP,4299.8,3603,-253
120,shock_up,P25,PRSH,1710.2,173,93
120,shock_up,P26,PRSH,7394.0,2382,700
120,shock_up,P27,PRSH,1985.0,177,135
120,shock_up,P28,PRSH,10267.8,3065,747
120,shock_up,P29,PRSH,5475.8,1263,427
120,shock_up,C30,CUSTOM,5129.6,4635,-11
120,shock_up,C31,CUSTOM,5939.4,4644,-34
120,shock_up,C32,CUSTOM,5485.4,4714,-4
120,shock_up,C33,CUSTOM,4618.8,4656,-28
120,shock_up,C34,CUSTOM,4541.4,4749,-29
121,shock_up,G00,GVWY,-11241.6,6689,-177
121,shock_up,G01,GVWY,-13395.6,6668,-262
121,shock_up,G02,GVWY,-11101.4,6674,-128
121,shock_up,G03,GVWY,-11170.0,6665,-175
121,shock_up,G04,GVWY,-14514.6,6633,-117
121,shock_up,Z05,ZIC,4177.2,556,214
121,shock_up,Z06,ZIC,3497.2,534,264
121,shock_up,Z07,ZIC,3892.4,493,183
121,shock_up,Z08,ZIC,3379.2,513,259
121,shock_up,Z09,ZIC,3331.4,457,203
121,shock_up,S10,SHVR,-6913.0,6030,-20
121,shock_up,S11,SHVR,-8629.0,6086,-280
121,shock_up,S12,SHVR,-3933.4,6041,7
121,shock_up,S13,SHVR,-3740.8,6013,-21
121,shock_up,S14,SHVR,-5606.6,6026,-52
121,shock_up,S15,SNPR,-937.0,1328,-60
121,shock_up,S16,SNPR,-1250.0,1316,30
121,shock_up,S17,SNPR,-1291.4,1333,17
121,shock_up,S18,SNPR,-1216.0,1325,5
121,shock_up,S19,SNPR,-884.6,1321,-7
121,shock_up,Z20,ZIP,6280.0,3563,-135
121,shock_up,Z21,ZIP,6772.0,3742,-240
121,shock_up,Z22,ZIP,3756.6,3591,-453
121,shock_up,Z23,ZIP,934.2,3664,-496
121,shock_up,Z24,ZIP,4928.0,3535,-235
121,shock_up,P25,PRSH,7512.4,2314,488
121,shock_up,P26,PRSH,3177.2,403,219
121,shock_up,P27,PRSH,2448.4,189,143
121,shock_up,P28,PRSH,6284.6,914,412
121,shock_up,P29,PRSH,6910.2,1066,424
121,shock_up,C30,CUSTOM,4666.6,4708,2
121,shock_up,C31,CUSTOM,5122.8,4754,6
121,shock_up,C32,CUSTOM,6077.6,4799,-3
121,shock_up,C33,CUSTOM,7048.2,4699,-11
121,shock_up,C34,CUSTOM,5584.6,4715,-13
122,shock_up,G00,GVWY,-13462.8,6696,-112
122,shock_up,G01,GVWY,-13361.8,6648,-172
122,shock_up,G02,GVWY,-10552.2,6715,-193
122,shock_up,G03,GVWY,-10143.0,6706,-280
122,shock_up,G04,GVWY,-10778.2,6643,-23
122,shock_up,Z05,ZIC,4958.4,526,266
122,shock_up,Z06,ZIC,4885.8,506,252
122,shock_up,Z07,ZIC,3314.4,467,211
122,shock_up,Z08,ZIC,4453.2,543,243
122,shock_up,Z09,ZIC,3281.0,523,185
122,shock_up,S10,SHVR,-5198.8,6034,-82
122,shock_up,S11,SHVR,-5922.2,6120,-138
122,shock_up,S12,SHVR,-5396.4,6009,-21
122,shock_up,S13,SHVR,-5228.0,6050,-140
122,shock_up,S14,SHVR,-6163.2,6062,-38
122,shock_up,S15,SNPR,-1296.2,1311,-3
122,shock_up,S16,SNPR,-1496.8,1310,-52
122,shock_up,S17,SNPR,-1777.4,1342,-56
122,shock_up,S18,SNPR,-1510.8,1316,-22
122,shock_up,S19,SNPR,-1455.8,1302,18
122,shock_up,Z20,ZIP,2292.6,3681,-431
122,shock_up,Z21,ZIP,1688.0,3636,-470
122,shock_up,Z22,ZIP,3849.0,3553,-365
122,shock_up,Z23,ZIP,6486.8,3590,-258
122,shock_up,Z24,ZIP,-431.4,3640,-216
122,shock_up,P25,PRSH,2805.6,192,154
122,shock_up,P26,PRSH,10702.4,3850,866
122,shock_up,P27,PRSH,9226.0,559,465
122,shock_up,P28,PRSH,5334.6,666,254
122,shock_up,P29,PRSH,3466.2,260,198
122,shock_up,C30,CUSTOM,5248.0,4656,0
122,shock_up,C31,CUSTOM,6072.6,4768,-16
122,shock_up,C32,CUSTOM,5499.8,4788,-8
122,shock_up,C33,CUSTOM,5913.6,4746,-16
122,shock_up,C34,CUSTOM,4147.8,4741,-33
123,shock_up,G00,GVWY,-10434.9,6696,-118
123,shock_up,G01,GVWY,-13303.05,6675,-251
123,shock_up,G02,GVWY,-11752.6,6646,-92
123,shock_up,G03,GVWY,-8542.75,6697,-5
123,shock_up,G04,GVWY,-5051.6,6662,108
123,shock_up,Z05,ZIC,5156.15,537,293
123,shock_up,Z06,ZIC,3630.9,490,238
123,shock_up,Z07,ZIC,4430.5,460,270
123,shock_up,Z08,ZIC,4834.1,494,242
123,shock_up,Z09,ZIC,3562.75,433,205
123,shock_up,S10,SHVR,-6274.8,6108,-76
123,shock_up,S11,SHVR,-5105.25,6039,85
123,shock_up,S12,SHVR,-4557.5,6086,30
123,shock_up,S13,SHVR,-5947.0,6108,-20
123,shock_up,S14,SHVR,-7424.0,6076,-80
123,shock_up,S15,SNPR,-1092.45,1303,41
123,shock_up,S16,SNPR,-1428.2,1288,-4
123,shock_up,S17,SNPR,-971.95,1323,91
123,shock_up,S18,SNPR,-1614.15,1311,-33
123,shock_up,S19,SNPR,-1181.35,1317,43
123,shock_up,Z20,ZIP,2412.5,3672,-570
123,shock_up,Z21,ZIP,5705.15,3769,-227
123,shock_up,Z22,ZIP,2616.6,3594,-408
123,shock_up,Z23,ZIP,-6298.6,3688,-1252
123,shock_up,Z24,ZIP,-1196.7,3796,-714
123,shock_up,P25,PRSH,3760.0,326,220
123,shock_up,P26,PRSH,15757.65,2637,863
123,shock_up,P27,PRSH,8234.75,1963,785
123,shock_up,P28,PRSH,4401.1,582,322
123,shock_up,P29,PRSH,1886.45,145,119
123,shock_up,C30,CUSTOM,6338.0,4770,-20
123,shock_up,C31,CUSTOM,5270.15,4807,-27
123,shock_up,C32,CUSTOM,5268.0,4676,0
123,shock_up,C33,CUSTOM,4519.1,4846,-18
123,shock_up,C34,CUSTOM,4570.0,4690,-20
124,shock_up,G00,GVWY,-10852.5,6662,-270
124,shock_up,G01,GVWY,-11552.65,6655,21
124,shock_up,G02,GVWY,-11630.45,6665,-187
124,shock_up,G03,GVWY,-11930.15,6619,-109
124,shock_up,G04,GVWY,-10240.9,6670,6
124,shock_up,Z05,ZIC,2742.75,577,245
124,shock_up,Z06,ZIC,1872.35,463,181
124,shock_up,Z07,ZIC,2824.6,484,196
124,shock_up,Z08,ZIC,1983.1,502,186
124,shock_up,Z09,ZIC,2647.2,568,252
124,shock_up,S10,SHVR,-6287.35,6073,-181
124,shock_up,S11,SHVR,-6124.8,6050,-28
124,shock_up,S12,SHVR,-7443.5,6040,-130
124,shock_up,S13,SHVR,-4699.3,6080,22
124,shock_up,S14,SHVR,-6770.65,6073,-59
124,shock_up,S15,SNPR,-1385.8,1310,-28
124,shock_up,S16,SNPR,-670.0,1292,-40
124,shock_up,S17,SNPR,-1427.45,1309,-7
124,shock_up,S18,SNPR,-852.05,1293,-43
124,shock_up,S19,SNPR,-1568.35,1309,39
124,shock_up,Z20,ZIP,6776.35,3651,-159
124,shock_up,Z21,ZIP,6573.75,3669,-235
124,shock_up,Z22,ZIP,6033.1,3690,-234
124,shock_up,Z23,ZIP,6273.4,3742,-896
124,shock_up,Z24,ZIP,7625.05,3633,-37
124,shock_up,P25,PRSH,9583.85,683,591
124,shock_up,P26,PRSH,2008.35,215,161
124,shock_up,P27,PRSH,4925.55,1043,413
124,shock_up,P28,PRSH,1667.05,187,143
124,shock_up,P29,PRSH,1935.05,183,143
124,shock_up,C30,CUSTOM,6579.55,4717,-7
124,shock_up,C31,CUSTOM,5568.0,4750,0
124,shock_up,C32,CUSTOM,4932.45,4757,-13
124,shock_up,C33,CUSTOM,5788.8,4588,-12
124,shock_up,C34,CUSTOM,5006.05,4717,3
125,shock_up,G00,GVWY,-10136.6,6662,-136
125,shock_up,G01,GVWY,-5694.8,6644,92
125,shock_up,G02,GVWY,-11664.25,6623,-205
125,shock_up,G03,GVWY,-14531.95,6705,-87
125,shock_up,G04,GVWY,-10333.45,6705,-317
125,shock_up,Z05,ZIC,2815.65,517,229
125,shock_up,Z06,ZIC,4299.9,500,254
125,shock_up,Z07,ZIC,3360.6,512,176
125,shock_up,Z08,ZIC,3581.0,496,200
125,shock_up,Z09,ZIC,2953.4,472,224
125,shock_up,S10,SHVR,-9320.3,6064,-198
125,shock_up,S11,SHVR,-6433.05,6075,-33
125,shock_up,S12,SHVR,-4153.05,6089,67
125,shock_up,S13,SHVR,-4035.65,6047,31
125,shock_up,S14,SHVR,-5555.15,6019,-19
125,shock_up,S15,SNPR,-1038.9,1314,46
125,shock_up,S16,SNPR,-1222.1,1320,-6
125,shock_up,S17,SNPR,-1284.7,1318,-22
125,shock_up,S18,SNPR,-1436.35,1333,-51
125,shock_up,S19,SNPR,-2002.65,1299,-9
125,shock_up,Z20,ZIP,5869.35,3667,-329
125,shock_up,Z21,ZIP,4777.75,3681,-285
125,shock_up,Z22,ZIP,3346.95,3579,-393
125,shock_up,Z23,ZIP,3005.4,3590,-496
125,shock_up,Z24,ZIP,3310.45,3705,-303
125,shock_up,P25,PRSH,2755.55,189,163
125,shock_up,P26,PRSH,6467.7,788,342
125,shock_up,P27,PRSH,2445.8,216,148
125,shock_up,P28,PRSH,6839.15,769,579
125,shock_up,P29,PRSH,5635.1,842,386
125,shock_up,C30,CUSTOM,5057.15,4707,-1
125,shock_up,C31,CUSTOM,6713.85,4715,1
125,shock_up,C32,CUSTOM,4413.35,4719,-29
125,shock_up,C33,CUSTOM,5409.6,4736,-24
125,shock_up,C34,CUSTOM,5539.0,4758,-20
126,shock_up,G00,GVWY,-15194.6,6686,-284
126,shock_up,G01,GVWY,-8610.35,6719,-29
126,shock_up,G02,GVWY,-11041.05,6689,-27
126,shock_up,G03,GVWY,-13110.9,6656,-106
126,shock_up,G04,GVWY,-14030.95,6697,-193
126,shock_up,Z05,ZIC,3147.8,506,192
126,shock_up,Z06,ZIC,3229.15,503,181
126,shock_up,Z07,ZIC,4317.95,497,233
126,shock_up,Z08,ZIC,5126.1,486,254
126,shock_up,Z09,ZIC,3660.05,493,227
126,shock_up,S10,SHVR,-6420.4,6100,-116
126,shock_up,S11,SHVR,-7368.1,6098,-174
126,shock_up,S12,SHVR,-2689.15,6129,-1
126,shock_up,S13,SHVR,-4193.95,6105,-93
126,shock_up,S14,SHVR,-10907.85,6141,-259
126,shock_up,S15,SNPR,-1300.5,1312,70
126,shock_up,S16,SNPR,-1909.85,1293,-39
126,shock_up,S17,SNPR,-627.1,1312,-14
126,shock_up,S18,SNPR,-1466.85,1323,-39
126,shock_up,S19,SNPR,-1045.55,1301,63
126,shock_up,Z20,ZIP,4159.1,3662,-326
126,shock_up,Z21,ZIP,1034.0,3832,-460
126,shock_up,Z22,ZIP,5120.25,3615,-245
126,shock_up,Z23,ZIP,6615.2,3596,-192
126,shock_up,Z24,ZIP,-566.45,3779,-663
126,shock_up,P25,PRSH,11703.5,4588,750
126,shock_up,P26,PRSH,3746.85,267,219
126,shock_up,P27,PRSH,2828.3,206,142
126,shock_up,P28,PRSH,4667.9,252,226
126,shock_up,P29,PRSH,12682.2,3706,748
126,shock_up,C30,CUSTOM,5217.65,4803,-29
126,shock_up,C31,CUSTOM,5824.65,4831,-9
126,shock_up,C32,CUSTOM,5631.75,4795,-15
126,shock_up,C33,CUSTOM,5655.1,4778,-26
126,shock_up,C34,CUSTOM,5504.75,4731,-15
127,shock_up,G00,GVWY,-8876.2,6652,-26
127,shock_up,G01,GVWY,-9341.8,6604,6
127,shock_up,G02,GVWY,-9938.9,6669,-97
127,shock_up,G03,GVWY,-10419.9,6641,23
127,shock_up,G04,GVWY,-13018.2,6686,-66
127,shock_up,Z05,ZIC,5353.1,571,303
127,shock_up,Z06,ZIC,4229.6,536,258
127,shock_up,Z07,ZIC,5736.0,554,270
127,shock_up,Z08,ZIC,4772.8,556,234
127,shock_up,Z09,ZIC,4656.8,546,274
127,shock_up,S10,SHVR,-4208.0,6092,0
127,shock_up,S11,SHVR,-7721.7,6035,-91
127,shock_up,S12,SHVR,-5833.8,6084,66
127,shock_up,S13,SHVR,-5759.2,6078,44
127,shock_up,S14,SHVR,-9163.7,5961,69
127,shock_up,S15,SNPR,-726.0,1318,0
127,shock_up,S16,SNPR,-1206.3,1321,51
127,shock_up,S17,SNPR,-1585.3,1301,1
127,shock_up,S18,SNPR,-1083.5,1309,65
127,shock_up,S19,SNPR,-1693.1,1291,-13
127,shock_up,Z20,ZIP,-145.5,3675,-705
127,shock_up,Z21,ZIP,-941.4,3638,-662
127,shock_up,Z22,ZIP,6575.9,3659,-253
127,shock_up,Z23,ZIP,5482.0,3560,-260
127,shock_up,Z24,ZIP,-6500.1,3853,-1113
127,shock_up,P25,PRSH,4534.5,307,235
127,shock_up,P26,PRSH,11306.4,1198,632
127,shock_up,P27,PRSH,3588.6,220,158
127,shock_up,P28,PRSH,6655.7,581,271
127,shock_up,P29,PRSH,4988.9,613,297
127,shock_up,C30,CUSTOM,5793.3,4763,-11
127,shock_up,C31,CUSTOM,6265.9,4695,-3
127,shock_up,C32,CUSTOM,7148.3,4749,-1
127,shock_up,C33,CUSTOM,5512.7,4751,1
127,shock_up,C34,CUSTOM,4980.7,4733,1
128,shock_up,G00,GVWY,-11322.9,6703,-209
128,shock_up,G01,GVWY,-7292.2,6680,-32
128,shock_up,G02,GVWY,-11508.9,6619,-19
128,shock_up,G03,GVWY,-10182.7,6671,-147
128,shock_up,G04,GVWY,-11028.4,6672,76
128,shock_up,Z05,ZIC,3322.6,526,256
128,shock_up,Z06,ZIC,2739.4,526,244
128,shock_up,Z07,ZIC,2448.5,489,205
128,shock_up,Z08,ZIC,3537.6,518,216
128,shock_up,Z09,ZIC,2719.3,483,193
128,shock_up,S10,SHVR,-9509.9,6107,-369
128,shock_up,S11,SHVR,-5743.2,6076,18
128,shock_up,S12,SHVR,-5548.1,6093,-11
128,shock_up,S13,SHVR,-7750.4,6156,-244
128,shock_up,S14,SHVR,-6915.9,6065,21
128,shock_up,S15,SNPR,-1578.9,1317,-9
128,shock_up,S16,SNPR,-1499.8,1306,32
128,shock_up,S17,SNPR,-551.3,1325,-33
128,shock_up,S18,SNPR,-967.0,1310,-60
128,shock_up,S19,SNPR,-1565.4,1310,-54
128,shock_up,Z20,ZIP,4700.0,3724,-370
128,shock_up,Z21,ZIP,-1541.4,3782,-1184
128,shock_up,Z22,ZIP,4725.7,3577,-283
128,shock_up,Z23,ZIP,3738.7,3717,-403
128,shock_up,Z24,ZIP,5214.2,3616,-278
128,shock_up,P25,PRSH,6439.4,840,434
128,shock_up,P26,PRSH,7115.1,2537,891
128,shock_up,P27,PRSH,3516.7,225,197
128,shock_up,P28,PRSH,10094.6,2142,676
128,shock_up,P29,PRSH,2760.8,606,268
128,shock_up,C30,CUSTOM,6294.5,4733,-15
128,shock_up,C31,CUSTOM,5328.7,4723,-23
128,shock_up,C32,CUSTOM,6235.2,4730,2
128,shock_up,C33,CUSTOM,7302.1,4775,-9
128,shock_up,C34,CUSTOM,6336.8,4738,-12
129,shock_up,G00,GVWY,-10674.0,6662,-126
129,shock_up,G01,GVWY,-10749.0,6663,-105
129,shock_up,G02,GVWY,-13879.0,6668,-114
129,shock_up,G03,GVWY,-10709.0,6657,-143
129,shock_up,G04,GVWY,-13812.0,6637,-177
129,shock_up,Z05,ZIC,4744.0,486,218
129,shock_up,Z06,ZIC,4151.0,498,188
129,shock_up,Z07,ZIC,5834.0,526,290
129,shock_up,Z08,ZIC,4622.0,511,241
129,shock_up,Z09,ZIC,4391.0,561,219
129,shock_up,S10,SHVR,-6613.0,6075,-121
129,shock_up,S11,SHVR,-4541.0,6135,-43
129,shock_up,S12,SHVR,-5091.0,6071,-157
129,shock_up,S13,SHVR,-5727.0,5954,62
129,shock_up,S14,SHVR,-3014.0,6097,189
129,shock_up,S15,SNPR,-1182.0,1294,-2
129,shock_up,S16,SNPR,-1370.0,1316,36
129,shock_up,S17,SNPR,-907.0,1334,92
129,shock_up,S18,SNPR,-1556.0,1319,-33
129,shock_up,S19,SNPR,-1327.0,1317,-59
129,shock_up,Z20,ZIP,3235.0,3786,-348
129,shock_up,Z21,ZIP,5343.0,3653,-295
129,shock_up,Z22,ZIP,2018.0,3655,-361
129,shock_up,Z23,ZIP,-4207.0,3626,-862
129,shock_up,Z24,ZIP,1786.0,3738,-348
129,shock_up,P25,PRSH,12352.0,3369,789
129,shock_up,P26,PRSH,5514.0,636,314
129,shock_up,P27,PRSH,3809.0,236,190
129,shock_up,P28,PRSH,4813.0,508,242
129,shock_up,P29,PRSH,4545.0,616,246
129,shock_up,C30,CUSTOM,5231.0,4769,-37
129,shock_up,C31,CUSTOM,4854.0,4741,-17
129,shock_up,C32,CUSTOM,5566.0,4761,-3
129,shock_up,C33,CUSTOM,6404.0,4754,0
129,shock_up,C34,CUSTOM,5682.0,4845,-35
130,shock_up,G00,GVWY,-9256.25,6707,89
130,shock_up,G01,GVWY,-12201.25,6735,13
130,shock_up,G02,GVWY,-9652.25,6691,93
130,shock_up,G03,GVWY,-10162.75,6717,-53
130,shock_up,G04,GVWY,-10593.25,6685,-71
130,shock_up,Z05,ZIC,2785.5,470,242
130,shock_up,Z06,ZIC,2870.0,546,276
130,shock_up,Z07,ZIC,2384.75,545,265
130,shock_up,Z08,ZIC,3448.0,580,312
130,shock_up,Z09,ZIC,2017.25,545,291
130,shock_up,S10,SHVR,-5975.75,6079,39
130,shock_up,S11,SHVR,-5537.25,6135,241
130,shock_up,S12,SHVR,-6310.0,6136,-20
130,shock_up,S13,SHVR,-3844.0,6068,92
130,shock_up,S14,SHVR,-6251.5,6090,-74
130,shock_up,S15,SNPR,-1042.25,1319,1
130,shock_up,S16,SNPR,-1425.5,1302,6
130,shock_up,S17,SNPR,-1688.25,1315,1
130,shock_up,S18,SNPR,-1260.25,1323,9
130,shock_up,S19,SNPR,-1784.75,1345,111
130,shock_up,Z20,ZIP,3964.5,3746,-1134
130,shock_up,Z21,ZIP,7243.75,3619,-619
130,shock_up,Z22,ZIP,6944.25,3597,-389
130,shock_up,Z23,ZIP,3617.75,3499,-991
130,shock_up,Z24,ZIP,7569.75,3763,-543
130,shock_up,P25,PRSH,1730.25,171,135
130,shock_up,P26,PRSH,1815.0,208,156
130,shock_up,P27,PRSH,2748.25,271,223
130,shock_up,P28,PRSH,2488.25,471,251
130,shock_up,P29,PRSH,8704.25,2647,1051
130,shock_up,C30,CUSTOM,5638.25,4787,-1
130,shock_up,C31,CUSTOM,5593.5,4736,10
130,shock_up,C32,CUSTOM,4705.5,4820,2
130,shock_up,C33,CUSTOM,5940.0,4764,-4
130,shock_up,C34,CUSTOM,4647.25,4741,-5
131,shock_up,G00,GVWY,-11058.85,6601,-71
131,shock_up,G01,GVWY,-10004.95,6627,-157
131,shock_up,G02,GVWY,-9203.05,6651,-103
131,shock_up,G03,GVWY,-9820.4,6666,-184
131,shock_up,G04,GVWY,-7786.45,6653,-107
131,shock_up,Z05,ZIC,829.05,493,163
131,shock_up,Z06,ZIC,402.4,554,244
131,shock_up,Z07,ZIC,-77.65,513,201
131,shock_up,Z08,ZIC,207.35,539,201
131,shock_up,Z09,ZIC,-417.1,460,174
131,shock_up,S10,SHVR,-4422.95,6075,-117
131,shock_up,S11,SHVR,-4070.55,6065,7
131,shock_up,S12,SHVR,-6402.55,6085,-133
131,shock_up,S13,SHVR,-2824.3,5992,-118
131,shock_up,S14,SHVR,-4834.45,6037,-7
131,shock_up,S15,SNPR,-1358.9,1278,-14
131,shock_up,S16,SNPR,-1114.85,1301,-11
131,shock_up,S17,SNPR,-2142.85,1291,69
131,shock_up,S18,SNPR,-1396.45,1299,-27
131,shock_up,S19,SNPR,-229.95,1317,-37
131,shock_up,Z20,ZIP,7039.65,3671,-281
131,shock_up,Z21,ZIP,11135.6,3752,-384
131,shock_up,Z22,ZIP,9163.45,3639,-273
131,shock_up,Z23,ZIP,9710.85,3615,-609
131,shock_up,Z24,ZIP,8877.55,3695,-147
131,shock_up,P25,PRSH,-126.15,489,231
131,shock_up,P26,PRSH,163.0,184,120
131,shock_up,P27,PRSH,711.05,401,243
131,shock_up,P28,PRSH,-338.3,4400,662
131,shock_up,P29,PRSH,2680.15,619,449
131,shock_up,C30,CUSTOM,6077.85,4737,-9
131,shock_up,C31,CUSTOM,5006.0,4722,0
131,shock_up,C32,CUSTOM,6387.75,4795,-15
131,shock_up,C33,CUSTOM,4735.1,4734,6
131,shock_up,C34,CUSTOM,4973.35,4727,1
132,shock_up,G00,GVWY,-10661.0,6740,-252
132,shock_up,G01,GVWY,-9295.5,6641,-71
132,shock_up,G02,GVWY,-16263.5,6625,-267
132,shock_up,G03,GVWY,-9503.5,6659,9
132,shock_up,G04,GVWY,-9949.5,6631,71
132,shock_up,Z05,ZIC,4395.5,499,233
132,shock_up,Z06,ZIC,3853.5,459,185
132,shock_up,Z07,ZIC,6358.5,589,267
132,shock_up,Z08,ZIC,4858.5,511,205
132,shock_up,Z09,ZIC,5041.0,510,224
132,shock_up,S10,SHVR,-5529.5,6115,-59
132,shock_up,S11,SHVR,-2785.5,6061,57
132,shock_up,S12,SHVR,-9692.0,6112,-108
132,shock_up,S13,SHVR,-2566.0,6046,44
132,shock_up,S14,SHVR,-7344.0,6054,-122
132,shock_up,S15,SNPR,-1639.0,1318,-60
132,shock_up,S16,SNPR,-1551.5,1311,-57
132,shock_up,S17,SNPR,-1191.0,1312,24
132,shock_up,S18,SNPR,-1452.0,1326,-40
132,shock_up,S19,SNPR,-1770.0,1308,-24
132,shock_up,Z20,ZIP,-6455.0,3692,-888
132,shock_up,Z21,ZIP,-4248.0,3660,-872
132,shock_up,Z22,ZIP,-1748.0,3608,-520
132,shock_up,Z23,ZIP,1088.5,3705,-301
132,shock_up,Z24,ZIP,7042.0,3630,-96
132,shock_up,P25,PRSH,19600.5,2745,987
132,shock_up,P26,PRSH,4920.5,611,255
132,shock_up,P27,PRSH,14525.0,3890,774
132,shock_up,P28,PRSH,2179.0,146,96
132,shock_up,P29,PRSH,3885.5,221,181
132,shock_up,C30,CUSTOM,4951.0,4750,4
132,shock_up,C31,CUSTOM,5135.0,4724,16
132,shock_up,C32,CUSTOM,5125.0,4808,-10
132,shock_up,C33,CUSTOM,4504.5,4725,9
132,shock_up,C34,CUSTOM,4895.0,4724,-4
133,shock_up,G00,GVWY,-12129.8,6631,-83
133,shock_up,G01,GVWY,-11980.8,6666,-138
133,shock_up,G02,GVWY,-11057.0,6676,-140
133,shock_up,G03,GVWY,-9989.2,6609,13
133,shock_up,G04,GVWY,-11106.2,6638,-52
133,shock_up,Z05,ZIC,5024.0,515,255
133,shock_up,Z06,ZIC,4334.2,477,227
133,shock_up,Z07,ZIC,3545.6,548,246
133,shock_up,Z08,ZIC,4071.4,450,204
133,shock_up,Z09,ZIC,3599.0,578,190
133,shock_up,S10,SHVR,-2639.2,6019,23
133,shock_up,S11,SHVR,-10145.4,5920,-124
133,shock_up,S12,SHVR,-4968.4,5968,36
133,shock_up,S13,SHVR,-6795.6,5971,-71
133,shock_up,S14,SHVR,-5994.2,5970,-72
133,shock_up,S15,SNPR,-1067.2,1293,43
133,shock_up,S16,SNPR,-1629.0,1282,-50
133,shock_up,S17,SNPR,-1702.6,1283,-11
133,shock_up,S18,SNPR,-1081.8,1286,42
133,shock_up,S19,SNPR,-990.0,1311,-25
133,shock_up,Z20,ZIP,2666.2,3668,-308
133,shock_up,Z21,ZIP,5450.4,3581,-251
133,shock_up,Z22,ZIP,5236.6,3680,-194
133,shock_up,Z23,ZIP,4308.2,3741,-273
133,shock_up,Z24,ZIP,1366.6,3811,-589
133,shock_up,P25,PRSH,2985.6,220,156
133,shock_up,P26,PRSH,5441.6,602,296
133,shock_up,P27,PRSH,3992.4,221,189
133,shock_up,P28,PRSH,5350.0,534,250
133,shock_up,P29,PRSH,5976.2,681,307
133,shock_up,C30,CUSTOM,5349.0,4766,-40
133,shock_up,C31,CUSTOM,6523.4,4817,-11
133,shock_up,C32,CUSTOM,4923.4,4805,-51
133,shock_up,C33,CUSTOM,7850.0,4730,-20
133,shock_up,C34,CUSTOM,4941.2,4825,-3
134,shock_up,G00,GVWY,-11661.0,6666,-178
134,shock_up,G01,GVWY,-9271.0,6656,-118
134,shock_up,G02,GVWY,-9987.0,6697,-123
134,shock_up,G03,GVWY,-9380.0,6677,-107
134,shock_up,G04,GVWY,-8213.0,6661,-123
134,shock_up,Z05,ZIC,2333.0,490,264
134,shock_up,Z06,ZIC,2330.0,522,218
134,shock_up,Z07,ZIC,2316.0,484,198
134,shock_up,Z08,ZIC,1931.0,495,219
134,shock_up,Z09,ZIC,2064.0,526,224
134,shock_up,S10,SHVR,-6684.0,6075,-171
134,shock_up,S11,SHVR,-5573.0,6087,-109
134,shock_up,S12,SHVR,-5700.0,6064,-98
134,shock_up,S13,SHVR,-9131.0,6051,-81
134,shock_up,S14,SHVR,-7027.0,6061,-19
134,shock_up,S15,SNPR,-1030.0,1321,-23
134,shock_up,S16,SNPR,-924.0,1329,-57
134,shock_up,S17,SNPR,-823.0,1321,-85
134,shock_up,S18,SNPR,-1091.0,1336,-18
134,shock_up,S19,SNPR,-1610.0,1306,42
134,shock_up,Z20,ZIP,7131.0,3728,-216
134,shock_up,Z21,ZIP,8186.0,3857,-251
134,shock_up,Z22,ZIP,7131.0,3665,-287
134,shock_up,Z23,ZIP,7790.0,3720,-372
134,shock_up,Z24,ZIP,4652.0,3586,-396
134,shock_up,P25,PRSH,3289.0,3885,567
134,shock_up,P26,PRSH,1472.0,292,186
134,shock_up,P27,PRSH,2507.0,558,284
134,shock_up,P28,PRSH,3978.0,1006,448
134,shock_up,P29,PRSH,1849.0,198,166
134,shock_up,C30,CUSTOM,5198.0,4683,9
134,shock_up,C31,CUSTOM,6444.0,4754,6
134,shock_up,C32,CUSTOM,6485.0,4816,-4
134,shock_up,C33,CUSTOM,4683.0,4808,-10
134,shock_up,C34,CUSTOM,6415.0,4739,-25
135,shock_up,G00,GVWY,-7150.25,6683,79
135,shock_up,G01,GVWY,-7581.0,6618,-116
135,shock_up,G02,GVWY,-13029.25,6655,-5
135,shock_up,G03,GVWY,-9557.0,6658,-152
135,shock_up,G04,GVWY,-10423.25,6649,-221
135,shock_up,Z05,ZIC,1732.75,517,271
135,shock_up,Z06,ZIC,2639.25,543,293
135,shock_up,Z07,ZIC,1758.0,492,204
135,shock_up,Z08,ZIC,1817.5,482,242
135,shock_up,Z09,ZIC,729.0,482,216
135,shock_up,S10,SHVR,-3662.75,5993,193
135,shock_up,S11,SHVR,-5045.0,6012,128
135,shock_up,S12,SHVR,-5523.5,5980,26
135,shock_up,S13,SHVR,-3771.5,5976,106
135,shock_up,S14,SHVR,-7351.5,6018,74
135,shock_up,S15,SNPR,-1343.75,1317,13
135,shock_up,S16,SNPR,-1143.5,1298,18
135,shock_up,S17,SNPR,-1190.25,1295,-29
135,shock_up,S18,SNPR,-1715.25,1321,31
135,shock_up,S19,SNPR,-1596.0,1312,-32
135,shock_up,Z20,ZIP,5586.0,3552,-404
135,shock_up,Z21,ZIP,7374.0,3514,-600
135,shock_up,Z22,ZIP,6192.75,3681,-241
135,shock_up,Z23,ZIP,9170.5,3612,-410
135,shock_up,Z24,ZIP,5602.75,3669,-785
135,shock_up,P25,PRSH,2039.75,219,163
135,shock_up,P26,PRSH,1535.5,230,166
135,shock_up,P27,PRSH,2457.25,319,221
135,shock_up,P28,PRSH,2386.0,656,284
135,shock_up,P29,PRSH,1947.25,287,233
135,shock_up,C30,CUSTOM,4526.0,4736,-8
135,shock_up,C31,CUSTOM,6352.25,4741,-11
135,shock_up,C32,CUSTOM,5116.25,4801,-3
135,shock_up,C33,CUSTOM,6275.75,4745,-5
135,shock_up,C34,CUSTOM,5206.0,4802,12
136,shock_up,G00,GVWY,-8249.25,6671,-75
136,shock_up,G01,GVWY,-9109.65,6659,-199
136,shock_up,G02,GVWY,-14089.2,6652,-112
136,shock_up,G03,GVWY,-11747.2,6694,-112
136,shock_up,G04,GVWY,-11938.6,6670,-156
136,shock_up,Z05,ZIC,4752.0,520,260
136,shock_up,Z06,ZIC,4099.05,545,243
136,shock_up,Z07,ZIC,4836.1,496,266
136,shock_up,Z08,ZIC,4240.45,501,207
136,shock_up,Z09,ZIC,3542.65,557,199
136,shock_up,S10,SHVR,-11196.9,6086,-34
136,shock_up,S11,SHVR,-6674.5,6076,-50
136,shock_up,S12,SHVR,-4171.35,6063,-21
136,shock_up,S13,SHVR,-2376.65,6129,1
136,shock_up,S14,SHVR,-7773.6,6098,-56
136,shock_up,S15,SNPR,-1048.85,1287,9
136,shock_up,S16,SNPR,-1801.3,1298,2
136,shock_up,S17,SNPR,-1303.05,1319,57
136,shock_up,S18,SNPR,-1669.25,1325,-35
136,shock_up,S19,SNPR,-1846.65,1305,-59
136,shock_up,Z20,ZIP,4314.85,3713,-249
136,shock_up,Z21,ZIP,2800.25,3761,-385
136,shock_up,Z22,ZIP,3466.9,3730,-386
136,shock_up,Z23,ZIP,259.15,3765,-631
136,shock_up,Z24,ZIP,2256.85,3611,-469
136,shock_up,P25,PRSH,10526.85,2211,571
136,shock_up,P26,PRSH,8234.2,1464,552
136,shock_up,P27,PRSH,6897.2,892,452
136,shock_up,P28,PRSH,2736.1,174,126
136,shock_up,P29,PRSH,2956.3,212,158
136,shock_up,C30,CUSTOM,5179.6,4762,-24
136,shock_up,C31,CUSTOM,6737.3,4750,-2
136,shock_up,C32,CUSTOM,5497.85,4849,-9
136,shock_up,C33,CUSTOM,5987.25,4779,-25
136,shock_up,C34,CUSTOM,5858.2,4752,-8
137,shock_up,G00,GVWY,-11358.5,6689,-45
137,shock_up,G01,GVWY,-9477.6,6646,-172
137,shock_up,G02,GVWY,-14325.2,6640,-324
137,shock_up,G03,GVWY,-10446.1,6711,-7
137,shock_up,G04,GVWY,-10737.6,6636,-72
137,shock_up,Z05,ZIC,3678.4,494,298
137,shock_up,Z06,ZIC,2622.6,480,212
137,shock_up,Z07,ZIC,3561.6,478,252
137,shock_up,Z08,ZIC,3984.3,493,241
137,shock_up,Z09,ZIC,2862.4,490,198
137,shock_up,S10,SHVR,-5792.9,6077,7
137,shock_up,S11,SHVR,-5099.4,6112,82
137,shock_up,S12,SHVR,-5525.6,6056,-92
137,shock_up,S13,SHVR,-6865.5,6067,65
137,shock_up,S14,SHVR,-5166.4,6044,-18
137,shock_up,S15,SNPR,-1271.6,1312,8
137,shock_up,S16,SNPR,-1234.5,1307,-85
137,shock_up,S17,SNPR,-1661.8,1304,-6
137,shock_up,S18,SNPR,-1029.9,1287,-33
137,shock_up,S19,SNPR,-1145.0,1286,-10
137,shock_up,Z20,ZIP,6763.6,3528,-218
137,shock_up,Z21,ZIP,898.5,3705,-835
137,shock_up,Z22,ZIP,4196.1,3593,-243
137,shock_up,Z23,ZIP,4544.4,3754,-632
137,shock_up,Z24,ZIP,5224.3,3765,-469
137,shock_up,P25,PRSH,1544.7,189,109
137,shock_up,P26,PRSH,3150.4,252,198
137,shock_up,P27,PRSH,7118.5,2921,785
137,shock_up,P28,PRSH,8115.2,1592,684
137,shock_up,P29,PRSH,2560.6,208,152
137,shock_up,C30,CUSTOM,7377.9,4721,-17
137,shock_up,C31,CUSTOM,6606.1,4771,17
137,shock_up,C32,CUSTOM,5866.7,4729,-21
137,shock_up,C33,CUSTOM,4791.2,4672,-16
137,shock_up,C34,CUSTOM,5430.6,4674,12
138,shock_up,G00,GVWY,-10183.0,6676,-338
138,shock_up,G01,GVWY,-12664.5,6711,-321
138,shock_up,G02,GVWY,-12960.5,6669,-149
138,shock_up,G03,GVWY,-14697.0,6696,-224
138,shock_up,G04,GVWY,-11309.0,6638,-150
138,shock_up,Z05,ZIC,3235.5,547,237
138,shock_up,Z06,ZIC,2439.0,538,242
138,shock_up,Z07,ZIC,2856.0,488,198
138,shock_up,Z08,ZIC,2567.5,513,201
138,shock_up,Z09,ZIC,1650.5,505,195
138,shock_up,S10,SHVR,-4387.5,6123,35
138,shock_up,S11,SHVR,-5273.0,6084,146
138,shock_up,S12,SHVR,-5082.0,6090,-114
138,shock_up,S13,SHVR,-6475.5,6123,-111
138,shock_up,S14,SHVR,-5804.0,6076,-88
138,shock_up,S15,SNPR,-1616.0,1312,10
138,shock_up,S16,SNPR,-1206.5,1323,37
138,shock_up,S17,SNPR,-1555.0,1320,-30
138,shock_up,S18,SNPR,-1556.5,1301,-39
138,shock_up,S19,SNPR,-1536.5,1313,21
138,shock_up,Z20,ZIP,3965.0,3654,-576
138,shock_up,Z21,ZIP,5740.5,3629,-357
138,shock_up,Z22,ZIP,3621.0,3652,-706
138,shock_up,Z23,ZIP,3444.5,3751,-625
138,shock_up,Z24,ZIP,6299.5,3719,-347
138,shock_up,P25,PRSH,3298.5,581,269
138,shock_up,P26,PRSH,5846.0,4560,808
138,shock_up,P27,PRSH,5879.0,1082,446
138,shock_up,P28,PRSH,7470.0,2668,716
138,shock_up,P29,PRSH,6473.0,2762,596
138,shock_up,C30,CUSTOM,6031.0,4712,-14
138,shock_up,C31,CUSTOM,6254.0,4732,-6
138,shock_up,C32,CUSTOM,6124.0,4698,-10
138,shock_up,C33,CUSTOM,5225.5,4703,-7
138,shock_up,C34,CUSTOM,7142.5,4749,-19
139,shock_up,G00,GVWY,-11302.0,6635,-145
139,shock_up,G01,GVWY,-13406.4,6606,-328
139,shock_up,G02,GVWY,-9307.4,6666,-98
139,shock_up,G03,GVWY,-10341.8,6706,-66
139,shock_up,G04,GVWY,-12433.8,6654,-336
139,shock_up,Z05,ZIC,2220.4,550,158
139,shock_up,Z06,ZIC,2497.8,473,201
139,shock_up,Z07,ZIC,1983.2,473,189
139,shock_up,Z08,ZIC,3324.4,527,243
139,shock_up,Z09,ZIC,3167.8,513,211
139,shock_up,S10,SHVR,-7744.2,6113,-159
139,shock_up,S11,SHVR,-7870.0,6081,-155
139,shock_up,S12,SHVR,-7707.0,6111,-125
139,shock_up,S13,SHVR,-5986.8,6057,129
139,shock_up,S14,SHVR,-6834.4,6080,-28
139,shock_up,S15,SNPR,-1331.8,1293,29
139,shock_up,S16,SNPR,-1095.0,1333,75
139,shock_up,S17,SNPR,-1087.0,1314,10
139,shock_up,S18,SNPR,-1096.6,1300,-2
139,shock_up,S19,SNPR,-1068.0,1320,40
139,shock_up,Z20,ZIP,5466.2,3840,-136
139,shock_up,Z21,ZIP,6394.4,3604,-42
139,shock_up,Z22,ZIP,-2615.4,3730,-1148
139,shock_up,Z23,ZIP,1388.4,3732,-872
139,shock_up,Z24,ZIP,6808.6,3636,-318
139,shock_up,P25,PRSH,4634.8,742,326
139,shock_up,P26,PRSH,2222.4,189,133
139,shock_up,P27,PRSH,11656.2,1498,784
139,shock_up,P28,PRSH,10879.0,1325,505
139,shock_up,P29,PRSH,10697.4,2002,848
139,shock_up,C30,CUSTOM,5068.4,4642,8
139,shock_up,C31,CUSTOM,5295.6,4705,-3
139,shock_up,C32,CUSTOM,4899.6,4801,37
139,shock_up,C33,CUSTOM,6034.4,4740,8
139,shock_up,C34,CUSTOM,6232.8,4731,-9
140,shock_up,G00,GVWY,-15037.7,6613,-293
140,shock_up,G01,GVWY,-11480.8,6678,-92
140,shock_up,G02,GVWY,-11663.5,6587,-85
140,shock_up,G03,GVWY,-11329.9,6681,-161
140,shock_up,G04,GVWY,-14382.5,6633,-235
140,shock_up,Z05,ZIC,3935.0,448,180
140,shock_up,Z06,ZIC,5072.3,471,237
140,shock_up,Z07,ZIC,3072.9,475,181
140,shock_up,Z08,ZIC,4043.1,463,219
140,shock_up,Z09,ZIC,3797.6,470,184
140,shock_up,S10,SHVR,-8470.2,6026,-88
140,shock_up,S11,SHVR,-5126.9,6105,9
140,shock_up,S12,SHVR,-7887.3,5969,-37
140,shock_up,S13,SHVR,-3259.2,6036,2
140,shock_up,S14,SHVR,-6348.5,6109,-35
140,shock_up,S15,SNPR,-1635.9,1293,-71
140,shock_up,S16,SNPR,-1193.2,1280,92
140,shock_up,S17,SNPR,-1444.7,1289,27
140,shock_up,S18,SNPR,-806.5,1293,5
140,shock_up,S19,SNPR,-1713.4,1298,-96
140,shock_up,Z20,ZIP,5480.3,3599,-203
140,shock_up,Z21,ZIP,4397.8,3682,-278
140,shock_up,Z22,ZIP,2068.2,3698,-442
140,shock_up,Z23,ZIP,181.5,3587,-575
140,shock_up,Z24,ZIP,3491.0,3622,-210
140,shock_up,P25,PRSH,7549.5,1143,435
140,shock_up,P26,PRSH,9662.1,1361,529
140,shock_up,P27,PRSH,7573.1,873,379
140,shock_up,P28,PRSH,4893.8,622,282
140,shock_up,P29,PRSH,3324.4,294,166
140,shock_up,C30,CUSTOM,6594.6,4702,-16
140,shock_up,C31,CUSTOM,7752.5,4809,-15
140,shock_up,C32,CUSTOM,5375.6,4702,-36
140,shock_up,C33,CUSTOM,5776.2,4800,-32
140,shock_up,C34,CUSTOM,6290.5,4743,-15
141,shock_up,G00,GVWY,-10204.0,6636,0
141,shock_up,G01,GVWY,-9652.9,6700,62
141,shock_up,G02,GVWY,-8827.35,6663,203
141,shock_up,G03,GVWY,-12661.05,6681,-91
141,shock_up,G04,GVWY,-11501.9,6666,-238
141,shock_up,Z05,ZIC,2483.85,517,207
141,shock_up,Z06,ZIC,4227.55,533,241
141,shock_up,Z07,ZIC,4463.15,567,293
141,shock_up,Z08,ZIC,4387.65,527,283
141,shock_up,Z09,ZIC,4232.3,566,246
141,shock_up,S10,SHVR,-8954.75,6063,-5
141,shock_up,S11,SHVR,-6812.4,6062,-88
141,shock_up,S12,SHVR,-1184.6,5978,228
141,shock_up,S13,SHVR,-5901.35,6075,-57
141,shock_up,S14,SHVR,-5722.85,6095,-147
141,shock_up,S15,SNPR,-1006.6,1300,-52
141,shock_up,S16,SNPR,-1502.7,1310,-74
141,shock_up,S17,SNPR,-996.35,1311,-17
141,shock_up,S18,SNPR,-1061.35,1277,-17
141,shock_up,S19,SNPR,-1399.25,1327,25
141,shock_up,Z20,ZIP,2634.85,3679,-273
141,shock_up,Z21,ZIP,2416.7,3708,-386
141,shock_up,Z22,ZIP,6611.55,3603,-259
141,shock_up,Z23,ZIP,-6435.95,3789,-1389
141,shock_up,Z24,ZIP,2632.25,3619,-525
141,shock_up,P25,PRSH,3718.5,566,250
141,shock_up,P26,PRSH,3310.8,256,176
141,shock_up,P27,PRSH,3102.1,222,162
141,shock_up,P28,PRSH,4785.7,714,354
141,shock_up,P29,PRSH,14165.85,2047,867
141,shock_up,C30,CUSTOM,5878.85,4799,7
141,shock_up,C31,CUSTOM,5813.05,4807,11
141,shock_up,C32,CUSTOM,7350.4,4680,-12
141,shock_up,C33,CUSTOM,6480.6,4710,-8
141,shock_up,C34,CUSTOM,4801.1,4738,2
142,shock_up,G00,GVWY,-10244.55,6671,-157
142,shock_up,G01,GVWY,-11180.1,6646,-134
142,shock_up,G02,GVWY,-7375.55,6659,-77
142,shock_up,G03,GVWY,-10550.25,6621,-175
142,shock_up,G04,GVWY,-11243.1,6638,-294
142,shock_up,Z05,ZIC,2722.95,475,213
142,shock_up,Z06,ZIC,3388.65,483,211
142,shock_up,Z07,ZIC,3962.35,511,269
142,shock_up,Z08,ZIC,2849.25,515,215
142,shock_up,Z09,ZIC,2764.0,484,200
142,shock_up,S10,SHVR,-6542.25,6023,-195
142,shock_up,S11,SHVR,-5830.6,5990,16
142,shock_up,S12,SHVR,-7024.15,6001,-81
142,shock_up,S13,SHVR,-4172.95,6099,107
142,shock_up,S14,SHVR,-7618.8,6084,28
142,shock_up,S15,SNPR,-1396.9,1294,-6
142,shock_up,S16,SNPR,-1546.2,1298,-48
142,shock_up,S17,SNPR,-1216.55,1297,3
142,shock_up,S18,SNPR,-1028.7,1274,-38
142,shock_up,S19,SNPR,-1339.25,1285,45
142,shock_up,Z20,ZIP,4726.2,3594,-192
142,shock_up,Z21,ZIP,4601.8,3658,-288
142,shock_up,Z22,ZIP,6239.95,3655,-447
142,shock_up,Z23,ZIP,5889.25,3571,-245
142,shock_up,Z24,ZIP,4756.05,3615,-413
142,shock_up,P25,PRSH,3854.95,255,213
142,shock_up,P26,PRSH,2565.7,390,198
142,shock_up,P27,PRSH,10340.15,2407,721
142,shock_up,P28,PRSH,3362.3,430,202
142,shock_up,P29,PRSH,2570.7,184,158
142,shock_up,C30,CUSTOM,4824.25,4801,-25
142,shock_up,C31,CUSTOM,5483.85,4761,-21
142,shock_up,C32,CUSTOM,4481.65,4697,-29
142,shock_up,C33,CUSTOM,3964.9,4792,-14
142,shock_up,C34,CUSTOM,4702.35,4785,-11
143,shock_up,G00,GVWY,-9815.5,6654,-94
143,shock_up,G01,GVWY,-11182.5,6634,-82
143,shock_up,G02,GVWY,-8568.0,6634,-20
143,shock_up,G03,GVWY,-14332.25,6601,-293
143,shock_up,G04,GVWY,-11525.0,6648,-132
143,shock_up,Z05,ZIC,5027.75,535,263
143,shock_up,Z06,ZIC,3346.25,495,189
143,shock_up,Z07,ZIC,5172.25,525,277
143,shock_up,Z08,ZIC,3924.75,509,235
143,shock_up,Z09,ZIC,4766.5,518,230
143,shock_up,S10,SHVR,-4557.25,6051,-125
143,shock_up,S11,SHVR,-10371.75,6051,-119
143,shock_up,S12,SHVR,-961.0,6030,208
143,shock_up,S13,SHVR,-6084.0,6090,40
143,shock_up,S14,SHVR,-8700.75,6025,-103
143,shock_up,S15,SNPR,-541.75,1321,25
143,shock_up,S16,SNPR,-1496.75,1307,1
143,shock_up,S17,SNPR,-1182.75,1307,-59
143,shock_up,S18,SNPR,-1395.25,1307,23
143,shock_up,S19,SNPR,-1968.25,1305,3
143,shock_up,Z20,ZIP,8348.25,3605,-135
143,shock_up,Z21,ZIP,-4552.25,3571,-961
143,shock_up,Z22,ZIP,4358.25,3563,-155
143,shock_up,Z23,ZIP,2992.0,3662,-212
143,shock_up,Z24,ZIP,2700.25,3563,-359
143,shock_up,P25,PRSH,3993.25,249,181
143,shock_up,P26,PRSH,9060.25,1207,481
143,shock_up,P27,PRSH,3480.5,220,158
143,shock_up,P28,PRSH,3212.0,210,160
143,shock_up,P29,PRSH,7309.0,840,376
143,shock_up,C30,CUSTOM,5452.75,4727,-21
143,shock_up,C31,CUSTOM,5089.75,4815,-13
143,shock_up,C32,CUSTOM,6350.75,4761,-13
143,shock_up,C33,CUSTOM,7148.25,4767,-7
143,shock_up,C34,CUSTOM,5547.25,4853,9
144,shock_up,G00,GVWY,-8314.8,6614,16
144,shock_up,G01,GVWY,-11448.8,6655,-209
144,shock_up,G02,GVWY,-13452.2,6636,-196
144,shock_up,G03,GVWY,-13473.6,6623,-283
144,shock_up,G04,GVWY,-6727.6,6648,-128
144,shock_up,Z05,ZIC,2988.4,511,197
144,shock_up,Z06,ZIC,3063.4,492,262
144,shock_up,Z07,ZIC,2399.6,477,193
144,shock_up,Z08,ZIC,3096.2,550,216
144,shock_up,Z09,ZIC,3637.8,492,214
144,shock_up,S10,SHVR,-7017.6,5952,-178
144,shock_up,S11,SHVR,-6266.6,5958,-18
144,shock_up,S12,SHVR,-7673.0,6054,-110
144,shock_up,S13,SHVR,-4306.0,6079,-115
144,shock_up,S14,SHVR,-5061.0,6046,10
144,shock_up,S15,SNPR,-1778.6,1294,22
144,shock_up,S16,SNPR,-1434.4,1316,-32
144,shock_up,S17,SNPR,-989.4,1282,-12
144,shock_up,S18,SNPR,-1472.4,1307,-157
144,shock_up,S19,SNPR,-1124.6,1325,57
144,shock_up,Z20,ZIP,4523.0,3684,-230
144,shock_up,Z21,ZIP,7209.2,3596,-234
144,shock_up,Z22,ZIP,2838.2,3611,-349
144,shock_up,Z23,ZIP,4277.8,3588,-226
144,shock_up,Z24,ZIP,3114.6,3599,-367
144,shock_up,P25,PRSH,4757.0,746,320
144,shock_up,P26,PRSH,1950.0,227,165
144,shock_up,P27,PRSH,3201.2,546,196
144,shock_up,P28,PRSH,7621.2,2216,566
144,shock_up,P29,PRSH,7126.8,397,349
144,shock_up,C30,CUSTOM,6946.0,4674,10
144,shock_up,C31,CUSTOM,5524.0,4690,0
144,shock_up,C32,CUSTOM,5388.4,4721,-3
144,shock_up,C33,CUSTOM,4531.0,4809,5
144,shock_up,C34,CUSTOM,5969.6,4714,-2
145,shock_up,G00,GVWY,-11333.4,6594,-236
145,shock_up,G01,GVWY,-10677.95,6647,-193
145,shock_up,G02,GVWY,-11404.9,6628,-86
145,shock_up,G03,GVWY,-13839.5,6600,-150
145,shock_up,G04,GVWY,-12157.65,6633,-171
145,shock_up,Z05,ZIC,5014.15,515,221
145,shock_up,Z06,ZIC,3746.1,532,214
145,shock_up,Z07,ZIC,4046.15,503,201
145,shock_up,Z08,ZIC,3706.15,477,181
145,shock_up,Z09,ZIC,4501.9,482,186
145,shock_up,S10,SHVR,-6632.7,6018,-118
145,shock_up,S11,SHVR,-6387.2,6028,-108
145,shock_up,S12,SHVR,-8657.1,6044,-214
145,shock_up,S13,SHVR,-7655.8,6018,-52
145,shock_up,S14,SHVR,-9960.5,6034,-310
145,shock_up,S15,SNPR,-1543.35,1297,-29
145,shock_up,S16,SNPR,-1106.1,1290,-34
145,shock_up,S17,SNPR,-1044.7,1296,2
145,shock_up,S18,SNPR,-1209.1,1296,6
145,shock_up,S19,SNPR,-1244.35,1293,11
145,shock_up,Z20,ZIP,3046.6,3618,-356
145,shock_up,Z21,ZIP,6701.75,3661,-95
145,shock_up,Z22,ZIP,7704.15,3571,-19
145,shock_up,Z23,ZIP,8955.3,3632,2
145,shock_up,Z24,ZIP,4477.6,3550,-236
145,shock_up,P25,PRSH,4201.55,453,217
145,shock_up,P26,PRSH,5814.95,731,333
145,shock_up,P27,PRSH,6976.5,2224,450
145,shock_up,P28,PRSH,4021.55,573,237
145,shock_up,P29,PRSH,2556.7,162,118
145,shock_up,C30,CUSTOM,6191.1,4700,-26
145,shock_up,C31,CUSTOM,6261.45,4705,-17
145,shock_up,C32,CUSTOM,5769.2,4734,-12
145,shock_up,C33,CUSTOM,4549.4,4704,-4
145,shock_up,C34,CUSTOM,5435.0,4716,-20
146,shock_up,G00,GVWY,-10479.3,6666,-126
146,shock_up,G01,GVWY,-14990.35,6667,-397
146,shock_up,G02,GVWY,-10276.65,6699,-203
146,shock_up,G03,GVWY,-13029.05,6641,-131
146,shock_up,G04,GVWY,-8290.05,6677,-171
146,shock_up,Z05,ZIC,2524.5,476,170
146,shock_up,Z06,ZIC,3382.0,528,220
146,shock_up,Z07,ZIC,3280.25,509,215
146,shock_up,Z08,ZIC,3898.75,555,305
146,shock_up,Z09,ZIC,3190.4,528,268
146,shock_up,S10,SHVR,-4072.55,6019,99
146,shock_up,S11,SHVR,-8431.1,6042,-2
146,shock_up,S12,SHVR,-8668.8,6090,-96
146,shock_up,S13,SHVR,-6843.5,6018,30
146,shock_up,S14,SHVR,-5449.05,6055,69
146,shock_up,S15,SNPR,-1499.75,1283,-45
146,shock_up,S16,SNPR,-1037.05,1301,-131
146,shock_up,S17,SNPR,-1574.45,1301,101
146,shock_up,S18,SNPR,-1678.35,1297,63
146,shock_up,S19,SNPR,-651.45,1291,-19
146,shock_up,Z20,ZIP,4390.75,3781,-535
146,shock_up,Z21,ZIP,5262.35,3625,-183
146,shock_up,Z22,ZIP,6458.6,3606,-28
146,shock_up,Z23,ZIP,8050.35,3555,-123
146,shock_up,Z24,ZIP,2784.35,3751,-543
146,shock_up,P25,PRSH,5059.6,656,312
146,shock_up,P26,PRSH,3452.1,248,202
146,shock_up,P27,PRSH,9902.6,1640,532
146,shock_up,P28,PRSH,1982.75,169,105
146,shock_up,P29,PRSH,2221.15,179,133
146,shock_up,C30,CUSTOM,6706.85,4845,-33
146,shock_up,C31,CUSTOM,6732.65,4769,-17
146,shock_up,C32,CUSTOM,5984.8,4712,-4
146,shock_up,C33,CUSTOM,5161.35,4815,-23
146,shock_up,C34,CUSTOM,6292.1,4806,-18
147,shock_up,G00,GVWY,-11030.8,6638,-4
147,shock_up,G01,GVWY,-10828.1,6673,-13
147,shock_up,G02,GVWY,-7897.0,6722,50
147,shock_up,G03,GVWY,-8412.8,6688,-34
147,shock_up,G04,GVWY,-11475.8,6694,-154
147,shock_up,Z05,ZIC,3829.3,511,239
147,shock_up,Z06,ZIC,5101.5,535,295
147,shock_up,Z07,ZIC,4073.4,544,262
147,shock_up,Z08,ZIC,4617.6,536,258
147,shock_up,Z09,ZIC,5473.4,506,262
147,shock_up,S10,SHVR,-2615.1,6077,47
147,shock_up,S11,SHVR,-4747.1,6143,157
147,shock_up,S12,SHVR,-6096.6,6068,-8
147,shock_up,S13,SHVR,-4988.2,6108,74
147,shock_up,S14,SHVR,-5238.7,6027,79
147,shock_up,S15,SNPR,-1005.1,1325,47
147,shock_up,S16,SNPR,-934.0,1296,-40
147,shock_up,S17,SNPR,-1488.5,1321,-5
147,shock_up,S18,SNPR,-1147.9,1339,63
147,shock_up,S19,SNPR,-1970.9,1313,-67
147,shock_up,Z20,ZIP,3440.8,3600,-486
147,shock_up,Z21,ZIP,2393.0,3572,-330
147,shock_up,Z22,ZIP,-1127.6,3668,-598
147,shock_up,Z23,ZIP,-343.8,3706,-654
147,shock_up,Z24,ZIP,-4191.2,3686,-976
147,shock_up,P25,PRSH,3649.3,291,199
147,shock_up,P26,PRSH,3513.5,441,215
147,shock_up,P27,PRSH,4772.6,570,288
147,shock_up,P28,PRSH,10260.2,970,506
147,shock_up,P29,PRSH,7058.8,838,384
147,shock_up,C30,CUSTOM,5405.2,4792,-4
147,shock_up,C31,CUSTOM,5803.0,4744,10
147,shock_up,C32,CUSTOM,6048.4,4762,-18
147,shock_up,C33,CUSTOM,5069.7,4827,-19
147,shock_up,C34,CUSTOM,5492.6,4860,-12
148,shock_up,G00,GVWY,-11394.9,6596,-198
148,shock_up,G01,GVWY,-11023.05,6621,-261
148,shock_up,G02,GVWY,-9665.35,6681,-207
148,shock_up,G03,GVWY,-11526.7,6686,-334
148,shock_up,G04,GVWY,-12157.75,6663,-315
148,shock_up,Z05,ZIC,3078.75,541,235
148,shock_up,Z06,ZIC,2252.8,486,176
148,shock_up,Z07,ZIC,3790.0,496,240
148,shock_up,Z08,ZIC,3666.3,490,226
148,shock_up,Z09,ZIC,3150.25,509,225
148,shock_up,S10,SHVR,-6606.1,6016,-22
148,shock_up,S11,SHVR,-8626.85,5983,-277
148,shock_up,S12,SHVR,-4598.25,5993,-65
148,shock_up,S13,SHVR,-6337.3,6032,-146
148,shock_up,S14,SHVR,-6938.7,6000,106
148,shock_up,S15,SNPR,-967.45,1297,-9
148,shock_up,S16,SNPR,-1238.15,1331,-43
148,shock_up,S17,SNPR,-695.8,1300,-16
148,shock_up,S18,SNPR,-1111.95,1323,1
148,shock_up,S19,SNPR,-838.75,1295,25
148,shock_up,Z20,ZIP,6541.9,3682,-182
148,shock_up,Z21,ZIP,6583.75,3703,-225
148,shock_up,Z22,ZIP,5689.5,3616,-190
148,shock_up,Z23,ZIP,5046.05,3603,-299
148,shock_up,Z24,ZIP,4895.4,3556,-192
148,shock_up,P25,PRSH,6560.4,1052,428
148,shock_up,P26,PRSH,4273.05,513,241
148,shock_up,P27,PRSH,2521.85,423,177
148,shock_up,P28,PRSH,4379.95,3279,739
148,shock_up,P29,PRSH,3690.9,708,238
148,shock_up,C30,CUSTOM,5000.6,4742,-28
148,shock_up,C31,CUSTOM,5058.65,4695,-27
148,shock_up,C32,CUSTOM,5807.85,4697,-43
148,shock_up,C33,CUSTOM,4766.1,4808,-18
148,shock_up,C34,CUSTOM,5890.55,4805,-9
149,shock_up,G00,GVWY,-9686.15,6641,-173
149,shock_up,G01,GVWY,-11120.0,6684,-120
149,shock_up,G02,GVWY,-10567.2,6696,96
149,shock_up,G03,GVWY,-9268.35,6685,-97
149,shock_up,G04,GVWY,-11069.15,6623,67
149,shock_up,Z05,ZIC,3174.9,476,218
149,shock_up,Z06,ZIC,4444.1,510,282
149,shock_up,Z07,ZIC,3196.55,485,261
149,shock_up,Z08,ZIC,3139.45,529,279
149,shock_up,Z09,ZIC,2917.1,542,302
149,shock_up,S10,SHVR,-6008.5,6004,110
149,shock_up,S11,SHVR,-5811.25,5991,-275
149,shock_up,S12,SHVR,-5356.7,6108,-14
149,shock_up,S13,SHVR,-2420.0,6036,80
149,shock_up,S14,SHVR,-9348.05,6029,69
149,shock_up,S15,SNPR,-804.85,1323,13
149,shock_up,S16,SNPR,-1480.05,1309,49
149,shock_up,S17,SNPR,-1286.05,1319,-31
149,shock_up,S18,SNPR,-1294.0,1314,40
149,shock_up,S19,SNPR,-1585.65,1309,-43
149,shock_up,Z20,ZIP,4828.95,3779,-251
149,shock_up,Z21,ZIP,2642.95,3637,-951
149,shock_up,Z22,ZIP,3044.45,3695,-821
149,shock_up,Z23,ZIP,5810.05,3709,-249
149,shock_up,Z24,ZIP,5019.45,3633,-481
149,shock_up,P25,PRSH,2522.45,197,139
149,shock_up,P26,PRSH,8661.05,1701,711
149,shock_up,P27,PRSH,2876.4,348,248
149,shock_up,P28,PRSH,4188.8,894,436
149,shock_up,P29,PRSH,2488.4,220,168
149,shock_up,C30,CUSTOM,5355.35,4803,-23
149,shock_up,C31,CUSTOM,6433.75,4731,-15
149,shock_up,C32,CUSTOM,6452.4,4730,-12
149,shock_up,C33,CUSTOM,6007.7,4812,-6
149,shock_up,C34,CUSTOM,4539.7,4726,-6
0,shock_down,G00,GVWY,-6404.5,6615,-295
0,shock_down,G01,GVWY,-5299.0,6610,-380
0,shock_down,G02,GVWY,-8447.7,6641,-313
0,shock_down,G03,GVWY,-4640.3,6673,-307
0,shock_down,G04,GVWY,-8815.3,6635,-367
0,shock_down,Z05,ZIC,-1793.6,652,416
0,shock_down,Z06,ZIC,-2461.5,685,425
0,shock_down,Z07,ZIC,-1975.0,604,340
0,shock_down,Z08,ZIC,-1467.6,564,386
0,shock_down,Z09,ZIC,-706.1,633,411
0,shock_down,S10,SHVR,-6762.5,5989,-45
0,shock_down,S11,SHVR,-8309.6,6032,6
0,shock_down,S12,SHVR,-2895.6,5938,-74
0,shock_down,S13,SHVR,-6191.3,6007,-67
0,shock_down,S14,SHVR,-5900.4,5964,-66
0,shock_down,S15,SNPR,-1414.0,1314,20
0,shock_down,S16,SNPR,-1662.4,1322,-176
0,shock_down,S17,SNPR,-1245.9,1299,-1
0,shock_down,S18,SNPR,-1090.5,1289,-55
0,shock_down,S19,SNPR,-969.5,1299,-55
0,shock_down,Z20,ZIP,9584.0,3590,-270
0,shock_down,Z21,ZIP,17809.1,3651,-1211
0,shock_down,Z22,ZIP,11251.6,3688,-296
0,shock_down,Z23,ZIP,8839.6,3576,-216
0,shock_down,Z24,ZIP,7161.8,3622,-88
0,shock_down,P25,PRSH,-1096.9,555,349
0,shock_down,P26,PRSH,-912.0,360,300
0,shock_down,P27,PRSH,-1426.7,345,307
0,shock_down,P28,PRSH,-1250.9,569,379
0,shock_down,P29,PRSH,-5563.7,2409,1087
0,shock_down,C30,CUSTOM,7052.0,4722,-60
0,shock_down,C31,CUSTOM,6605.5,4855,-55
0,shock_down,C32,CUSTOM,7034.0,4866,-50
0,shock_down,C33,CUSTOM,6481.2,4802,-52
0,shock_down,C34,CUSTOM,8165.5,4739,-25
1,shock_down,G00,GVWY,-8383.8,6698,-206
1,shock_down,G01,GVWY,-10761.6,6656,-42
1,shock_down,G02,GVWY,-7245.7,6665,-219
1,shock_down,G03,GVWY,-5768.4,6652,-298
1,shock_down,G04,GVWY,-10587.1,6713,-67
1,shock_down,Z05,ZIC,-3852.7,647,401
1,shock_down,Z06,ZIC,-4403.3,647,409
1,shock_down,Z07,ZIC,-4010.4,612,382
1,shock_down,Z08,ZIC,-4745.4,694,422
1,shock_down,Z09,ZIC,-3551.2,646,366
1,shock_down,S10,SHVR,-7785.6,6040,38
1,shock_down,S11,SHVR,-5332.8,6034,-116
1,shock_down,S12,SHVR,-3742.6,6040,-42
1,shock_down,S13,SHVR,-4766.7,6071,-109
1,shock_down,S14,SHVR,-2911.9,6065,-193
1,shock_down,S15,SNPR,-1072.9,1303,37
1,shock_down,S16,SNPR,-1106.3,1285,-41
1,shock_down,S17,SNPR,-1071.1,1313,-47
1,shock_down,S18,SNPR,-807.7,1293,-99
1,shock_down,S19,SNPR,-806.7,1313,-59
1,shock_down,Z20,ZIP,13062.4,3656,-372
1,shock_down,Z21,ZIP,12349.3,3757,-309
1,shock_down,Z22,ZIP,21584.0,3788,-900
1,shock_down,Z23,ZIP,12156.7,3739,-171
1,shock_down,Z24,ZIP,23100.2,3792,-1106
1,shock_down,P25,PRSH,-10599.7,4945,871
1,shock_down,P26,PRSH,-6101.3,973,569
1,shock_down,P27,PRSH,-2050.4,330,272
1,shock_down,P28,PRSH,-4458.7,597,571
1,shock_down,P29,PRSH,-2132.0,314,260
1,shock_down,C30,CUSTOM,7083.6,4888,-28
1,shock_down,C31,CUSTOM,6735.0,4740,-60
1,shock_down,C32,CUSTOM,7192.0,4790,-60
1,shock_down,C33,CUSTOM,8167.5,4785,-55
1,shock_down,C34,CUSTOM,7697.0,4772,-70
2,shock_down,G00,GVWY,-6845.8,6640,-356
2,shock_down,G01,GVWY,-6906.85,6617,-307
2,shock_down,G02,GVWY,-5401.9,6616,-498
2,shock_down,G03,GVWY,-6087.95,6641,-409
2,shock_down,G04,GVWY,-9360.5,6578,-250
2,shock_down,Z05,ZIC,-573.8,642,324
2,shock_down,Z06,ZIC,-2292.9,598,342
2,shock_down,Z07,ZIC,-806.05,545,269
2,shock_down,Z08,ZIC,-1433.2,594,336
2,shock_down,Z09,ZIC,-1982.8,614,304
2,shock_down,S10,SHVR,-3368.05,6001,-31
2,shock_down,S11,SHVR,-4623.2,6010,-64
2,shock_down,S12,SHVR,-3660.1,5922,-62
2,shock_down,S13,SHVR,-2540.05,5969,-171
2,shock_down,S14,SHVR,-5800.75,5965,-105
2,shock_down,S15,SNPR,-1170.85,1297,13
2,shock_down,S16,SNPR,-750.3,1294,-6
2,shock_down,S17,SNPR,-873.3,1298,-46
2,shock_down,S18,SNPR,-1736.6,1296,-52
2,shock_down,S19,SNPR,-1095.25,1297,-135
2,shock_down,Z20,ZIP,9676.65,3619,-417
2,shock_down,Z21,ZIP,16792.2,3808,-976
2,shock_down,Z22,ZIP,9018.1,3612,-298
2,shock_down,Z23,ZIP,6576.05,3611,-89
2,shock_down,Z24,ZIP,8717.65,3697,-217
2,shock_down,P25,PRSH,-6196.5,2258,1390
2,shock_down,P26,PRSH,-669.5,294,250
2,shock_down,P27,PRSH,-4497.65,849,777
2,shock_down,P28,PRSH,-2740.9,746,422
2,shock_down,P29,PRSH,-2127.45,685,361
2,shock_down,C30,CUSTOM,6578.35,4605,-83
2,shock_down,C31,CUSTOM,6936.3,4676,-74
2,shock_down,C32,CUSTOM,7153.65,4629,-57
2,shock_down,C33,CUSTOM,6175.2,4698,-76
2,shock_down,C34,CUSTOM,6103.65,4655,-77
3,shock_down,G00,GVWY,-10257.1,6615,-269
3,shock_down,G01,GVWY,-5646.3,6671,-357
3,shock_down,G02,GVWY,-6530.6,6594,-194
3,shock_down,G03,GVWY,-8666.4,6602,-226
3,shock_down,G04,GVWY,-4659.6,6596,-444
3,shock_down,Z05,ZIC,-2412.1,565,321
3,shock_down,Z06,ZIC,-921.6,628,286
3,shock_down,Z07,ZIC,-3083.6,632,426
3,shock_down,Z08,ZIC,-1358.9,653,359
3,shock_down,Z09,ZIC,-1575.6,638,316
3,shock_down,S10,SHVR,-3427.5,6017,-125
3,shock_down,S11,SHVR,-1436.5,5981,-155
3,shock_down,S12,SHVR,-3974.8,6056,-82
3,shock_down,S13,SHVR,-3943.1,6023,-169
3,shock_down,S14,SHVR,-1357.5,6005,-385
3,shock_down,S15,SNPR,-1429.8,1310,-62
3,shock_down,S16,SNPR,-961.9,1305,-71
3,shock_down,S17,SNPR,-982.0,1298,-70
3,shock_down,S18,SNPR,-1043.1,1287,-89
3,shock_down,S19,SNPR,-897.0,1296,-70
3,shock_down,Z20,ZIP,5547.2,3712,-42
3,shock_down,Z21,ZIP,15522.5,3533,-695
3,shock_down,Z22,ZIP,9267.0,3652,-310
3,shock_down,Z23,ZIP,8763.2,3722,-172
3,shock_down,Z24,ZIP,17065.2,3708,-772
3,shock_down,P25,PRSH,-2913.6,1046,466
3,shock_down,P26,PRSH,-8814.7,3161,1067
3,shock_down,P27,PRSH,-1950.7,339,287
3,shock_down,P28,PRSH,-6717.3,3459,923
3,shock_down,P29,PRSH,-3158.3,1139,573
3,shock_down,C30,CUSTOM,6982.3,4749,-83
3,shock_down,C31,CUSTOM,6364.4,4662,-64
3,shock_down,C32,CUSTOM,6717.3,4685,-83
3,shock_down,C33,CUSTOM,6681.3,4643,-73
3,shock_down,C34,CUSTOM,6507.3,4725,-63
4,shock_down,G00,GVWY,-2245.4,6716,-492
4,shock_down,G01,GVWY,-8974.4,6625,-227
4,shock_down,G02,GVWY,-3269.4,6671,-397
4,shock_down,G03,GVWY,-8189.6,6702,-198
4,shock_down,G04,GVWY,-6584.2,6606,-276
4,shock_down,Z05,ZIC,-3180.6,638,332
4,shock_down,Z06,ZIC,-2912.2,669,379
4,shock_down,Z07,ZIC,-2736.6,634,352
4,shock_down,Z08,ZIC,-3471.0,602,340
4,shock_down,Z09,ZIC,-1316.2,579,309
4,shock_down,S10,SHVR,-3832.4,6048,-172
4,shock_down,S11,SHVR,-3755.6,6071,-143
4,shock_down,S12,SHVR,-5375.8,6074,-4
4,shock_down,S13,SHVR,-4982.2,6035,-51
4,shock_down,S14,SHVR,-3047.6,6059,-203
4,shock_down,S15,SNPR,-835.2,1307,-81
4,shock_down,S16,SNPR,-1393.6,1306,-78
4,shock_down,S17,SNPR,-1230.6,1305,27
4,shock_down,S18,SNPR,-1436.8,1299,1
4,shock_down,S19,SNPR,-1493.0,1305,-55
4,shock_down,Z20,ZIP,11737.4,3857,-493
4,shock_down,Z21,ZIP,16361.2,3672,-814
4,shock_down,Z22,ZIP,14657.6,3573,-657
4,shock_down,Z23,ZIP,14837.4,3669,-713
4,shock_down,Z24,ZIP,15719.8,3689,-551
4,shock_down,P25,PRSH,-3398.0,845,445
4,shock_down,P26,PRSH,-6557.0,2137,855
4,shock_down,P27,PRSH,-13460.8,3824,1096
4,shock_down,P28,PRSH,-6958.6,1788,842
4,shock_down,P29,PRSH,-5693.0,1631,825
4,shock_down,C30,CUSTOM,6827.8,4737,-51
4,shock_down,C31,CUSTOM,7249.6,4691,-67
4,shock_down,C32,CUSTOM,6962.4,4746,-48
4,shock_down,C33,CUSTOM,6533.8,4736,-56
4,shock_down,C34,CUSTOM,6931.6,4634,-82
5,shock_down,G00,GVWY,-5912.3,6609,-257
5,shock_down,G01,GVWY,-3358.8,6606,-442
5,shock_down,G02,GVWY,-9161.0,6558,-70
5,shock_down,G03,GVWY,-7742.0,6582,-240
5,shock_down,G04,GVWY,-2712.6,6590,-404
5,shock_down,Z05,ZIC,-4529.5,653,355
5,shock_down,Z06,ZIC,-3264.0,604,320
5,shock_down,Z07,ZIC,-3771.6,568,336
5,shock_down,Z08,ZIC,-4179.4,590,354
5,shock_down,Z09,ZIC,-4704.9,601,399
5,shock_down,S10,SHVR,-6802.0,5956,-90
5,shock_down,S11,SHVR,-3097.2,5950,-138
5,shock_down,S12,SHVR,-3612.6,5958,26
5,shock_down,S13,SHVR,-6061.2,5934,-108
5,shock_down,S14,SHVR,238.4,5960,-154
5,shock_down,S15,SNPR,3.1,1287,-111
5,shock_down,S16,SNPR,-896.1,1297,-29
5,shock_down,S17,SNPR,-294.9,1315,-71
5,shock_down,S18,SNPR,66.5,1303,-135
5,shock_down,S19,SNPR,-674.6,1294,-24
5,shock_down,Z20,ZIP,9829.5,3553,-215
5,shock_down,Z21,ZIP,16182.4,3616,-424
5,shock_down,Z22,ZIP,10844.9,3621,-109
5,shock_down,Z23,ZIP,12210.4,3650,-264
5,shock_down,Z24,ZIP,11698.5,3731,-295
5,shock_down,P25,PRSH,-4718.3,791,483
5,shock_down,P26,PRSH,-2761.6,318,236
5,shock_down,P27,PRSH,-2456.3,313,233
5,shock_down,P28,PRSH,-7282.4,1134,584
5,shock_down,P29,PRSH,-6203.7,985,507
5,shock_down,C30,CUSTOM,7807.9,4793,-69
5,shock_down,C31,CUSTOM,7188.4,4728,-84
5,shock_down,C32,CUSTOM,7289.2,4794,-52
5,shock_down,C33,CUSTOM,6454.7,4801,-77
5,shock_down,C34,CUSTOM,6301.3,4751,-63
6,shock_down,G00,GVWY,-8756.4,6622,-374
6,shock_down,G01,GVWY,-6935.7,6645,-447
6,shock_down,G02,GVWY,-7268.5,6631,-495
6,shock_down,G03,GVWY,-12105.0,6644,-230
6,shock_down,G04,GVWY,-8982.3,6607,-263
6,shock_down,Z05,ZIC,-1083.4,626,386
6,shock_down,Z06,ZIC,-427.7,575,343
6,shock_down,Z07,ZIC,-962.8,618,362
6,shock_down,Z08,ZIC,-42.7,611,333
6,shock_down,Z09,ZIC,-611.0,622,330
6,shock_down,S10,SHVR,-2283.6,6020,-246
6,shock_down,S11,SHVR,-4957.9,6013,-149
6,shock_down,S12,SHVR,-2417.5,6005,-265
6,shock_down,S13,SHVR,-4276.8,6048,-218
6,shock_down,S14,SHVR,-4653.0,6026,-80
6,shock_down,S15,SNPR,-2136.8,1292,-148
6,shock_down,S16,SNPR,-1406.7,1283,-77
6,shock_down,S17,SNPR,-1126.1,1295,-31
6,shock_down,S18,SNPR,-1158.5,1285,-25
6,shock_down,S19,SNPR,-1251.4,1322,-114
6,shock_down,Z20,ZIP,13681.1,3651,-1009
6,shock_down,Z21,ZIP,10716.5,3611,-305
6,shock_down,Z22,ZIP,10356.3,3697,-277
6,shock_down,Z23,ZIP,9197.7,3625,-213
6,shock_down,Z24,ZIP,7957.3,3663,-267
6,shock_down,P25,PRSH,1841.5,633,615
6,shock_down,P26,PRSH,-2612.6,2072,884
6,shock_down,P27,PRSH,-3650.4,3646,856
6,shock_down,P28,PRSH,-798.4,902,516
6,shock_down,P29,PRSH,-5746.7,3755,783
6,shock_down,C30,CUSTOM,7401.6,4644,-74
6,shock_down,C31,CUSTOM,6811.8,4776,-82
6,shock_down,C32,CUSTOM,6293.7,4763,-53
6,shock_down,C33,CUSTOM,6518.5,4723,-45
6,shock_down,C34,CUSTOM,5620.2,4734,-68
7,shock_down,G00,GVWY,-12022.25,6633,-235
7,shock_down,G01,GVWY,-13439.1,6658,-282
7,shock_down,G02,GVWY,-9622.15,6617,-293
7,shock_down,G03,GVWY,-12724.55,6655,-361
7,shock_down,G04,GVWY,-8051.45,6665,-319
7,shock_down,Z05,ZIC,1833.15,679,373
7,shock_down,Z06,ZIC,1627.6,626,392
7,shock_down,Z07,ZIC,1685.75,627,365
7,shock_down,Z08,ZIC,1608.35,629,357
7,shock_down,Z09,ZIC,1911.45,633,379
7,shock_down,S10,SHVR,-4325.15,6009,-113
7,shock_down,S11,SHVR,-8296.25,5961,25
7,shock_down,S12,SHVR,-3696.75,6029,-85
7,shock_down,S13,SHVR,-8572.55,6061,-201
7,shock_down,S14,SHVR,-7738.95,6021,-189
7,shock_down,S15,SNPR,-1017.5,1312,30
7,shock_down,S16,SNPR,-1279.65,1291,-43
7,shock_down,S17,SNPR,-2149.8,1304,-96
7,shock_down,S18,SNPR,-2295.2,1294,-84
7,shock_down,S19,SNPR,-2052.25,1285,-55
7,shock_down,Z20,ZIP,10996.65,3833,-157
7,shock_down,Z21,ZIP,8331.2,3670,-396
7,shock_down,Z22,ZIP,7879.0,3710,-340
7,shock_down,Z23,ZIP,6971.45,3549,-201
7,shock_down,Z24,ZIP,6431.2,3734,-756
7,shock_down,P25,PRSH,4155.2,3406,1084
7,shock_down,P26,PRSH,1306.55,313,261
7,shock_down,P27,PRSH,1504.7,428,274
7,shock_down,P28,PRSH,3534.1,430,382
7,shock_down,P29,PRSH,4964.6,550,512
7,shock_down,C30,CUSTOM,5951.55,4685,-59
7,shock_down,C31,CUSTOM,6055.1,4686,-78
7,shock_down,C32,CUSTOM,6716.2,4716,-56
7,shock_down,C33,CUSTOM,6673.7,4734,-86
7,shock_down,C34,CUSTOM,6157.8,4710,-64
8,shock_down,G00,GVWY,-9180.15,6609,-397
8,shock_down,G01,GVWY,-7493.85,6623,-503
8,shock_down,G02,GVWY,-9711.5,6696,-250
8,shock_down,G03,GVWY,-6617.3,6670,-154
8,shock_down,G04,GVWY,-9140.0,6644,-240
8,shock_down,Z05,ZIC,-197.1,644,362
8,shock_down,Z06,ZIC,438.65,581,347
8,shock_down,Z07,ZIC,-455.7,660,354
8,shock_down,Z08,ZIC,95.1,568,278
8,shock_down,Z09,ZIC,-380.3,624,326
8,shock_down,S10,SHVR,-3285.0,6024,-140
8,shock_down,S11,SHVR,-4616.3,6070,-74
8,shock_down,S12,SHVR,-4713.7,6028,-246
8,shock_down,S13,SHVR,-3945.4,6046,-172
8,shock_down,S14,SHVR,-5138.7,6076,-306
8,shock_down,S15,SNPR,-1764.65,1311,-87
8,shock_down,S16,SNPR,-1326.35,1311,27
8,shock_down,S17,SNPR,-1494.1,1314,22
8,shock_down,S18,SNPR,-1490.45,1289,-51
8,shock_down,S19,SNPR,-1147.6,1316,-48
8,shock_down,Z20,ZIP,10436.1,3650,-282
8,shock_down,Z21,ZIP,8212.0,3530,-240
8,shock_down,Z22,ZIP,7242.75,3639,-215
8,shock_down,Z23,ZIP,13886.3,3668,-806
8,shock_down,Z24,ZIP,8145.1,3654,-142
8,shock_down,P25,PRSH,-2141.6,3000,1152
8,shock_down,P26,PRSH,532.75,379,345
8,shock_down,P27,PRSH,-660.7,884,514
8,shock_down,P28,PRSH,948.5,370,310
8,shock_down,P29,PRSH,-6822.6,4632,572
8,shock_down,C30,CUSTOM,6130.95,4681,-59
8,shock_down,C31,CUSTOM,7220.4,4766,-48
8,shock_down,C32,CUSTOM,6181.45,4707,-69
8,shock_down,C33,CUSTOM,6482.2,4686,-64
8,shock_down,C34,CUSTOM,5863.3,4660,-66
9,shock_down,G00,GVWY,-7667.3,6592,-282
9,shock_down,G01,GVWY,-8628.1,6604,-534
9,shock_down,G02,GVWY,-7736.35,6631,-309
9,shock_down,G03,GVWY,-6979.9,6582,-386
9,shock_down,G04,GVWY,-8175.4,6620,-276
9,shock_down,Z05,ZIC,-1001.1,612,346
9,shock_down,Z06,ZIC,-2180.95,625,347
9,shock_down,Z07,ZIC,-1836.7,594,322
9,shock_down,Z08,ZIC,-1646.55,611,343
9,shock_down,Z09,ZIC,-734.65,637,349
9,shock_down,S10,SHVR,-5046.4,6008,64
9,shock_down,S11,SHVR,-4651.45,6049,-63
9,shock_down,S12,SHVR,-8442.1,5990,-154
9,shock_down,S13,SHVR,-3275.3,5992,-82
9,shock_down,S14,SHVR,-1043.85,5947,-39
9,shock_down,S15,SNPR,-1282.25,1293,-55
9,shock_down,S16,SNPR,-982.65,1291,-111
9,shock_down,S17,SNPR,-1231.05,1305,-27
9,shock_down,S18,SNPR,-1069.25,1305,-15
9,shock_down,S19,SNPR,-1505.7,1316,-18
9,shock_down,Z20,ZIP,10275.2,3664,-192
9,shock_down,Z21,ZIP,9488.55,3717,-283
9,shock_down,Z22,ZIP,13997.65,3753,-769
9,shock_down,Z23,ZIP,8538.15,3683,-159
9,shock_down,Z24,ZIP,9989.65,3679,-169
9,shock_down,P25,PRSH,-1238.7,324,282
9,shock_down,P26,PRSH,-352.1,308,246
9,shock_down,P27,PRSH,-5738.55,3813,943
9,shock_down,P28,PRSH,-3031.25,1007,565
9,shock_down,P29,PRSH,-39.75,309,255
9,shock_down,C30,CUSTOM,6756.8,4766,-68
9,shock_down,C31,CUSTOM,7071.8,4740,-68
9,shock_down,C32,CUSTOM,7364.35,4715,-51
9,shock_down,C33,CUSTOM,6346.15,4645,-39
9,shock_down,C34,CUSTOM,6743.55,4843,-23
10,shock_down,G00,GVWY,-9576.75,6607,-423
10,shock_down,G01,GVWY,-7051.5,6618,-266
10,shock_down,G02,GVWY,-6346.5,6568,-210
10,shock_down,G03,GVWY,-5711.0,6620,-256
10,shock_down,G04,GVWY,-7562.75,6573,-267
10,shock_down,Z05,ZIC,-2479.0,592,340
10,shock_down,Z06,ZIC,-2850.25,621,383
10,shock_down,Z07,ZIC,-3196.75,651,345
10,shock_down,Z08,ZIC,-2476.25,661,367
10,shock_down,Z09,ZIC,-2488.5,592,358
10,shock_down,S10,SHVR,-5550.5,5916,-38
10,shock_down,S11,SHVR,-4358.0,6000,-164
10,shock_down,S12,SHVR,-3884.25,5931,-217
10,shock_down,S13,SHVR,-4412.75,5933,-39
10,shock_down,S14,SHVR,-7759.75,5989,-179
10,shock_down,S15,SNPR,-792.0,1304,-72
10,shock_down,S16,SNPR,-1265.25,1293,-37
10,shock_down,S17,SNPR,-876.5,1300,-22
10,shock_down,S18,SNPR,-1583.0,1306,-8
10,shock_down,S19,SNPR,-698.75,1311,-59
10,shock_down,Z20,ZIP,11941.25,3677,-171
10,shock_down,Z21,ZIP,15627.0,3686,-548
10,shock_down,Z22,ZIP,11698.25,3651,-239
10,shock_down,Z23,ZIP,11964.0,3672,-184
10,shock_down,Z24,ZIP,10889.25,3659,-243
10,shock_down,P25,PRSH,-11814.0,3610,892
10,shock_down,P26,PRSH,-1653.5,680,386
10,shock_down,P27,PRSH,-1376.0,386,284
10,shock_down,P28,PRSH,-1891.75,351,301
10,shock_down,P29,PRSH,-1317.75,275,245
10,shock_down,C30,CUSTOM,8530.75,4663,-105
10,shock_down,C31,CUSTOM,6200.25,4827,-43
10,shock_down,C32,CUSTOM,8257.0,4678,-64
10,shock_down,C33,CUSTOM,7714.25,4835,-71
10,shock_down,C34,CUSTOM,6477.0,4848,-44
11,shock_down,G00,GVWY,-7117.4,6612,-358
11,shock_down,G01,GVWY,-4514.4,6608,-378
11,shock_down,G02,GVWY,-3611.6,6599,-367
11,shock_down,G03,GVWY,-5167.6,6620,-112
11,shock_down,G04,GVWY,-8415.2,6579,-269
11,shock_down,Z05,ZIC,-3901.4,621,397
11,shock_down,Z06,ZIC,-2761.0,646,350
11,shock_down,Z07,ZIC,-2606.8,584,344
11,shock_down,Z08,ZIC,-3132.8,633,359
11,shock_down,Z09,ZIC,-2795.2,635,331
11,shock_down,S10,SHVR,-8967.6,5961,-27
11,shock_down,S11,SHVR,-6353.8,5964,-66
11,shock_down,S12,SHVR,-6471.0,5918,-30
11,shock_down,S13,SHVR,-6324.8,5941,-51
11,shock_down,S14,SHVR,-7119.0,6011,-5
11,shock_down,S15,SNPR,-622.4,1298,-8
11,shock_down,S16,SNPR,-147.8,1310,-86
11,shock_down,S17,SNPR,-1282.2,1302,-4
11,shock_down,S18,SNPR,-1059.4,1286,62
11,shock_down,S19,SNPR,-497.2,1310,-84
11,shock_down,Z20,ZIP,15866.6,3665,-403
11,shock_down,Z21,ZIP,11561.6,3599,-193
11,shock_down,Z22,ZIP,13422.2,3734,-326
11,shock_down,Z23,ZIP,11989.6,3587,-313
11,shock_down,Z24,ZIP,15264.6,3672,-468
11,shock_down,P25,PRSH,-5735.8,1096,604
11,shock_down,P26,PRSH,-2409.8,337,279
11,shock_down,P27,PRSH,-4813.4,854,512
11,shock_down,P28,PRSH,-1409.2,286,226
11,shock_down,P29,PRSH,-2508.4,405,367
11,shock_down,C30,CUSTOM,5646.0,4874,-60
11,shock_down,C31,CUSTOM,6342.2,4845,-61
11,shock_down,C32,CUSTOM,6167.2,4765,-61
11,shock_down,C33,CUSTOM,6877.4,4787,-67
11,shock_down,C34,CUSTOM,7168.4,4685,-87
12,shock_down,G00,GVWY,-3618.5,6640,-310
12,shock_down,G01,GVWY,-6204.5,6664,-154
12,shock_down,G02,GVWY,-9362.0,6656,-20
12,shock_down,G03,GVWY,-6328.5,6648,-166
12,shock_down,G04,GVWY,-7835.5,6664,-298
12,shock_down,Z05,ZIC,-5905.75,679,415
12,shock_down,Z06,ZIC,-5297.5,658,370
12,shock_down,Z07,ZIC,-5935.25,671,425
12,shock_down,Z08,ZIC,-5738.25,629,421
12,shock_down,Z09,ZIC,-4932.0,622,384
12,shock_down,S10,SHVR,-2967.25,6025,-187
12,shock_down,S11,SHVR,-6343.25,5993,-95
12,shock_down,S12,SHVR,-8516.75,6015,-145
12,shock_down,S13,SHVR,-2820.5,6030,-118
12,shock_down,S14,SHVR,-8106.0,5978,16
12,shock_down,S15,SNPR,-1040.0,1304,-48
12,shock_down,S16,SNPR,-1358.25,1297,-15
12,shock_down,S17,SNPR,-512.5,1326,-134
12,shock_down,S18,SNPR,-658.75,1305,-93
12,shock_down,S19,SNPR,-1266.5,1310,6
12,shock_down,Z20,ZIP,25400.75,3771,-987
12,shock_down,Z21,ZIP,19789.25,3697,-553
12,shock_down,Z22,ZIP,12392.75,3665,-215
12,shock_down,Z23,ZIP,23430.5,3724,-794
12,shock_down,Z24,ZIP,13879.25,3723,-273
12,shock_down,P25,PRSH,-11505.75,1557,891
12,shock_down,P26,PRSH,-4885.5,484,458
12,shock_down,P27,PRSH,-3813.0,364,336
12,shock_down,P28,PRSH,-9809.5,1302,766
12,shock_down,P29,PRSH,-3226.5,336,310
12,shock_down,C30,CUSTOM,7535.75,4855,-35
12,shock_down,C31,CUSTOM,6816.25,4735,-57
12,shock_down,C32,CUSTOM,6877.5,4804,-54
12,shock_down,C33,CUSTOM,7125.25,4895,-41
12,shock_down,C34,CUSTOM,5514.75,4843,-59
13,shock_down,G00,GVWY,-9115.2,6645,-259
13,shock_down,G01,GVWY,-4313.0,6634,-260
13,shock_down,G02,GVWY,-78.4,6661,-633
13,shock_down,G03,GVWY,-5646.4,6616,-318
13,shock_down,G04,GVWY,-9450.4,6578,-98
13,shock_down,Z05,ZIC,-2436.8,640,314
13,shock_down,Z06,ZIC,-4009.6,627,393
13,shock_down,Z07,ZIC,-4382.0,657,395
13,shock_down,Z08,ZIC,-3290.4,603,307
13,shock_down,Z09,ZIC,-2951.6,630,348
13,shock_down,S10,SHVR,-4701.8,6031,-41
13,shock_down,S11,SHVR,-2194.8,5948,-96
13,shock_down,S12,SHVR,-2438.0,6001,-205
13,shock_down,S13,SHVR,-3322.8,6024,-366
13,shock_down,S14,SHVR,-3488.8,5963,-151
13,shock_down,S15,SNPR,-1428.4,1315,37
13,shock_down,S16,SNPR,-1165.8,1299,-41
13,shock_down,S17,SNPR,-845.4,1284,-48
13,shock_down,S18,SNPR,-1600.8,1308,4
13,shock_down,S19,SNPR,-931.4,1287,-73
13,shock_down,Z20,ZIP,12536.4,3663,-177
13,shock_down,Z21,ZIP,14793.0,3728,-320
13,shock_down,Z22,ZIP,12800.6,3717,-463
13,shock_down,Z23,ZIP,11646.2,3565,-191
13,shock_down,Z24,ZIP,16034.4,3754,-662
13,shock_down,P25,PRSH,-8241.2,1949,851
13,shock_down,P26,PRSH,-4231.2,720,406
13,shock_down,P27,PRSH,-4359.6,714,408
13,shock_down,P28,PRSH,-12221.8,4551,769
13,shock_down,P29,PRSH,-3155.8,434,354
13,shock_down,C30,CUSTOM,5234.8,4905,-59
13,shock_down,C31,CUSTOM,6862.8,4765,-59
13,shock_down,C32,CUSTOM,6991.2,4755,-71
13,shock_down,C33,CUSTOM,7675.2,4801,-61
13,shock_down,C34,CUSTOM,6830.8,4751,-39
14,shock_down,G00,GVWY,-7541.35,6631,-427
14,shock_down,G01,GVWY,-7158.15,6599,-303
14,shock_down,G02,GVWY,-5625.55,6615,-591
14,shock_down,G03,GVWY,-5667.6,6582,-312
14,shock_down,G04,GVWY,-8915.1,6588,-262
14,shock_down,Z05,ZIC,-1897.5,606,350
14,shock_down,Z06,ZIC,-1760.35,603,373
14,shock_down,Z07,ZIC,-1653.6,626,308
14,shock_down,Z08,ZIC,-1612.0,632,360
14,shock_down,Z09,ZIC,-918.2,578,336
14,shock_down,S10,SHVR,-2567.5,5954,-290
14,shock_down,S11,SHVR,-3275.8,5958,-216
14,shock_down,S12,SHVR,-5705.85,6033,-137
14,shock_down,S13,SHVR,-3517.2,5938,-224
14,shock_down,S14,SHVR,-3870.2,6012,-344
14,shock_down,S15,SNPR,-1541.55,1295,-31
14,shock_down,S16,SNPR,-1592.85,1315,-57
14,shock_down,S17,SNPR,-1489.45,1275,-29
14,shock_down,S18,SNPR,-1290.1,1296,-42
14,shock_down,S19,SNPR,-1278.15,1279,-23
14,shock_down,Z20,ZIP,9347.6,3656,-208
14,shock_down,Z21,ZIP,7237.25,3701,-155
14,shock_down,Z22,ZIP,13396.35,3685,-573
14,shock_down,Z23,ZIP,8013.8,3750,-324
14,shock_down,Z24,ZIP,6866.45,3749,-211
14,shock_down,P25,PRSH,-828.05,349,259
14,shock_down,P26,PRSH,-5163.75,2439,965
14,shock_down,P27,PRSH,-661.25,447,395
14,shock_down,P28,PRSH,-2947.85,2333,943
14,shock_down,P29,PRSH,-2299.2,1358,656
14,shock_down,C30,CUSTOM,7297.15,4687,-57
14,shock_down,C31,CUSTOM,7046.5,4728,-70
14,shock_down,C32,CUSTOM,8087.8,4750,-44
14,shock_down,C33,CUSTOM,5642.4,4738,-52
14,shock_down,C34,CUSTOM,7597.65,4737,-47
15,shock_down,G00,GVWY,-6161.75,6675,-211
15,shock_down,G01,GVWY,-10096.5,6580,-222
15,shock_down,G02,GVWY,-3016.5,6616,-238
15,shock_down,G03,GVWY,-5906.5,6666,-238
15,shock_down,G04,GVWY,-7110.0,6638,-352
15,shock_down,Z05,ZIC,-2991.5,636,370
15,shock_down,Z06,ZIC,-3926.0,638,364
15,shock_down,Z07,ZIC,-4320.5,606,378
15,shock_down,Z08,ZIC,-2999.0,626,352
15,shock_down,Z09,ZIC,-1990.5,610,294
15,shock_down,S10,SHVR,-5099.0,6032,-40
15,shock_down,S11,SHVR,-7533.0,6048,36
15,shock_down,S12,SHVR,-3962.0,6018,-236
15,shock_down,S13,SHVR,-4781.0,6004,-192
15,shock_down,S14,SHVR,-4158.25,6061,-33
15,shock_down,S15,SNPR,-785.5,1296,-130
15,shock_down,S16,SNPR,-1031.0,1280,-4
15,shock_down,S17,SNPR,-468.5,1306,-58
15,shock_down,S18,SNPR,-556.5,1296,-42
15,shock_down,S19,SNPR,-1359.25,1303,-53
15,shock_down,Z20,ZIP,10281.75,3615,-229
15,shock_down,Z21,ZIP,19831.25,3717,-943
15,shock_down,Z22,ZIP,18534.0,3810,-636
15,shock_down,Z23,ZIP,16918.75,3627,-641
15,shock_down,Z24,ZIP,8444.25,3707,-183
15,shock_down,P25,PRSH,-7347.0,1200,684
15,shock_down,P26,PRSH,-5943.75,1729,881
15,shock_down,P27,PRSH,-1587.25,329,299
15,shock_down,P28,PRSH,-5612.75,685,657
15,shock_down,P29,PRSH,-5001.75,1115,597
15,shock_down,C30,CUSTOM,6338.75,4723,-53
15,shock_down,C31,CUSTOM,5872.5,4826,-46
15,shock_down,C32,CUSTOM,5109.5,4758,-38
15,shock_down,C33,CUSTOM,6869.0,4728,-80
15,shock_down,C34,CUSTOM,5603.5,4742,-42
16,shock_down,G00,GVWY,-8958.0,6582,-216
16,shock_down,G01,GVWY,-10089.0,6602,-188
16,shock_down,G02,GVWY,-5716.0,6617,-401
16,shock_down,G03,GVWY,-6148.0,6620,-366
16,shock_down,G04,GVWY,-9249.0,6575,-153
16,shock_down,Z05,ZIC,-1672.0,642,364
16,shock_down,Z06,ZIC,-3271.0,676,450
16,shock_down,Z07,ZIC,-2225.0,667,367
16,shock_down,Z08,ZIC,-1753.0,597,313
16,shock_down,Z09,ZIC,-2533.0,630,318
16,shock_down,S10,SHVR,-4213.0,6003,-189
16,shock_down,S11,SHVR,-3226.0,5967,-189
16,shock_down,S12,SHVR,-3605.0,6025,-149
16,shock_down,S13,SHVR,-3489.0,6052,-164
16,shock_down,S14,SHVR,-4161.0,6010,-316
16,shock_down,S15,SNPR,-1062.0,1297,49
16,shock_down,S16,SNPR,-1134.0,1298,-26
16,shock_down,S17,SNPR,-1369.0,1298,22
16,shock_down,S18,SNPR,-1693.0,1300,-70
16,shock_down,S19,SNPR,-1299.0,1301,-9
16,shock_down,Z20,ZIP,9154.0,3756,-186
16,shock_down,Z21,ZIP,8025.0,3609,-101
16,shock_down,Z22,ZIP,8310.0,3654,-66
16,shock_down,Z23,ZIP,20003.0,3797,-987
16,shock_down,Z24,ZIP,10795.0,3674,-232
16,shock_down,P25,PRSH,-673.0,288,222
16,shock_down,P26,PRSH,-1842.0,306,246
16,shock_down,P27,PRSH,-4034.0,1783,805
16,shock_down,P28,PRSH,-7243.0,4467,773
16,shock_down,P29,PRSH,-1056.0,341,291
16,shock_down,C30,CUSTOM,7815.0,4817,-59
16,shock_down,C31,CUSTOM,8646.0,4844,-70
16,shock_down,C32,CUSTOM,6539.0,4662,-36
16,shock_down,C33,CUSTOM,6730.0,4771,-61
16,shock_down,C34,CUSTOM,5957.0,4810,-50
17,shock_down,G00,GVWY,-7695.5,6609,-375
17,shock_down,G01,GVWY,-4259.6,6640,-346
17,shock_down,G02,GVWY,-4581.3,6649,-493
17,shock_down,G03,GVWY,-8103.9,6645,-289
17,shock_down,G04,GVWY,-7623.8,6652,-218
17,shock_down,Z05,ZIC,-3333.9,615,361
17,shock_down,Z06,ZIC,-2327.8,624,372
17,shock_down,Z07,ZIC,-3622.6,698,424
17,shock_down,Z08,ZIC,-1355.1,607,319
17,shock_down,Z09,ZIC,-2612.2,646,368
17,shock_down,S10,SHVR,-2675.7,6027,-137
17,shock_down,S11,SHVR,-2942.3,6031,-113
17,shock_down,S12,SHVR,-7187.0,6024,-70
17,shock_down,S13,SHVR,-7441.6,6016,-6
17,shock_down,S14,SHVR,-3387.7,5999,-67
17,shock_down,S15,SNPR,-976.9,1287,11
17,shock_down,S16,SNPR,-896.7,1297,-97
17,shock_down,S17,SNPR,-874.0,1314,-100
17,shock_down,S18,SNPR,-936.5,1313,-65
17,shock_down,S19,SNPR,-1149.1,1297,-81
17,shock_down,Z20,ZIP,14488.3,3779,-497
17,shock_down,Z21,ZIP,11542.5,3643,-245
17,shock_down,Z22,ZIP,19946.1,3825,-769
17,shock_down,Z23,ZIP,9195.9,3619,-51
17,shock_down,Z24,ZIP,10225.7,3703,-283
17,shock_down,P25,PRSH,-1657.4,386,316
17,shock_down,P26,PRSH,-10915.8,4504,562
17,shock_down,P27,PRSH,-1667.6,300,244
17,shock_down,P28,PRSH,-2883.0,802,450
17,shock_down,P29,PRSH,-9012.3,2453,1047
17,shock_down,C30,CUSTOM,7590.3,4735,-47
17,shock_down,C31,CUSTOM,6542.8,4804,-82
17,shock_down,C32,CUSTOM,6021.1,4773,-29
17,shock_down,C33,CUSTOM,7349.0,4770,-40
17,shock_down,C34,CUSTOM,7615.1,4729,-29
18,shock_down,G00,GVWY,-6758.95,6605,-419
18,shock_down,G01,GVWY,-10403.3,6602,-246
18,shock_down,G02,GVWY,-9655.15,6579,-23
18,shock_down,G03,GVWY,-7540.95,6597,-199
18,shock_down,G04,GVWY,-9285.75,6623,-275
18,shock_down,Z05,ZIC,-1421.0,626,360
18,shock_down,Z06,ZIC,-578.9,654,342
18,shock_down,Z07,ZIC,-1264.65,633,347
18,shock_down,Z08,ZIC,-1645.35,625,353
18,shock_down,Z09,ZIC,-860.5,634,350
18,shock_down,S10,SHVR,-5272.2,5888,-4
18,shock_down,S11,SHVR,-6990.4,5936,-168
18,shock_down,S12,SHVR,-4196.15,6047,-343
18,shock_down,S13,SHVR,-4610.15,5979,-363
18,shock_down,S14,SHVR,-3720.1,6014,18
18,shock_down,S15,SNPR,-1486.95,1297,-119
18,shock_down,S16,SNPR,-1186.9,1304,-38
18,shock_down,S17,SNPR,-1087.5,1308,10
18,shock_down,S18,SNPR,-1481.65,1335,-113
18,shock_down,S19,SNPR,-1584.5,1296,-30
18,shock_down,Z20,ZIP,11371.0,3654,-360
18,shock_down,Z21,ZIP,9131.95,3643,-161
18,shock_down,Z22,ZIP,12684.55,3553,-549
18,shock_down,Z23,ZIP,10148.45,3563,-171
18,shock_down,Z24,ZIP,8646.45,3615,-131
18,shock_down,P25,PRSH,-1135.65,709,427
18,shock_down,P26,PRSH,-82.4,288,232
18,shock_down,P27,PRSH,-3802.65,4211,727
18,shock_down,P28,PRSH,-72.65,327,267
18,shock_down,P29,PRSH,1284.8,562,536
18,shock_down,C30,CUSTOM,7226.2,4692,-76
18,shock_down,C31,CUSTOM,5836.15,4735,-57
18,shock_down,C32,CUSTOM,7041.85,4717,-63
18,shock_down,C33,CUSTOM,7117.05,4883,-59
18,shock_down,C34,CUSTOM,5864.85,4863,-43
19,shock_down,G00,GVWY,-6771.8,6654,-246
19,shock_down,G01,GVWY,-7800.4,6607,-253
19,shock_down,G02,GVWY,-8835.4,6595,-393
19,shock_down,G03,GVWY,-5412.8,6598,-366
19,shock_down,G04,GVWY,-6103.4,6622,-448
19,shock_down,Z05,ZIC,-1917.0,631,365
19,shock_down,Z06,ZIC,-1939.2,605,341
19,shock_down,Z07,ZIC,-1858.2,608,326
19,shock_down,Z08,ZIC,-1460.6,597,343
19,shock_down,Z09,ZIC,-1209.4,594,262
19,shock_down,S10,SHVR,-2248.2,5994,-284
19,shock_down,S11,SHVR,-6195.4,5960,-128
19,shock_down,S12,SHVR,-4668.2,5925,211
19,shock_down,S13,SHVR,-5653.2,5987,-119
19,shock_down,S14,SHVR,-4762.6,5967,-87
19,shock_down,S15,SNPR,-834.2,1295,-69
19,shock_down,S16,SNPR,-1378.8,1294,-26
19,shock_down,S17,SNPR,-1018.0,1304,-70
19,shock_down,S18,SNPR,-2139.6,1313,-17
19,shock_down,S19,SNPR,-1352.0,1278,-30
19,shock_down,Z20,ZIP,13822.6,3717,-513
19,shock_down,Z21,ZIP,7706.6,3579,-233
19,shock_down,Z22,ZIP,10780.6,3673,-323
19,shock_down,Z23,ZIP,9126.4,3584,-162
19,shock_down,Z24,ZIP,12072.2,3712,-386
19,shock_down,P25,PRSH,-2155.2,655,411
19,shock_down,P26,PRSH,-3890.6,987,553
19,shock_down,P27,PRSH,-2799.4,901,477
19,shock_down,P28,PRSH,-5122.8,1720,864
19,shock_down,P29,PRSH,-845.6,363,273
19,shock_down,C30,CUSTOM,8454.6,4753,-63
19,shock_down,C31,CUSTOM,7377.6,4814,-68
19,shock_down,C32,CUSTOM,6708.4,4756,-62
19,shock_down,C33,CUSTOM,5222.2,4826,-56
19,shock_down,C34,CUSTOM,7574.4,4738,-82
20,shock_down,G00,GVWY,-4208.4,6658,-296
20,shock_down,G01,GVWY,-8050.7,6644,-298
20,shock_down,G02,GVWY,-6132.65,6621,-381
20,shock_down,G03,GVWY,-2490.8,6652,-452
20,shock_down,G04,GVWY,-6231.45,6637,-273
20,shock_down,Z05,ZIC,-4008.75,651,325
20,shock_down,Z06,ZIC,-3656.0,598,300
20,shock_down,Z07,ZIC,-2682.4,602,304
20,shock_down,Z08,ZIC,-3832.25,589,315
20,shock_down,Z09,ZIC,-4871.4,658,364
20,shock_down,S10,SHVR,90.75,6019,-305
20,shock_down,S11,SHVR,-4842.6,6066,16
20,shock_down,S12,SHVR,-1350.7,6006,-258
20,shock_down,S13,SHVR,-3648.6,6032,-164
20,shock_down,S14,SHVR,-2150.0,6026,-320
20,shock_down,S15,SNPR,-1005.85,1295,-9
20,shock_down,S16,SNPR,-361.85,1311,-109
20,shock_down,S17,SNPR,-770.35,1307,-99
20,shock_down,S18,SNPR,-1229.15,1315,9
20,shock_down,S19,SNPR,-100.75,1315,-55
20,shock_down,Z20,ZIP,16550.8,3658,-448
20,shock_down,Z21,ZIP,14689.1,3664,-366
20,shock_down,Z22,ZIP,11490.75,3561,-305
20,shock_down,Z23,ZIP,18504.7,3758,-722
20,shock_down,Z24,ZIP,14723.4,3568,-464
20,shock_down,P25,PRSH,-11576.0,2726,1060
20,shock_down,P26,PRSH,-6557.1,878,506
20,shock_down,P27,PRSH,-12191.95,4397,857
20,shock_down,P28,PRSH,-16365.45,2991,1167
20,shock_down,P29,PRSH,-3882.4,594,364
20,shock_down,C30,CUSTOM,8114.9,4680,-74
20,shock_down,C31,CUSTOM,8449.4,4792,-64
20,shock_down,C32,CUSTOM,6741.15,4619,-69
20,shock_down,C33,CUSTOM,7141.4,4752,-64
20,shock_down,C34,CUSTOM,6949.05,4747,-63
21,shock_down,G00,GVWY,-7621.8,6668,-208
21,shock_down,G01,GVWY,-8852.9,6638,-134
21,shock_down,G02,GVWY,-10406.6,6640,-116
21,shock_down,G03,GVWY,-7325.2,6640,-312
21,shock_down,G04,GVWY,-7314.45,6621,-187
21,shock_down,Z05,ZIC,-3030.05,613,337
21,shock_down,Z06,ZIC,-4216.8,616,412
21,shock_down,Z07,ZIC,-3453.65,629,381
21,shock_down,Z08,ZIC,-4000.45,625,393
21,shock_down,Z09,ZIC,-3986.8,614,372
21,shock_down,S10,SHVR,-2183.7,5950,-202
21,shock_down,S11,SHVR,-4890.3,5998,-18
21,shock_down,S12,SHVR,-5038.75,6041,-125
21,shock_down,S13,SHVR,-3553.3,6014,-158
21,shock_down,S14,SHVR,-3410.15,6001,-149
21,shock_down,S15,SNPR,-1411.45,1297,13
21,shock_down,S16,SNPR,-1273.85,1303,-31
21,shock_down,S17,SNPR,-1379.8,1286,-28
21,shock_down,S18,SNPR,-1565.75,1307,-5
21,shock_down,S19,SNPR,-997.95,1295,-77
21,shock_down,Z20,ZIP,23919.6,3694,-1124
21,shock_down,Z21,ZIP,22215.85,3645,-949
21,shock_down,Z22,ZIP,11314.55,3693,-247
21,shock_down,Z23,ZIP,12171.05,3655,-257
21,shock_down,Z24,ZIP,12494.35,3673,-319
21,shock_down,P25,PRSH,-6875.5,1352,730
21,shock_down,P26,PRSH,-3438.05,673,357
21,shock_down,P27,PRSH,-2054.6,314,264
21,shock_down,P28,PRSH,-8617.35,1715,839
21,shock_down,P29,PRSH,-7880.6,1264,764
21,shock_down,C30,CUSTOM,7708.3,4672,-42
21,shock_down,C31,CUSTOM,6237.45,4837,-53
21,shock_down,C32,CUSTOM,6696.5,4814,-70
21,shock_down,C33,CUSTOM,6336.9,4860,-66
21,shock_down,C34,CUSTOM,6956.7,4758,-78
22,shock_down,G00,GVWY,-6200.25,6597,-215
22,shock_down,G01,GVWY,-5053.25,6579,-347
22,shock_down,G02,GVWY,-7194.5,6616,-354
22,shock_down,G03,GVWY,-3220.75,6585,-437
22,shock_down,G04,GVWY,-9027.75,6589,-269
22,shock_down,Z05,ZIC,-3629.25,677,409
22,shock_down,Z06,ZIC,-3589.5,684,386
22,shock_down,Z07,ZIC,-3561.25,591,333
22,shock_down,Z08,ZIC,-2844.0,608,340
22,shock_down,Z09,ZIC,-2539.75,597,375
22,shock_down,S10,SHVR,-1978.75,5939,-69
22,shock_down,S11,SHVR,-3986.0,5930,-256
22,shock_down,S12,SHVR,-6237.0,5930,-88
22,shock_down,S13,SHVR,-3586.0,5890,-176
22,shock_down,S14,SHVR,-1239.0,5982,-248
22,shock_down,S15,SNPR,-1312.75,1277,-33
22,shock_down,S16,SNPR,-1351.0,1298,-8
22,shock_down,S17,SNPR,-918.0,1296,-32
22,shock_down,S18,SNPR,-1365.25,1313,29
22,shock_down,S19,SNPR,-1498.75,1293,-9
22,shock_down,Z20,ZIP,9393.25,3649,-233
22,shock_down,Z21,ZIP,10738.5,3622,-194
22,shock_down,Z22,ZIP,10667.0,3576,-256
22,shock_down,Z23,ZIP,16828.75,3659,-555
22,shock_down,Z24,ZIP,6642.5,3620,-90
22,shock_down,P25,PRSH,-2577.25,677,313
22,shock_down,P26,PRSH,-2090.0,342,272
22,shock_down,P27,PRSH,-1989.25,447,421
22,shock_down,P28,PRSH,-1602.25,319,233
22,shock_down,P29,PRSH,-11059.75,2843,1091
22,shock_down,C30,CUSTOM,7799.0,4774,-68
22,shock_down,C31,CUSTOM,8312.5,4672,-86
22,shock_down,C32,CUSTOM,6671.75,4801,-75
22,shock_down,C33,CUSTOM,7194.5,4720,-78
22,shock_down,C34,CUSTOM,6470.75,4745,-79
23,shock_down,G00,GVWY,-8690.4,6616,-124
23,shock_down,G01,GVWY,-2886.35,6661,-491
23,shock_down,G02,GVWY,-10468.15,6637,-119
23,shock_down,G03,GVWY,-6659.05,6611,-253
23,shock_down,G04,GVWY,-6573.35,6639,-391
23,shock_down,Z05,ZIC,-2682.15,637,361
23,shock_down,Z06,ZIC,-2027.4,592,356
23,shock_down,Z07,ZIC,-2492.0,604,360
23,shock_down,Z08,ZIC,-1780.4,678,336
23,shock_down,Z09,ZIC,-3153.5,660,390
23,shock_down,S10,SHVR,-3799.8,5970,-188
23,shock_down,S11,SHVR,-4206.5,5942,-210
23,shock_down,S12,SHVR,-5341.7,5960,-102
23,shock_down,S13,SHVR,-5319.15,5937,-59
23,shock_down,S14,SHVR,-4548.3,5978,-158
23,shock_down,S15,SNPR,-928.0,1300,0
23,shock_down,S16,SNPR,-1440.55,1301,-143
23,shock_down,S17,SNPR,-1098.7,1282,-82
23,shock_down,S18,SNPR,-1342.45,1281,-77
23,shock_down,S19,SNPR,-1284.75,1291,-55
23,shock_down,Z20,ZIP,6633.0,3612,0
23,shock_down,Z21,ZIP,12578.15,3731,-341
23,shock_down,Z22,ZIP,12035.85,3615,-419
23,shock_down,Z23,ZIP,8135.6,3592,-84
23,shock_down,Z24,ZIP,8761.55,3655,-97
23,shock_down,P25,PRSH,-1284.8,504,472
23,shock_down,P26,PRSH,-953.9,312,266
23,shock_down,P27,PRSH,-88.2,392,308
23,shock_down,P28,PRSH,-1254.65,423,391
23,shock_down,P29,PRSH,-1719.9,644,366
23,shock_down,C30,CUSTOM,6783.1,4822,-54
23,shock_down,C31,CUSTOM,7030.05,4797,-67
23,shock_down,C32,CUSTOM,6426.85,4773,-59
23,shock_down,C33,CUSTOM,7746.2,4816,-48
23,shock_down,C34,CUSTOM,7184.95,4773,-53
24,shock_down,G00,GVWY,-10653.75,6651,-453
24,shock_down,G01,GVWY,-9796.75,6633,-353
24,shock_down,G02,GVWY,-6802.5,6626,-238
24,shock_down,G03,GVWY,-4817.0,6628,-496
24,shock_down,G04,GVWY,-7050.0,6624,-92
24,shock_down,Z05,ZIC,-986.0,612,368
24,shock_down,Z06,ZIC,-851.0,640,412
24,shock_down,Z07,ZIC,-232.75,565,315
24,shock_down,Z08,ZIC,-273.0,622,324
24,shock_down,Z09,ZIC,-212.25,583,345
24,shock_down,S10,SHVR,-4318.25,5955,61
24,shock_down,S11,SHVR,-3698.0,5956,-360
24,shock_down,S12,SHVR,-4928.75,6001,-185
24,shock_down,S13,SHVR,-2753.0,5976,-332
24,shock_down,S14,SHVR,-1914.5,6094,-22
24,shock_down,S15,SNPR,-1739.0,1310,-132
24,shock_down,S16,SNPR,-1440.5,1312,-102
24,shock_down,S17,SNPR,-1337.75,1313,-93
24,shock_down,S18,SNPR,-1489.75,1309,-45
24,shock_down,S19,SNPR,-1284.0,1308,20
24,shock_down,Z20,ZIP,7012.25,3637,-249
24,shock_down,Z21,ZIP,7612.25,3625,-305
24,shock_down,Z22,ZIP,7252.0,3668,-372
24,shock_down,Z23,ZIP,8655.0,3748,-488
24,shock_down,Z24,ZIP,8452.5,3608,-414
24,shock_down,P25,PRSH,-605.75,651,383
24,shock_down,P26,PRSH,-97.0,1984,876
24,shock_down,P27,PRSH,-111.25,319,261
24,shock_down,P28,PRSH,-68.5,3162,1090
24,shock_down,P29,PRSH,-80.0,976,520
24,shock_down,C30,CUSTOM,5663.75,4675,-51
24,shock_down,C31,CUSTOM,6075.75,4719,-71
24,shock_down,C32,CUSTOM,5901.5,4786,-90
24,shock_down,C33,CUSTOM,6089.25,4707,-73
24,shock_down,C34,CUSTOM,4845.5,4684,-46
25,shock_down,G00,GVWY,-9313.8,6670,-308
25,shock_down,G01,GVWY,-3312.2,6642,-272
25,shock_down,G02,GVWY,-10204.45,6669,-57
25,shock_down,G03,GVWY,-9833.1,6696,34
25,shock_down,G04,GVWY,-7078.2,6692,-352
25,shock_down,Z05,ZIC,-1835.55,609,357
25,shock_down,Z06,ZIC,-2005.0,666,400
25,shock_down,Z07,ZIC,-1870.1,690,374
25,shock_down,Z08,ZIC,-1809.4,634,376
25,shock_down,Z09,ZIC,-1906.9,664,386
25,shock_down,S10,SHVR,-4839.05,6069,-113
25,shock_down,S11,SHVR,-5464.5,6062,-130
25,shock_down,S12,SHVR,-2699.3,6088,-118
25,shock_down,S13,SHVR,-3664.65,6109,-69
25,shock_down,S14,SHVR,-5294.2,6126,-112
25,shock_down,S15,SNPR,-1338.65,1279,11
25,shock_down,S16,SNPR,-1171.7,1316,-102
25,shock_down,S17,SNPR,-1279.6,1344,-116
25,shock_down,S18,SNPR,-1207.05,1307,7
25,shock_down,S19,SNPR,-1254.25,1309,-85
25,shock_down,Z20,ZIP,9475.1,3708,-234
25,shock_down,Z21,ZIP,10929.4,3558,-376
25,shock_down,Z22,ZIP,13564.65,3701,-611
25,shock_down,Z23,ZIP,19169.45,3641,-1103
25,shock_down,Z24,ZIP,9701.75,3545,-325
25,shock_down,P25,PRSH,-1127.15,369,321
25,shock_down,P26,PRSH,-1183.8,318,272
25,shock_down,P27,PRSH,-758.25,325,275
25,shock_down,P28,PRSH,-3012.2,1386,1108
25,shock_down,P29,PRSH,-11973.4,5110,896
25,shock_down,C30,CUSTOM,6819.15,4703,-81
25,shock_down,C31,CUSTOM,6938.6,4726,-64
25,shock_down,C32,CUSTOM,6820.4,4718,-76
25,shock_down,C33,CUSTOM,6941.3,4724,-62
25,shock_down,C34,CUSTOM,5946.4,4754,-76
26,shock_down,G00,GVWY,-9065.6,6657,-91
26,shock_down,G01,GVWY,-3970.2,6630,-522
26,shock_down,G02,GVWY,-7534.4,6612,-144
26,shock_down,G03,GVWY,-6154.4,6652,-394
26,shock_down,G04,GVWY,-8200.2,6622,-192
26,shock_down,Z05,ZIC,-2942.4,612,306
26,shock_down,Z06,ZIC,-2747.2,642,368
26,shock_down,Z07,ZIC,-2365.0,609,335
26,shock_down,Z08,ZIC,-1992.4,586,306
26,shock_down,Z09,ZIC,-3097.4,626,376
26,shock_down,S10,SHVR,-3283.8,6048,-138
26,shock_down,S11,SHVR,-4544.4,6017,-39
26,shock_down,S12,SHVR,-7178.4,6053,-19
26,shock_down,S13,SHVR,-1415.2,6073,-147
26,shock_down,S14,SHVR,-6655.0,6020,-70
26,shock_down,S15,SNPR,-1121.0,1313,-65
26,shock_down,S16,SNPR,-1180.0,1301,-35
26,shock_down,S17,SNPR,-909.2,1320,-92
26,shock_down,S18,SNPR,-1125.4,1290,-34
26,shock_down,S19,SNPR,-696.2,1311,-67
26,shock_down,Z20,ZIP,7962.0,3636,-70
26,shock_down,Z21,ZIP,12051.4,3594,-366
26,shock_down,Z22,ZIP,15642.6,3700,-544
26,shock_down,Z23,ZIP,17183.2,3699,-583
26,shock_down,Z24,ZIP,14674.4,3733,-501
26,shock_down,P25,PRSH,-3362.4,692,386
26,shock_down,P26,PRSH,-4302.0,1063,525
26,shock_down,P27,PRSH,-7210.8,2531,1037
26,shock_down,P28,PRSH,-5984.4,5335,481
26,shock_down,P29,PRSH,-1680.2,300,248
26,shock_down,C30,CUSTOM,6324.0,4789,-65
26,shock_down,C31,CUSTOM,5427.0,4710,-50
26,shock_down,C32,CUSTOM,7307.0,4712,-80
26,shock_down,C33,CUSTOM,6546.2,4765,-83
26,shock_down,C34,CUSTOM,6606.0,4786,-70
27,shock_down,G00,GVWY,-1460.65,6675,-259
27,shock_down,G01,GVWY,-4939.65,6661,-319
27,shock_down,G02,GVWY,-10075.9,6658,-194
27,shock_down,G03,GVWY,-681.05,6577,-383
27,shock_down,G04,GVWY,-2191.45,6599,-367
27,shock_down,Z05,ZIC,-4747.6,564,324
27,shock_down,Z06,ZIC,-3382.25,609,285
27,shock_down,Z07,ZIC,-4572.1,636,354
27,shock_down,Z08,ZIC,-4973.75,569,315
27,shock_down,Z09,ZIC,-4202.0,560,320
27,shock_down,S10,SHVR,-4942.9,5966,-14
27,shock_down,S11,SHVR,-588.45,6013,-227
27,shock_down,S12,SHVR,1367.25,5979,-185
27,shock_down,S13,SHVR,-6025.2,6030,-52
27,shock_down,S14,SHVR,-5251.25,6003,-135
27,shock_down,S15,SNPR,-782.35,1287,-81
27,shock_down,S16,SNPR,-851.75,1283,-5
27,shock_down,S17,SNPR,-886.2,1284,-92
27,shock_down,S18,SNPR,23.85,1287,-89
27,shock_down,S19,SNPR,-502.85,1287,-91
27,shock_down,Z20,ZIP,20123.85,3651,-809
27,shock_down,Z21,ZIP,12374.0,3706,-320
27,shock_down,Z22,ZIP,12523.05,3661,-297
27,shock_down,Z23,ZIP,20552.35,3711,-699
27,shock_down,Z24,ZIP,19066.65,3743,-621
27,shock_down,P25,PRSH,-15911.45,2821,873
27,shock_down,P26,PRSH,-17764.9,2416,1046
27,shock_down,P27,PRSH,-14092.5,2026,1130
27,shock_down,P28,PRSH,-6868.85,779,449
27,shock_down,P29,PRSH,-3307.15,351,251
27,shock_down,C30,CUSTOM,6602.65,4657,-21
27,shock_down,C31,CUSTOM,6992.95,4727,-63
27,shock_down,C32,CUSTOM,7516.75,4745,-75
27,shock_down,C33,CUSTOM,7782.45,4659,-53
27,shock_down,C34,CUSTOM,6579.5,4700,-30
28,shock_down,G00,GVWY,-5415.5,6624,-330
28,shock_down,G01,GVWY,-6648.8,6608,-304
28,shock_down,G02,GVWY,-5474.15,6627,-417
28,shock_down,G03,GVWY,-6008.9,6630,-282
28,shock_down,G04,GVWY,-10299.9,6624,-322
28,shock_down,Z05,ZIC,-1188.25,655,345
28,shock_down,Z06,ZIC,-922.35,607,307
28,shock_down,Z07,ZIC,-2850.35,645,387
28,shock_down,Z08,ZIC,-1492.05,561,281
28,shock_down,Z09,ZIC,-2842.45,649,369
28,shock_down,S10,SHVR,-6700.65,5999,33
28,shock_down,S11,SHVR,-673.85,5979,-383
28,shock_down,S12,SHVR,-4995.15,5971,-257
28,shock_down,S13,SHVR,-2869.85,6027,-3
28,shock_down,S14,SHVR,-9429.9,5988,18
28,shock_down,S15,SNPR,-1128.85,1321,-43
28,shock_down,S16,SNPR,-575.15,1305,-57
28,shock_down,S17,SNPR,-1201.9,1304,-62
28,shock_down,S18,SNPR,-1402.2,1336,64
28,shock_down,S19,SNPR,-1122.4,1302,28
28,shock_down,Z20,ZIP,9300.25,3645,-85
28,shock_down,Z21,ZIP,12198.3,3710,-186
28,shock_down,Z22,ZIP,10719.35,3665,-247
28,shock_down,Z23,ZIP,10953.9,3636,-438
28,shock_down,Z24,ZIP,14060.15,3541,-383
28,shock_down,P25,PRSH,-1416.95,355,299
28,shock_down,P26,PRSH,-3856.25,955,505
28,shock_down,P27,PRSH,-9933.2,4496,864
28,shock_down,P28,PRSH,-1048.4,328,268
28,shock_down,P29,PRSH,-1221.25,359,305
28,shock_down,C30,CUSTOM,7390.7,4674,-54
28,shock_down,C31,CUSTOM,5902.15,4825,-43
28,shock_down,C32,CUSTOM,7109.85,4751,-57
28,shock_down,C33,CUSTOM,6970.55,4779,-91
28,shock_down,C34,CUSTOM,7324.8,4788,-76
29,shock_down,G00,GVWY,-7118.0,6603,-315
29,shock_down,G01,GVWY,-5858.0,6640,-390
29,shock_down,G02,GVWY,-9170.2,6629,-163
29,shock_down,G03,GVWY,-9399.4,6688,-296
29,shock_down,G04,GVWY,-7380.4,6680,-356
29,shock_down,Z05,ZIC,-1100.8,662,388
29,shock_down,Z06,ZIC,-1582.4,603,349
29,shock_down,Z07,ZIC,-1304.0,673,405
29,shock_down,Z08,ZIC,-761.4,689,379
29,shock_down,Z09,ZIC,-415.0,608,360
29,shock_down,S10,SHVR,-1787.6,6044,-154
29,shock_down,S11,SHVR,-7581.0,6008,40
29,shock_down,S12,SHVR,-4824.8,6070,-72
29,shock_down,S13,SHVR,-3175.0,6089,-165
29,shock_down,S14,SHVR,-6944.8,6071,-57
29,shock_down,S15,SNPR,-1312.0,1288,-100
29,shock_down,S16,SNPR,-1183.8,1296,-62
29,shock_down,S17,SNPR,-1356.8,1303,-47
29,shock_down,S18,SNPR,-1048.0,1276,-90
29,shock_down,S19,SNPR,-1197.4,1309,-21
29,shock_down,Z20,ZIP,17317.0,3748,-1110
29,shock_down,Z21,ZIP,11877.8,3712,-328
29,shock_down,Z22,ZIP,5498.8,3654,-138
29,shock_down,Z23,ZIP,17328.0,3753,-895
29,shock_down,Z24,ZIP,8388.4,3665,-239
29,shock_down,P25,PRSH,-2610.0,695,475
29,shock_down,P26,PRSH,-5601.8,2286,1248
29,shock_down,P27,PRSH,-5259.8,4833,723
29,shock_down,P28,PRSH,-2584.8,906,538
29,shock_down,P29,PRSH,-2529.2,772,402
29,shock_down,C30,CUSTOM,6965.8,4769,-73
29,shock_down,C31,CUSTOM,5967.0,4580,-70
29,shock_down,C32,CUSTOM,6688.0,4698,-80
29,shock_down,C33,CUSTOM,5400.2,4723,-67
29,shock_down,C34,CUSTOM,7375.8,4678,-58
30,shock_down,G00,GVWY,-6973.2,6618,-134
30,shock_down,G01,GVWY,-6535.2,6608,-204
30,shock_down,G02,GVWY,-9144.7,6647,-139
30,shock_down,G03,GVWY,-6757.2,6656,-224
30,shock_down,G04,GVWY,-5074.1,6627,-357
30,shock_down,Z05,ZIC,-2776.4,606,372
30,shock_down,Z06,ZIC,-3593.2,652,376
30,shock_down,Z07,ZIC,-3467.0,652,350
30,shock_down,Z08,ZIC,-3766.4,590,332
30,shock_down,Z09,ZIC,-4584.6,676,418
30,shock_down,S10,SHVR,-2538.8,5904,-246
30,shock_down,S11,SHVR,-3416.4,5946,-128
30,shock_down,S12,SHVR,-8272.6,5966,-42
30,shock_down,S13,SHVR,-4006.8,5944,-116
30,shock_down,S14,SHVR,-6296.8,5950,34
30,shock_down,S15,SNPR,-699.9,1289,-83
30,shock_down,S16,SNPR,-985.4,1304,-28
30,shock_down,S17,SNPR,-583.2,1298,-84
30,shock_down,S18,SNPR,-1092.1,1321,-117
30,shock_down,S19,SNPR,-777.0,1332,-30
30,shock_down,Z20,ZIP,9957.4,3666,-222
30,shock_down,Z21,ZIP,9324.1,3619,-243
30,shock_down,Z22,ZIP,20866.0,3582,-800
30,shock_down,Z23,ZIP,12594.9,3793,-287
30,shock_down,Z24,ZIP,10289.3,3703,-289
30,shock_down,P25,PRSH,-4429.7,1029,561
30,shock_down,P26,PRSH,-2947.6,494,468
30,shock_down,P27,PRSH,-3712.5,581,385
30,shock_down,P28,PRSH,-6060.5,1075,575
30,shock_down,P29,PRSH,-2380.6,290,248
30,shock_down,C30,CUSTOM,7379.6,4828,-68
30,shock_down,C31,CUSTOM,8651.7,4737,-81
30,shock_down,C32,CUSTOM,7385.9,4853,-57
30,shock_down,C33,CUSTOM,6386.9,4755,-77
30,shock_down,C34,CUSTOM,7221.1,4809,-43
31,shock_down,G00,GVWY,-8427.6,6598,-442
31,shock_down,G01,GVWY,-8722.6,6626,-302
31,shock_down,G02,GVWY,-7683.4,6567,-333
31,shock_down,G03,GVWY,-11527.2,6587,-379
31,shock_down,G04,GVWY,-9720.4,6592,-278
31,shock_down,Z05,ZIC,-110.6,601,263
31,shock_down,Z06,ZIC,361.0,695,425
31,shock_down,Z07,ZIC,345.0,650,360
31,shock_down,Z08,ZIC,335.4,605,343
31,shock_down,Z09,ZIC,76.2,607,349
31,shock_down,S10,SHVR,-4483.0,5899,165
31,shock_down,S11,SHVR,-7976.8,5931,-1
31,shock_down,S12,SHVR,-6851.4,5949,-183
31,shock_down,S13,SHVR,-5595.8,5929,-21
31,shock_down,S14,SHVR,-4761.4,5961,27
31,shock_down,S15,SNPR,-1798.0,1292,-140
31,shock_down,S16,SNPR,-1145.4,1273,27
31,shock_down,S17,SNPR,-976.4,1304,22
31,shock_down,S18,SNPR,-1670.6,1314,-32
31,shock_down,S19,SNPR,-1322.0,1302,-20
31,shock_down,Z20,ZIP,6600.2,3528,-176
31,shock_down,Z21,ZIP,8197.0,3679,-225
31,shock_down,Z22,ZIP,8642.6,3708,-338
31,shock_down,Z23,ZIP,11717.0,3766,-720
31,shock_down,Z24,ZIP,11558.4,3725,-637
31,shock_down,P25,PRSH,614.6,300,262
31,shock_down,P26,PRSH,624.2,708,354
31,shock_down,P27,PRSH,2849.4,907,863
31,shock_down,P28,PRSH,-27.0,826,450
31,shock_down,P29,PRSH,-1035.8,531,509
31,shock_down,C30,CUSTOM,5961.8,4763,-59
31,shock_down,C31,CUSTOM,7079.2,4673,-51
31,shock_down,C32,CUSTOM,6263.8,4718,-44
31,shock_down,C33,CUSTOM,6432.6,4754,-58
31,shock_down,C34,CUSTOM,6236.8,4654,-74
32,shock_down,G00,GVWY,-10329.3,6638,-78
32,shock_down,G01,GVWY,-8273.2,6630,-292
32,shock_down,G02,GVWY,-6423.2,6594,-312
32,shock_down,G03,GVWY,-7956.5,6624,-170
32,shock_down,G04,GVWY,-8841.35,6605,-191
32,shock_down,Z05,ZIC,-64.3,622,342
32,shock_down,Z06,ZIC,-1173.9,652,386
32,shock_down,Z07,ZIC,-706.95,587,313
32,shock_down,Z08,ZIC,-1118.4,568,356
32,shock_down,Z09,ZIC,-1165.6,592,284
32,shock_down,S10,SHVR,-4663.85,5917,-241
32,shock_down,S11,SHVR,-6916.85,5969,-161
32,shock_down,S12,SHVR,-7448.1,5958,-86
32,shock_down,S13,SHVR,-3308.35,5949,-251
32,shock_down,S14,SHVR,-3340.15,5963,-339
32,shock_down,S15,SNPR,-1033.25,1309,-65
32,shock_down,S16,SNPR,-1825.6,1300,-96
32,shock_down,S17,SNPR,-1051.8,1294,-108
32,shock_down,S18,SNPR,-1648.5,1304,-30
32,shock_down,S19,SNPR,-1542.15,1295,-19
32,shock_down,Z20,ZIP,10227.3,3708,-302
32,shock_down,Z21,ZIP,10909.8,3626,-252
32,shock_down,Z22,ZIP,10166.65,3625,-271
32,shock_down,Z23,ZIP,10835.9,3732,-206
32,shock_down,Z24,ZIP,11802.7,3668,-198
32,shock_down,P25,PRSH,-519.75,351,305
32,shock_down,P26,PRSH,-632.8,398,332
32,shock_down,P27,PRSH,-5597.75,1855,885
32,shock_down,P28,PRSH,-445.65,347,271
32,shock_down,P29,PRSH,6.15,481,439
32,shock_down,C30,CUSTOM,6249.1,4778,-54
32,shock_down,C31,CUSTOM,6669.1,4770,-54
32,shock_down,C32,CUSTOM,6329.5,4708,-70
32,shock_down,C33,CUSTOM,7396.85,4763,-39
32,shock_down,C34,CUSTOM,6176.65,4681,-71
33,shock_down,G00,GVWY,-3939.5,6575,-381
33,shock_down,G01,GVWY,-2179.0,6630,-286
33,shock_down,G02,GVWY,-6213.5,6607,-293
33,shock_down,G03,GVWY,-6652.0,6626,-344
33,shock_down,G04,GVWY,-5533.5,6651,-379
33,shock_down,Z05,ZIC,-3846.0,624,366
33,shock_down,Z06,ZIC,-3444.5,629,367
33,shock_down,Z07,ZIC,-4314.0,632,370
33,shock_down,Z08,ZIC,-3518.5,623,313
33,shock_down,Z09,ZIC,-3633.5,659,379
33,shock_down,S10,SHVR,-3297.0,5974,-32
33,shock_down,S11,SHVR,-5201.0,5942,-44
33,shock_down,S12,SHVR,-6502.0,5972,104
33,shock_down,S13,SHVR,-3395.0,5992,-84
33,shock_down,S14,SHVR,-3604.5,6009,-193
33,shock_down,S15,SNPR,-877.5,1273,-87
33,shock_down,S16,SNPR,-1161.5,1249,-57
33,shock_down,S17,SNPR,-1243.5,1275,5
33,shock_down,S18,SNPR,-1046.5,1265,-13
33,shock_down,S19,SNPR,-1241.5,1293,-11
33,shock_down,Z20,ZIP,14429.5,3731,-457
33,shock_down,Z21,ZIP,14788.5,3801,-339
33,shock_down,Z22,ZIP,11368.5,3609,-335
33,shock_down,Z23,ZIP,10319.5,3551,-177
33,shock_down,Z24,ZIP,11363.0,3696,-302
33,shock_down,P25,PRSH,-3575.0,508,346
33,shock_down,P26,PRSH,-5972.5,803,459
33,shock_down,P27,PRSH,-9590.0,1632,826
33,shock_down,P28,PRSH,-2418.0,388,336
33,shock_down,P29,PRSH,-2961.0,326,272
33,shock_down,C30,CUSTOM,6221.5,4809,-97
33,shock_down,C31,CUSTOM,7983.5,4697,-63
33,shock_down,C32,CUSTOM,6341.5,4805,-105
33,shock_down,C33,CUSTOM,6679.5,4735,-67
33,shock_down,C34,CUSTOM,6323.5,4661,-93
34,shock_down,G00,GVWY,-7522.5,6691,-411
34,shock_down,G01,GVWY,-7449.0,6658,-266
34,shock_down,G02,GVWY,-9519.0,6632,-282
34,shock_down,G03,GVWY,-8388.5,6603,-245
34,shock_down,G04,GVWY,-7478.0,6630,-230
34,shock_down,Z05,ZIC,-703.5,649,341
34,shock_down,Z06,ZIC,-148.5,631,339
34,shock_down,Z07,ZIC,-41.0,626,300
34,shock_down,Z08,ZIC,-988.5,601,367
34,shock_down,Z09,ZIC,12.0,626,356
34,shock_down,S10,SHVR,-7808.5,5967,17
34,shock_down,S11,SHVR,-4426.0,6010,-180
34,shock_down,S12,SHVR,-3820.5,5917,-139
34,shock_down,S13,SHVR,-3411.0,6032,-190
34,shock_down,S14,SHVR,-4648.5,6019,-103
34,shock_down,S15,SNPR,-1679.0,1318,-168
34,shock_down,S16,SNPR,-1271.5,1305,17
34,shock_down,S17,SNPR,-1031.0,1290,-54
34,shock_down,S18,SNPR,-1216.0,1308,-78
34,shock_down,S19,SNPR,-1267.0,1294,-46
34,shock_down,Z20,ZIP,8153.5,3651,-263
34,shock_down,Z21,ZIP,7520.0,3738,-244
34,shock_down,Z22,ZIP,8724.0,3712,-212
34,shock_down,Z23,ZIP,11445.5,3717,-777
34,shock_down,Z24,ZIP,9345.0,3664,-382
34,shock_down,P25,PRSH,-1103.0,970,502
34,shock_down,P26,PRSH,-2928.0,1974,894
34,shock_down,P27,PRSH,1029.5,555,523
34,shock_down,P28,PRSH,-1549.0,1074,608
34,shock_down,P29,PRSH,-216.0,318,278
34,shock_down,C30,CUSTOM,6751.5,4705,-85
34,shock_down,C31,CUSTOM,6135.0,4732,-84
34,shock_down,C32,CUSTOM,6246.5,4813,-25
34,shock_down,C33,CUSTOM,7103.5,4709,-51
34,shock_down,C34,CUSTOM,6189.5,4769,-93
35,shock_down,G00,GVWY,-9049.4,6598,-192
35,shock_down,G01,GVWY,-8431.2,6610,-496
35,shock_down,G02,GVWY,-10282.65,6601,-207
35,shock_down,G03,GVWY,-6648.0,6640,-320
35,shock_down,G04,GVWY,-5562.65,6597,-387
35,shock_down,Z05,ZIC,-248.5,640,310
35,shock_down,Z06,ZIC,755.0,642,360
35,shock_down,Z07,ZIC,-696.3,638,346
35,shock_down,Z08,ZIC,-863.2,602,364
35,shock_down,Z09,ZIC,-591.95,641,359
35,shock_down,S10,SHVR,-6002.35,5999,-193
35,shock_down,S11,SHVR,-6307.0,6042,-180
35,shock_down,S12,SHVR,-6452.35,5971,7
35,shock_down,S13,SHVR,-6337.7,6018,-226
35,shock_down,S14,SHVR,-7880.15,5985,63
35,shock_down,S15,SNPR,-1673.35,1305,-53
35,shock_down,S16,SNPR,-1817.0,1312,-40
35,shock_down,S17,SNPR,-1376.6,1288,-88
35,shock_down,S18,SNPR,-1087.55,1305,-9
35,shock_down,S19,SNPR,-1285.6,1324,-48
35,shock_down,Z20,ZIP,8145.1,3668,-142
35,shock_down,Z21,ZIP,10456.6,3750,-252
35,shock_down,Z22,ZIP,7796.25,3587,-165
35,shock_down,Z23,ZIP,11638.75,3757,-455
35,shock_down,Z24,ZIP,10722.3,3670,-306
35,shock_down,P25,PRSH,260.65,517,287
35,shock_down,P26,PRSH,-16.3,728,406
35,shock_down,P27,PRSH,977.6,350,288
35,shock_down,P28,PRSH,-5638.45,3481,809
35,shock_down,P29,PRSH,-500.0,354,300
35,shock_down,C30,CUSTOM,8009.85,4767,-57
35,shock_down,C31,CUSTOM,7630.55,4797,-31
35,shock_down,C32,CUSTOM,7676.75,4831,-15
35,shock_down,C33,CUSTOM,6709.85,4783,-57
35,shock_down,C34,CUSTOM,7897.8,4774,-36
36,shock_down,G00,GVWY,-8276.3,6612,-258
36,shock_down,G01,GVWY,-8518.3,6596,-238
36,shock_down,G02,GVWY,-5572.25,6605,-375
36,shock_down,G03,GVWY,-8195.65,6603,-279
36,shock_down,G04,GVWY,-4983.4,6668,-464
36,shock_down,Z05,ZIC,-2114.55,607,347
36,shock_down,Z06,ZIC,-2568.3,700,402
36,shock_down,Z07,ZIC,-3659.55,629,347
36,shock_down,Z08,ZIC,-2138.5,654,350
36,shock_down,Z09,ZIC,-3106.9,630,406
36,shock_down,S10,SHVR,-6181.0,6042,0
36,shock_down,S11,SHVR,-4492.6,5990,44
36,shock_down,S12,SHVR,-5413.35,5989,-161
36,shock_down,S13,SHVR,-1089.8,5982,-308
36,shock_down,S14,SHVR,-5733.7,6010,18
36,shock_down,S15,SNPR,-1015.0,1306,20
36,shock_down,S16,SNPR,-1057.1,1302,-86
36,shock_down,S17,SNPR,-1786.55,1311,-113
36,shock_down,S18,SNPR,-994.5,1292,-30
36,shock_down,S19,SNPR,-1519.1,1290,-6
36,shock_down,Z20,ZIP,11374.7,3518,-358
36,shock_down,Z21,ZIP,13031.35,3625,-359
36,shock_down,Z22,ZIP,11780.0,3710,-380
36,shock_down,Z23,ZIP,10318.95,3669,-263
36,shock_down,Z24,ZIP,13629.5,3688,-430
36,shock_down,P25,PRSH,-1254.75,343,275
36,shock_down,P26,PRSH,-6583.5,2168,1050
36,shock_down,P27,PRSH,-1885.6,364,324
36,shock_down,P28,PRSH,-1542.95,353,303
36,shock_down,P29,PRSH,-776.6,568,544
36,shock_down,C30,CUSTOM,6486.9,4796,-86
36,shock_down,C31,CUSTOM,6235.45,4773,-53
36,shock_down,C32,CUSTOM,5333.25,4789,-85
36,shock_down,C33,CUSTOM,6388.65,4815,-61
36,shock_down,C34,CUSTOM,6812.2,4848,-108
37,shock_down,G00,GVWY,-6431.25,6631,-341
37,shock_down,G01,GVWY,-600.25,6653,-653
37,shock_down,G02,GVWY,-6031.25,6641,-333
37,shock_down,G03,GVWY,-3240.5,6640,-398
37,shock_down,G04,GVWY,-7671.25,6659,-361
37,shock_down,Z05,ZIC,-3969.5,644,402
37,shock_down,Z06,ZIC,-3405.25,635,359
37,shock_down,Z07,ZIC,-2390.75,621,317
37,shock_down,Z08,ZIC,-2956.5,620,330
37,shock_down,Z09,ZIC,-2419.25,597,319
37,shock_down,S10,SHVR,-4450.25,6035,-93
37,shock_down,S11,SHVR,-5293.5,6040,-78
37,shock_down,S12,SHVR,-2997.0,5990,-160
37,shock_down,S13,SHVR,-5131.5,5984,-190
37,shock_down,S14,SHVR,-6226.5,6030,-94
37,shock_down,S15,SNPR,-1238.5,1282,-90
37,shock_down,S16,SNPR,-974.0,1298,-4
37,shock_down,S17,SNPR,405.5,1296,-126
37,shock_down,S18,SNPR,-647.25,1277,-69
37,shock_down,S19,SNPR,-917.0,1290,-88
37,shock_down,Z20,ZIP,15976.25,3619,-443
37,shock_down,Z21,ZIP,13215.25,3515,-307
37,shock_down,Z22,ZIP,13621.25,3621,-299
37,shock_down,Z23,ZIP,11226.75,3725,-233
37,shock_down,Z24,ZIP,10356.5,3516,-282
37,shock_down,P25,PRSH,-4553.0,800,452
37,shock_down,P26,PRSH,-3557.75,789,453
37,shock_down,P27,PRSH,-10678.75,2425,945
37,shock_down,P28,PRSH,-4599.5,828,458
37,shock_down,P29,PRSH,-8922.0,1940,876
37,shock_down,C30,CUSTOM,6930.5,4840,-70
37,shock_down,C31,CUSTOM,5775.5,4800,-82
37,shock_down,C32,CUSTOM,7518.25,4787,-55
37,shock_down,C33,CUSTOM,8799.0,4692,-68
37,shock_down,C34,CUSTOM,7120.0,4758,-68
38,shock_down,G00,GVWY,-6465.9,6620,-358
38,shock_down,G01,GVWY,-5200.5,6594,-330
38,shock_down,G02,GVWY,-7544.35,6649,-297
38,shock_down,G03,GVWY,-9798.35,6593,-197
38,shock_down,G04,GVWY,-7941.2,6608,-344
38,shock_down,Z05,ZIC,-1736.0,588,300
38,shock_down,Z06,ZIC,-1001.75,597,335
38,shock_down,Z07,ZIC,-1591.7,638,366
38,shock_down,Z08,ZIC,-1029.5,606,370
38,shock_down,Z09,ZIC,-1840.7,614,326
38,shock_down,S10,SHVR,-4837.65,6013,-303
38,shock_down,S11,SHVR,-3577.5,6010,-10
38,shock_down,S12,SHVR,-6719.6,5920,28
38,shock_down,S13,SHVR,-2648.3,5972,-166
38,shock_down,S14,SHVR,-9043.4,6014,-48
38,shock_down,S15,SNPR,-1204.85,1287,13
38,shock_down,S16,SNPR,-521.4,1296,12
38,shock_down,S17,SNPR,-1404.7,1288,-74
38,shock_down,S18,SNPR,-754.05,1299,-11
38,shock_down,S19,SNPR,-1323.4,1290,-148
38,shock_down,Z20,ZIP,10556.75,3669,-275
38,shock_down,Z21,ZIP,12520.85,3675,-533
38,shock_down,Z22,ZIP,8437.65,3687,-257
38,shock_down,Z23,ZIP,11111.75,3657,-275
38,shock_down,Z24,ZIP,10542.9,3666,-382
38,shock_down,P25,PRSH,-1269.8,860,424
38,shock_down,P26,PRSH,-3216.35,973,503
38,shock_down,P27,PRSH,-1381.55,495,459
38,shock_down,P28,PRSH,-5380.7,1324,866
38,shock_down,P29,PRSH,-466.5,312,250
38,shock_down,C30,CUSTOM,6863.15,4733,-67
38,shock_down,C31,CUSTOM,6679.35,4733,-63
38,shock_down,C32,CUSTOM,6681.5,4710,-50
38,shock_down,C33,CUSTOM,6905.4,4638,-72
38,shock_down,C34,CUSTOM,7809.65,4675,-57
39,shock_down,G00,GVWY,-7672.8,6620,-64
39,shock_down,G01,GVWY,-9158.35,6603,-23
39,shock_down,G02,GVWY,-4676.45,6611,-341
39,shock_down,G03,GVWY,-7640.65,6595,-297
39,shock_down,G04,GVWY,-8658.15,6647,-47
39,shock_down,Z05,ZIC,-2980.95,663,389
39,shock_down,Z06,ZIC,-3474.45,611,399
39,shock_down,Z07,ZIC,-2434.85,657,387
39,shock_down,Z08,ZIC,-2476.75,629,345
39,shock_down,Z09,ZIC,-2595.05,579,311
39,shock_down,S10,SHVR,-6961.65,5959,63
39,shock_down,S11,SHVR,-6693.75,5929,-175
39,shock_down,S12,SHVR,-3220.0,5986,-180
39,shock_down,S13,SHVR,-4870.5,5972,-90
39,shock_down,S14,SHVR,-5006.05,5911,-149
39,shock_down,S15,SNPR,-1256.6,1284,-28
39,shock_down,S16,SNPR,-1551.95,1273,-11
39,shock_down,S17,SNPR,-1383.45,1299,-141
39,shock_down,S18,SNPR,-1243.55,1299,61
39,shock_down,S19,SNPR,-861.7,1294,-86
39,shock_down,Z20,ZIP,10990.45,3805,-279
39,shock_down,Z21,ZIP,14750.0,3662,-400
39,shock_down,Z22,ZIP,10457.25,3785,-315
39,shock_down,Z23,ZIP,8784.85,3687,-107
39,shock_down,Z24,ZIP,15325.35,3853,-557
39,shock_down,P25,PRSH,-2306.8,518,356
39,shock_down,P26,PRSH,-2024.3,356,286
39,shock_down,P27,PRSH,-1148.25,353,315
39,shock_down,P28,PRSH,-1531.7,294,254
39,shock_down,P29,PRSH,-1328.7,438,314
39,shock_down,C30,CUSTOM,5683.7,4716,-54
39,shock_down,C31,CUSTOM,6385.3,4696,-66
39,shock_down,C32,CUSTOM,7942.65,4751,-43
39,shock_down,C33,CUSTOM,7469.05,4751,-51
39,shock_down,C34,CUSTOM,6576.55,4787,-41
40,shock_down,G00,GVWY,-1786.5,6577,-555
40,shock_down,G01,GVWY,-9566.5,6603,-285
40,shock_down,G02,GVWY,-6780.4,6608,-466
40,shock_down,G03,GVWY,-5658.4,6602,-326
40,shock_down,G04,GVWY,-3236.2,6606,-478
40,shock_down,Z05,ZIC,-1246.2,568,262
40,shock_down,Z06,ZIC,-2891.5,589,335
40,shock_down,Z07,ZIC,-1742.7,581,267
40,shock_down,Z08,ZIC,-2445.4,574,324
40,shock_down,Z09,ZIC,-1929.0,556,330
40,shock_down,S10,SHVR,-2356.6,5990,-324
40,shock_down,S11,SHVR,-5235.4,5934,-156
40,shock_down,S12,SHVR,-3054.8,5976,-182
40,shock_down,S13,SHVR,-2676.2,5982,-178
40,shock_down,S14,SHVR,-6225.7,5971,-33
40,shock_down,S15,SNPR,-1193.3,1289,-27
40,shock_down,S16,SNPR,-1221.2,1284,-118
40,shock_down,S17,SNPR,-592.7,1297,-143
40,shock_down,S18,SNPR,-955.4,1316,-86
40,shock_down,S19,SNPR,-875.0,1296,-10
40,shock_down,Z20,ZIP,11687.3,3759,-523
40,shock_down,Z21,ZIP,11513.6,3714,-446
40,shock_down,Z22,ZIP,12898.3,3629,-453
40,shock_down,Z23,ZIP,5690.9,3663,-139
40,shock_down,Z24,ZIP,11304.1,3769,-261
40,shock_down,P25,PRSH,-6453.4,1844,914
40,shock_down,P26,PRSH,-2860.5,2041,985
40,shock_down,P27,PRSH,-5545.5,1579,745
40,shock_down,P28,PRSH,-7716.5,3051,955
40,shock_down,P29,PRSH,-851.4,282,244
40,shock_down,C30,CUSTOM,6614.8,4642,-58
40,shock_down,C31,CUSTOM,6666.6,4754,-56
40,shock_down,C32,CUSTOM,8406.2,4662,-62
40,shock_down,C33,CUSTOM,6441.9,4649,-69
40,shock_down,C34,CUSTOM,6144.5,4711,-75
41,shock_down,G00,GVWY,-4473.35,6619,-431
41,shock_down,G01,GVWY,-2743.35,6593,-291
41,shock_down,G02,GVWY,-4690.3,6612,-338
41,shock_down,G03,GVWY,-6868.8,6600,-88
41,shock_down,G04,GVWY,-4025.8,6588,-348
41,shock_down,Z05,ZIC,-3389.75,633,325
41,shock_down,Z06,ZIC,-3972.0,608,360
41,shock_down,Z07,ZIC,-3612.6,568,324
41,shock_down,Z08,ZIC,-3243.95,617,313
41,shock_down,Z09,ZIC,-4240.65,625,351
41,shock_down,S10,SHVR,-9313.2,5932,168
41,shock_down,S11,SHVR,-3887.25,5925,-165
41,shock_down,S12,SHVR,-1261.95,5943,-107
41,shock_down,S13,SHVR,-3734.0,5972,-120
41,shock_down,S14,SHVR,-4025.1,5962,-126
41,shock_down,S15,SNPR,-598.15,1261,-79
41,shock_down,S16,SNPR,-765.9,1300,-14
41,shock_down,S17,SNPR,-744.7,1272,-122
41,shock_down,S18,SNPR,-907.4,1312,-44
41,shock_down,S19,SNPR,-1222.05,1311,-113
41,shock_down,Z20,ZIP,13598.65,3745,-411
41,shock_down,Z21,ZIP,10571.25,3581,-215
41,shock_down,Z22,ZIP,11378.5,3650,-150
41,shock_down,Z23,ZIP,15540.0,3662,-520
41,shock_down,Z24,ZIP,13473.1,3566,-234
41,shock_down,P25,PRSH,-9457.15,691,521
41,shock_down,P26,PRSH,-11228.9,1462,766
41,shock_down,P27,PRSH,-3489.75,385,345
41,shock_down,P28,PRSH,-3277.45,307,283
41,shock_down,P29,PRSH,-3876.7,428,338
41,shock_down,C30,CUSTOM,6554.5,4724,-50
41,shock_down,C31,CUSTOM,7986.25,4787,-55
41,shock_down,C32,CUSTOM,7150.75,4689,-65
41,shock_down,C33,CUSTOM,7388.6,4728,-64
41,shock_down,C34,CUSTOM,7007.0,4728,-60
42,shock_down,G00,GVWY,-9311.6,6561,-231
42,shock_down,G01,GVWY,-10503.6,6600,-196
42,shock_down,G02,GVWY,-6908.6,6598,-486
42,shock_down,G03,GVWY,-4569.6,6624,-396
42,shock_down,G04,GVWY,-5748.8,6582,-258
42,shock_down,Z05,ZIC,-890.8,595,307
42,shock_down,Z06,ZIC,-1461.2,651,343
42,shock_down,Z07,ZIC,-1652.2,598,338
42,shock_down,Z08,ZIC,-100.4,562,286
42,shock_down,Z09,ZIC,-889.6,588,314
42,shock_down,S10,SHVR,-7666.0,6009,-35
42,shock_down,S11,SHVR,-6193.6,5979,-201
42,shock_down,S12,SHVR,-5857.4,5978,66
42,shock_down,S13,SHVR,-3576.8,6015,-163
42,shock_down,S14,SHVR,-2079.8,5996,-68
42,shock_down,S15,SNPR,-923.2,1316,-152
42,shock_down,S16,SNPR,-1563.8,1285,-73
42,shock_down,S17,SNPR,-1565.8,1312,-78
42,shock_down,S18,SNPR,-1008.0,1299,-145
42,shock_down,S19,SNPR,-1257.6,1294,-16
42,shock_down,Z20,ZIP,6504.0,3577,-215
42,shock_down,Z21,ZIP,12024.8,3681,-277
42,shock_down,Z22,ZIP,15669.0,3625,-795
42,shock_down,Z23,ZIP,9201.2,3708,-298
42,shock_down,Z24,ZIP,9071.0,3610,-240
42,shock_down,P25,PRSH,-934.8,896,472
42,shock_down,P26,PRSH,-1660.4,728,346
42,shock_down,P27,PRSH,-1450.6,816,754
42,shock_down,P28,PRSH,-637.8,305,257
42,shock_down,P29,PRSH,-7964.6,2994,1064
42,shock_down,C30,CUSTOM,6730.4,4663,-91
42,shock_down,C31,CUSTOM,7248.2,4729,-63
42,shock_down,C32,CUSTOM,6660.4,4748,-66
42,shock_down,C33,CUSTOM,7408.8,4700,-52
42,shock_down,C34,CUSTOM,6356.4,4753,-51
43,shock_down,G00,GVWY,-6157.2,6618,-288
43,shock_down,G01,GVWY,-3072.5,6571,-395
43,shock_down,G02,GVWY,-2349.4,6580,-316
43,shock_down,G03,GVWY,-4942.2,6622,-238
43,shock_down,G04,GVWY,-4338.5,6627,-365
43,shock_down,Z05,ZIC,-4097.9,639,299
43,shock_down,Z06,ZIC,-4642.6,628,306
43,shock_down,Z07,ZIC,-5778.4,614,394
43,shock_down,Z08,ZIC,-6066.0,606,330
43,shock_down,Z09,ZIC,-6277.9,601,379
43,shock_down,S10,SHVR,-1373.9,5939,-181
43,shock_down,S11,SHVR,-4095.2,6008,-98
43,shock_down,S12,SHVR,-766.8,6004,-252
43,shock_down,S13,SHVR,-1752.8,5908,-242
43,shock_down,S14,SHVR,67.0,5952,-320
43,shock_down,S15,SNPR,-376.4,1298,-146
43,shock_down,S16,SNPR,-186.5,1279,-45
43,shock_down,S17,SNPR,-612.9,1283,-51
43,shock_down,S18,SNPR,-546.0,1278,-10
43,shock_down,S19,SNPR,-754.7,1277,-33
43,shock_down,Z20,ZIP,11322.7,3765,-267
43,shock_down,Z21,ZIP,15364.0,3668,-440
43,shock_down,Z22,ZIP,20649.4,3660,-604
43,shock_down,Z23,ZIP,12069.1,3533,-231
43,shock_down,Z24,ZIP,9078.3,3641,-183
43,shock_down,P25,PRSH,-13862.7,2173,897
43,shock_down,P26,PRSH,-8021.8,924,468
43,shock_down,P27,PRSH,-6770.8,824,688
43,shock_down,P28,PRSH,-13699.3,3637,923
43,shock_down,P29,PRSH,-3475.1,307,261
43,shock_down,C30,CUSTOM,7582.8,4600,-58
43,shock_down,C31,CUSTOM,7505.4,4666,-64
43,shock_down,C32,CUSTOM,7715.3,4649,-83
43,shock_down,C33,CUSTOM,8200.7,4727,-87
43,shock_down,C34,CUSTOM,7147.8,4622,-68
44,shock_down,G00,GVWY,-1970.0,6660,-440
44,shock_down,G01,GVWY,-4924.95,6671,-271
44,shock_down,G02,GVWY,-6466.4,6622,-292
44,shock_down,G03,GVWY,-7208.9,6636,-262
44,shock_down,G04,GVWY,-6319.4,6636,-252
44,shock_down,Z05,ZIC,-5042.65,635,383
44,shock_down,Z06,ZIC,-4529.0,658,380
44,shock_down,Z07,ZIC,-3917.7,642,334
44,shock_down,Z08,ZIC,-4592.2,636,364
44,shock_down,Z09,ZIC,-4776.05,683,351
44,shock_down,S10,SHVR,-6204.2,5998,-76
44,shock_down,S11,SHVR,-1440.15,6007,-227
44,shock_down,S12,SHVR,-769.15,6045,-207
44,shock_down,S13,SHVR,-5939.05,5999,-9
44,shock_down,S14,SHVR,-4774.7,6066,-126
44,shock_down,S15,SNPR,-863.65,1303,3
44,shock_down,S16,SNPR,-911.05,1297,-69
44,shock_down,S17,SNPR,-927.45,1309,-81
44,shock_down,S18,SNPR,-119.45,1307,-141
44,shock_down,S19,SNPR,-1136.25,1311,35
44,shock_down,Z20,ZIP,11539.5,3674,-230
44,shock_down,Z21,ZIP,26836.65,3551,-1023
44,shock_down,Z22,ZIP,16869.2,3658,-504
44,shock_down,Z23,ZIP,10945.55,3691,-161
44,shock_down,Z24,ZIP,8706.55,3601,-81
44,shock_down,P25,PRSH,-10258.6,1514,772
44,shock_down,P26,PRSH,-3386.7,348,294
44,shock_down,P27,PRSH,-4114.4,530,348
44,shock_down,P28,PRSH,-3959.15,417,373
44,shock_down,P29,PRSH,-12016.5,1884,930
44,shock_down,C30,CUSTOM,5399.9,4726,-38
44,shock_down,C31,CUSTOM,6791.45,4731,-59
44,shock_down,C32,CUSTOM,6266.3,4832,-46
44,shock_down,C33,CUSTOM,8372.95,4753,-49
44,shock_down,C34,CUSTOM,6516.2,4826,-24
45,shock_down,G00,GVWY,-7409.5,6646,-202
45,shock_down,G01,GVWY,-6967.5,6652,-190
45,shock_down,G02,GVWY,-5614.5,6648,-402
45,shock_down,G03,GVWY,-8295.0,6604,-236
45,shock_down,G04,GVWY,-8342.75,6669,-219
45,shock_down,Z05,ZIC,-3528.25,639,343
45,shock_down,Z06,ZIC,-3665.75,669,357
45,shock_down,Z07,ZIC,-3603.25,587,319
45,shock_down,Z08,ZIC,-2566.25,629,347
45,shock_down,Z09,ZIC,-3984.75,641,369
45,shock_down,S10,SHVR,-3454.0,6018,-196
45,shock_down,S11,SHVR,-1417.25,6015,-241
45,shock_down,S12,SHVR,-4543.0,6010,-192
45,shock_down,S13,SHVR,-1750.25,6025,-233
45,shock_down,S14,SHVR,-5061.75,6051,-119
45,shock_down,S15,SNPR,70.25,1275,-159
45,shock_down,S16,SNPR,-713.25,1311,-65
45,shock_down,S17,SNPR,-1124.25,1279,-21
45,shock_down,S18,SNPR,-818.75,1281,-111
45,shock_down,S19,SNPR,-1562.0,1296,12
45,shock_down,Z20,ZIP,12568.0,3588,-352
45,shock_down,Z21,ZIP,9280.75,3743,-205
45,shock_down,Z22,ZIP,12648.75,3757,-301
45,shock_down,Z23,ZIP,12842.25,3761,-307
45,shock_down,Z24,ZIP,13745.0,3698,-332
45,shock_down,P25,PRSH,-2252.0,544,516
45,shock_down,P26,PRSH,-12579.75,2447,1085
45,shock_down,P27,PRSH,-2725.5,616,370
45,shock_down,P28,PRSH,-1537.0,348,284
45,shock_down,P29,PRSH,-1367.75,351,265
45,shock_down,C30,CUSTOM,7751.75,4751,-41
45,shock_down,C31,CUSTOM,6585.75,4759,-45
45,shock_down,C32,CUSTOM,6374.5,4738,-62
45,shock_down,C33,CUSTOM,7688.0,4780,-68
45,shock_down,C34,CUSTOM,7089.75,4685,-65
46,shock_down,G00,GVWY,-3759.0,6638,-288
46,shock_down,G01,GVWY,-6151.5,6615,-263
46,shock_down,G02,GVWY,-6026.5,6603,-289
46,shock_down,G03,GVWY,-2502.5,6571,-349
46,shock_down,G04,GVWY,-8328.5,6613,-117
46,shock_down,Z05,ZIC,-4430.5,611,329
46,shock_down,Z06,ZIC,-4361.5,593,343
46,shock_down,Z07,ZIC,-5199.0,688,388
46,shock_down,Z08,ZIC,-4515.0,642,346
46,shock_down,Z09,ZIC,-4831.0,572,318
46,shock_down,S10,SHVR,-2423.5,6001,-219
46,shock_down,S11,SHVR,-2025.5,6041,-197
46,shock_down,S12,SHVR,-406.0,6034,-180
46,shock_down,S13,SHVR,-948.5,6003,-189
46,shock_down,S14,SHVR,-94.5,5999,-209
46,shock_down,S15,SNPR,-134.5,1331,-147
46,shock_down,S16,SNPR,-1026.5,1307,-31
46,shock_down,S17,SNPR,-674.5,1295,-73
46,shock_down,S18,SNPR,-1258.0,1294,-38
46,shock_down,S19,SNPR,-601.5,1313,-75
46,shock_down,Z20,ZIP,16342.5,3689,-399
46,shock_down,Z21,ZIP,10897.0,3570,-236
46,shock_down,Z22,ZIP,12672.5,3591,-321
46,shock_down,Z23,ZIP,15733.0,3666,-470
46,shock_down,Z24,ZIP,15009.5,3595,-409
46,shock_down,P25,PRSH,-16412.0,2648,992
46,shock_down,P26,PRSH,-14484.5,4803,737
46,shock_down,P27,PRSH,-6980.0,1042,538
46,shock_down,P28,PRSH,-3446.0,482,318
46,shock_down,P29,PRSH,-4149.0,466,436
46,shock_down,C30,CUSTOM,6209.5,4715,-79
46,shock_down,C31,CUSTOM,7119.0,4738,-42
46,shock_down,C32,CUSTOM,7905.0,4740,-66
46,shock_down,C33,CUSTOM,7348.0,4684,-70
46,shock_down,C34,CUSTOM,7260.0,4724,-60
47,shock_down,G00,GVWY,-8065.15,6619,-341
47,shock_down,G01,GVWY,-8353.6,6574,-104
47,shock_down,G02,GVWY,-5083.95,6607,-433
47,shock_down,G03,GVWY,-2351.6,6616,-644
47,shock_down,G04,GVWY,-11060.55,6653,-117
47,shock_down,Z05,ZIC,-2012.45,593,337
47,shock_down,Z06,ZIC,-2105.95,597,287
47,shock_down,Z07,ZIC,-2117.7,646,342
47,shock_down,Z08,ZIC,-1481.15,591,259
47,shock_down,Z09,ZIC,-1603.85,615,261
47,shock_down,S10,SHVR,-5705.75,6017,-205
47,shock_down,S11,SHVR,-6.1,6020,-194
47,shock_down,S12,SHVR,-2392.7,5976,-338
47,shock_down,S13,SHVR,-3239.25,5993,-215
47,shock_down,S14,SHVR,-1785.6,6032,-304
47,shock_down,S15,SNPR,-1482.45,1293,-63
47,shock_down,S16,SNPR,-825.3,1322,-82
47,shock_down,S17,SNPR,-1294.4,1300,-76
47,shock_down,S18,SNPR,-1370.5,1306,-50
47,shock_down,S19,SNPR,-1555.0,1310,-120
47,shock_down,Z20,ZIP,12935.9,3654,-514
47,shock_down,Z21,ZIP,9426.65,3635,-309
47,shock_down,Z22,ZIP,10161.35,3675,-311
47,shock_down,Z23,ZIP,9002.25,3707,-165
47,shock_down,Z24,ZIP,9012.95,3671,-167
47,shock_down,P25,PRSH,-6760.85,3719,961
47,shock_down,P26,PRSH,-5626.05,1693,793
47,shock_down,P27,PRSH,-2882.9,1062,474
47,shock_down,P28,PRSH,-2972.2,1124,572
47,shock_down,P29,PRSH,-1760.9,722,694
47,shock_down,C30,CUSTOM,7013.2,4722,-72
47,shock_down,C31,CUSTOM,6792.9,4732,-74
47,shock_down,C32,CUSTOM,7679.85,4763,-41
47,shock_down,C33,CUSTOM,6492.4,4716,-64
47,shock_down,C34,CUSTOM,7109.9,4720,-74
48,shock_down,G00,GVWY,-6330.85,6581,-171
48,shock_down,G01,GVWY,-6874.25,6651,-175
48,shock_down,G02,GVWY,-5537.3,6648,-458
48,shock_down,G03,GVWY,-6003.5,6640,-330
48,shock_down,G04,GVWY,-10939.3,6624,-198
48,shock_down,Z05,ZIC,-1369.1,614,294
48,shock_down,Z06,ZIC,-2630.15,681,391
48,shock_down,Z07,ZIC,-2468.65,657,341
48,shock_down,Z08,ZIC,-1961.5,600,330
48,shock_down,Z09,ZIC,-2351.45,647,333
48,shock_down,S10,SHVR,-3300.5,6026,-310
48,shock_down,S11,SHVR,-5069.6,6022,-76
48,shock_down,S12,SHVR,-3583.0,6004,-200
48,shock_down,S13,SHVR,-5378.0,6064,-140
48,shock_down,S14,SHVR,-4205.85,6025,-31
48,shock_down,S15,SNPR,-1542.05,1305,-43
48,shock_down,S16,SNPR,-1143.3,1306,-18
48,shock_down,S17,SNPR,-1079.5,1312,-90
48,shock_down,S18,SNPR,-1580.2,1318,-72
48,shock_down,S19,SNPR,-1024.5,1306,90
48,shock_down,Z20,ZIP,7903.05,3565,-177
48,shock_down,Z21,ZIP,10629.95,3687,-203
48,shock_down,Z22,ZIP,10121.4,3704,-196
48,shock_down,Z23,ZIP,20348.95,3823,-1163
48,shock_down,Z24,ZIP,8332.2,3758,-128
48,shock_down,P25,PRSH,-7861.6,4814,504
48,shock_down,P26,PRSH,-2056.9,548,326
48,shock_down,P27,PRSH,-3662.3,728,442
48,shock_down,P28,PRSH,-2411.0,512,360
48,shock_down,P29,PRSH,-3184.3,2012,942
48,shock_down,C30,CUSTOM,7009.75,4733,-55
48,shock_down,C31,CUSTOM,7350.15,4747,-31
48,shock_down,C32,CUSTOM,7951.4,4792,-56
48,shock_down,C33,CUSTOM,7601.6,4740,-44
48,shock_down,C34,CUSTOM,7706.7,4778,-78
49,shock_down,G00,GVWY,-8774.95,6675,-299
49,shock_down,G01,GVWY,-5401.6,6670,-192
49,shock_down,G02,GVWY,-6681.4,6642,-208
49,shock_down,G03,GVWY,-7688.25,6603,-225
49,shock_down,G04,GVWY,-5821.85,6661,-257
49,shock_down,Z05,ZIC,-3020.0,668,440
49,shock_down,Z06,ZIC,-2851.95,677,401
49,shock_down,Z07,ZIC,-2995.95,683,341
49,shock_down,Z08,ZIC,-2360.0,650,380
49,shock_down,Z09,ZIC,-2938.65,715,407
49,shock_down,S10,SHVR,-7654.6,6040,-72
49,shock_down,S11,SHVR,-5636.2,6008,-24
49,shock_down,S12,SHVR,-5303.6,6010,-172
49,shock_down,S13,SHVR,-10300.0,5994,100
49,shock_down,S14,SHVR,-5053.6,6086,-92
49,shock_down,S15,SNPR,-1367.65,1297,27
49,shock_down,S16,SNPR,-1230.75,1315,-55
49,shock_down,S17,SNPR,-1235.4,1308,-8
49,shock_down,S18,SNPR,-988.05,1309,-81
49,shock_down,S19,SNPR,-1101.85,1307,-97
49,shock_down,Z20,ZIP,17431.15,3807,-577
49,shock_down,Z21,ZIP,10158.9,3650,-342
49,shock_down,Z22,ZIP,17556.05,3761,-839
49,shock_down,Z23,ZIP,12812.75,3721,-245
49,shock_down,Z24,ZIP,16695.55,3621,-849
49,shock_down,P25,PRSH,-1419.85,339,303
49,shock_down,P26,PRSH,-5416.75,1297,745
49,shock_down,P27,PRSH,-3396.95,619,581
49,shock_down,P28,PRSH,-2725.9,730,462
49,shock_down,P29,PRSH,-4584.5,1200,690
49,shock_down,C30,CUSTOM,6136.9,4776,-62
49,shock_down,C31,CUSTOM,6745.3,4784,-34
49,shock_down,C32,CUSTOM,6796.8,4752,-64
49,shock_down,C33,CUSTOM,5974.75,4825,-45
49,shock_down,C34,CUSTOM,6181.2,4884,-96
50,shock_down,G00,GVWY,-3361.05,6647,-367
50,shock_down,G01,GVWY,-2666.7,6634,-338
50,shock_down,G02,GVWY,-128.95,6617,-353
50,shock_down,G03,GVWY,-6556.35,6693,-289
50,shock_down,G04,GVWY,-4914.95,6629,-293
50,shock_down,Z05,ZIC,-5751.0,642,380
50,shock_down,Z06,ZIC,-4175.9,632,334
50,shock_down,Z07,ZIC,-5408.75,573,355
50,shock_down,Z08,ZIC,-6318.6,656,396
50,shock_down,Z09,ZIC,-5201.45,645,337
50,shock_down,S10,SHVR,-1423.05,5999,-207
50,shock_down,S11,SHVR,-8623.45,6031,77
50,shock_down,S12,SHVR,-4061.95,6033,-73
50,shock_down,S13,SHVR,-3927.6,6044,-164
50,shock_down,S14,SHVR,-3699.5,6050,-210
50,shock_down,S15,SNPR,-1013.3,1304,-2
50,shock_down,S16,SNPR,-575.45,1275,-123
50,shock_down,S17,SNPR,-909.75,1297,-65
50,shock_down,S18,SNPR,-1754.65,1305,49
50,shock_down,S19,SNPR,-438.45,1289,-83
50,shock_down,Z20,ZIP,21520.6,3684,-736
50,shock_down,Z21,ZIP,17434.8,3618,-428
50,shock_down,Z22,ZIP,13335.3,3654,-338
50,shock_down,Z23,ZIP,13885.15,3565,-299
50,shock_down,Z24,ZIP,30592.95,3715,-1147
50,shock_down,P25,PRSH,-5668.8,840,428
50,shock_down,P26,PRSH,-3635.45,353,297
50,shock_down,P27,PRSH,-16089.25,2599,1105
50,shock_down,P28,PRSH,-15583.6,3814,916
50,shock_down,P29,PRSH,-16594.45,2619,1057
50,shock_down,C30,CUSTOM,6903.3,4744,-58
50,shock_down,C31,CUSTOM,6981.85,4813,-41
50,shock_down,C32,CUSTOM,6526.2,4668,-52
50,shock_down,C33,CUSTOM,5970.8,4734,-68
50,shock_down,C34,CUSTOM,6536.3,4766,-78
51,shock_down,G00,GVWY,-11944.95,6667,-141
51,shock_down,G01,GVWY,-9419.35,6673,-333
51,shock_down,G02,GVWY,-9501.45,6599,-151
51,shock_down,G03,GVWY,-6538.5,6596,-30
51,shock_down,G04,GVWY,-8696.6,6606,-128
51,shock_down,Z05,ZIC,980.2,642,356
51,shock_down,Z06,ZIC,1108.2,640,336
51,shock_down,Z07,ZIC,960.5,598,350
51,shock_down,Z08,ZIC,1400.9,594,342
51,shock_down,Z09,ZIC,1275.0,586,360
51,shock_down,S10,SHVR,-5099.1,6014,-98
51,shock_down,S11,SHVR,-7263.15,6001,-77
51,shock_down,S12,SHVR,-4091.45,5993,-271
51,shock_down,S13,SHVR,-7686.65,5997,-27
51,shock_down,S14,SHVR,-5790.7,6024,-226
51,shock_down,S15,SNPR,-1851.65,1305,-7
51,shock_down,S16,SNPR,-1264.8,1294,-64
51,shock_down,S17,SNPR,-2454.95,1287,-141
51,shock_down,S18,SNPR,-1087.45,1289,29
51,shock_down,S19,SNPR,-2181.35,1297,-53
51,shock_down,Z20,ZIP,9493.55,3571,-931
51,shock_down,Z21,ZIP,5935.95,3577,-219
51,shock_down,Z22,ZIP,9840.65,3625,-733
51,shock_down,Z23,ZIP,9876.3,3792,-486
51,shock_down,Z24,ZIP,7070.45,3699,-269
51,shock_down,P25,PRSH,155.3,1696,914
51,shock_down,P26,PRSH,972.0,318,260
51,shock_down,P27,PRSH,1847.5,1100,630
51,shock_down,P28,PRSH,1451.6,636,348
51,shock_down,P29,PRSH,2495.65,1285,627
51,shock_down,C30,CUSTOM,6341.6,4806,-32
51,shock_down,C31,CUSTOM,5195.45,4819,-49
51,shock_down,C32,CUSTOM,5873.75,4773,-55
51,shock_down,C33,CUSTOM,5529.15,4825,-43
51,shock_down,C34,CUSTOM,6220.95,4769,-59
52,shock_down,G00,GVWY,-4734.2,6588,-294
52,shock_down,G01,GVWY,-3969.4,6583,-293
52,shock_down,G02,GVWY,-9382.0,6612,-60
52,shock_down,G03,GVWY,-3422.8,6569,-341
52,shock_down,G04,GVWY,-1319.0,6638,-580
52,shock_down,Z05,ZIC,-2595.0,577,295
52,shock_down,Z06,ZIC,-3142.8,630,284
52,shock_down,Z07,ZIC,-2485.2,578,296
52,shock_down,Z08,ZIC,-3449.2,591,341
52,shock_down,Z09,ZIC,-3771.6,591,353
52,shock_down,S10,SHVR,-2979.8,5909,-131
52,shock_down,S11,SHVR,-5588.4,5963,-83
52,shock_down,S12,SHVR,-5974.2,5988,-44
52,shock_down,S13,SHVR,-3421.8,5998,-246
52,shock_down,S14,SHVR,-2598.8,5977,-221
52,shock_down,S15,SNPR,-1142.6,1294,-42
52,shock_down,S16,SNPR,-248.0,1284,-80
52,shock_down,S17,SNPR,-759.4,1313,-173
52,shock_down,S18,SNPR,-855.2,1295,-29
52,shock_down,S19,SNPR,-941.4,1302,-48
52,shock_down,Z20,ZIP,19379.4,3564,-822
52,shock_down,Z21,ZIP,9362.8,3623,-139
52,shock_down,Z22,ZIP,10252.2,3636,-186
52,shock_down,Z23,ZIP,10936.8,3659,-209
52,shock_down,Z24,ZIP,21011.6,3747,-883
52,shock_down,P25,PRSH,-13119.8,3739,649
52,shock_down,P26,PRSH,-6267.2,1446,636
52,shock_down,P27,PRSH,-7249.8,1861,809
52,shock_down,P28,PRSH,-7103.0,2822,730
52,shock_down,P29,PRSH,-6251.2,1337,661
52,shock_down,C30,CUSTOM,6558.0,4729,-55
52,shock_down,C31,CUSTOM,6666.6,4726,-78
52,shock_down,C32,CUSTOM,7747.2,4714,-66
52,shock_down,C33,CUSTOM,7294.8,4648,-74
52,shock_down,C34,CUSTOM,6179.2,4749,-21
53,shock_down,G00,GVWY,-8773.6,6608,-288
53,shock_down,G01,GVWY,-9523.4,6576,-182
53,shock_down,G02,GVWY,-9920.8,6585,-499
53,shock_down,G03,GVWY,-6100.8,6548,-474
53,shock_down,G04,GVWY,-6268.4,6587,-337
53,shock_down,Z05,ZIC,-1178.0,621,365
53,shock_down,Z06,ZIC,-1460.2,614,354
53,shock_down,Z07,ZIC,-2185.8,635,371
53,shock_down,Z08,ZIC,-835.2,622,364
53,shock_down,Z09,ZIC,-1479.4,576,308
53,shock_down,S10,SHVR,-4272.0,5966,30
53,shock_down,S11,SHVR,-3561.2,5927,-221
53,shock_down,S12,SHVR,-3496.8,5856,-124
53,shock_down,S13,SHVR,-6685.0,5960,-80
53,shock_down,S14,SHVR,-5200.0,5898,-200
53,shock_down,S15,SNPR,-1156.6,1278,-38
53,shock_down,S16,SNPR,-890.0,1281,-5
53,shock_down,S17,SNPR,-1301.2,1286,-36
53,shock_down,S18,SNPR,-747.8,1280,-4
53,shock_down,S19,SNPR,-1540.0,1305,-115
53,shock_down,Z20,ZIP,10211.0,3675,-175
53,shock_down,Z21,ZIP,7605.2,3552,-144
53,shock_down,Z22,ZIP,8607.8,3685,-191
53,shock_down,Z23,ZIP,15676.4,3701,-883
53,shock_down,Z24,ZIP,7998.4,3537,-133
53,shock_down,P25,PRSH,-3940.0,1683,745
53,shock_down,P26,PRSH,420.4,1706,702
53,shock_down,P27,PRSH,-653.0,351,345
53,shock_down,P28,PRSH,-522.4,296,238
53,shock_down,P29,PRSH,-2143.0,1035,505
53,shock_down,C30,CUSTOM,7077.2,4742,-74
53,shock_down,C31,CUSTOM,6298.2,4779,-89
53,shock_down,C32,CUSTOM,8229.0,4727,-55
53,shock_down,C33,CUSTOM,5731.4,4712,-68
53,shock_down,C34,CUSTOM,7304.4,4705,-63
54,shock_down,G00,GVWY,-8310.0,6666,-340
54,shock_down,G01,GVWY,-8409.8,6651,-253
54,shock_down,G02,GVWY,-10069.0,6616,-380
54,shock_down,G03,GVWY,-5259.0,6633,-295
54,shock_down,G04,GVWY,-12397.8,6645,-243
54,shock_down,Z05,ZIC,-1316.2,608,358
54,shock_down,Z06,ZIC,-636.4,615,371
54,shock_down,Z07,ZIC,-966.8,629,357
54,shock_down,Z08,ZIC,-1307.0,648,380
54,shock_down,Z09,ZIC,-1275.2,618,368
54,shock_down,S10,SHVR,-3525.6,6034,-146
54,shock_down,S11,SHVR,-7404.8,6016,22
54,shock_down,S12,SHVR,-5105.2,6046,-52
54,shock_down,S13,SHVR,-2654.2,6059,-177
54,shock_down,S14,SHVR,-5020.4,6070,-154
54,shock_down,S15,SNPR,-882.6,1304,-36
54,shock_down,S16,SNPR,-1306.4,1305,-19
54,shock_down,S17,SNPR,-2188.8,1292,-128
54,shock_down,S18,SNPR,-1318.2,1319,-107
54,shock_down,S19,SNPR,-884.8,1306,12
54,shock_down,Z20,ZIP,9638.2,3664,-118
54,shock_down,Z21,ZIP,11710.6,3713,-339
54,shock_down,Z22,ZIP,14638.0,3690,-770
54,shock_down,Z23,ZIP,10704.2,3714,-438
54,shock_down,Z24,ZIP,11103.0,3595,-405
54,shock_down,P25,PRSH,-1208.6,680,394
54,shock_down,P26,PRSH,-4738.0,4057,1005
54,shock_down,P27,PRSH,-251.8,366,302
54,shock_down,P28,PRSH,325.8,333,283
54,shock_down,P29,PRSH,-2036.8,1055,667
54,shock_down,C30,CUSTOM,5434.8,4742,-62
54,shock_down,C31,CUSTOM,6117.8,4645,-47
54,shock_down,C32,CUSTOM,6799.2,4731,-33
54,shock_down,C33,CUSTOM,6232.2,4693,-43
54,shock_down,C34,CUSTOM,6782.0,4754,-40
55,shock_down,G00,GVWY,-9583.5,6686,-198
55,shock_down,G01,GVWY,-6760.25,6679,-135
55,shock_down,G02,GVWY,-8758.0,6692,-380
55,shock_down,G03,GVWY,-10391.25,6657,-131
55,shock_down,G04,GVWY,-7179.25,6631,-3
55,shock_down,Z05,ZIC,-126.5,630,418
55,shock_down,Z06,ZIC,-934.75,617,407
55,shock_down,Z07,ZIC,525.75,645,421
55,shock_down,Z08,ZIC,-360.75,745,495
55,shock_down,Z09,ZIC,-585.5,606,354
55,shock_down,S10,SHVR,-3818.0,6040,0
55,shock_down,S11,SHVR,-7586.25,5999,-35
55,shock_down,S12,SHVR,-6481.75,6017,-169
55,shock_down,S13,SHVR,-4301.75,6021,-113
55,shock_down,S14,SHVR,-7235.25,5979,-75
55,shock_down,S15,SNPR,-1225.75,1307,-29
55,shock_down,S16,SNPR,-1428.5,1298,6
55,shock_down,S17,SNPR,-1298.0,1300,0
55,shock_down,S18,SNPR,-1586.75,1311,-77
55,shock_down,S19,SNPR,-1858.75,1291,15
55,shock_down,Z20,ZIP,12820.5,3724,-826
55,shock_down,Z21,ZIP,11501.25,3715,-541
55,shock_down,Z22,ZIP,13064.0,3642,-760
55,shock_down,Z23,ZIP,10905.5,3690,-454
55,shock_down,Z24,ZIP,8212.75,3741,-243
55,shock_down,P25,PRSH,1235.75,453,421
55,shock_down,P26,PRSH,494.75,355,321
55,shock_down,P27,PRSH,866.5,396,350
55,shock_down,P28,PRSH,507.0,418,336
55,shock_down,P29,PRSH,-4589.0,3896,836
55,shock_down,C30,CUSTOM,6183.75,4767,-63
55,shock_down,C31,CUSTOM,5455.5,4896,-34
55,shock_down,C32,CUSTOM,4562.0,4894,-28
55,shock_down,C33,CUSTOM,4920.5,4838,-14
55,shock_down,C34,CUSTOM,4921.25,4795,-85
56,shock_down,G00,GVWY,-9542.25,6627,-205
56,shock_down,G01,GVWY,-12731.7,6608,-266
56,shock_down,G02,GVWY,-10445.0,6678,-400
56,shock_down,G03,GVWY,-9727.25,6635,-325
56,shock_down,G04,GVWY,-7831.65,6635,-237
56,shock_down,Z05,ZIC,-251.55,589,301
56,shock_down,Z06,ZIC,611.0,628,300
56,shock_down,Z07,ZIC,1549.0,638,360
56,shock_down,Z08,ZIC,480.1,604,318
56,shock_down,Z09,ZIC,479.45,659,341
56,shock_down,S10,SHVR,-4543.85,5955,-93
56,shock_down,S11,SHVR,-4505.65,6069,-137
56,shock_down,S12,SHVR,-2758.25,5981,-145
56,shock_down,S13,SHVR,-7188.95,5987,-171
56,shock_down,S14,SHVR,-7140.15,5971,-67
56,shock_down,S15,SNPR,-1054.1,1320,2
56,shock_down,S16,SNPR,-2525.15,1309,-147
56,shock_down,S17,SNPR,-1240.25,1303,-5
56,shock_down,S18,SNPR,-2038.15,1341,-47
56,shock_down,S19,SNPR,-1163.35,1305,-3
56,shock_down,Z20,ZIP,9617.3,3652,-286
56,shock_down,Z21,ZIP,10019.35,3717,-397
56,shock_down,Z22,ZIP,9604.0,3628,-360
56,shock_down,Z23,ZIP,9848.4,3734,-808
56,shock_down,Z24,ZIP,10391.65,3635,-383
56,shock_down,P25,PRSH,1211.8,1010,564
56,shock_down,P26,PRSH,286.4,1140,612
56,shock_down,P27,PRSH,381.95,639,371
56,shock_down,P28,PRSH,459.45,563,321
56,shock_down,P29,PRSH,-80.05,3101,1191
56,shock_down,C30,CUSTOM,5337.95,4691,-49
56,shock_down,C31,CUSTOM,6248.25,4709,-55
56,shock_down,C32,CUSTOM,6135.65,4801,-63
56,shock_down,C33,CUSTOM,6287.2,4660,-44
56,shock_down,C34,CUSTOM,6140.85,4755,-47
57,shock_down,G00,GVWY,-8529.0,6668,-224
57,shock_down,G01,GVWY,-7206.25,6687,-223
57,shock_down,G02,GVWY,-5961.75,6671,-205
57,shock_down,G03,GVWY,-5973.25,6643,-331
57,shock_down,G04,GVWY,-4972.5,6604,-402
57,shock_down,Z05,ZIC,-6182.75,661,407
57,shock_down,Z06,ZIC,-4840.25,635,345
57,shock_down,Z07,ZIC,-3720.25,585,281
57,shock_down,Z08,ZIC,-5890.75,691,407
57,shock_down,Z09,ZIC,-4779.5,602,318
57,shock_down,S10,SHVR,-2651.0,6014,-84
57,shock_down,S11,SHVR,-5915.5,5984,10
57,shock_down,S12,SHVR,-5773.25,6005,-95
57,shock_down,S13,SHVR,-4803.0,5986,32
57,shock_down,S14,SHVR,-8071.75,5993,-25
57,shock_down,S15,SNPR,-1823.25,1315,61
57,shock_down,S16,SNPR,-1345.25,1283,21
57,shock_down,S17,SNPR,-1613.75,1305,-17
57,shock_down,S18,SNPR,-885.25,1305,-55
57,shock_down,S19,SNPR,-892.0,1316,-8
57,shock_down,Z20,ZIP,14002.5,3584,-242
57,shock_down,Z21,ZIP,29261.0,3798,-988
57,shock_down,Z22,ZIP,13491.25,3739,-165
57,shock_down,Z23,ZIP,13030.0,3574,-180
57,shock_down,Z24,ZIP,12876.75,3641,-299
57,shock_down,P25,PRSH,-8679.0,960,580
57,shock_down,P26,PRSH,-4249.75,397,347
57,shock_down,P27,PRSH,-3839.75,325,295
57,shock_down,P28,PRSH,-3646.5,312,286
57,shock_down,P29,PRSH,-3762.75,303,283
57,shock_down,C30,CUSTOM,6529.5,4818,-10
57,shock_down,C31,CUSTOM,7189.25,4739,-61
57,shock_down,C32,CUSTOM,7431.75,4807,-35
57,shock_down,C33,CUSTOM,6136.25,4893,-25
57,shock_down,C34,CUSTOM,7220.75,4793,-39
58,shock_down,G00,GVWY,-9528.4,6648,-474
58,shock_down,G01,GVWY,-7883.2,6600,-382
58,shock_down,G02,GVWY,-8194.4,6604,-304
58,shock_down,G03,GVWY,-10506.4,6599,-359
58,shock_down,G04,GVWY,-9483.6,6588,-146
58,shock_down,Z05,ZIC,2345.6,685,381
58,shock_down,Z06,ZIC,1097.4,707,389
58,shock_down,Z07,ZIC,1686.2,578,342
58,shock_down,Z08,ZIC,1756.4,580,354
58,shock_down,Z09,ZIC,1368.4,569,319
58,shock_down,S10,SHVR,-5864.8,5963,-93
58,shock_down,S11,SHVR,-7237.2,5950,-252
58,shock_down,S12,SHVR,-5237.4,5969,-89
58,shock_down,S13,SHVR,-5650.6,6020,-206
58,shock_down,S14,SHVR,-3948.4,5925,-189
58,shock_down,S15,SNPR,-984.2,1286,-2
58,shock_down,S16,SNPR,-1612.8,1273,-93
58,shock_down,S17,SNPR,-1367.8,1276,-48
58,shock_down,S18,SNPR,-1902.2,1282,-102
58,shock_down,S19,SNPR,-1214.6,1267,19
58,shock_down,Z20,ZIP,8335.8,3681,-317
58,shock_down,Z21,ZIP,7142.6,3636,-134
58,shock_down,Z22,ZIP,6753.2,3603,-313
58,shock_down,Z23,ZIP,7092.6,3599,-609
58,shock_down,Z24,ZIP,7411.6,3659,-359
58,shock_down,P25,PRSH,-4.0,3866,790
58,shock_down,P26,PRSH,1650.2,629,567
58,shock_down,P27,PRSH,2012.0,320,260
58,shock_down,P28,PRSH,1591.0,2816,1010
58,shock_down,P29,PRSH,2593.4,777,409
58,shock_down,C30,CUSTOM,5893.0,4780,-90
58,shock_down,C31,CUSTOM,5910.6,4720,-94
58,shock_down,C32,CUSTOM,4530.6,4714,-104
58,shock_down,C33,CUSTOM,4951.6,4748,-104
58,shock_down,C34,CUSTOM,6335.4,4680,-56
59,shock_down,G00,GVWY,692.4,6670,-592
59,shock_down,G01,GVWY,-3045.8,6601,-381
59,shock_down,G02,GVWY,-4281.6,6599,-367
59,shock_down,G03,GVWY,-6907.4,6611,-313
59,shock_down,G04,GVWY,-5315.8,6623,-191
59,shock_down,Z05,ZIC,-6645.2,645,431
59,shock_down,Z06,ZIC,-5089.2,606,326
59,shock_down,Z07,ZIC,-7118.0,607,385
59,shock_down,Z08,ZIC,-5616.6,611,313
59,shock_down,Z09,ZIC,-5619.0,570,320
59,shock_down,S10,SHVR,367.2,5961,-311
59,shock_down,S11,SHVR,-4562.0,6091,-125
59,shock_down,S12,SHVR,-1795.0,6004,-100
59,shock_down,S13,SHVR,-705.4,5987,-203
59,shock_down,S14,SHVR,-2067.6,6013,-207
59,shock_down,S15,SNPR,-832.6,1295,-47
59,shock_down,S16,SNPR,231.6,1296,-118
59,shock_down,S17,SNPR,-210.8,1277,-71
59,shock_down,S18,SNPR,13.4,1303,-107
59,shock_down,S19,SNPR,-406.4,1301,-103
59,shock_down,Z20,ZIP,11521.2,3635,-141
59,shock_down,Z21,ZIP,13048.6,3666,-268
59,shock_down,Z22,ZIP,16182.2,3671,-371
59,shock_down,Z23,ZIP,15917.2,3743,-331
59,shock_down,Z24,ZIP,14983.8,3699,-369
59,shock_down,P25,PRSH,-12745.2,2045,901
59,shock_down,P26,PRSH,-15278.4,2107,847
59,shock_down,P27,PRSH,-6405.8,708,424
59,shock_down,P28,PRSH,-3191.4,365,277
59,shock_down,P29,PRSH,-9678.4,1462,672
59,shock_down,C30,CUSTOM,7287.8,4826,-54
59,shock_down,C31,CUSTOM,6748.2,4811,-61
59,shock_down,C32,CUSTOM,7401.0,4853,-65
59,shock_down,C33,CUSTOM,6804.2,4849,-31
59,shock_down,C34,CUSTOM,7304.0,4786,-40
60,shock_down,G00,GVWY,-10919.8,6662,-36
60,shock_down,G01,GVWY,-8085.8,6697,-311
60,shock_down,G02,GVWY,-10835.0,6635,-385
60,shock_down,G03,GVWY,-8897.6,6626,-122
60,shock_down,G04,GVWY,-7625.6,6631,-327
60,shock_down,Z05,ZIC,-2590.2,686,436
60,shock_down,Z06,ZIC,-1771.8,619,389
60,shock_down,Z07,ZIC,-941.8,643,359
60,shock_down,Z08,ZIC,-990.4,690,372
60,shock_down,Z09,ZIC,-881.6,678,448
60,shock_down,S10,SHVR,-4570.2,6055,-49
60,shock_down,S11,SHVR,-4856.8,6038,-366
60,shock_down,S12,SHVR,-5965.6,5996,138
60,shock_down,S13,SHVR,-4492.8,6010,94
60,shock_down,S14,SHVR,-2277.0,5987,-335
60,shock_down,S15,SNPR,-1369.6,1287,-57
60,shock_down,S16,SNPR,-1634.6,1281,-37
60,shock_down,S17,SNPR,-1534.2,1301,1
60,shock_down,S18,SNPR,-1676.2,1264,-44
60,shock_down,S19,SNPR,-1842.2,1277,-49
60,shock_down,Z20,ZIP,8746.4,3550,-152
60,shock_down,Z21,ZIP,8668.2,3619,-221
60,shock_down,Z22,ZIP,12676.8,3751,-779
60,shock_down,Z23,ZIP,15941.2,3641,-811
60,shock_down,Z24,ZIP,12370.0,3715,-235
60,shock_down,P25,PRSH,142.6,358,312
60,shock_down,P26,PRSH,-680.4,325,267
60,shock_down,P27,PRSH,-956.0,551,395
60,shock_down,P28,PRSH,-2115.8,1350,774
60,shock_down,P29,PRSH,-1920.8,981,609
60,shock_down,C30,CUSTOM,6616.8,4773,-89
60,shock_down,C31,CUSTOM,6397.2,4796,-56
60,shock_down,C32,CUSTOM,6199.4,4694,-72
60,shock_down,C33,CUSTOM,6247.8,4942,-54
60,shock_down,C34,CUSTOM,6044.4,4680,-82
61,shock_down,G00,GVWY,-8881.15,6627,-299
61,shock_down,G01,GVWY,-7878.8,6584,-348
61,shock_down,G02,GVWY,-7688.45,6635,-137
61,shock_down,G03,GVWY,-7507.2,6616,-252
61,shock_down,G04,GVWY,-3855.9,6626,-214
61,shock_down,Z05,ZIC,-3032.65,643,331
61,shock_down,Z06,ZIC,-4496.5,680,410
61,shock_down,Z07,ZIC,-3864.8,592,312
61,shock_down,Z08,ZIC,-3799.9,616,366
61,shock_down,Z09,ZIC,-3355.8,668,412
61,shock_down,S10,SHVR,-5874.0,5986,-20
61,shock_down,S11,SHVR,-6835.05,6103,-93
61,shock_down,S12,SHVR,993.8,6076,-412
61,shock_down,S13,SHVR,-5598.6,6068,-36
61,shock_down,S14,SHVR,11.3,6130,-282
61,shock_down,S15,SNPR,-1201.55,1321,-3
61,shock_down,S16,SNPR,-1530.35,1321,29
61,shock_down,S17,SNPR,-1067.65,1333,-69
61,shock_down,S18,SNPR,-1006.1,1328,-6
61,shock_down,S19,SNPR,-1129.1,1308,-6
61,shock_down,Z20,ZIP,9213.2,3640,-228
61,shock_down,Z21,ZIP,15443.1,3542,-494
61,shock_down,Z22,ZIP,11207.25,3657,-315
61,shock_down,Z23,ZIP,26430.15,3709,-1341
61,shock_down,Z24,ZIP,18440.2,3746,-748
61,shock_down,P25,PRSH,-1586.15,375,301
61,shock_down,P26,PRSH,-11772.55,4547,917
61,shock_down,P27,PRSH,-9135.35,2319,1049
61,shock_down,P28,PRSH,-12185.45,3435,1063
61,shock_down,P29,PRSH,-2079.4,396,276
61,shock_down,C30,CUSTOM,7278.55,4817,-37
61,shock_down,C31,CUSTOM,6814.95,4819,-53
61,shock_down,C32,CUSTOM,6087.2,4780,-28
61,shock_down,C33,CUSTOM,6381.5,4788,-70
61,shock_down,C34,CUSTOM,7707.9,4712,-46
62,shock_down,G00,GVWY,-5587.0,6646,-340
62,shock_down,G01,GVWY,-7933.7,6657,-271
62,shock_down,G02,GVWY,-7381.3,6655,-219
62,shock_down,G03,GVWY,-7354.1,6643,-153
62,shock_down,G04,GVWY,-9150.7,6641,-51
62,shock_down,Z05,ZIC,-2893.3,651,391
62,shock_down,Z06,ZIC,-3388.2,594,394
62,shock_down,Z07,ZIC,-3045.1,639,347
62,shock_down,Z08,ZIC,-2555.6,660,382
62,shock_down,Z09,ZIC,-2131.8,678,316
62,shock_down,S10,SHVR,-5987.7,5983,29
62,shock_down,S11,SHVR,-6095.1,5985,-53
62,shock_down,S12,SHVR,-4876.6,5986,-198
62,shock_down,S13,SHVR,-7773.2,5998,-26
62,shock_down,S14,SHVR,-5297.1,5999,-143
62,shock_down,S15,SNPR,-1012.6,1320,-8
62,shock_down,S16,SNPR,-792.3,1309,-49
62,shock_down,S17,SNPR,-963.8,1306,86
62,shock_down,S18,SNPR,-953.1,1311,-43
62,shock_down,S19,SNPR,-834.8,1316,-74
62,shock_down,Z20,ZIP,17549.5,3741,-645
62,shock_down,Z21,ZIP,16904.8,3646,-516
62,shock_down,Z22,ZIP,10084.1,3659,-227
62,shock_down,Z23,ZIP,17508.0,3716,-520
62,shock_down,Z24,ZIP,11583.5,3767,-235
62,shock_down,P25,PRSH,-8508.3,4905,691
62,shock_down,P26,PRSH,-1389.7,355,279
62,shock_down,P27,PRSH,-2244.0,334,290
62,shock_down,P28,PRSH,-3948.9,919,543
62,shock_down,P29,PRSH,-2512.4,378,298
62,shock_down,C30,CUSTOM,6191.4,4824,-48
62,shock_down,C31,CUSTOM,6418.0,4838,-60
62,shock_down,C32,CUSTOM,7049.7,4849,-109
62,shock_down,C33,CUSTOM,6127.6,4892,-72
62,shock_down,C34,CUSTOM,5670.1,4785,-57
63,shock_down,G00,GVWY,-5086.1,6588,-546
63,shock_down,G01,GVWY,-8567.15,6635,-179
63,shock_down,G02,GVWY,-6173.8,6672,-388
63,shock_down,G03,GVWY,-7091.95,6659,-367
63,shock_down,G04,GVWY,-9383.1,6620,-166
63,shock_down,Z05,ZIC,-2803.95,627,373
63,shock_down,Z06,ZIC,-2299.25,613,395
63,shock_down,Z07,ZIC,-3878.1,642,434
63,shock_down,Z08,ZIC,-2776.85,635,379
63,shock_down,Z09,ZIC,-2778.1,644,354
63,shock_down,S10,SHVR,-6874.6,5952,124
63,shock_down,S11,SHVR,-5286.7,5994,-42
63,shock_down,S12,SHVR,-5864.15,6023,-19
63,shock_down,S13,SHVR,-6648.4,5984,16
63,shock_down,S14,SHVR,-6480.85,5981,-1
63,shock_down,S15,SNPR,-933.25,1295,-105
63,shock_down,S16,SNPR,-1310.9,1312,-54
63,shock_down,S17,SNPR,-1297.85,1299,-1
63,shock_down,S18,SNPR,-1154.05,1297,-53
63,shock_down,S19,SNPR,-1428.05,1295,7
63,shock_down,Z20,ZIP,11227.3,3500,-222
63,shock_down,Z21,ZIP,11835.7,3578,-198
63,shock_down,Z22,ZIP,17157.0,3728,-660
63,shock_down,Z23,ZIP,11946.55,3539,-337
63,shock_down,Z24,ZIP,13981.75,3681,-405
63,shock_down,P25,PRSH,-2684.45,427,383
63,shock_down,P26,PRSH,-1911.25,333,295
63,shock_down,P27,PRSH,-2621.35,929,489
63,shock_down,P28,PRSH,-2151.65,329,291
63,shock_down,P29,PRSH,-1582.0,468,340
63,shock_down,C30,CUSTOM,6826.75,4891,-45
63,shock_down,C31,CUSTOM,5875.75,4731,-25
63,shock_down,C32,CUSTOM,7753.9,4884,-46
63,shock_down,C33,CUSTOM,7167.6,4764,-24
63,shock_down,C34,CUSTOM,6102.3,4750,-42
64,shock_down,G00,GVWY,-5423.3,6601,-421
64,shock_down,G01,GVWY,-3213.3,6523,-441
64,shock_down,G02,GVWY,-3458.7,6535,-219
64,shock_down,G03,GVWY,-4011.5,6599,-385
64,shock_down,G04,GVWY,-3212.2,6554,-524
64,shock_down,Z05,ZIC,-2156.0,584,290
64,shock_down,Z06,ZIC,-2218.8,596,304
64,shock_down,Z07,ZIC,-2082.1,587,293
64,shock_down,Z08,ZIC,-3062.7,599,311
64,shock_down,Z09,ZIC,-1564.6,638,328
64,shock_down,S10,SHVR,-4857.9,5957,-213
64,shock_down,S11,SHVR,-3251.6,5972,-192
64,shock_down,S12,SHVR,-6331.2,5938,-74
64,shock_down,S13,SHVR,-3916.2,5948,-144
64,shock_down,S14,SHVR,-3178.5,5957,-145
64,shock_down,S15,SNPR,-554.6,1286,-142
64,shock_down,S16,SNPR,-909.5,1277,-75
64,shock_down,S17,SNPR,-937.5,1287,-15
64,shock_down,S18,SNPR,-879.5,1291,-135
64,shock_down,S19,SNPR,-436.4,1300,-98
64,shock_down,Z20,ZIP,11365.6,3698,-338
64,shock_down,Z21,ZIP,11040.7,3599,-311
64,shock_down,Z22,ZIP,10480.6,3740,-198
64,shock_down,Z23,ZIP,8630.9,3615,-57
64,shock_down,Z24,ZIP,10212.6,3698,-318
64,shock_down,P25,PRSH,-5431.9,2623,757
64,shock_down,P26,PRSH,-8483.5,1081,905
64,shock_down,P27,PRSH,-7025.6,3760,508
64,shock_down,P28,PRSH,-7505.8,1524,724
64,shock_down,P29,PRSH,-639.9,349,277
64,shock_down,C30,CUSTOM,6155.5,4697,-65
64,shock_down,C31,CUSTOM,7445.2,4650,-56
64,shock_down,C32,CUSTOM,7176.6,4764,-88
64,shock_down,C33,CUSTOM,6357.6,4754,-78
64,shock_down,C34,CUSTOM,6975.3,4749,-69
65,shock_down,G00,GVWY,-3796.8,6596,-318
65,shock_down,G01,GVWY,-9038.4,6575,-289
65,shock_down,G02,GVWY,-1645.0,6635,-575
65,shock_down,G03,GVWY,-4198.6,6656,-256
65,shock_down,G04,GVWY,-7294.4,6610,-354
65,shock_down,Z05,ZIC,-3393.6,617,329
65,shock_down,Z06,ZIC,-3116.6,609,369
65,shock_down,Z07,ZIC,-3244.6,611,359
65,shock_down,Z08,ZIC,-3157.4,605,301
65,shock_down,Z09,ZIC,-2749.8,601,297
65,shock_down,S10,SHVR,-1100.8,5982,-208
65,shock_down,S11,SHVR,-6968.8,6005,-113
65,shock_down,S12,SHVR,-396.4,5981,-319
65,shock_down,S13,SHVR,-4900.4,6011,-119
65,shock_down,S14,SHVR,-5455.2,5987,-27
65,shock_down,S15,SNPR,-952.0,1313,-95
65,shock_down,S16,SNPR,-927.8,1312,-128
65,shock_down,S17,SNPR,-861.8,1321,-53
65,shock_down,S18,SNPR,-1342.8,1275,47
65,shock_down,S19,SNPR,-932.4,1284,-114
65,shock_down,Z20,ZIP,16982.6,3604,-544
65,shock_down,Z21,ZIP,8627.2,3585,-193
65,shock_down,Z22,ZIP,12354.2,3646,-328
65,shock_down,Z23,ZIP,16756.6,3603,-679
65,shock_down,Z24,ZIP,12587.8,3676,-362
65,shock_down,P25,PRSH,-5772.4,1185,581
65,shock_down,P26,PRSH,-4612.0,735,395
65,shock_down,P27,PRSH,-10531.4,2418,966
65,shock_down,P28,PRSH,-8848.8,2114,1212
65,shock_down,P29,PRSH,-4451.6,786,484
65,shock_down,C30,CUSTOM,6549.8,4806,-62
65,shock_down,C31,CUSTOM,6309.8,4823,-77
65,shock_down,C32,CUSTOM,6987.4,4770,-46
65,shock_down,C33,CUSTOM,6008.6,4723,-59
65,shock_down,C34,CUSTOM,6987.6,4650,-64
66,shock_down,G00,GVWY,-10321.9,6597,-37
66,shock_down,G01,GVWY,-8202.6,6660,-218
66,shock_down,G02,GVWY,-10978.3,6647,-229
66,shock_down,G03,GVWY,-5234.4,6686,-262
66,shock_down,G04,GVWY,-10348.7,6705,-211
66,shock_down,Z05,ZIC,-1831.9,627,323
66,shock_down,Z06,ZIC,-2310.3,615,371
66,shock_down,Z07,ZIC,-3320.4,660,398
66,shock_down,Z08,ZIC,-3408.9,651,393
66,shock_down,Z09,ZIC,-2166.6,614,352
66,shock_down,S10,SHVR,-2941.2,6060,-276
66,shock_down,S11,SHVR,-4013.5,6017,-65
66,shock_down,S12,SHVR,-3998.3,6011,-109
66,shock_down,S13,SHVR,-1373.3,6067,-159
66,shock_down,S14,SHVR,-7699.3,5963,191
66,shock_down,S15,SNPR,-979.0,1292,-50
66,shock_down,S16,SNPR,-1148.6,1294,-8
66,shock_down,S17,SNPR,-1292.9,1281,23
66,shock_down,S18,SNPR,-1159.6,1300,-58
66,shock_down,S19,SNPR,-1529.8,1306,-14
66,shock_down,Z20,ZIP,8886.8,3686,-166
66,shock_down,Z21,ZIP,11063.6,3782,-242
66,shock_down,Z22,ZIP,13267.4,3624,-448
66,shock_down,Z23,ZIP,20681.1,3751,-1087
66,shock_down,Z24,ZIP,15840.0,3726,-700
66,shock_down,P25,PRSH,-963.7,297,239
66,shock_down,P26,PRSH,-9324.8,2742,1006
66,shock_down,P27,PRSH,-3164.6,618,352
66,shock_down,P28,PRSH,-4522.9,985,543
66,shock_down,P29,PRSH,-1133.8,324,296
66,shock_down,C30,CUSTOM,7236.3,4767,-51
66,shock_down,C31,CUSTOM,6010.3,4733,-21
66,shock_down,C32,CUSTOM,7567.4,4650,-38
66,shock_down,C33,CUSTOM,7072.0,4738,-40
66,shock_down,C34,CUSTOM,6392.5,4729,-55
67,shock_down,G00,GVWY,-7626.3,6601,-487
67,shock_down,G01,GVWY,-10511.7,6611,-53
67,shock_down,G02,GVWY,-8536.7,6645,-493
67,shock_down,G03,GVWY,-5175.6,6626,-354
67,shock_down,G04,GVWY,-6708.4,6634,-266
67,shock_down,Z05,ZIC,-949.4,614,374
67,shock_down,Z06,ZIC,-1646.5,597,355
67,shock_down,Z07,ZIC,-1388.3,607,333
67,shock_down,Z08,ZIC,-1731.5,581,295
67,shock_down,Z09,ZIC,-949.1,649,371
67,shock_down,S10,SHVR,-2629.0,5990,-140
67,shock_down,S11,SHVR,-3873.5,5989,-55
67,shock_down,S12,SHVR,-3992.1,6003,-139
67,shock_down,S13,SHVR,-7322.6,5998,-34
67,shock_down,S14,SHVR,-4088.2,6010,-208
67,shock_down,S15,SNPR,-1133.9,1279,-11
67,shock_down,S16,SNPR,-1271.9,1323,-11
67,shock_down,S17,SNPR,-1293.0,1294,-40
67,shock_down,S18,SNPR,-1429.1,1291,-9
67,shock_down,S19,SNPR,-1325.0,1306,-70
67,shock_down,Z20,ZIP,7256.0,3592,-170
67,shock_down,Z21,ZIP,15474.6,3662,-796
67,shock_down,Z22,ZIP,10698.8,3616,-358
67,shock_down,Z23,ZIP,7828.1,3643,-171
67,shock_down,Z24,ZIP,9634.2,3592,-272
67,shock_down,P25,PRSH,-830.5,363,285
67,shock_down,P26,PRSH,-426.2,310,262
67,shock_down,P27,PRSH,-2820.6,780,496
67,shock_down,P28,PRSH,-4546.0,1918,810
67,shock_down,P29,PRSH,-3608.9,1613,859
67,shock_down,C30,CUSTOM,7805.2,4786,-52
67,shock_down,C31,CUSTOM,6107.1,4787,-71
67,shock_down,C32,CUSTOM,6438.3,4733,-73
67,shock_down,C33,CUSTOM,7826.2,4830,-92
67,shock_down,C34,CUSTOM,6066.5,4701,-65
68,shock_down,G00,GVWY,-7639.5,6673,-173
68,shock_down,G01,GVWY,-8522.0,6626,-186
68,shock_down,G02,GVWY,-8846.5,6679,-65
68,shock_down,G03,GVWY,-4327.0,6682,-342
68,shock_down,G04,GVWY,-7571.5,6685,-211
68,shock_down,Z05,ZIC,-4218.5,639,413
68,shock_down,Z06,ZIC,-2677.5,653,337
68,shock_down,Z07,ZIC,-3828.0,646,394
68,shock_down,Z08,ZIC,-2911.0,632,342
68,shock_down,Z09,ZIC,-4364.0,660,414
68,shock_down,S10,SHVR,-1287.5,6109,-165
68,shock_down,S11,SHVR,-4686.5,6057,-183
68,shock_down,S12,SHVR,-6114.5,6067,-19
68,shock_down,S13,SHVR,-8685.0,6034,22
68,shock_down,S14,SHVR,-4474.0,6084,-48
68,shock_down,S15,SNPR,-1216.0,1320,-106
68,shock_down,S16,SNPR,-1359.0,1292,52
68,shock_down,S17,SNPR,-1596.5,1309,-45
68,shock_down,S18,SNPR,-582.0,1304,-134
68,shock_down,S19,SNPR,-1339.5,1297,-95
68,shock_down,Z20,ZIP,20917.5,3769,-909
68,shock_down,Z21,ZIP,15544.5,3719,-353
68,shock_down,Z22,ZIP,12394.5,3733,-129
68,shock_down,Z23,ZIP,11757.5,3685,-223
68,shock_down,Z24,ZIP,17051.5,3759,-541
68,shock_down,P25,PRSH,-2931.0,404,312
68,shock_down,P26,PRSH,-5528.5,843,541
68,shock_down,P27,PRSH,-8992.5,1483,809
68,shock_down,P28,PRSH,-7440.0,5682,160
68,shock_down,P29,PRSH,-1232.0,304,266
68,shock_down,C30,CUSTOM,7566.5,4679,-53
68,shock_down,C31,CUSTOM,6511.0,4788,-54
68,shock_down,C32,CUSTOM,7853.5,4721,-39
68,shock_down,C33,CUSTOM,7707.0,4784,-40
68,shock_down,C34,CUSTOM,7476.0,4746,-48
69,shock_down,G00,GVWY,-8167.5,6551,-355
69,shock_down,G01,GVWY,-10795.6,6590,-332
69,shock_down,G02,GVWY,-7028.1,6561,-337
69,shock_down,G03,GVWY,-10723.6,6624,-462
69,shock_down,G04,GVWY,-7576.6,6586,-672
69,shock_down,Z05,ZIC,1156.1,549,327
69,shock_down,Z06,ZIC,847.4,598,328
69,shock_down,Z07,ZIC,956.8,610,336
69,shock_down,Z08,ZIC,1535.1,587,367
69,shock_down,Z09,ZIC,521.1,563,297
69,shock_down,S10,SHVR,-3629.0,6002,-440
69,shock_down,S11,SHVR,-5503.2,6004,-94
69,shock_down,S12,SHVR,-4918.2,6034,-244
69,shock_down,S13,SHVR,-8645.2,5958,-284
69,shock_down,S14,SHVR,-3367.5,5967,-375
69,shock_down,S15,SNPR,-1573.7,1315,-29
69,shock_down,S16,SNPR,-1749.1,1315,-57
69,shock_down,S17,SNPR,-756.2,1328,6
69,shock_down,S18,SNPR,-1934.9,1287,-113
69,shock_down,S19,SNPR,-2078.0,1310,-80
69,shock_down,Z20,ZIP,9185.3,3621,-669
69,shock_down,Z21,ZIP,7752.7,3687,-521
69,shock_down,Z22,ZIP,6170.0,3696,-350
69,shock_down,Z23,ZIP,6273.0,3714,-170
69,shock_down,Z24,ZIP,5969.1,3681,-333
69,shock_down,P25,PRSH,44.5,3255,1175
69,shock_down,P26,PRSH,5110.2,1996,994
69,shock_down,P27,PRSH,951.5,1005,525
69,shock_down,P28,PRSH,-39.1,2663,873
69,shock_down,P29,PRSH,3639.8,2282,866
69,shock_down,C30,CUSTOM,5450.9,4721,-47
69,shock_down,C31,CUSTOM,6137.9,4713,-47
69,shock_down,C32,CUSTOM,6414.4,4684,-92
69,shock_down,C33,CUSTOM,5252.4,4708,-62
69,shock_down,C34,CUSTOM,5645.1,4641,-63
70,shock_down,G00,GVWY,-9215.6,6637,-229
70,shock_down,G01,GVWY,-9507.2,6641,-263
70,shock_down,G02,GVWY,-3208.4,6601,-451
70,shock_down,G03,GVWY,-5645.4,6635,-251
70,shock_down,G04,GVWY,-4238.6,6652,-374
70,shock_down,Z05,ZIC,-3311.6,606,366
70,shock_down,Z06,ZIC,-3132.8,655,393
70,shock_down,Z07,ZIC,-3185.6,593,351
70,shock_down,Z08,ZIC,-2929.6,625,361
70,shock_down,Z09,ZIC,-3070.2,644,322
70,shock_down,S10,SHVR,-1960.4,6028,-196
70,shock_down,S11,SHVR,-7312.2,6037,-283
70,shock_down,S12,SHVR,-1965.6,5997,-199
70,shock_down,S13,SHVR,-3671.8,5985,-7
70,shock_down,S14,SHVR,-5786.8,6005,-187
70,shock_down,S15,SNPR,-1643.2,1317,-13
70,shock_down,S16,SNPR,-1281.6,1309,41
70,shock_down,S17,SNPR,-1174.0,1318,-100
70,shock_down,S18,SNPR,-1193.4,1313,-71
70,shock_down,S19,SNPR,-1300.8,1294,8
70,shock_down,Z20,ZIP,12268.8,3786,-368
70,shock_down,Z21,ZIP,15924.6,3614,-576
70,shock_down,Z22,ZIP,8813.8,3750,-248
70,shock_down,Z23,ZIP,13473.6,3631,-341
70,shock_down,Z24,ZIP,10558.2,3711,-227
70,shock_down,P25,PRSH,-3868.8,848,508
70,shock_down,P26,PRSH,-3547.2,805,507
70,shock_down,P27,PRSH,-8045.0,2410,1040
70,shock_down,P28,PRSH,-2863.2,515,347
70,shock_down,P29,PRSH,-2283.8,469,333
70,shock_down,C30,CUSTOM,6651.0,4801,-45
70,shock_down,C31,CUSTOM,7557.8,4706,-48
70,shock_down,C32,CUSTOM,7405.8,4672,-38
70,shock_down,C33,CUSTOM,6051.4,4847,-59
70,shock_down,C34,CUSTOM,7430.4,4756,-64
71,shock_down,G00,GVWY,-9999.4,6616,-216
71,shock_down,G01,GVWY,-7468.6,6632,-294
71,shock_down,G02,GVWY,-6813.8,6632,-242
71,shock_down,G03,GVWY,-10343.6,6636,-364
71,shock_down,G04,GVWY,-6957.5,6603,-315
71,shock_down,Z05,ZIC,-234.5,653,335
71,shock_down,Z06,ZIC,-449.0,584,300
71,shock_down,Z07,ZIC,-449.5,641,335
71,shock_down,Z08,ZIC,-407.7,657,357
71,shock_down,Z09,ZIC,-1139.0,598,380
71,shock_down,S10,SHVR,-5679.9,6039,-111
71,shock_down,S11,SHVR,-4718.1,5973,-129
71,shock_down,S12,SHVR,-3325.0,5978,-130
71,shock_down,S13,SHVR,-4594.4,5978,-136
71,shock_down,S14,SHVR,-6084.0,6016,-160
71,shock_down,S15,SNPR,-1523.3,1277,-37
71,shock_down,S16,SNPR,-1442.4,1312,-16
71,shock_down,S17,SNPR,-1693.1,1289,-69
71,shock_down,S18,SNPR,-1055.7,1301,47
71,shock_down,S19,SNPR,-1508.5,1285,-85
71,shock_down,Z20,ZIP,8273.5,3675,-115
71,shock_down,Z21,ZIP,5951.8,3612,-88
71,shock_down,Z22,ZIP,8197.6,3746,-166
71,shock_down,Z23,ZIP,15605.8,3776,-988
71,shock_down,Z24,ZIP,9443.0,3656,-510
71,shock_down,P25,PRSH,127.5,631,315
71,shock_down,P26,PRSH,-1985.5,1989,1005
71,shock_down,P27,PRSH,-263.4,392,344
71,shock_down,P28,PRSH,-2150.1,1397,701
71,shock_down,P29,PRSH,127.6,302,254
71,shock_down,C30,CUSTOM,7168.5,4753,-55
71,shock_down,C31,CUSTOM,6107.5,4689,-75
71,shock_down,C32,CUSTOM,6286.9,4645,-59
71,shock_down,C33,CUSTOM,7498.4,4714,-74
71,shock_down,C34,CUSTOM,6919.7,4665,-57
72,shock_down,G00,GVWY,-6683.0,6632,-380
72,shock_down,G01,GVWY,-6214.05,6637,-323
72,shock_down,G02,GVWY,-2021.8,6578,-428
72,shock_down,G03,GVWY,-7975.3,6626,-198
72,shock_down,G04,GVWY,-2106.85,6567,-411
72,shock_down,Z05,ZIC,-2571.75,607,335
72,shock_down,Z06,ZIC,-3323.75,605,395
72,shock_down,Z07,ZIC,-3846.05,627,377
72,shock_down,Z08,ZIC,-4930.65,627,401
72,shock_down,Z09,ZIC,-4053.75,633,355
72,shock_down,S10,SHVR,-3102.85,5989,-251
72,shock_down,S11,SHVR,-4965.7,5956,-122
72,shock_down,S12,SHVR,-4648.5,5972,-270
72,shock_down,S13,SHVR,-3397.1,5914,-186
72,shock_down,S14,SHVR,-7222.75,5965,-45
72,shock_down,S15,SNPR,-988.3,1288,-58
72,shock_down,S16,SNPR,-601.5,1290,-30
72,shock_down,S17,SNPR,-1792.75,1305,55
72,shock_down,S18,SNPR,-2046.65,1303,21
72,shock_down,S19,SNPR,-1014.8,1282,-68
72,shock_down,Z20,ZIP,10152.05,3637,-197
72,shock_down,Z21,ZIP,9066.7,3666,-138
72,shock_down,Z22,ZIP,17960.1,3736,-634
72,shock_down,Z23,ZIP,12444.65,3663,-181
72,shock_down,Z24,ZIP,10326.85,3597,-189
72,shock_down,P25,PRSH,-7845.25,1219,745
72,shock_down,P26,PRSH,-2533.8,382,272
72,shock_down,P27,PRSH,-5929.25,931,505
72,shock_down,P28,PRSH,-4403.45,897,513
72,shock_down,P29,PRSH,-3179.8,622,372
72,shock_down,C30,CUSTOM,8448.15,4869,-51
72,shock_down,C31,CUSTOM,7891.2,4800,-88
72,shock_down,C32,CUSTOM,7329.55,4701,-27
72,shock_down,C33,CUSTOM,7110.0,4758,-60
72,shock_down,C34,CUSTOM,7707.9,4752,-66
73,shock_down,G00,GVWY,-8749.9,6653,-177
73,shock_down,G01,GVWY,-7922.6,6622,-258
73,shock_down,G02,GVWY,-9202.5,6605,-275
73,shock_down,G03,GVWY,-4304.7,6631,-331
73,shock_down,G04,GVWY,-1751.7,6647,-541
73,shock_down,Z05,ZIC,-2223.3,603,311
73,shock_down,Z06,ZIC,-1211.1,657,367
73,shock_down,Z07,ZIC,-1348.3,633,281
73,shock_down,Z08,ZIC,-3783.8,632,416
73,shock_down,Z09,ZIC,-1197.2,556,274
73,shock_down,S10,SHVR,-2671.8,6052,-244
73,shock_down,S11,SHVR,-5862.8,6020,-94
73,shock_down,S12,SHVR,-1230.8,6064,-244
73,shock_down,S13,SHVR,-4417.2,6038,-246
73,shock_down,S14,SHVR,-4601.3,6023,-259
73,shock_down,S15,SNPR,-1266.4,1288,-112
73,shock_down,S16,SNPR,-1262.2,1310,-46
73,shock_down,S17,SNPR,-1042.3,1303,-49
73,shock_down,S18,SNPR,-1073.5,1313,-75
73,shock_down,S19,SNPR,-813.8,1314,-104
73,shock_down,Z20,ZIP,9009.1,3641,-167
73,shock_down,Z21,ZIP,8595.9,3603,-293
73,shock_down,Z22,ZIP,14787.4,3624,-468
73,shock_down,Z23,ZIP,8918.3,3673,-281
73,shock_down,Z24,ZIP,9718.0,3650,-110
73,shock_down,P25,PRSH,-498.9,621,573
73,shock_down,P26,PRSH,-5502.7,2901,969
73,shock_down,P27,PRSH,-3325.3,915,511
73,shock_down,P28,PRSH,-5341.8,1358,656
73,shock_down,P29,PRSH,-873.8,332,276
73,shock_down,C30,CUSTOM,6067.2,4782,-94
73,shock_down,C31,CUSTOM,6930.0,4822,-90
73,shock_down,C32,CUSTOM,6350.1,4775,-67
73,shock_down,C33,CUSTOM,6385.3,4745,-61
73,shock_down,C34,CUSTOM,5554.6,4836,-32
74,shock_down,G00,GVWY,-10376.5,6622,-206
74,shock_down,G01,GVWY,-7648.0,6572,-308
74,shock_down,G02,GVWY,-9236.25,6595,-293
74,shock_down,G03,GVWY,-5357.5,6590,-238
74,shock_down,G04,GVWY,-5632.0,6622,-316
74,shock_down,Z05,ZIC,-2270.75,609,305
74,shock_down,Z06,ZIC,-2189.5,540,294
74,shock_down,Z07,ZIC,-2340.0,596,348
74,shock_down,Z08,ZIC,-1780.75,663,305
74,shock_down,Z09,ZIC,-1735.75,597,333
74,shock_down,S10,SHVR,-1342.25,5971,-297
74,shock_down,S11,SHVR,-6441.0,5946,-84
74,shock_down,S12,SHVR,2409.5,5956,-302
74,shock_down,S13,SHVR,-853.0,5994,-144
74,shock_down,S14,SHVR,-5520.75,5995,-147
74,shock_down,S15,SNPR,-1428.5,1302,-2
74,shock_down,S16,SNPR,-1153.25,1319,-65
74,shock_down,S17,SNPR,-1006.25,1309,-1
74,shock_down,S18,SNPR,-572.75,1311,-91
74,shock_down,S19,SNPR,-663.75,1299,-43
74,shock_down,Z20,ZIP,8461.0,3544,-256
74,shock_down,Z21,ZIP,10180.5,3572,-198
74,shock_down,Z22,ZIP,8037.0,3600,-240
74,shock_down,Z23,ZIP,9129.25,3581,-207
74,shock_down,Z24,ZIP,9919.25,3569,-227
74,shock_down,P25,PRSH,-1045.0,286,240
74,shock_down,P26,PRSH,-1212.25,295,251
74,shock_down,P27,PRSH,-2067.25,407,291
74,shock_down,P28,PRSH,-7551.75,2305,1073
74,shock_down,P29,PRSH,-1933.75,683,341
74,shock_down,C30,CUSTOM,6912.0,4612,-60
74,shock_down,C31,CUSTOM,7518.0,4708,-48
74,shock_down,C32,CUSTOM,7244.0,4682,-64
74,shock_down,C33,CUSTOM,7444.0,4782,-48
74,shock_down,C34,CUSTOM,6791.0,4716,-40
75,shock_down,G00,GVWY,-9717.4,6638,-476
75,shock_down,G01,GVWY,-8818.85,6641,-269
75,shock_down,G02,GVWY,-9471.8,6598,-52
75,shock_down,G03,GVWY,-8091.5,6638,-350
75,shock_down,G04,GVWY,-11426.25,6635,-205
75,shock_down,Z05,ZIC,-1150.75,625,305
75,shock_down,Z06,ZIC,-1591.1,658,366
75,shock_down,Z07,ZIC,-1812.95,683,357
75,shock_down,Z08,ZIC,-158.15,613,329
75,shock_down,Z09,ZIC,-1562.0,626,360
75,shock_down,S10,SHVR,-4748.5,5984,-90
75,shock_down,S11,SHVR,-5568.2,6030,-348
75,shock_down,S12,SHVR,-5583.45,6007,-133
75,shock_down,S13,SHVR,-3980.4,5946,-196
75,shock_down,S14,SHVR,-1371.3,5986,-162
75,shock_down,S15,SNPR,-1207.1,1326,-34
75,shock_down,S16,SNPR,-1650.3,1306,-82
75,shock_down,S17,SNPR,-1050.65,1307,-21
75,shock_down,S18,SNPR,-1122.9,1274,14
75,shock_down,S19,SNPR,-854.55,1305,-47
75,shock_down,Z20,ZIP,12090.5,3622,-570
75,shock_down,Z21,ZIP,11282.05,3521,-143
75,shock_down,Z22,ZIP,9266.75,3667,-245
75,shock_down,Z23,ZIP,9717.1,3644,-206
75,shock_down,Z24,ZIP,13443.45,3685,-507
75,shock_down,P25,PRSH,-1921.65,1191,859
75,shock_down,P26,PRSH,-2855.6,886,476
75,shock_down,P27,PRSH,-1745.55,727,473
75,shock_down,P28,PRSH,-2282.2,968,512
75,shock_down,P29,PRSH,-368.55,303,253
75,shock_down,C30,CUSTOM,6114.6,4658,-36
75,shock_down,C31,CUSTOM,6247.7,4708,-62
75,shock_down,C32,CUSTOM,6181.7,4646,-42
75,shock_down,C33,CUSTOM,7204.1,4730,-46
75,shock_down,C34,CUSTOM,8547.6,4692,-56
76,shock_down,G00,GVWY,-8640.65,6629,-211
76,shock_down,G01,GVWY,-4492.95,6635,-273
76,shock_down,G02,GVWY,-9050.9,6630,-246
76,shock_down,G03,GVWY,-6071.15,6641,-321
76,shock_down,G04,GVWY,-7821.5,6610,-250
76,shock_down,Z05,ZIC,-2391.35,603,291
76,shock_down,Z06,ZIC,-3706.5,668,390
76,shock_down,Z07,ZIC,-2568.3,588,298
76,shock_down,Z08,ZIC,-1316.5,660,290
76,shock_down,Z09,ZIC,-2634.15,591,319
76,shock_down,S10,SHVR,-3184.75,5957,-165
76,shock_down,S11,SHVR,-2533.7,5994,-278
76,shock_down,S12,SHVR,-1295.95,6013,-373
76,shock_down,S13,SHVR,-2604.6,6030,-304
76,shock_down,S14,SHVR,-5260.6,6016,36
76,shock_down,S15,SNPR,-1286.95,1283,-93
76,shock_down,S16,SNPR,-1167.15,1291,19
76,shock_down,S17,SNPR,-1451.15,1319,19
76,shock_down,S18,SNPR,-475.3,1296,-102
76,shock_down,S19,SNPR,-1731.05,1309,13
76,shock_down,Z20,ZIP,7469.7,3712,-102
76,shock_down,Z21,ZIP,14761.65,3675,-349
76,shock_down,Z22,ZIP,13173.8,3760,-388
76,shock_down,Z23,ZIP,9475.8,3602,-148
76,shock_down,Z24,ZIP,19607.95,3649,-807
76,shock_down,P25,PRSH,-3131.15,773,439
76,shock_down,P26,PRSH,-8114.75,1543,755
76,shock_down,P27,PRSH,-9199.8,3164,888
76,shock_down,P28,PRSH,-4844.1,926,586
76,shock_down,P29,PRSH,-3600.1,674,406
76,shock_down,C30,CUSTOM,7802.9,4748,-94
76,shock_down,C31,CUSTOM,7318.75,4783,-95
76,shock_down,C32,CUSTOM,7470.05,4791,-53
76,shock_down,C33,CUSTOM,6494.9,4874,-94
76,shock_down,C34,CUSTOM,6530.5,4860,-90
77,shock_down,G00,GVWY,-2883.95,6663,-421
77,shock_down,G01,GVWY,-1676.05,6645,-539
77,shock_down,G02,GVWY,-7667.35,6647,-333
77,shock_down,G03,GVWY,-7855.65,6633,-287
77,shock_down,G04,GVWY,-5822.45,6655,-311
77,shock_down,Z05,ZIC,-3463.8,670,396
77,shock_down,Z06,ZIC,-2996.05,645,381
77,shock_down,Z07,ZIC,-2386.4,608,328
77,shock_down,Z08,ZIC,-4044.05,637,401
77,shock_down,Z09,ZIC,-2609.0,584,320
77,shock_down,S10,SHVR,-5508.15,6025,-17
77,shock_down,S11,SHVR,-1496.35,6025,-273
77,shock_down,S12,SHVR,-4725.15,6007,-197
77,shock_down,S13,SHVR,-6932.85,5993,37
77,shock_down,S14,SHVR,-7074.9,6058,38
77,shock_down,S15,SNPR,-666.05,1327,-79
77,shock_down,S16,SNPR,-1071.2,1320,-36
77,shock_down,S17,SNPR,-989.8,1278,-84
77,shock_down,S18,SNPR,-1308.95,1305,-61
77,shock_down,S19,SNPR,-1023.3,1302,-34
77,shock_down,Z20,ZIP,14466.9,3614,-518
77,shock_down,Z21,ZIP,15304.9,3808,-458
77,shock_down,Z22,ZIP,9015.75,3633,-275
77,shock_down,Z23,ZIP,14925.0,3660,-520
77,shock_down,Z24,ZIP,12689.25,3719,-285
77,shock_down,P25,PRSH,-11696.15,2029,1003
77,shock_down,P26,PRSH,-1684.0,322,260
77,shock_down,P27,PRSH,-11250.4,2102,1208
77,shock_down,P28,PRSH,-1683.8,294,236
77,shock_down,P29,PRSH,-1994.3,364,306
77,shock_down,C30,CUSTOM,8164.2,4710,-64
77,shock_down,C31,CUSTOM,6763.3,4774,-46
77,shock_down,C32,CUSTOM,7035.45,4689,-49
77,shock_down,C33,CUSTOM,6454.9,4746,-38
77,shock_down,C34,CUSTOM,7060.8,4626,-56
78,shock_down,G00,GVWY,-6198.1,6692,-286
78,shock_down,G01,GVWY,-7181.1,6642,-286
78,shock_down,G02,GVWY,-7790.8,6666,-28
78,shock_down,G03,GVWY,-7361.6,6614,-376
78,shock_down,G04,GVWY,-7989.1,6648,-286
78,shock_down,Z05,ZIC,-2057.95,709,443
78,shock_down,Z06,ZIC,-703.95,625,343
78,shock_down,Z07,ZIC,-1897.55,705,387
78,shock_down,Z08,ZIC,-819.15,649,411
78,shock_down,Z09,ZIC,-2326.0,634,380
78,shock_down,S10,SHVR,-8002.1,6050,14
78,shock_down,S11,SHVR,-5597.3,6036,2
78,shock_down,S12,SHVR,-6864.4,6006,-64
78,shock_down,S13,SHVR,-5649.0,6002,-140
78,shock_down,S14,SHVR,-6840.5,6050,70
78,shock_down,S15,SNPR,-1078.75,1295,55
78,shock_down,S16,SNPR,-1737.45,1307,-127
78,shock_down,S17,SNPR,-1093.45,1323,-47
78,shock_down,S18,SNPR,-1492.4,1298,-124
78,shock_down,S19,SNPR,-1628.9,1308,-74
78,shock_down,Z20,ZIP,15437.65,3649,-901
78,shock_down,Z21,ZIP,8819.45,3581,-173
78,shock_down,Z22,ZIP,7552.1,3668,-274
78,shock_down,Z23,ZIP,14752.45,3633,-473
78,shock_down,Z24,ZIP,8856.3,3648,-322
78,shock_down,P25,PRSH,-773.5,430,390
78,shock_down,P26,PRSH,-2739.9,1278,726
78,shock_down,P27,PRSH,-172.1,360,294
78,shock_down,P28,PRSH,-891.75,369,315
78,shock_down,P29,PRSH,-552.05,357,297
78,shock_down,C30,CUSTOM,6058.5,4818,-10
78,shock_down,C31,CUSTOM,7452.7,4740,-18
78,shock_down,C32,CUSTOM,7016.1,4764,-34
78,shock_down,C33,CUSTOM,5917.9,4882,-26
78,shock_down,C34,CUSTOM,6607.4,4716,-56
79,shock_down,G00,GVWY,-4590.55,6627,-421
79,shock_down,G01,GVWY,-7130.35,6639,-157
79,shock_down,G02,GVWY,-8665.85,6623,-167
79,shock_down,G03,GVWY,-6776.35,6651,-277
79,shock_down,G04,GVWY,-7200.55,6645,-241
79,shock_down,Z05,ZIC,-3300.6,658,408
79,shock_down,Z06,ZIC,-2749.45,601,321
79,shock_down,Z07,ZIC,-4118.55,607,399
79,shock_down,Z08,ZIC,-1182.4,586,252
79,shock_down,Z09,ZIC,-3562.55,635,359
79,shock_down,S10,SHVR,-3731.35,5959,3
79,shock_down,S11,SHVR,-4096.9,6000,-58
79,shock_down,S12,SHVR,-8501.45,5997,-59
79,shock_down,S13,SHVR,-4343.05,5961,-111
79,shock_down,S14,SHVR,-5290.15,6011,-133
79,shock_down,S15,SNPR,-869.75,1301,-45
79,shock_down,S16,SNPR,-1327.4,1300,-48
79,shock_down,S17,SNPR,-1579.15,1295,-33
79,shock_down,S18,SNPR,-1286.9,1290,2
79,shock_down,S19,SNPR,-1390.65,1319,-43
79,shock_down,Z20,ZIP,19493.35,3731,-803
79,shock_down,Z21,ZIP,11583.55,3635,-239
79,shock_down,Z22,ZIP,16565.6,3752,-488
79,shock_down,Z23,ZIP,9346.7,3668,-186
79,shock_down,Z24,ZIP,14897.35,3669,-423
79,shock_down,P25,PRSH,-1502.0,294,260
79,shock_down,P26,PRSH,-2457.2,350,316
79,shock_down,P27,PRSH,-4371.9,1056,542
79,shock_down,P28,PRSH,-3808.0,722,440
79,shock_down,P29,PRSH,-10421.45,4571,821
79,shock_down,C30,CUSTOM,6150.1,4758,-78
79,shock_down,C31,CUSTOM,6102.45,4845,-41
79,shock_down,C32,CUSTOM,7447.3,4884,-54
79,shock_down,C33,CUSTOM,7574.55,4841,-59
79,shock_down,C34,CUSTOM,6265.3,4930,-34
80,shock_down,G00,GVWY,-4194.0,6637,-265
80,shock_down,G01,GVWY,-5077.0,6581,-411
80,shock_down,G02,GVWY,-4979.0,6620,-372
80,shock_down,G03,GVWY,-2822.0,6549,-335
80,shock_down,G04,GVWY,-3467.0,6600,-406
80,shock_down,Z05,ZIC,-3464.0,578,312
80,shock_down,Z06,ZIC,-3627.0,671,373
80,shock_down,Z07,ZIC,-3049.0,618,288
80,shock_down,Z08,ZIC,-3123.0,616,292
80,shock_down,Z09,ZIC,-2933.0,578,294
80,shock_down,S10,SHVR,-2671.0,5945,-283
80,shock_down,S11,SHVR,-4654.0,5989,-119
80,shock_down,S12,SHVR,-1530.0,5957,-265
80,shock_down,S13,SHVR,-6717.0,5925,-115
80,shock_down,S14,SHVR,-908.0,5930,-222
80,shock_down,S15,SNPR,333.0,1240,-160
80,shock_down,S16,SNPR,-569.0,1281,-81
80,shock_down,S17,SNPR,-139.0,1284,-130
80,shock_down,S18,SNPR,-658.0,1292,-48
80,shock_down,S19,SNPR,-721.0,1264,-34
80,shock_down,Z20,ZIP,9763.0,3615,-167
80,shock_down,Z21,ZIP,10544.0,3608,-198
80,shock_down,Z22,ZIP,8912.0,3508,-110
80,shock_down,Z23,ZIP,8772.0,3607,-213
80,shock_down,Z24,ZIP,11536.0,3680,-170
80,shock_down,P25,PRSH,-3233.0,514,474
80,shock_down,P26,PRSH,-2816.0,527,497
80,shock_down,P27,PRSH,-5345.0,1239,601
80,shock_down,P28,PRSH,-11757.0,4263,563
80,shock_down,P29,PRSH,-6981.0,1310,662
80,shock_down,C30,CUSTOM,6956.0,4768,-46
80,shock_down,C31,CUSTOM,7709.0,4729,-65
80,shock_down,C32,CUSTOM,7749.0,4670,-92
80,shock_down,C33,CUSTOM,6808.0,4658,-58
80,shock_down,C34,CUSTOM,8952.0,4815,-131
81,shock_down,G00,GVWY,-2650.0,6614,-410
81,shock_down,G01,GVWY,-5744.0,6600,-334
81,shock_down,G02,GVWY,-4633.0,6601,-231
81,shock_down,G03,GVWY,-8370.0,6645,-269
81,shock_down,G04,GVWY,-5321.0,6675,-239
81,shock_down,Z05,ZIC,-3749.0,615,329
81,shock_down,Z06,ZIC,-3736.0,637,333
81,shock_down,Z07,ZIC,-4058.0,635,413
81,shock_down,Z08,ZIC,-4582.0,696,396
81,shock_down,Z09,ZIC,-4007.0,587,349
81,shock_down,S10,SHVR,-5925.0,5981,73
81,shock_down,S11,SHVR,-4614.0,5990,-114
81,shock_down,S12,SHVR,-5217.0,5881,-83
81,shock_down,S13,SHVR,-1510.0,5976,-204
81,shock_down,S14,SHVR,-6311.0,5962,-196
81,shock_down,S15,SNPR,-969.0,1298,8
81,shock_down,S16,SNPR,-1084.0,1301,31
81,shock_down,S17,SNPR,-761.0,1300,-64
81,shock_down,S18,SNPR,-372.0,1304,-116
81,shock_down,S19,SNPR,-914.0,1281,-57
81,shock_down,Z20,ZIP,14616.0,3605,-493
81,shock_down,Z21,ZIP,14211.0,3630,-414
81,shock_down,Z22,ZIP,14133.0,3572,-418
81,shock_down,Z23,ZIP,14221.0,3703,-417
81,shock_down,Z24,ZIP,12920.0,3634,-448
81,shock_down,P25,PRSH,-6228.0,937,565
81,shock_down,P26,PRSH,-7025.0,984,874
81,shock_down,P27,PRSH,-1795.0,325,273
81,shock_down,P28,PRSH,-3087.0,391,313
81,shock_down,P29,PRSH,-9088.0,1684,792
81,shock_down,C30,CUSTOM,6508.0,4732,-68
81,shock_down,C31,CUSTOM,6184.0,4794,-94
81,shock_down,C32,CUSTOM,5885.0,4814,-62
81,shock_down,C33,CUSTOM,7844.0,4759,-21
81,shock_down,C34,CUSTOM,5464.0,4752,-54
82,shock_down,G00,GVWY,-5529.3,6634,-302
82,shock_down,G01,GVWY,-7189.05,6651,-247
82,shock_down,G02,GVWY,-5229.5,6606,-230
82,shock_down,G03,GVWY,-3356.7,6642,-458
82,shock_down,G04,GVWY,-1531.65,6593,-411
82,shock_down,Z05,ZIC,-4262.75,623,375
82,shock_down,Z06,ZIC,-2346.8,612,308
82,shock_down,Z07,ZIC,-2648.1,532,306
82,shock_down,Z08,ZIC,-4326.4,604,344
82,shock_down,Z09,ZIC,-3655.55,611,323
82,shock_down,S10,SHVR,853.45,5981,-437
82,shock_down,S11,SHVR,-3912.35,5999,-89
82,shock_down,S12,SHVR,-5257.1,5950,-34
82,shock_down,S13,SHVR,-3798.85,5941,-99
82,shock_down,S14,SHVR,-3558.2,5944,-168
82,shock_down,S15,SNPR,-470.55,1289,-77
82,shock_down,S16,SNPR,-484.4,1270,-136
82,shock_down,S17,SNPR,-968.3,1294,-62
82,shock_down,S18,SNPR,-1280.8,1304,-12
82,shock_down,S19,SNPR,-511.0,1292,-60
82,shock_down,Z20,ZIP,10315.85,3643,-241
82,shock_down,Z21,ZIP,9338.35,3609,-171
82,shock_down,Z22,ZIP,11880.45,3689,-317
82,shock_down,Z23,ZIP,10093.55,3645,-363
82,shock_down,Z24,ZIP,9209.45,3601,-197
82,shock_down,P25,PRSH,-7176.4,1362,664
82,shock_down,P26,PRSH,-2489.9,394,334
82,shock_down,P27,PRSH,-12364.0,2736,1160
82,shock_down,P28,PRSH,-2554.7,330,302
82,shock_down,P29,PRSH,-2569.45,405,377
82,shock_down,C30,CUSTOM,7027.7,4780,-62
82,shock_down,C31,CUSTOM,6904.15,4669,-99
82,shock_down,C32,CUSTOM,7927.4,4666,-84
82,shock_down,C33,CUSTOM,7842.75,4697,-115
82,shock_down,C34,CUSTOM,6629.85,4755,-81
83,shock_down,G00,GVWY,-9224.05,6659,-343
83,shock_down,G01,GVWY,-6275.75,6631,-365
83,shock_down,G02,GVWY,-8161.65,6617,-259
83,shock_down,G03,GVWY,-5894.75,6663,-505
83,shock_down,G04,GVWY,-7095.5,6640,-390
83,shock_down,Z05,ZIC,-2577.55,637,387
83,shock_down,Z06,ZIC,-2578.55,603,327
83,shock_down,Z07,ZIC,-2749.0,622,340
83,shock_down,Z08,ZIC,-1985.9,642,366
83,shock_down,Z09,ZIC,-2667.15,587,371
83,shock_down,S10,SHVR,-4751.15,6047,11
83,shock_down,S11,SHVR,-2839.2,5988,-252
83,shock_down,S12,SHVR,-5782.9,6012,-214
83,shock_down,S13,SHVR,-4909.75,6047,-185
83,shock_down,S14,SHVR,-4398.6,6068,-116
83,shock_down,S15,SNPR,-1488.6,1304,-96
83,shock_down,S16,SNPR,-1294.2,1308,-112
83,shock_down,S17,SNPR,-1316.3,1298,-38
83,shock_down,S18,SNPR,-1224.5,1296,-30
83,shock_down,S19,SNPR,-912.05,1301,17
83,shock_down,Z20,ZIP,14129.25,3647,-565
83,shock_down,Z21,ZIP,15775.5,3642,-610
83,shock_down,Z22,ZIP,12530.85,3677,-389
83,shock_down,Z23,ZIP,10808.45,3659,-293
83,shock_down,Z24,ZIP,9366.75,3639,-135
83,shock_down,P25,PRSH,-815.55,335,287
83,shock_down,P26,PRSH,-719.4,390,336
83,shock_down,P27,PRSH,-9263.05,3683,1297
83,shock_down,P28,PRSH,-3951.4,1220,636
83,shock_down,P29,PRSH,-3586.8,1354,752
83,shock_down,C30,CUSTOM,6107.7,4816,-58
83,shock_down,C31,CUSTOM,7857.85,4745,-69
83,shock_down,C32,CUSTOM,6603.95,4847,-83
83,shock_down,C33,CUSTOM,6876.95,4745,-63
83,shock_down,C34,CUSTOM,7448.85,4747,-49
84,shock_down,G00,GVWY,-6826.8,6629,-193
84,shock_down,G01,GVWY,-4497.2,6617,-317
84,shock_down,G02,GVWY,-4463.4,6649,-329
84,shock_down,G03,GVWY,-3059.2,6639,-297
84,shock_down,G04,GVWY,-6257.4,6578,-304
84,shock_down,Z05,ZIC,-3913.8,586,292
84,shock_down,Z06,ZIC,-4916.4,632,406
84,shock_down,Z07,ZIC,-4552.4,612,346
84,shock_down,Z08,ZIC,-4654.0,640,360
84,shock_down,Z09,ZIC,-5164.6,646,394
84,shock_down,S10,SHVR,-3654.2,6000,-172
84,shock_down,S11,SHVR,-6045.8,5996,-148
84,shock_down,S12,SHVR,-5358.2,6030,-32
84,shock_down,S13,SHVR,-3227.4,5956,-244
84,shock_down,S14,SHVR,-1085.6,5976,-256
84,shock_down,S15,SNPR,-597.6,1291,-81
84,shock_down,S16,SNPR,-604.2,1287,-77
84,shock_down,S17,SNPR,-33.4,1288,-94
84,shock_down,S18,SNPR,-1177.2,1296,-32
84,shock_down,S19,SNPR,-968.6,1291,-11
84,shock_down,Z20,ZIP,17825.6,3585,-479
84,shock_down,Z21,ZIP,17458.2,3668,-498
84,shock_down,Z22,ZIP,22134.2,3721,-693
84,shock_down,Z23,ZIP,8835.2,3646,-168
84,shock_down,Z24,ZIP,12573.6,3633,-249
84,shock_down,P25,PRSH,-15610.0,2010,1000
84,shock_down,P26,PRSH,-8649.4,1058,656
84,shock_down,P27,PRSH,-10471.4,1796,816
84,shock_down,P28,PRSH,-3250.4,324,256
84,shock_down,P29,PRSH,-3272.0,324,280
84,shock_down,C30,CUSTOM,7301.4,4822,-66
84,shock_down,C31,CUSTOM,7647.8,4761,-57
84,shock_down,C32,CUSTOM,7211.0,4831,-45
84,shock_down,C33,CUSTOM,6933.0,4758,-50
84,shock_down,C34,CUSTOM,6787.4,4814,-36
85,shock_down,G00,GVWY,-8477.55,6615,-481
85,shock_down,G01,GVWY,-12233.8,6612,-196
85,shock_down,G02,GVWY,-9243.8,6666,-196
85,shock_down,G03,GVWY,-8968.55,6623,-321
85,shock_down,G04,GVWY,-8405.5,6690,-130
85,shock_down,Z05,ZIC,-1558.55,601,359
85,shock_down,Z06,ZIC,-1218.65,601,377
85,shock_down,Z07,ZIC,-1767.2,634,376
85,shock_down,Z08,ZIC,-623.55,649,339
85,shock_down,Z09,ZIC,-582.3,652,354
85,shock_down,S10,SHVR,-3739.75,6011,-185
85,shock_down,S11,SHVR,-4862.15,6003,-133
85,shock_down,S12,SHVR,-5780.85,5967,-87
85,shock_down,S13,SHVR,-4895.25,6047,25
85,shock_down,S14,SHVR,-6020.25,6015,-155
85,shock_down,S15,SNPR,-1188.25,1311,25
85,shock_down,S16,SNPR,-1377.7,1306,-14
85,shock_down,S17,SNPR,-1255.3,1280,-26
85,shock_down,S18,SNPR,-1111.45,1307,-59
85,shock_down,S19,SNPR,-2130.9,1298,-18
85,shock_down,Z20,ZIP,15266.2,3700,-1016
85,shock_down,Z21,ZIP,16568.8,3720,-944
85,shock_down,Z22,ZIP,9599.9,3606,-102
85,shock_down,Z23,ZIP,9343.95,3613,-211
85,shock_down,Z24,ZIP,11235.35,3645,-443
85,shock_down,P25,PRSH,-2886.85,1263,693
85,shock_down,P26,PRSH,333.45,437,419
85,shock_down,P27,PRSH,75.3,666,626
85,shock_down,P28,PRSH,-2875.65,883,477
85,shock_down,P29,PRSH,-2513.65,1463,797
85,shock_down,C30,CUSTOM,4760.2,4752,-56
85,shock_down,C31,CUSTOM,7058.4,4772,-52
85,shock_down,C32,CUSTOM,6450.35,4755,-63
85,shock_down,C33,CUSTOM,6218.7,4790,-46
85,shock_down,C34,CUSTOM,7300.6,4758,-28
86,shock_down,G00,GVWY,-10892.0,6656,-184
86,shock_down,G01,GVWY,-8533.5,6729,-255
86,shock_down,G02,GVWY,-10035.0,6636,-142
86,shock_down,G03,GVWY,-9701.5,6631,-111
86,shock_down,G04,GVWY,-8492.0,6636,-348
86,shock_down,Z05,ZIC,260.0,660,406
86,shock_down,Z06,ZIC,368.0,602,408
86,shock_down,Z07,ZIC,-191.0,656,396
86,shock_down,Z08,ZIC,740.5,619,407
86,shock_down,Z09,ZIC,276.5,641,369
86,shock_down,S10,SHVR,-4724.0,6006,-56
86,shock_down,S11,SHVR,-6253.5,5977,-113
86,shock_down,S12,SHVR,-5431.0,6002,-132
86,shock_down,S13,SHVR,-8553.5,6027,47
86,shock_down,S14,SHVR,-6573.0,6028,-58
86,shock_down,S15,SNPR,-1538.0,1290,-22
86,shock_down,S16,SNPR,-906.5,1299,87
86,shock_down,S17,SNPR,-1446.0,1300,-26
86,shock_down,S18,SNPR,-1929.5,1299,-127
86,shock_down,S19,SNPR,-1582.5,1285,-41
86,shock_down,Z20,ZIP,12291.0,3666,-1012
86,shock_down,Z21,ZIP,11339.5,3769,-655
86,shock_down,Z22,ZIP,6720.5,3663,-275
86,shock_down,Z23,ZIP,9539.5,3717,-359
86,shock_down,Z24,ZIP,10867.0,3646,-856
86,shock_down,P25,PRSH,719.5,461,395
86,shock_down,P26,PRSH,154.5,767,407
86,shock_down,P27,PRSH,1505.5,897,521
86,shock_down,P28,PRSH,-132.5,1247,631
86,shock_down,P29,PRSH,-686.5,1063,865
86,shock_down,C30,CUSTOM,7392.5,4691,-73
86,shock_down,C31,CUSTOM,6539.5,4731,-37
86,shock_down,C32,CUSTOM,5739.0,4724,-74
86,shock_down,C33,CUSTOM,7663.5,4655,-35
86,shock_down,C34,CUSTOM,6222.5,4679,-59
87,shock_down,G00,GVWY,-8430.0,6592,-326
87,shock_down,G01,GVWY,-5930.5,6569,-287
87,shock_down,G02,GVWY,-7743.5,6599,-599
87,shock_down,G03,GVWY,-8704.0,6586,-384
87,shock_down,G04,GVWY,-10106.0,6568,-424
87,shock_down,Z05,ZIC,23.0,592,294
87,shock_down,Z06,ZIC,-1017.0,588,350
87,shock_down,Z07,ZIC,-1015.5,585,273
87,shock_down,Z08,ZIC,290.0,580,304
87,shock_down,Z09,ZIC,-89.5,639,349
87,shock_down,S10,SHVR,-3862.0,5978,-22
87,shock_down,S11,SHVR,-3363.5,5981,-321
87,shock_down,S12,SHVR,-2221.5,5997,-285
87,shock_down,S13,SHVR,-5533.0,5950,-164
87,shock_down,S14,SHVR,-2812.5,5963,-315
87,shock_down,S15,SNPR,-1399.0,1292,-102
87,shock_down,S16,SNPR,-1666.0,1292,-8
87,shock_down,S17,SNPR,-1159.0,1306,28
87,shock_down,S18,SNPR,-1706.5,1299,-57
87,shock_down,S19,SNPR,-1329.0,1302,-46
87,shock_down,Z20,ZIP,7500.0,3622,-132
87,shock_down,Z21,ZIP,8715.5,3633,-225
87,shock_down,Z22,ZIP,8747.5,3723,-299
87,shock_down,Z23,ZIP,8679.5,3651,-123
87,shock_down,Z24,ZIP,6990.5,3583,-71
87,shock_down,P25,PRSH,858.5,377,343
87,shock_down,P26,PRSH,-43.5,281,201
87,shock_down,P27,PRSH,-5015.5,4171,671
87,shock_down,P28,PRSH,-1599.5,1735,757
87,shock_down,P29,PRSH,-3198.5,3099,863
87,shock_down,C30,CUSTOM,7704.0,4722,-72
87,shock_down,C31,CUSTOM,7343.0,4806,-78
87,shock_down,C32,CUSTOM,6989.5,4691,-55
87,shock_down,C33,CUSTOM,7118.0,4700,-84
87,shock_down,C34,CUSTOM,7601.5,4727,-57
88,shock_down,G00,GVWY,-12281.5,6664,-210
88,shock_down,G01,GVWY,-6364.7,6636,-66
88,shock_down,G02,GVWY,-11073.35,6653,-343
88,shock_down,G03,GVWY,-6791.65,6657,-257
88,shock_down,G04,GVWY,-9606.75,6665,-135
88,shock_down,Z05,ZIC,377.0,632,400
88,shock_down,Z06,ZIC,215.2,616,356
88,shock_down,Z07,ZIC,-284.2,646,384
88,shock_down,Z08,ZIC,-187.7,658,474
88,shock_down,Z09,ZIC,-747.85,641,427
88,shock_down,S10,SHVR,-3470.0,6034,-120
88,shock_down,S11,SHVR,-7197.1,6008,262
88,shock_down,S12,SHVR,-7046.65,6095,3
88,shock_down,S13,SHVR,-4678.7,6046,-86
88,shock_down,S14,SHVR,-7296.15,6067,-27
88,shock_down,S15,SNPR,-2134.0,1324,-80
88,shock_down,S16,SNPR,-904.2,1320,4
88,shock_down,S17,SNPR,-1649.35,1307,-63
88,shock_down,S18,SNPR,-1415.1,1300,-58
88,shock_down,S19,SNPR,-1434.6,1314,52
88,shock_down,Z20,ZIP,8537.75,3647,-345
88,shock_down,Z21,ZIP,10424.05,3685,-411
88,shock_down,Z22,ZIP,12945.85,3655,-747
88,shock_down,Z23,ZIP,10178.8,3584,-816
88,shock_down,Z24,ZIP,11389.55,3641,-501
88,shock_down,P25,PRSH,-428.3,722,446
88,shock_down,P26,PRSH,1112.7,438,406
88,shock_down,P27,PRSH,1125.75,335,295
88,shock_down,P28,PRSH,-6180.3,3974,686
88,shock_down,P29,PRSH,995.15,351,307
88,shock_down,C30,CUSTOM,7926.5,4716,-70
88,shock_down,C31,CUSTOM,6606.25,4649,-35
88,shock_down,C32,CUSTOM,6569.1,4778,-62
88,shock_down,C33,CUSTOM,6655.1,4696,-42
88,shock_down,C34,CUSTOM,6134.2,4654,-64
89,shock_down,G00,GVWY,-9413.9,6646,-222
89,shock_down,G01,GVWY,-5524.35,6617,-273
89,shock_down,G02,GVWY,-5503.0,6628,-480
89,shock_down,G03,GVWY,-3032.1,6590,-278
89,shock_down,G04,GVWY,-5461.05,6599,-319
89,shock_down,Z05,ZIC,-2790.9,596,338
89,shock_down,Z06,ZIC,-3278.8,712,356
89,shock_down,Z07,ZIC,-2908.05,559,301
89,shock_down,Z08,ZIC,-4235.05,603,321
89,shock_down,Z09,ZIC,-2420.9,604,298
89,shock_down,S10,SHVR,-5807.25,5979,-155
89,shock_down,S11,SHVR,-7414.15,5985,-57
89,shock_down,S12,SHVR,900.25,6003,-245
89,shock_down,S13,SHVR,-1861.2,5958,-116
89,shock_down,S14,SHVR,-3380.75,6001,-85
89,shock_down,S15,SNPR,-954.85,1323,-123
89,shock_down,S16,SNPR,-1100.3,1318,-74
89,shock_down,S17,SNPR,-1325.9,1306,58
89,shock_down,S18,SNPR,-498.1,1314,-118
89,shock_down,S19,SNPR,-1536.95,1333,-1
89,shock_down,Z20,ZIP,14734.4,3592,-468
89,shock_down,Z21,ZIP,10859.45,3611,-269
89,shock_down,Z22,ZIP,12095.3,3642,-226
89,shock_down,Z23,ZIP,10431.6,3640,-292
89,shock_down,Z24,ZIP,12089.75,3725,-295
89,shock_down,P25,PRSH,-2234.1,466,282
89,shock_down,P26,PRSH,-6384.15,917,483
89,shock_down,P27,PRSH,-10177.65,1593,833
89,shock_down,P28,PRSH,-2695.25,325,285
89,shock_down,P29,PRSH,-6608.75,1237,675
89,shock_down,C30,CUSTOM,7197.7,4752,-54
89,shock_down,C31,CUSTOM,8118.95,4693,-59
89,shock_down,C32,CUSTOM,7765.5,4720,-50
89,shock_down,C33,CUSTOM,7795.6,4766,-32
89,shock_down,C34,CUSTOM,6444.15,4709,-43
90,shock_down,G00,GVWY,-4835.0,6596,-404
90,shock_down,G01,GVWY,-10396.25,6637,-135
90,shock_down,G02,GVWY,-4706.0,6628,-400
90,shock_down,G03,GVWY,-5117.75,6655,-361
90,shock_down,G04,GVWY,-5293.25,6633,-311
90,shock_down,Z05,ZIC,-864.75,613,315
90,shock_down,Z06,ZIC,-1253.5,584,346
90,shock_down,Z07,ZIC,-1964.5,590,346
90,shock_down,Z08,ZIC,-1279.25,621,325
90,shock_down,Z09,ZIC,-1920.25,643,361
90,shock_down,S10,SHVR,-4460.25,5989,-155
90,shock_down,S11,SHVR,-6146.25,6007,-155
90,shock_down,S12,SHVR,-6904.75,6019,19
90,shock_down,S13,SHVR,-4549.25,6063,-195
90,shock_down,S14,SHVR,-6130.0,6058,-184
90,shock_down,S15,SNPR,-1688.25,1295,-91
90,shock_down,S16,SNPR,-1806.0,1306,-52
90,shock_down,S17,SNPR,-977.5,1292,-46
90,shock_down,S18,SNPR,-1513.0,1296,-84
90,shock_down,S19,SNPR,-1455.5,1296,-90
90,shock_down,Z20,ZIP,8434.5,3736,-170
90,shock_down,Z21,ZIP,10800.5,3688,-186
90,shock_down,Z22,ZIP,11820.5,3610,-310
90,shock_down,Z23,ZIP,8142.0,3670,-136
90,shock_down,Z24,ZIP,11952.0,3750,-368
90,shock_down,P25,PRSH,-2386.5,748,410
90,shock_down,P26,PRSH,-10366.25,3929,869
90,shock_down,P27,PRSH,-466.25,539,249
90,shock_down,P28,PRSH,-3243.75,5065,371
90,shock_down,P29,PRSH,-1068.75,753,367
90,shock_down,C30,CUSTOM,8103.75,4775,-59
90,shock_down,C31,CUSTOM,9052.0,4724,-64
90,shock_down,C32,CUSTOM,8054.25,4699,-49
90,shock_down,C33,CUSTOM,6888.0,4748,-56
90,shock_down,C34,CUSTOM,7972.75,4773,-35
91,shock_down,G00,GVWY,-7562.8,6653,-333
91,shock_down,G01,GVWY,-10618.0,6659,-445
91,shock_down,G02,GVWY,-6812.2,6660,-242
91,shock_down,G03,GVWY,-8571.6,6673,-311
91,shock_down,G04,GVWY,-8318.0,6665,-365
91,shock_down,Z05,ZIC,-550.0,703,415
91,shock_down,Z06,ZIC,-674.0,645,375
91,shock_down,Z07,ZIC,-501.4,574,356
91,shock_down,Z08,ZIC,-1508.0,609,345
91,shock_down,Z09,ZIC,-2179.2,644,398
91,shock_down,S10,SHVR,-3824.8,6097,-93
91,shock_down,S11,SHVR,-2167.6,6061,-321
91,shock_down,S12,SHVR,-3977.4,6024,-304
91,shock_down,S13,SHVR,-5858.4,6078,-104
91,shock_down,S14,SHVR,-5394.6,6042,-236
91,shock_down,S15,SNPR,-1856.0,1305,-75
91,shock_down,S16,SNPR,-1631.2,1318,-72
91,shock_down,S17,SNPR,-1014.0,1285,-15
91,shock_down,S18,SNPR,-1523.8,1304,-8
91,shock_down,S19,SNPR,-1245.8,1287,-63
91,shock_down,Z20,ZIP,14634.6,3608,-894
91,shock_down,Z21,ZIP,9465.4,3665,-221
91,shock_down,Z22,ZIP,8138.4,3726,-216
91,shock_down,Z23,ZIP,8009.2,3673,-173
91,shock_down,Z24,ZIP,11925.4,3694,-346
91,shock_down,P25,PRSH,-4315.8,5376,562
91,shock_down,P26,PRSH,-1238.8,3655,817
91,shock_down,P27,PRSH,-502.6,1022,934
91,shock_down,P28,PRSH,-1270.6,811,509
91,shock_down,P29,PRSH,-649.2,791,463
91,shock_down,C30,CUSTOM,7472.8,4785,-57
91,shock_down,C31,CUSTOM,5650.6,4732,-74
91,shock_down,C32,CUSTOM,5821.6,4765,-79
91,shock_down,C33,CUSTOM,6364.6,4740,-74
91,shock_down,C34,CUSTOM,7313.6,4771,-109
92,shock_down,G00,GVWY,-7191.75,6637,-235
92,shock_down,G01,GVWY,-7513.85,6681,-229
92,shock_down,G02,GVWY,-8687.3,6678,-182
92,shock_down,G03,GVWY,-8915.5,6672,-90
92,shock_down,G04,GVWY,-7655.1,6648,-314
92,shock_down,Z05,ZIC,-4529.55,675,373
92,shock_down,Z06,ZIC,-4328.3,694,378
92,shock_down,Z07,ZIC,-5469.9,698,454
92,shock_down,Z08,ZIC,-3576.3,624,318
92,shock_down,Z09,ZIC,-5084.45,653,407
92,shock_down,S10,SHVR,-8965.05,5979,63
92,shock_down,S11,SHVR,-3788.65,5979,-81
92,shock_down,S12,SHVR,-6297.6,6036,16
92,shock_down,S13,SHVR,-9327.65,6019,-81
92,shock_down,S14,SHVR,-6844.7,6018,-38
92,shock_down,S15,SNPR,-2030.85,1305,111
92,shock_down,S16,SNPR,-1463.4,1302,4
92,shock_down,S17,SNPR,-1205.9,1318,-66
92,shock_down,S18,SNPR,-443.5,1292,-90
92,shock_down,S19,SNPR,-1498.4,1304,-56
92,shock_down,Z20,ZIP,20838.45,3719,-747
92,shock_down,Z21,ZIP,25432.8,3728,-1008
92,shock_down,Z22,ZIP,16283.05,3755,-403
92,shock_down,Z23,ZIP,23677.25,3743,-915
92,shock_down,Z24,ZIP,26321.25,3627,-1095
92,shock_down,P25,PRSH,-13188.7,2530,1122
92,shock_down,P26,PRSH,-2755.2,418,332
92,shock_down,P27,PRSH,-9916.4,1210,764
92,shock_down,P28,PRSH,-5239.9,566,414
92,shock_down,P29,PRSH,-10666.85,1999,1031
92,shock_down,C30,CUSTOM,6938.15,4889,-29
92,shock_down,C31,CUSTOM,6987.15,4807,-49
92,shock_down,C32,CUSTOM,6910.25,4825,-35
92,shock_down,C33,CUSTOM,6374.7,4898,-62
92,shock_down,C34,CUSTOM,7833.1,4688,-26
93,shock_down,G00,GVWY,-8244.55,6653,-197
93,shock_down,G01,GVWY,-10361.35,6659,-209
93,shock_down,G02,GVWY,-10063.25,6623,-35
93,shock_down,G03,GVWY,-11471.3,6660,-22
93,shock_down,G04,GVWY,-6669.1,6628,-274
93,shock_down,Z05,ZIC,-5469.0,696,460
93,shock_down,Z06,ZIC,-5234.05,629,413
93,shock_down,Z07,ZIC,-5072.6,622,356
93,shock_down,Z08,ZIC,-4482.5,654,390
93,shock_down,Z09,ZIC,-3686.5,674,370
93,shock_down,S10,SHVR,-5544.5,6022,70
93,shock_down,S11,SHVR,-2809.9,6008,-66
93,shock_down,S12,SHVR,-5245.65,6041,-91
93,shock_down,S13,SHVR,-3045.95,6005,-13
93,shock_down,S14,SHVR,-1509.9,6036,-226
93,shock_down,S15,SNPR,-1540.95,1309,7
93,shock_down,S16,SNPR,-1368.45,1311,-23
93,shock_down,S17,SNPR,-1697.75,1285,15
93,shock_down,S18,SNPR,-749.85,1305,-119
93,shock_down,S19,SNPR,-1157.15,1285,-61
93,shock_down,Z20,ZIP,13889.2,3688,-292
93,shock_down,Z21,ZIP,10070.15,3513,-239
93,shock_down,Z22,ZIP,28410.9,3794,-1274
93,shock_down,Z23,ZIP,23404.3,3614,-838
93,shock_down,Z24,ZIP,16749.4,3574,-544
93,shock_down,P25,PRSH,-5649.75,703,435
93,shock_down,P26,PRSH,-4178.3,402,358
93,shock_down,P27,PRSH,-6755.15,1069,619
93,shock_down,P28,PRSH,-13298.95,1269,947
93,shock_down,P29,PRSH,-2590.7,304,242
93,shock_down,C30,CUSTOM,7096.25,4731,-45
93,shock_down,C31,CUSTOM,8925.45,4769,-57
93,shock_down,C32,CUSTOM,7133.0,4778,-40
93,shock_down,C33,CUSTOM,6889.25,4737,-65
93,shock_down,C34,CUSTOM,6797.25,4755,-45
94,shock_down,G00,GVWY,-5467.5,6627,-315
94,shock_down,G01,GVWY,-9392.0,6632,-150
94,shock_down,G02,GVWY,-8760.0,6620,-48
94,shock_down,G03,GVWY,-8952.5,6627,-105
94,shock_down,G04,GVWY,-8250.0,6576,-304
94,shock_down,Z05,ZIC,-649.5,619,379
94,shock_down,Z06,ZIC,-597.0,638,392
94,shock_down,Z07,ZIC,-1217.5,595,395
94,shock_down,Z08,ZIC,-1785.0,678,418
94,shock_down,Z09,ZIC,-630.0,680,400
94,shock_down,S10,SHVR,-6313.5,5919,-23
94,shock_down,S11,SHVR,-4339.0,5948,-96
94,shock_down,S12,SHVR,-4541.0,5998,-70
94,shock_down,S13,SHVR,-6640.0,5978,-88
94,shock_down,S14,SHVR,-10759.5,5993,63
94,shock_down,S15,SNPR,-1155.5,1281,-65
94,shock_down,S16,SNPR,-1883.5,1269,-45
94,shock_down,S17,SNPR,-1544.0,1286,-68
94,shock_down,S18,SNPR,-1861.0,1276,-88
94,shock_down,S19,SNPR,-1401.5,1269,-29
94,shock_down,Z20,ZIP,7898.5,3671,-195
94,shock_down,Z21,ZIP,14831.5,3765,-935
94,shock_down,Z22,ZIP,8498.0,3640,-118
94,shock_down,Z23,ZIP,16519.0,3702,-958
94,shock_down,Z24,ZIP,16670.0,3612,-628
94,shock_down,P25,PRSH,-951.0,522,390
94,shock_down,P26,PRSH,-1557.0,674,398
94,shock_down,P27,PRSH,-1737.0,1028,626
94,shock_down,P28,PRSH,-1890.0,1458,738
94,shock_down,P29,PRSH,-1951.0,428,366
94,shock_down,C30,CUSTOM,6285.0,4908,-78
94,shock_down,C31,CUSTOM,5542.5,4813,-45
94,shock_down,C32,CUSTOM,5077.0,4904,-80
94,shock_down,C33,CUSTOM,6294.5,4815,-5
94,shock_down,C34,CUSTOM,6390.0,4862,-50
95,shock_down,G00,GVWY,-5317.75,6633,-445
95,shock_down,G01,GVWY,-5740.5,6632,-386
95,shock_down,G02,GVWY,-8117.25,6669,-215
95,shock_down,G03,GVWY,-7661.75,6647,-261
95,shock_down,G04,GVWY,-8724.75,6635,-125
95,shock_down,Z05,ZIC,-1346.5,640,370
95,shock_down,Z06,ZIC,-1165.75,587,351
95,shock_down,Z07,ZIC,-1745.0,628,352
95,shock_down,Z08,ZIC,-2346.25,639,377
95,shock_down,Z09,ZIC,-1907.5,626,354
95,shock_down,S10,SHVR,-4137.75,5981,-105
95,shock_down,S11,SHVR,-9058.25,5999,53
95,shock_down,S12,SHVR,-4517.0,6040,-172
95,shock_down,S13,SHVR,-5531.25,5989,-19
95,shock_down,S14,SHVR,-7215.5,6066,22
95,shock_down,S15,SNPR,-1361.25,1289,13
95,shock_down,S16,SNPR,-1267.5,1298,-102
95,shock_down,S17,SNPR,-1538.25,1279,-55
95,shock_down,S18,SNPR,-1627.25,1305,-55
95,shock_down,S19,SNPR,-1132.5,1280,22
95,shock_down,Z20,ZIP,11106.5,3584,-306
95,shock_down,Z21,ZIP,12307.75,3629,-299
95,shock_down,Z22,ZIP,11747.5,3710,-358
95,shock_down,Z23,ZIP,10431.75,3585,-191
95,shock_down,Z24,ZIP,18381.0,3736,-912
95,shock_down,P25,PRSH,-1791.75,727,459
95,shock_down,P26,PRSH,-1419.0,790,420
95,shock_down,P27,PRSH,-10295.5,5338,670
95,shock_down,P28,PRSH,-967.5,424,374
95,shock_down,P29,PRSH,-1046.25,383,361
95,shock_down,C30,CUSTOM,6229.0,4790,-68
95,shock_down,C31,CUSTOM,6128.75,4851,-67
95,shock_down,C32,CUSTOM,5051.25,4803,-73
95,shock_down,C33,CUSTOM,7697.5,4840,-50
95,shock_down,C34,CUSTOM,8485.5,4704,-54
96,shock_down,G00,GVWY,-9017.4,6648,-378
96,shock_down,G01,GVWY,-10656.6,6656,-452
96,shock_down,G02,GVWY,-8278.2,6622,-244
96,shock_down,G03,GVWY,-12503.8,6650,-396
96,shock_down,G04,GVWY,-10490.1,6657,-67
96,shock_down,Z05,ZIC,809.8,580,366
96,shock_down,Z06,ZIC,1433.4,612,338
96,shock_down,Z07,ZIC,888.1,617,357
96,shock_down,Z08,ZIC,2090.6,628,352
96,shock_down,Z09,ZIC,972.8,654,386
96,shock_down,S10,SHVR,-6850.5,6007,5
96,shock_down,S11,SHVR,-6967.4,6006,-118
96,shock_down,S12,SHVR,-3280.4,6022,-58
96,shock_down,S13,SHVR,-6917.4,5980,-118
96,shock_down,S14,SHVR,-7218.5,5949,-85
96,shock_down,S15,SNPR,-1885.4,1302,-48
96,shock_down,S16,SNPR,-1490.0,1304,-70
96,shock_down,S17,SNPR,-1454.5,1323,15
96,shock_down,S18,SNPR,-1233.6,1288,-22
96,shock_down,S19,SNPR,-1612.5,1309,-75
96,shock_down,Z20,ZIP,8481.8,3648,-664
96,shock_down,Z21,ZIP,6995.9,3629,-107
96,shock_down,Z22,ZIP,10725.9,3691,-727
96,shock_down,Z23,ZIP,9511.7,3713,-381
96,shock_down,Z24,ZIP,6161.5,3615,-245
96,shock_down,P25,PRSH,804.3,1003,611
96,shock_down,P26,PRSH,2246.0,1314,700
96,shock_down,P27,PRSH,1748.0,342,300
96,shock_down,P28,PRSH,4540.5,613,585
96,shock_down,P29,PRSH,1427.6,360,312
96,shock_down,C30,CUSTOM,6651.0,4790,-30
96,shock_down,C31,CUSTOM,5286.7,4819,-31
96,shock_down,C32,CUSTOM,6523.8,4774,-74
96,shock_down,C33,CUSTOM,5940.6,4682,-38
96,shock_down,C34,CUSTOM,6617.8,4798,-44
97,shock_down,G00,GVWY,-6465.6,6580,-436
97,shock_down,G01,GVWY,-3227.4,6600,-404
97,shock_down,G02,GVWY,-8658.0,6638,-210
97,shock_down,G03,GVWY,-4514.1,6621,-501
97,shock_down,G04,GVWY,-4436.1,6613,-521
97,shock_down,Z05,ZIC,-1547.6,670,374
97,shock_down,Z06,ZIC,-2231.3,659,357
97,shock_down,Z07,ZIC,-1536.2,602,338
97,shock_down,Z08,ZIC,-1898.9,625,351
97,shock_down,Z09,ZIC,-2306.9,581,311
97,shock_down,S10,SHVR,-2213.8,6092,-348
97,shock_down,S11,SHVR,-894.0,6040,-280
97,shock_down,S12,SHVR,-2153.9,6075,-219
97,shock_down,S13,SHVR,-4269.7,6037,-117
97,shock_down,S14,SHVR,-3669.0,6008,-20
97,shock_down,S15,SNPR,-1228.4,1318,-24
97,shock_down,S16,SNPR,-863.7,1307,-97
97,shock_down,S17,SNPR,-725.0,1320,-90
97,shock_down,S18,SNPR,-1288.8,1290,-88
97,shock_down,S19,SNPR,-843.5,1273,-45
97,shock_down,Z20,ZIP,12372.1,3605,-419
97,shock_down,Z21,ZIP,12744.2,3568,-298
97,shock_down,Z22,ZIP,10571.5,3679,-225
97,shock_down,Z23,ZIP,7520.8,3584,-72
97,shock_down,Z24,ZIP,7717.9,3713,-231
97,shock_down,P25,PRSH,-10323.6,4370,724
97,shock_down,P26,PRSH,-827.3,461,287
97,shock_down,P27,PRSH,-1552.6,430,294
97,shock_down,P28,PRSH,-9150.8,2868,1182
97,shock_down,P29,PRSH,-9878.8,3930,722
97,shock_down,C30,CUSTOM,7826.3,4701,-77
97,shock_down,C31,CUSTOM,7698.1,4785,-59
97,shock_down,C32,CUSTOM,7412.7,4767,-63
97,shock_down,C33,CUSTOM,6927.1,4709,-89
97,shock_down,C34,CUSTOM,6843.8,4786,-72
98,shock_down,G00,GVWY,-10040.0,6669,-145
98,shock_down,G01,GVWY,-7356.2,6669,-343
98,shock_down,G02,GVWY,-8804.2,6654,-238
98,shock_down,G03,GVWY,-5631.2,6658,-328
98,shock_down,G04,GVWY,-10239.2,6660,-38
98,shock_down,Z05,ZIC,-4414.6,657,401
98,shock_down,Z06,ZIC,-3298.8,620,368
98,shock_down,Z07,ZIC,-4329.2,635,387
98,shock_down,Z08,ZIC,-4769.0,621,425
98,shock_down,Z09,ZIC,-4935.0,647,375
98,shock_down,S10,SHVR,-3723.2,6036,-278
98,shock_down,S11,SHVR,-579.4,6053,-281
98,shock_down,S12,SHVR,-2447.0,6056,-200
98,shock_down,S13,SHVR,-6297.2,6005,-73
98,shock_down,S14,SHVR,-3563.4,5986,-96
98,shock_down,S15,SNPR,-973.0,1289,5
98,shock_down,S16,SNPR,-918.4,1297,9
98,shock_down,S17,SNPR,-1158.8,1314,-42
98,shock_down,S18,SNPR,-1123.0,1299,-5
98,shock_down,S19,SNPR,-1546.4,1317,9
98,shock_down,Z20,ZIP,16874.2,3814,-622
98,shock_down,Z21,ZIP,23862.8,3628,-1008
98,shock_down,Z22,ZIP,10904.8,3685,-223
98,shock_down,Z23,ZIP,13552.2,3726,-332
98,shock_down,Z24,ZIP,7514.6,3763,-141
98,shock_down,P25,PRSH,-2500.8,317,263
98,shock_down,P26,PRSH,-4239.6,386,306
98,shock_down,P27,PRSH,-6271.6,1288,706
98,shock_down,P28,PRSH,-2415.8,457,413
98,shock_down,P29,PRSH,-6040.8,2172,928
98,shock_down,C30,CUSTOM,6771.2,4757,-17
98,shock_down,C31,CUSTOM,7875.4,4773,-69
98,shock_down,C32,CUSTOM,6563.8,4699,-53
98,shock_down,C33,CUSTOM,8262.0,4737,-45
98,shock_down,C34,CUSTOM,7176.6,4623,-81
99,shock_down,G00,GVWY,-11995.0,6594,-296
99,shock_down,G01,GVWY,-8708.0,6641,-165
99,shock_down,G02,GVWY,-9241.0,6634,-276
99,shock_down,G03,GVWY,-8431.0,6632,-238
99,shock_down,G04,GVWY,-8282.0,6664,-324
99,shock_down,Z05,ZIC,312.0,654,350
99,shock_down,Z06,ZIC,-308.0,677,365
99,shock_down,Z07,ZIC,186.0,651,351
99,shock_down,Z08,ZIC,100.0,638,382
99,shock_down,Z09,ZIC,180.0,597,361
99,shock_down,S10,SHVR,-9271.0,6033,-11
99,shock_down,S11,SHVR,-4918.0,5945,-137
99,shock_down,S12,SHVR,-7096.0,6034,-120
99,shock_down,S13,SHVR,-4304.0,6038,58
99,shock_down,S14,SHVR,-6712.0,6075,39
99,shock_down,S15,SNPR,-717.0,1317,-13
99,shock_down,S16,SNPR,-1307.0,1328,-12
99,shock_down,S17,SNPR,-729.0,1319,49
99,shock_down,S18,SNPR,-1247.0,1304,36
99,shock_down,S19,SNPR,-1695.0,1330,-66
99,shock_down,Z20,ZIP,10168.0,3634,-428
99,shock_down,Z21,ZIP,14958.0,3728,-950
99,shock_down,Z22,ZIP,8569.0,3769,-147
99,shock_down,Z23,ZIP,9855.0,3531,-267
99,shock_down,Z24,ZIP,8986.0,3579,-241
99,shock_down,P25,PRSH,-478.0,345,281
99,shock_down,P26,PRSH,381.0,645,421
99,shock_down,P27,PRSH,-722.0,835,477
99,shock_down,P28,PRSH,187.0,366,324
99,shock_down,P29,PRSH,31.0,323,295
99,shock_down,C30,CUSTOM,6963.0,4759,-33
99,shock_down,C31,CUSTOM,5816.0,4752,-38
99,shock_down,C32,CUSTOM,6290.0,4751,-45
99,shock_down,C33,CUSTOM,7818.0,4737,-51
99,shock_down,C34,CUSTOM,6643.0,4794,-20
100,shock_down,G00,GVWY,-4459.6,6640,-342
100,shock_down,G01,GVWY,-3332.4,6657,-413
100,shock_down,G02,GVWY,-1073.2,6611,-439
100,shock_down,G03,GVWY,-5159.2,6620,-484
100,shock_down,G04,GVWY,-10886.0,6593,-175
100,shock_down,Z05,ZIC,-3614.8,607,329
100,shock_down,Z06,ZIC,-4036.0,546,320
100,shock_down,Z07,ZIC,-2289.8,583,269
100,shock_down,Z08,ZIC,-3110.4,604,352
100,shock_down,Z09,ZIC,-3578.4,602,372
100,shock_down,S10,SHVR,-2483.8,5979,-181
100,shock_down,S11,SHVR,-3729.0,5956,-110
100,shock_down,S12,SHVR,-1554.4,5974,-218
100,shock_down,S13,SHVR,-4982.2,5982,-64
100,shock_down,S14,SHVR,-4549.6,5954,-112
100,shock_down,S15,SNPR,-1073.4,1278,2
100,shock_down,S16,SNPR,-871.2,1296,-64
100,shock_down,S17,SNPR,-1419.0,1283,25
100,shock_down,S18,SNPR,-1191.0,1277,-85
100,shock_down,S19,SNPR,-1323.8,1279,-61
100,shock_down,Z20,ZIP,7477.6,3541,-3
100,shock_down,Z21,ZIP,9196.8,3622,-154
100,shock_down,Z22,ZIP,12434.0,3649,-295
100,shock_down,Z23,ZIP,8755.6,3700,-188
100,shock_down,Z24,ZIP,14922.2,3672,-456
100,shock_down,P25,PRSH,-2138.4,305,267
100,shock_down,P26,PRSH,-12026.4,1923,1047
100,shock_down,P27,PRSH,-2132.6,349,303
100,shock_down,P28,PRSH,-3209.0,502,360
100,shock_down,P29,PRSH,-2426.2,450,406
100,shock_down,C30,CUSTOM,7709.8,4725,-69
100,shock_down,C31,CUSTOM,7274.2,4796,-46
100,shock_down,C32,CUSTOM,7481.6,4801,-53
100,shock_down,C33,CUSTOM,5706.2,4814,-66
100,shock_down,C34,CUSTOM,7453.0,4658,-70
101,shock_down,G00,GVWY,-7851.15,6689,-227
101,shock_down,G01,GVWY,-8396.05,6661,-469
101,shock_down,G02,GVWY,-3537.7,6688,-526
101,shock_down,G03,GVWY,-6183.85,6655,-393
101,shock_down,G04,GVWY,-7239.65,6609,-237
101,shock_down,Z05,ZIC,-1586.85,653,307
101,shock_down,Z06,ZIC,-2222.7,654,374
101,shock_down,Z07,ZIC,-2862.05,635,391
101,shock_down,Z08,ZIC,-2090.55,599,321
101,shock_down,Z09,ZIC,-2794.15,583,333
101,shock_down,S10,SHVR,-4497.3,6102,-214
101,shock_down,S11,SHVR,-2988.75,6101,-315
101,shock_down,S12,SHVR,-3191.95,6043,-231
101,shock_down,S13,SHVR,-6178.55,6055,-79
101,shock_down,S14,SHVR,-1715.4,6036,-52
101,shock_down,S15,SNPR,-1137.8,1324,-4
101,shock_down,S16,SNPR,-1235.3,1298,-54
101,shock_down,S17,SNPR,-1149.75,1303,-55
101,shock_down,S18,SNPR,-956.2,1322,-136
101,shock_down,S19,SNPR,-1007.6,1304,-48
101,shock_down,Z20,ZIP,14067.7,3800,-414
101,shock_down,Z21,ZIP,12952.05,3669,-351
101,shock_down,Z22,ZIP,9162.6,3622,-152
101,shock_down,Z23,ZIP,13082.3,3664,-466
101,shock_down,Z24,ZIP,11933.5,3592,-330
101,shock_down,P25,PRSH,-6987.4,2022,908
101,shock_down,P26,PRSH,-2456.35,469,437
101,shock_down,P27,PRSH,-2513.45,701,379
101,shock_down,P28,PRSH,-7718.6,2560,972
101,shock_down,P29,PRSH,-5294.95,913,569
101,shock_down,C30,CUSTOM,6443.7,4736,-54
101,shock_down,C31,CUSTOM,6844.25,4801,-55
101,shock_down,C32,CUSTOM,6652.25,4753,-75
101,shock_down,C33,CUSTOM,7596.05,4723,-91
101,shock_down,C34,CUSTOM,6187.0,4686,-60
102,shock_down,G00,GVWY,-7049.1,6703,-159
102,shock_down,G01,GVWY,-4281.8,6714,-392
102,shock_down,G02,GVWY,-4247.1,6683,-269
102,shock_down,G03,GVWY,-6940.0,6678,-190
102,shock_down,G04,GVWY,-6240.5,6679,-345
102,shock_down,Z05,ZIC,-3440.6,610,356
102,shock_down,Z06,ZIC,-2584.7,665,387
102,shock_down,Z07,ZIC,-4085.4,618,354
102,shock_down,Z08,ZIC,-4012.9,711,429
102,shock_down,Z09,ZIC,-3437.0,668,350
102,shock_down,S10,SHVR,-4229.4,6058,14
102,shock_down,S11,SHVR,-3960.1,6117,-69
102,shock_down,S12,SHVR,-5604.4,6068,-6
102,shock_down,S13,SHVR,-5110.3,6127,-207
102,shock_down,S14,SHVR,-6370.1,6073,-89
102,shock_down,S15,SNPR,-1107.7,1313,-73
102,shock_down,S16,SNPR,-960.3,1311,-107
102,shock_down,S17,SNPR,-743.4,1292,-76
102,shock_down,S18,SNPR,-983.8,1318,-82
102,shock_down,S19,SNPR,-922.1,1299,-109
102,shock_down,Z20,ZIP,8349.7,3659,-107
102,shock_down,Z21,ZIP,13988.0,3550,-400
102,shock_down,Z22,ZIP,11928.9,3743,-249
102,shock_down,Z23,ZIP,24665.5,3787,-1305
102,shock_down,Z24,ZIP,23194.2,3658,-1182
102,shock_down,P25,PRSH,-7595.0,2096,990
102,shock_down,P26,PRSH,-8493.4,1774,914
102,shock_down,P27,PRSH,-2048.7,345,287
102,shock_down,P28,PRSH,-3247.4,448,364
102,shock_down,P29,PRSH,-14108.7,3297,1147
102,shock_down,C30,CUSTOM,4741.4,4722,-24
102,shock_down,C31,CUSTOM,6795.2,4760,-52
102,shock_down,C32,CUSTOM,6411.1,4729,-61
102,shock_down,C33,CUSTOM,5453.0,4782,-60
102,shock_down,C34,CUSTOM,7261.5,4799,-55
103,shock_down,G00,GVWY,-6139.65,6637,-399
103,shock_down,G01,GVWY,-8564.25,6667,-155
103,shock_down,G02,GVWY,-5175.65,6655,-199
103,shock_down,G03,GVWY,-8665.6,6680,-236
103,shock_down,G04,GVWY,-8258.0,6674,-260
103,shock_down,Z05,ZIC,-2941.95,647,403
103,shock_down,Z06,ZIC,-3196.8,658,392
103,shock_down,Z07,ZIC,-3819.5,602,390
103,shock_down,Z08,ZIC,-1609.95,599,343
103,shock_down,Z09,ZIC,-1916.0,654,380
103,shock_down,S10,SHVR,-4866.9,6008,-154
103,shock_down,S11,SHVR,-6452.3,5952,2
103,shock_down,S12,SHVR,-5347.05,6011,17
103,shock_down,S13,SHVR,-2295.85,5991,-251
103,shock_down,S14,SHVR,-7294.45,6007,-67
103,shock_down,S15,SNPR,-989.15,1295,-9
103,shock_down,S16,SNPR,-1257.1,1312,-6
103,shock_down,S17,SNPR,-1217.35,1307,39
103,shock_down,S18,SNPR,-840.55,1323,-73
103,shock_down,S19,SNPR,-983.75,1313,35
103,shock_down,Z20,ZIP,8862.25,3753,-145
103,shock_down,Z21,ZIP,16385.1,3720,-874
103,shock_down,Z22,ZIP,11222.75,3643,-375
103,shock_down,Z23,ZIP,20539.05,3603,-1197
103,shock_down,Z24,ZIP,13055.25,3665,-585
103,shock_down,P25,PRSH,-3803.35,951,519
103,shock_down,P26,PRSH,-8222.5,2586,1030
103,shock_down,P27,PRSH,-3296.4,712,556
103,shock_down,P28,PRSH,-1723.4,496,456
103,shock_down,P29,PRSH,-1624.25,615,585
103,shock_down,C30,CUSTOM,5996.8,4736,-52
103,shock_down,C31,CUSTOM,6198.95,4765,-63
103,shock_down,C32,CUSTOM,5728.2,4754,-28
103,shock_down,C33,CUSTOM,6602.8,4702,-52
103,shock_down,C34,CUSTOM,6212.6,4730,-44
104,shock_down,G00,GVWY,-8447.6,6660,-286
104,shock_down,G01,GVWY,-11575.0,6702,-20
104,shock_down,G02,GVWY,-7776.9,6639,-89
104,shock_down,G03,GVWY,-8225.1,6659,-201
104,shock_down,G04,GVWY,-9173.1,6675,-231
104,shock_down,Z05,ZIC,-1780.1,709,459
104,shock_down,Z06,ZIC,-1012.6,646,374
104,shock_down,Z07,ZIC,-2486.4,648,346
104,shock_down,Z08,ZIC,-1558.9,665,401
104,shock_down,Z09,ZIC,-1896.3,683,427
104,shock_down,S10,SHVR,-7748.3,6069,-63
104,shock_down,S11,SHVR,-2192.4,6000,-154
104,shock_down,S12,SHVR,-2771.9,6051,-279
104,shock_down,S13,SHVR,-5105.9,6059,-59
104,shock_down,S14,SHVR,-6707.5,6049,-185
104,shock_down,S15,SNPR,-1045.5,1303,5
104,shock_down,S16,SNPR,-1229.1,1297,-31
104,shock_down,S17,SNPR,-851.0,1316,-70
104,shock_down,S18,SNPR,-829.0,1336,-40
104,shock_down,S19,SNPR,-1557.2,1318,-82
104,shock_down,Z20,ZIP,10184.0,3736,-380
104,shock_down,Z21,ZIP,17646.4,3738,-1106
104,shock_down,Z22,ZIP,18372.2,3660,-1008
104,shock_down,Z23,ZIP,9142.5,3539,-195
104,shock_down,Z24,ZIP,11595.8,3816,-382
104,shock_down,P25,PRSH,-621.3,503,477
104,shock_down,P26,PRSH,-269.2,322,278
104,shock_down,P27,PRSH,-7632.1,4291,979
104,shock_down,P28,PRSH,-5434.3,1715,997
104,shock_down,P29,PRSH,-1457.5,435,345
104,shock_down,C30,CUSTOM,6260.2,4814,-48
104,shock_down,C31,CUSTOM,7174.4,4750,-76
104,shock_down,C32,CUSTOM,6201.6,4720,-54
104,shock_down,C33,CUSTOM,7276.8,4668,-72
104,shock_down,C34,CUSTOM,6453.5,4723,-75
105,shock_down,G00,GVWY,-7632.1,6565,-331
105,shock_down,G01,GVWY,-9150.4,6632,-334
105,shock_down,G02,GVWY,-5499.7,6563,-407
105,shock_down,G03,GVWY,-7832.0,6574,-50
105,shock_down,G04,GVWY,-12709.9,6631,-49
105,shock_down,Z05,ZIC,-747.6,626,324
105,shock_down,Z06,ZIC,-422.3,647,357
105,shock_down,Z07,ZIC,-1387.5,581,355
105,shock_down,Z08,ZIC,-409.6,618,324
105,shock_down,Z09,ZIC,-804.2,624,308
105,shock_down,S10,SHVR,-5489.6,6004,-216
105,shock_down,S11,SHVR,-2333.9,5973,-219
105,shock_down,S12,SHVR,-5388.4,6022,-154
105,shock_down,S13,SHVR,-3893.3,5941,-203
105,shock_down,S14,SHVR,-7524.2,5930,-32
105,shock_down,S15,SNPR,-1469.4,1292,-144
105,shock_down,S16,SNPR,-1690.7,1299,-117
105,shock_down,S17,SNPR,-1218.9,1291,-39
105,shock_down,S18,SNPR,-1111.3,1295,-23
105,shock_down,S19,SNPR,-1327.7,1295,-57
105,shock_down,Z20,ZIP,7673.2,3648,-188
105,shock_down,Z21,ZIP,9806.8,3732,-232
105,shock_down,Z22,ZIP,7095.8,3636,-102
105,shock_down,Z23,ZIP,11642.2,3680,-698
105,shock_down,Z24,ZIP,9081.9,3565,-311
105,shock_down,P25,PRSH,951.1,551,521
105,shock_down,P26,PRSH,1221.5,635,595
105,shock_down,P27,PRSH,-512.6,348,274
105,shock_down,P28,PRSH,174.5,933,395
105,shock_down,P29,PRSH,-188.7,1785,723
105,shock_down,C30,CUSTOM,6095.6,4922,-74
105,shock_down,C31,CUSTOM,7918.4,4668,-86
105,shock_down,C32,CUSTOM,5644.1,4785,-59
105,shock_down,C33,CUSTOM,5590.4,4714,-76
105,shock_down,C34,CUSTOM,6818.8,4724,-82
106,shock_down,G00,GVWY,-9938.7,6602,-282
106,shock_down,G01,GVWY,-7236.35,6563,-371
106,shock_down,G02,GVWY,-8494.45,6567,-297
106,shock_down,G03,GVWY,-9588.45,6585,-417
106,shock_down,G04,GVWY,-12626.6,6618,-316
106,shock_down,Z05,ZIC,667.4,650,424
106,shock_down,Z06,ZIC,607.0,680,380
106,shock_down,Z07,ZIC,823.2,578,332
106,shock_down,Z08,ZIC,812.45,607,337
106,shock_down,Z09,ZIC,490.2,582,352
106,shock_down,S10,SHVR,-5465.9,5936,-214
106,shock_down,S11,SHVR,-5870.3,5918,-78
106,shock_down,S12,SHVR,-5544.3,5958,-178
106,shock_down,S13,SHVR,-5640.65,5929,-209
106,shock_down,S14,SHVR,-6021.0,5920,-180
106,shock_down,S15,SNPR,-1459.4,1276,-4
106,shock_down,S16,SNPR,-1444.3,1286,-58
106,shock_down,S17,SNPR,-1540.7,1294,-2
106,shock_down,S18,SNPR,-1985.75,1271,-95
106,shock_down,S19,SNPR,-1825.75,1271,-75
106,shock_down,Z20,ZIP,10348.2,3564,-468
106,shock_down,Z21,ZIP,6000.55,3499,-97
106,shock_down,Z22,ZIP,8056.95,3721,-273
106,shock_down,Z23,ZIP,8144.8,3596,-92
106,shock_down,Z24,ZIP,8970.95,3523,-213
106,shock_down,P25,PRSH,2505.85,1099,561
106,shock_down,P26,PRSH,1423.35,741,411
106,shock_down,P27,PRSH,1093.6,654,416
106,shock_down,P28,PRSH,1529.3,792,438
106,shock_down,P29,PRSH,2518.85,1007,521
106,shock_down,C30,CUSTOM,7393.5,4788,-30
106,shock_down,C31,CUSTOM,5446.7,4790,-78
106,shock_down,C32,CUSTOM,5919.65,4827,-71
106,shock_down,C33,CUSTOM,6364.2,4874,-68
106,shock_down,C34,CUSTOM,6037.15,4779,-81
107,shock_down,G00,GVWY,-9013.2,6630,-252
107,shock_down,G01,GVWY,-1740.2,6566,-442
107,shock_down,G02,GVWY,-1994.2,6574,-442
107,shock_down,G03,GVWY,-2616.8,6594,-468
107,shock_down,G04,GVWY,-7907.6,6558,-146
107,shock_down,Z05,ZIC,-2846.4,646,326
107,shock_down,Z06,ZIC,-1701.6,638,324
107,shock_down,Z07,ZIC,-3773.7,617,373
107,shock_down,Z08,ZIC,-2190.9,611,301
107,shock_down,Z09,ZIC,-2398.2,610,298
107,shock_down,S10,SHVR,-4765.8,5958,-48
107,shock_down,S11,SHVR,-2384.1,5949,-321
107,shock_down,S12,SHVR,-4088.0,6002,-130
107,shock_down,S13,SHVR,-2675.8,6006,-278
107,shock_down,S14,SHVR,-5138.3,5931,-13
107,shock_down,S15,SNPR,-934.2,1270,-132
107,shock_down,S16,SNPR,-1547.3,1293,-73
107,shock_down,S17,SNPR,-974.7,1271,-47
107,shock_down,S18,SNPR,-639.1,1285,-31
107,shock_down,S19,SNPR,-740.7,1309,-67
107,shock_down,Z20,ZIP,10896.0,3620,-200
107,shock_down,Z21,ZIP,6188.5,3607,-65
107,shock_down,Z22,ZIP,10833.6,3592,-284
107,shock_down,Z23,ZIP,9299.6,3678,-194
107,shock_down,Z24,ZIP,9173.5,3555,-135
107,shock_down,P25,PRSH,-4973.5,1141,555
107,shock_down,P26,PRSH,-11597.5,4105,955
107,shock_down,P27,PRSH,-3320.4,868,476
107,shock_down,P28,PRSH,-1472.4,276,226
107,shock_down,P29,PRSH,-1884.0,318,270
107,shock_down,C30,CUSTOM,6841.7,4747,-73
107,shock_down,C31,CUSTOM,7928.1,4767,-69
107,shock_down,C32,CUSTOM,7876.2,4788,-78
107,shock_down,C33,CUSTOM,7846.8,4762,-92
107,shock_down,C34,CUSTOM,7564.8,4686,-92
108,shock_down,G00,GVWY,-4119.3,6575,-349
108,shock_down,G01,GVWY,-7085.3,6559,-489
108,shock_down,G02,GVWY,-3477.6,6572,-338
108,shock_down,G03,GVWY,-10020.0,6614,-350
108,shock_down,G04,GVWY,-7281.1,6583,-473
108,shock_down,Z05,ZIC,-704.0,578,280
108,shock_down,Z06,ZIC,-2207.9,581,353
108,shock_down,Z07,ZIC,-1547.9,633,353
108,shock_down,Z08,ZIC,-1152.2,568,314
108,shock_down,Z09,ZIC,-1491.9,631,343
108,shock_down,S10,SHVR,-475.2,6018,-316
108,shock_down,S11,SHVR,-5808.7,5983,-171
108,shock_down,S12,SHVR,-3239.1,5965,-313
108,shock_down,S13,SHVR,-2923.4,5936,-272
108,shock_down,S14,SHVR,-3793.9,5975,-217
108,shock_down,S15,SNPR,-956.3,1303,-89
108,shock_down,S16,SNPR,-1210.1,1305,-73
108,shock_down,S17,SNPR,-844.8,1318,-54
108,shock_down,S18,SNPR,-1421.9,1285,-77
108,shock_down,S19,SNPR,-1359.4,1308,-182
108,shock_down,Z20,ZIP,12219.9,3705,-503
108,shock_down,Z21,ZIP,8065.5,3595,-155
108,shock_down,Z22,ZIP,8015.0,3610,-160
108,shock_down,Z23,ZIP,8836.5,3697,-285
108,shock_down,Z24,ZIP,8255.6,3682,-92
108,shock_down,P25,PRSH,-1378.4,720,378
108,shock_down,P26,PRSH,-347.9,1117,613
108,shock_down,P27,PRSH,-3649.1,1023,527
108,shock_down,P28,PRSH,-4972.6,3172,982
108,shock_down,P29,PRSH,-6897.1,2727,1007
108,shock_down,C30,CUSTOM,6687.5,4661,-35
108,shock_down,C31,CUSTOM,7418.9,4689,-53
108,shock_down,C32,CUSTOM,5550.2,4728,-54
108,shock_down,C33,CUSTOM,6696.2,4742,-64
108,shock_down,C34,CUSTOM,7582.7,4727,-79
109,shock_down,G00,GVWY,-7568.0,6619,-365
109,shock_down,G01,GVWY,-7965.6,6598,-278
109,shock_down,G02,GVWY,-10556.4,6591,-237
109,shock_down,G03,GVWY,-4776.6,6579,-503
109,shock_down,G04,GVWY,-6538.8,6636,-334
109,shock_down,Z05,ZIC,-700.4,648,348
109,shock_down,Z06,ZIC,-987.2,655,349
109,shock_down,Z07,ZIC,-1284.2,679,319
109,shock_down,Z08,ZIC,-1319.2,601,319
109,shock_down,Z09,ZIC,-1732.4,636,308
109,shock_down,S10,SHVR,-2943.6,5930,-158
109,shock_down,S11,SHVR,-6824.0,5959,-155
109,shock_down,S12,SHVR,-4091.8,5924,-314
109,shock_down,S13,SHVR,-5911.2,5979,-31
109,shock_down,S14,SHVR,-4952.0,6033,-25
109,shock_down,S15,SNPR,-756.2,1302,-26
109,shock_down,S16,SNPR,-1563.4,1274,-62
109,shock_down,S17,SNPR,-824.6,1289,-3
109,shock_down,S18,SNPR,-1648.6,1296,-58
109,shock_down,S19,SNPR,-1162.0,1308,50
109,shock_down,Z20,ZIP,9005.0,3686,-360
109,shock_down,Z21,ZIP,9159.8,3744,-106
109,shock_down,Z22,ZIP,8174.0,3713,-245
109,shock_down,Z23,ZIP,10000.8,3682,-266
109,shock_down,Z24,ZIP,11945.4,3665,-363
109,shock_down,P25,PRSH,104.0,401,355
109,shock_down,P26,PRSH,-75.2,317,289
109,shock_down,P27,PRSH,-690.2,737,399
109,shock_down,P28,PRSH,-115.4,362,328
109,shock_down,P29,PRSH,-4832.0,2518,1010
109,shock_down,C30,CUSTOM,6046.4,4660,-48
109,shock_down,C31,CUSTOM,5990.8,4671,-41
109,shock_down,C32,CUSTOM,7875.0,4723,-55
109,shock_down,C33,CUSTOM,6617.6,4720,-82
109,shock_down,C34,CUSTOM,6362.4,4760,-58
110,shock_down,G00,GVWY,-8386.2,6632,-272
110,shock_down,G01,GVWY,-6489.3,6560,-338
110,shock_down,G02,GVWY,-8870.85,6615,-271
110,shock_down,G03,GVWY,-4524.45,6665,-347
110,shock_down,G04,GVWY,-8259.6,6638,-236
110,shock_down,Z05,ZIC,-2109.9,610,346
110,shock_down,Z06,ZIC,-2704.65,621,341
110,shock_down,Z07,ZIC,-2661.0,594,360
110,shock_down,Z08,ZIC,-1453.45,639,333
110,shock_down,Z09,ZIC,-1184.25,611,345
110,shock_down,S10,SHVR,-4045.3,5980,-198
110,shock_down,S11,SHVR,-3452.15,6015,-249
110,shock_down,S12,SHVR,-7371.95,6047,3
110,shock_down,S13,SHVR,-2909.85,6057,-331
110,shock_down,S14,SHVR,-7185.45,6043,-47
110,shock_down,S15,SNPR,-962.0,1284,-20
110,shock_down,S16,SNPR,-1407.8,1286,-28
110,shock_down,S17,SNPR,-743.45,1289,-67
110,shock_down,S18,SNPR,-1191.05,1285,-143
110,shock_down,S19,SNPR,-897.75,1279,-5
110,shock_down,Z20,ZIP,7828.7,3630,-98
110,shock_down,Z21,ZIP,12348.5,3686,-410
110,shock_down,Z22,ZIP,10072.55,3743,-187
110,shock_down,Z23,ZIP,17299.95,3671,-683
110,shock_down,Z24,ZIP,12245.4,3642,-296
110,shock_down,P25,PRSH,-6845.0,2356,920
110,shock_down,P26,PRSH,-1794.05,645,417
110,shock_down,P27,PRSH,-4583.65,3831,921
110,shock_down,P28,PRSH,-916.85,309,249
110,shock_down,P29,PRSH,-1086.85,333,249
110,shock_down,C30,CUSTOM,6359.45,4735,-53
110,shock_down,C31,CUSTOM,7144.5,4666,-70
110,shock_down,C32,CUSTOM,7070.8,4746,-52
110,shock_down,C33,CUSTOM,6781.75,4757,-95
110,shock_down,C34,CUSTOM,5278.25,4719,-45
111,shock_down,G00,GVWY,-7405.7,6640,-342
111,shock_down,G01,GVWY,-5162.55,6611,-553
111,shock_down,G02,GVWY,-7994.6,6562,-256
111,shock_down,G03,GVWY,-6603.9,6620,-254
111,shock_down,G04,GVWY,-5389.35,6567,-341
111,shock_down,Z05,ZIC,-2305.95,655,343
111,shock_down,Z06,ZIC,-3943.6,580,344
111,shock_down,Z07,ZIC,-2663.0,582,340
111,shock_down,Z08,ZIC,-3203.05,647,337
111,shock_down,Z09,ZIC,-3558.2,592,368
111,shock_down,S10,SHVR,-5365.2,5904,-32
111,shock_down,S11,SHVR,-3019.3,5914,-138
111,shock_down,S12,SHVR,-4671.55,5927,-173
111,shock_down,S13,SHVR,-4963.4,5950,-84
111,shock_down,S14,SHVR,-1362.6,5982,-436
111,shock_down,S15,SNPR,-880.95,1291,-37
111,shock_down,S16,SNPR,-910.0,1290,-80
111,shock_down,S17,SNPR,-1551.35,1301,19
111,shock_down,S18,SNPR,-1043.45,1305,-87
111,shock_down,S19,SNPR,-1004.55,1313,-33
111,shock_down,Z20,ZIP,10767.2,3636,-268
111,shock_down,Z21,ZIP,15084.5,3682,-370
111,shock_down,Z22,ZIP,10001.45,3769,-313
111,shock_down,Z23,ZIP,18443.55,3829,-607
111,shock_down,Z24,ZIP,11043.2,3612,-148
111,shock_down,P25,PRSH,-3153.75,787,415
111,shock_down,P26,PRSH,-6613.95,1047,1003
111,shock_down,P27,PRSH,-6174.35,1001,539
111,shock_down,P28,PRSH,-2045.55,285,247
111,shock_down,P29,PRSH,-6343.0,1568,800
111,shock_down,C30,CUSTOM,7687.35,4803,-79
111,shock_down,C31,CUSTOM,6959.05,4699,-77
111,shock_down,C32,CUSTOM,6357.05,4653,-57
111,shock_down,C33,CUSTOM,6120.9,4718,-46
111,shock_down,C34,CUSTOM,6210.7,4708,-38
112,shock_down,G00,GVWY,-10731.0,6612,-82
112,shock_down,G01,GVWY,-8348.0,6642,-232
112,shock_down,G02,GVWY,-6488.5,6595,-317
112,shock_down,G03,GVWY,-4864.5,6641,-415
112,shock_down,G04,GVWY,-8078.5,6647,-363
112,shock_down,Z05,ZIC,-2775.0,642,358
112,shock_down,Z06,ZIC,-2867.0,624,360
112,shock_down,Z07,ZIC,-3718.5,657,383
112,shock_down,Z08,ZIC,-1531.0,620,344
112,shock_down,Z09,ZIC,-3053.0,630,370
112,shock_down,S10,SHVR,-3464.0,5956,-110
112,shock_down,S11,SHVR,-6276.5,6001,45
112,shock_down,S12,SHVR,-5190.5,6053,-255
112,shock_down,S13,SHVR,-5494.5,6057,-201
112,shock_down,S14,SHVR,-4659.0,6042,-196
112,shock_down,S15,SNPR,-954.0,1286,-18
112,shock_down,S16,SNPR,-1250.5,1329,15
112,shock_down,S17,SNPR,-583.0,1326,-172
112,shock_down,S18,SNPR,-956.5,1325,-101
112,shock_down,S19,SNPR,-1263.5,1293,1
112,shock_down,Z20,ZIP,15437.5,3671,-541
112,shock_down,Z21,ZIP,15182.0,3592,-394
112,shock_down,Z22,ZIP,17485.5,3693,-481
112,shock_down,Z23,ZIP,9680.5,3607,-181
112,shock_down,Z24,ZIP,11046.0,3692,-252
112,shock_down,P25,PRSH,-1758.0,384,322
112,shock_down,P26,PRSH,-1864.0,472,318
112,shock_down,P27,PRSH,-4335.5,977,583
112,shock_down,P28,PRSH,-8542.5,4195,993
112,shock_down,P29,PRSH,-1697.0,474,334
112,shock_down,C30,CUSTOM,6250.0,4860,-56
112,shock_down,C31,CUSTOM,6101.5,4959,-23
112,shock_down,C32,CUSTOM,6286.0,4802,-50
112,shock_down,C33,CUSTOM,6428.5,4923,-21
112,shock_down,C34,CUSTOM,7317.0,4868,-8
113,shock_down,G00,GVWY,-5123.4,6640,-252
113,shock_down,G01,GVWY,-7056.5,6616,-370
113,shock_down,G02,GVWY,-8765.1,6670,-298
113,shock_down,G03,GVWY,-5326.3,6654,-314
113,shock_down,G04,GVWY,-7967.85,6635,-293
113,shock_down,Z05,ZIC,-2461.3,644,306
113,shock_down,Z06,ZIC,-3810.45,573,379
113,shock_down,Z07,ZIC,-1766.65,599,323
113,shock_down,Z08,ZIC,-3482.15,687,433
113,shock_down,Z09,ZIC,-2665.95,605,369
113,shock_down,S10,SHVR,-3922.85,6087,-173
113,shock_down,S11,SHVR,-5466.6,6094,-108
113,shock_down,S12,SHVR,-4672.6,6004,-208
113,shock_down,S13,SHVR,-2832.0,6046,-140
113,shock_down,S14,SHVR,-5117.25,6031,-85
113,shock_down,S15,SNPR,-1602.0,1300,-20
113,shock_down,S16,SNPR,-1434.2,1308,44
113,shock_down,S17,SNPR,-613.65,1295,-17
113,shock_down,S18,SNPR,-1037.55,1269,-79
113,shock_down,S19,SNPR,-691.2,1308,-136
113,shock_down,Z20,ZIP,8895.15,3665,-113
113,shock_down,Z21,ZIP,14949.65,3665,-363
113,shock_down,Z22,ZIP,8830.1,3760,-182
113,shock_down,Z23,ZIP,18833.7,3598,-834
113,shock_down,Z24,ZIP,23634.8,3656,-1056
113,shock_down,P25,PRSH,-8388.4,1066,1008
113,shock_down,P26,PRSH,-11797.8,5112,736
113,shock_down,P27,PRSH,-2303.85,767,407
113,shock_down,P28,PRSH,-9278.25,3531,795
113,shock_down,P29,PRSH,-3607.2,524,504
113,shock_down,C30,CUSTOM,8610.65,4715,-83
113,shock_down,C31,CUSTOM,6775.95,4805,-49
113,shock_down,C32,CUSTOM,7928.8,4758,-56
113,shock_down,C33,CUSTOM,5871.6,4716,-72
113,shock_down,C34,CUSTOM,7790.05,4839,-51
114,shock_down,G00,GVWY,-9965.0,6597,-225
114,shock_down,G01,GVWY,-9278.0,6632,-170
114,shock_down,G02,GVWY,-10712.8,6647,-279
114,shock_down,G03,GVWY,-6276.2,6596,-356
114,shock_down,G04,GVWY,-7212.6,6640,-228
114,shock_down,Z05,ZIC,-518.2,574,344
114,shock_down,Z06,ZIC,-343.8,593,361
114,shock_down,Z07,ZIC,-615.8,557,321
114,shock_down,Z08,ZIC,-591.4,622,428
114,shock_down,Z09,ZIC,-424.4,592,328
114,shock_down,S10,SHVR,-8191.0,5956,10
114,shock_down,S11,SHVR,-7901.4,6010,-112
114,shock_down,S12,SHVR,-3969.0,5960,-310
114,shock_down,S13,SHVR,-2869.2,5984,-66
114,shock_down,S14,SHVR,-7564.8,5950,-104
114,shock_down,S15,SNPR,-2192.2,1295,-61
114,shock_down,S16,SNPR,-1100.0,1273,25
114,shock_down,S17,SNPR,-1731.0,1300,-110
114,shock_down,S18,SNPR,-1587.2,1303,-31
114,shock_down,S19,SNPR,-1362.0,1280,-20
114,shock_down,Z20,ZIP,11371.2,3722,-544
114,shock_down,Z21,ZIP,9106.6,3630,-252
114,shock_down,Z22,ZIP,9825.8,3583,-281
114,shock_down,Z23,ZIP,10931.8,3592,-206
114,shock_down,Z24,ZIP,14353.2,3647,-679
114,shock_down,P25,PRSH,-2094.8,1983,851
114,shock_down,P26,PRSH,255.6,287,243
114,shock_down,P27,PRSH,447.4,503,307
114,shock_down,P28,PRSH,-61.0,1639,745
114,shock_down,P29,PRSH,-884.4,612,378
114,shock_down,C30,CUSTOM,6740.2,4764,-54
114,shock_down,C31,CUSTOM,6533.6,4692,-72
114,shock_down,C32,CUSTOM,7029.2,4753,-79
114,shock_down,C33,CUSTOM,5333.6,4723,-67
114,shock_down,C34,CUSTOM,6559.8,4685,-71
115,shock_down,G00,GVWY,-4719.4,6567,-351
115,shock_down,G01,GVWY,-7771.6,6596,-394
115,shock_down,G02,GVWY,-4740.8,6587,-257
115,shock_down,G03,GVWY,-7391.4,6621,-81
115,shock_down,G04,GVWY,-4190.6,6591,-379
115,shock_down,Z05,ZIC,-2778.4,646,384
115,shock_down,Z06,ZIC,-2568.6,669,371
115,shock_down,Z07,ZIC,-3130.6,557,311
115,shock_down,Z08,ZIC,-4330.8,672,418
115,shock_down,Z09,ZIC,-3255.4,631,359
115,shock_down,S10,SHVR,-3886.4,5907,-81
115,shock_down,S11,SHVR,-3893.8,5893,-77
115,shock_down,S12,SHVR,-5246.0,5953,-45
115,shock_down,S13,SHVR,-2157.6,5900,-304
115,shock_down,S14,SHVR,-3695.4,5970,-216
115,shock_down,S15,SNPR,-955.2,1279,-73
115,shock_down,S16,SNPR,-647.2,1273,-83
115,shock_down,S17,SNPR,-1189.4,1272,-76
115,shock_down,S18,SNPR,-1234.0,1296,-50
115,shock_down,S19,SNPR,-770.0,1259,-25
115,shock_down,Z20,ZIP,9010.0,3617,-245
115,shock_down,Z21,ZIP,8053.8,3493,-163
115,shock_down,Z22,ZIP,9876.0,3570,-240
115,shock_down,Z23,ZIP,14166.2,3672,-402
115,shock_down,Z24,ZIP,13553.8,3604,-468
115,shock_down,P25,PRSH,-4838.4,2095,809
115,shock_down,P26,PRSH,-1379.8,304,258
115,shock_down,P27,PRSH,-4273.8,932,458
115,shock_down,P28,PRSH,-2447.8,613,333
115,shock_down,P29,PRSH,-5952.2,884,522
115,shock_down,C30,CUSTOM,7641.0,4693,-75
115,shock_down,C31,CUSTOM,6519.0,4695,-65
115,shock_down,C32,CUSTOM,6354.4,4739,-9
115,shock_down,C33,CUSTOM,5562.2,4826,-72
115,shock_down,C34,CUSTOM,6826.6,4755,-71
116,shock_down,G00,GVWY,-6586.65,6617,-317
116,shock_down,G01,GVWY,-6869.1,6620,-338
116,shock_down,G02,GVWY,-5469.1,6592,-278
116,shock_down,G03,GVWY,-5979.05,6629,-349
116,shock_down,G04,GVWY,-7745.95,6601,-551
116,shock_down,Z05,ZIC,-1090.3,662,346
116,shock_down,Z06,ZIC,-1153.55,605,301
116,shock_down,Z07,ZIC,-1177.1,566,242
116,shock_down,Z08,ZIC,-347.8,580,336
116,shock_down,Z09,ZIC,-1895.95,643,349
116,shock_down,S10,SHVR,-4562.3,5950,-54
116,shock_down,S11,SHVR,-5094.15,5949,-147
116,shock_down,S12,SHVR,-3082.65,5949,-157
116,shock_down,S13,SHVR,-4821.1,5974,102
116,shock_down,S14,SHVR,-6608.4,5962,-52
116,shock_down,S15,SNPR,-1319.6,1282,-68
116,shock_down,S16,SNPR,-1301.45,1301,-41
116,shock_down,S17,SNPR,-830.45,1299,-81
116,shock_down,S18,SNPR,-1433.9,1290,-62
116,shock_down,S19,SNPR,-1382.45,1299,-101
116,shock_down,Z20,ZIP,8039.2,3824,-224
116,shock_down,Z21,ZIP,12336.2,3740,-544
116,shock_down,Z22,ZIP,9167.5,3670,-170
116,shock_down,Z23,ZIP,10146.2,3606,-424
116,shock_down,Z24,ZIP,18756.3,3686,-1246
116,shock_down,P25,PRSH,-4370.0,1142,620
116,shock_down,P26,PRSH,-7960.3,1610,1186
116,shock_down,P27,PRSH,-5526.65,1493,963
116,shock_down,P28,PRSH,-1139.75,683,405
116,shock_down,P29,PRSH,-2469.05,1145,611
116,shock_down,C30,CUSTOM,6387.7,4794,-74
116,shock_down,C31,CUSTOM,6561.05,4735,-71
116,shock_down,C32,CUSTOM,5715.25,4717,-55
116,shock_down,C33,CUSTOM,6249.1,4680,-82
116,shock_down,C34,CUSTOM,7007.4,4682,-28
117,shock_down,G00,GVWY,-8602.9,6642,-382
117,shock_down,G01,GVWY,-8336.95,6627,-451
117,shock_down,G02,GVWY,-8739.8,6640,-144
117,shock_down,G03,GVWY,-13683.1,6620,-178
117,shock_down,G04,GVWY,-7882.7,6634,-266
117,shock_down,Z05,ZIC,-321.45,627,339
117,shock_down,Z06,ZIC,-158.55,613,361
117,shock_down,Z07,ZIC,183.05,635,349
117,shock_down,Z08,ZIC,123.1,616,338
117,shock_down,Z09,ZIC,-116.5,614,370
117,shock_down,S10,SHVR,-6711.8,5986,-64
117,shock_down,S11,SHVR,-7311.25,5999,-85
117,shock_down,S12,SHVR,-6593.8,6036,76
117,shock_down,S13,SHVR,-3970.0,5954,-20
117,shock_down,S14,SHVR,-7000.1,6020,-158
117,shock_down,S15,SNPR,-1334.2,1312,-36
117,shock_down,S16,SNPR,-802.7,1296,-6
117,shock_down,S17,SNPR,-1273.15,1321,73
117,shock_down,S18,SNPR,-1478.65,1299,-57
117,shock_down,S19,SNPR,-1623.9,1316,-82
117,shock_down,Z20,ZIP,8508.6,3616,-112
117,shock_down,Z21,ZIP,14309.75,3593,-925
117,shock_down,Z22,ZIP,9483.3,3814,-226
117,shock_down,Z23,ZIP,9559.95,3725,-229
117,shock_down,Z24,ZIP,11994.9,3774,-578
117,shock_down,P25,PRSH,-2953.0,3922,1040
117,shock_down,P26,PRSH,515.2,814,416
117,shock_down,P27,PRSH,-96.55,281,241
117,shock_down,P28,PRSH,-473.9,480,358
117,shock_down,P29,PRSH,78.6,292,248
117,shock_down,C30,CUSTOM,5818.85,4785,-27
117,shock_down,C31,CUSTOM,7896.7,4748,-74
117,shock_down,C32,CUSTOM,6136.4,4758,-48
117,shock_down,C33,CUSTOM,7029.6,4742,-72
117,shock_down,C34,CUSTOM,7832.9,4748,-58
118,shock_down,G00,GVWY,-6472.3,6623,-353
118,shock_down,G01,GVWY,-7408.2,6624,-292
118,shock_down,G02,GVWY,-4289.8,6632,-318
118,shock_down,G03,GVWY,-7978.8,6594,-278
118,shock_down,G04,GVWY,1270.1,6637,-609
118,shock_down,Z05,ZIC,-2544.2,616,348
118,shock_down,Z06,ZIC,-2900.9,595,331
118,shock_down,Z07,ZIC,-2214.7,621,303
118,shock_down,Z08,ZIC,-2564.6,606,364
118,shock_down,Z09,ZIC,-2185.7,625,363
118,shock_down,S10,SHVR,-7870.1,6001,69
118,shock_down,S11,SHVR,-417.2,6022,-232
118,shock_down,S12,SHVR,-5058.6,6004,-176
118,shock_down,S13,SHVR,-5604.8,6050,-88
118,shock_down,S14,SHVR,-8079.9,6001,-49
118,shock_down,S15,SNPR,-867.5,1283,-45
118,shock_down,S16,SNPR,-854.5,1293,-45
118,shock_down,S17,SNPR,-1195.3,1287,-53
118,shock_down,S18,SNPR,-850.7,1283,-97
118,shock_down,S19,SNPR,-1367.2,1302,-72
118,shock_down,Z20,ZIP,13640.7,3725,-393
118,shock_down,Z21,ZIP,7941.8,3586,-172
118,shock_down,Z22,ZIP,9508.4,3716,-256
118,shock_down,Z23,ZIP,10408.2,3718,-258
118,shock_down,Z24,ZIP,13397.1,3753,-499
118,shock_down,P25,PRSH,-1096.8,560,522
118,shock_down,P26,PRSH,-8435.2,4592,948
118,shock_down,P27,PRSH,-2299.6,376,314
118,shock_down,P28,PRSH,-972.0,324,280
118,shock_down,P29,PRSH,-5936.7,1499,723
118,shock_down,C30,CUSTOM,6884.1,4745,-79
118,shock_down,C31,CUSTOM,5535.3,4823,-67
118,shock_down,C32,CUSTOM,6759.8,4812,-62
118,shock_down,C33,CUSTOM,7382.0,4678,-40
118,shock_down,C34,CUSTOM,7064.5,4739,-85
119,shock_down,G00,GVWY,-4267.7,6626,-374
119,shock_down,G01,GVWY,-8161.85,6663,-377
119,shock_down,G02,GVWY,-9150.85,6641,-97
119,shock_down,G03,GVWY,-8489.75,6601,-235
119,shock_down,G04,GVWY,-6047.5,6612,-310
119,shock_down,Z05,ZIC,-2940.95,631,341
119,shock_down,Z06,ZIC,-2561.65,589,327
119,shock_down,Z07,ZIC,-2720.55,579,349
119,shock_down,Z08,ZIC,-2659.3,674,374
119,shock_down,Z09,ZIC,-1844.9,608,342
119,shock_down,S10,SHVR,-3465.0,6020,-160
119,shock_down,S11,SHVR,-3879.75,6037,-175
119,shock_down,S12,SHVR,-228.8,6074,-176
119,shock_down,S13,SHVR,-3861.9,6066,-198
119,shock_down,S14,SHVR,-5667.65,6041,-153
119,shock_down,S15,SNPR,-1082.25,1293,-65
119,shock_down,S16,SNPR,-2019.6,1316,-32
119,shock_down,S17,SNPR,-1247.2,1308,-24
119,shock_down,S18,SNPR,-1020.9,1318,42
119,shock_down,S19,SNPR,-1329.85,1287,-77
119,shock_down,Z20,ZIP,14344.95,3753,-541
119,shock_down,Z21,ZIP,15756.3,3708,-594
119,shock_down,Z22,ZIP,13857.0,3728,-440
119,shock_down,Z23,ZIP,11628.35,3743,-353
119,shock_down,Z24,ZIP,11224.15,3645,-297
119,shock_down,P25,PRSH,-2472.8,582,364
119,shock_down,P26,PRSH,-10517.7,3542,946
119,shock_down,P27,PRSH,-4378.3,1242,634
119,shock_down,P28,PRSH,-1171.9,334,262
119,shock_down,P29,PRSH,-11267.95,3855,901
119,shock_down,C30,CUSTOM,7463.55,4757,-29
119,shock_down,C31,CUSTOM,7065.35,4755,-33
119,shock_down,C32,CUSTOM,8086.15,4725,-57
119,shock_down,C33,CUSTOM,6837.9,4746,-62
119,shock_down,C34,CUSTOM,6465.45,4707,-71
120,shock_down,G00,GVWY,-6421.7,6640,-314
120,shock_down,G01,GVWY,-9549.9,6686,-218
120,shock_down,G02,GVWY,-8942.3,6626,-126
120,shock_down,G03,GVWY,-9064.75,6681,-385
120,shock_down,G04,GVWY,-11522.8,6672,-176
120,shock_down,Z05,ZIC,-1484.0,650,420
120,shock_down,Z06,ZIC,-482.8,610,324
120,shock_down,Z07,ZIC,-624.4,652,352
120,shock_down,Z08,ZIC,-1398.7,636,326
120,shock_down,Z09,ZIC,-943.75,679,435
120,shock_down,S10,SHVR,-7376.15,6057,67
120,shock_down,S11,SHVR,-5295.6,6142,-92
120,shock_down,S12,SHVR,-5117.05,6107,-191
120,shock_down,S13,SHVR,-6750.5,6094,90
120,shock_down,S14,SHVR,-5155.05,6121,-131
120,shock_down,S15,SNPR,-1383.45,1285,-39
120,shock_down,S16,SNPR,-1880.9,1312,-38
120,shock_down,S17,SNPR,-815.95,1289,11
120,shock_down,S18,SNPR,-1214.85,1277,-67
120,shock_down,S19,SNPR,-1384.9,1300,-18
120,shock_down,Z20,ZIP,16656.25,3829,-1185
120,shock_down,Z21,ZIP,15697.55,3721,-859
120,shock_down,Z22,ZIP,12615.65,3707,-617
120,shock_down,Z23,ZIP,9345.05,3621,-229
120,shock_down,Z24,ZIP,8614.75,3671,-195
120,shock_down,P25,PRSH,-5639.05,5593,389
120,shock_down,P26,PRSH,426.15,565,553
120,shock_down,P27,PRSH,-4348.3,4102,894
120,shock_down,P28,PRSH,-3744.7,1522,866
120,shock_down,P29,PRSH,-711.25,683,405
120,shock_down,C30,CUSTOM,7397.75,4703,-55
120,shock_down,C31,CUSTOM,7791.45,4833,-61
120,shock_down,C32,CUSTOM,7570.25,4785,-45
120,shock_down,C33,CUSTOM,7074.35,4761,-63
120,shock_down,C34,CUSTOM,8036.55,4717,-39
121,shock_down,G00,GVWY,-8479.0,6609,-235
121,shock_down,G01,GVWY,-6746.6,6624,-316
121,shock_down,G02,GVWY,-7387.2,6613,-337
121,shock_down,G03,GVWY,-8369.8,6637,-443
121,shock_down,G04,GVWY,-5052.6,6577,-401
121,shock_down,Z05,ZIC,-763.8,634,382
121,shock_down,Z06,ZIC,-1027.4,581,351
121,shock_down,Z07,ZIC,-982.8,682,402
121,shock_down,Z08,ZIC,-843.6,652,364
121,shock_down,Z09,ZIC,-1003.4,632,336
121,shock_down,S10,SHVR,-6142.6,5960,-176
121,shock_down,S11,SHVR,-5796.0,6003,-255
121,shock_down,S12,SHVR,-6581.8,5928,-188
121,shock_down,S13,SHVR,-6373.4,5965,-19
121,shock_down,S14,SHVR,-8673.6,6010,-146
121,shock_down,S15,SNPR,-1429.2,1271,3
121,shock_down,S16,SNPR,-1191.8,1290,12
121,shock_down,S17,SNPR,-1301.4,1285,-89
121,shock_down,S18,SNPR,-1173.8,1276,2
121,shock_down,S19,SNPR,-949.2,1286,-42
121,shock_down,Z20,ZIP,12544.4,3699,-321
121,shock_down,Z21,ZIP,9244.8,3751,-177
121,shock_down,Z22,ZIP,10243.2,3712,-238
121,shock_down,Z23,ZIP,10768.8,3759,-217
121,shock_down,Z24,ZIP,12166.4,3717,-341
121,shock_down,P25,PRSH,-1299.6,831,449
121,shock_down,P26,PRSH,-1851.2,841,453
121,shock_down,P27,PRSH,-167.8,426,282
121,shock_down,P28,PRSH,-1930.4,982,566
121,shock_down,P29,PRSH,-993.8,1056,512
121,shock_down,C30,CUSTOM,5375.0,4770,-60
121,shock_down,C31,CUSTOM,6342.6,4827,-29
121,shock_down,C32,CUSTOM,6160.2,4921,-33
121,shock_down,C33,CUSTOM,6821.6,4893,-59
121,shock_down,C34,CUSTOM,6909.8,4860,-62
122,shock_down,G00,GVWY,-5584.75,6587,-171
122,shock_down,G01,GVWY,-7310.25,6605,-497
122,shock_down,G02,GVWY,-6790.5,6598,-270
122,shock_down,G03,GVWY,-7488.25,6575,-245
122,shock_down,G04,GVWY,-4586.0,6640,-388
122,shock_down,Z05,ZIC,-2627.0,608,324
122,shock_down,Z06,ZIC,-2773.25,617,363
122,shock_down,Z07,ZIC,-2160.75,529,265
122,shock_down,Z08,ZIC,-1913.0,580,280
122,shock_down,Z09,ZIC,-2241.75,579,325
122,shock_down,S10,SHVR,-2684.75,6007,-27
122,shock_down,S11,SHVR,-2867.25,5975,-113
122,shock_down,S12,SHVR,-1346.0,6074,-276
122,shock_down,S13,SHVR,-4792.75,6007,-243
122,shock_down,S14,SHVR,-1826.0,6028,-344
122,shock_down,S15,SNPR,-743.5,1310,-54
122,shock_down,S16,SNPR,-1196.75,1321,-79
122,shock_down,S17,SNPR,-1378.0,1300,-4
122,shock_down,S18,SNPR,-675.75,1293,-139
122,shock_down,S19,SNPR,-985.25,1275,-1
122,shock_down,Z20,ZIP,12405.75,3723,-373
122,shock_down,Z21,ZIP,16203.75,3733,-701
122,shock_down,Z22,ZIP,15169.75,3647,-633
122,shock_down,Z23,ZIP,7755.25,3645,-219
122,shock_down,Z24,ZIP,8292.25,3643,-179
122,shock_down,P25,PRSH,-8662.5,4378,918
122,shock_down,P26,PRSH,-3002.0,732,364
122,shock_down,P27,PRSH,-4232.0,660,632
122,shock_down,P28,PRSH,-11189.5,1488,1130
122,shock_down,P29,PRSH,-4481.5,1024,546
122,shock_down,C30,CUSTOM,8046.25,4715,-51
122,shock_down,C31,CUSTOM,6584.5,4720,-38
122,shock_down,C32,CUSTOM,6888.0,4712,-48
122,shock_down,C33,CUSTOM,5897.0,4766,-64
122,shock_down,C34,CUSTOM,7226.0,4634,-72
123,shock_down,G00,GVWY,-6119.1,6604,-338
123,shock_down,G01,GVWY,-8356.35,6571,-143
123,shock_down,G02,GVWY,-10302.25,6599,-125
123,shock_down,G03,GVWY,-5870.45,6597,-301
123,shock_down,G04,GVWY,-11581.15,6601,-207
123,shock_down,Z05,ZIC,-1029.5,632,350
123,shock_down,Z06,ZIC,-374.8,594,296
123,shock_down,Z07,ZIC,-1433.05,611,351
123,shock_down,Z08,ZIC,-218.45,677,379
123,shock_down,Z09,ZIC,-1862.1,612,362
123,shock_down,S10,SHVR,-4562.2,5944,-96
123,shock_down,S11,SHVR,-7186.9,5996,-62
123,shock_down,S12,SHVR,-6528.8,6010,-124
123,shock_down,S13,SHVR,-4621.9,5980,-82
123,shock_down,S14,SHVR,-7186.4,5946,-52
123,shock_down,S15,SNPR,-1529.4,1314,-72
123,shock_down,S16,SNPR,-711.6,1308,-8
123,shock_down,S17,SNPR,-1089.9,1320,-62
123,shock_down,S18,SNPR,-1178.0,1318,-40
123,shock_down,S19,SNPR,-1394.0,1330,0
123,shock_down,Z20,ZIP,15541.05,3551,-731
123,shock_down,Z21,ZIP,12119.55,3685,-301
123,shock_down,Z22,ZIP,9795.95,3639,-229
123,shock_down,Z23,ZIP,9748.8,3726,-156
123,shock_down,Z24,ZIP,9443.65,3627,-143
123,shock_down,P25,PRSH,-771.05,329,291
123,shock_down,P26,PRSH,-273.95,437,409
123,shock_down,P27,PRSH,-385.05,323,291
123,shock_down,P28,PRSH,-2265.35,685,397
123,shock_down,P29,PRSH,-694.5,352,310
123,shock_down,C30,CUSTOM,4258.05,4739,-51
123,shock_down,C31,CUSTOM,6572.05,4741,-71
123,shock_down,C32,CUSTOM,6784.8,4748,-36
123,shock_down,C33,CUSTOM,7126.9,4796,-58
123,shock_down,C34,CUSTOM,7398.15,4811,-33
124,shock_down,G00,GVWY,-10842.0,6720,-52
124,shock_down,G01,GVWY,-10296.0,6682,32
124,shock_down,G02,GVWY,-10335.0,6664,-180
124,shock_down,G03,GVWY,-9661.25,6687,-25
124,shock_down,G04,GVWY,-8960.0,6684,-68
124,shock_down,Z05,ZIC,-2245.0,592,348
124,shock_down,Z06,ZIC,-1853.0,628,376
124,shock_down,Z07,ZIC,-2339.75,641,385
124,shock_down,Z08,ZIC,-1595.25,579,371
124,shock_down,Z09,ZIC,-2510.75,689,365
124,shock_down,S10,SHVR,-5407.5,6058,18
124,shock_down,S11,SHVR,-6596.25,6101,55
124,shock_down,S12,SHVR,-4790.5,6146,-206
124,shock_down,S13,SHVR,-4710.0,6132,-52
124,shock_down,S14,SHVR,-5053.0,6066,-92
124,shock_down,S15,SNPR,-1259.5,1334,54
124,shock_down,S16,SNPR,-1360.75,1323,-75
124,shock_down,S17,SNPR,-1099.5,1292,-82
124,shock_down,S18,SNPR,-1020.0,1306,-112
124,shock_down,S19,SNPR,-1018.75,1305,-83
124,shock_down,Z20,ZIP,17275.25,3599,-703
124,shock_down,Z21,ZIP,17187.75,3567,-625
124,shock_down,Z22,ZIP,17797.25,3587,-911
124,shock_down,Z23,ZIP,8728.5,3526,-110
124,shock_down,Z24,ZIP,20581.75,3695,-1061
124,shock_down,P25,PRSH,-1540.5,298,266
124,shock_down,P26,PRSH,-2397.5,652,406
124,shock_down,P27,PRSH,-4254.25,795,479
124,shock_down,P28,PRSH,-9113.5,4722,922
124,shock_down,P29,PRSH,-4587.25,899,535
124,shock_down,C30,CUSTOM,5363.5,4870,-42
124,shock_down,C31,CUSTOM,7070.5,4856,-46
124,shock_down,C32,CUSTOM,7948.5,4760,-42
124,shock_down,C33,CUSTOM,7024.25,4825,-63
124,shock_down,C34,CUSTOM,6820.0,4732,-28
125,shock_down,G00,GVWY,-6531.55,6667,-419
125,shock_down,G01,GVWY,-3066.15,6575,-427
125,shock_down,G02,GVWY,-6069.5,6616,-270
125,shock_down,G03,GVWY,-7256.15,6617,-387
125,shock_down,G04,GVWY,-5323.25,6633,-265
125,shock_down,Z05,ZIC,-3548.6,678,372
125,shock_down,Z06,ZIC,-2720.5,614,350
125,shock_down,Z07,ZIC,-3151.25,585,355
125,shock_down,Z08,ZIC,-4273.7,678,374
125,shock_down,Z09,ZIC,-3161.7,578,334
125,shock_down,S10,SHVR,-6096.45,5963,-1
125,shock_down,S11,SHVR,-3446.1,5898,-98
125,shock_down,S12,SHVR,-2447.3,5998,-174
125,shock_down,S13,SHVR,-6892.25,5985,-65
125,shock_down,S14,SHVR,-857.05,6017,-229
125,shock_down,S15,SNPR,-609.3,1310,-74
125,shock_down,S16,SNPR,-985.25,1311,-65
125,shock_down,S17,SNPR,-567.35,1269,-43
125,shock_down,S18,SNPR,-969.35,1289,-43
125,shock_down,S19,SNPR,-1245.55,1311,-19
125,shock_down,Z20,ZIP,8801.95,3661,-169
125,shock_down,Z21,ZIP,24132.7,3770,-1154
125,shock_down,Z22,ZIP,9365.3,3568,-146
125,shock_down,Z23,ZIP,12604.65,3631,-383
125,shock_down,Z24,ZIP,11226.25,3825,-435
125,shock_down,P25,PRSH,-1704.9,292,258
125,shock_down,P26,PRSH,-4651.4,1248,668
125,shock_down,P27,PRSH,-10795.75,4139,945
125,shock_down,P28,PRSH,-6805.75,2129,1025
125,shock_down,P29,PRSH,-3912.2,782,444
125,shock_down,C30,CUSTOM,5396.15,4767,-73
125,shock_down,C31,CUSTOM,7615.4,4668,-88
125,shock_down,C32,CUSTOM,6166.3,4620,-66
125,shock_down,C33,CUSTOM,7314.8,4782,-56
125,shock_down,C34,CUSTOM,6332.05,4699,-71
126,shock_down,G00,GVWY,-9042.3,6572,-202
126,shock_down,G01,GVWY,-8061.4,6574,-376
126,shock_down,G02,GVWY,-4442.05,6601,-477
126,shock_down,G03,GVWY,-7757.55,6639,-187
126,shock_down,G04,GVWY,-6020.25,6599,-245
126,shock_down,Z05,ZIC,-2441.6,666,396
126,shock_down,Z06,ZIC,-2107.35,561,341
126,shock_down,Z07,ZIC,-2319.0,618,400
126,shock_down,Z08,ZIC,-2037.9,662,414
126,shock_down,Z09,ZIC,-600.7,618,342
126,shock_down,S10,SHVR,-6775.0,5986,-120
126,shock_down,S11,SHVR,-1741.9,6062,-226
126,shock_down,S12,SHVR,-3078.75,5959,-195
126,shock_down,S13,SHVR,-3976.85,5963,-149
126,shock_down,S14,SHVR,-6533.15,5925,-51
126,shock_down,S15,SNPR,-970.15,1295,-51
126,shock_down,S16,SNPR,-1580.05,1293,3
126,shock_down,S17,SNPR,-1420.8,1312,-12
126,shock_down,S18,SNPR,-971.75,1295,-55
126,shock_down,S19,SNPR,-1268.05,1313,-77
126,shock_down,Z20,ZIP,9536.25,3501,-255
126,shock_down,Z21,ZIP,15583.4,3718,-844
126,shock_down,Z22,ZIP,8969.95,3637,-257
126,shock_down,Z23,ZIP,8043.1,3536,-166
126,shock_down,Z24,ZIP,9220.9,3664,-274
126,shock_down,P25,PRSH,-5342.65,2591,999
126,shock_down,P26,PRSH,-1871.1,650,366
126,shock_down,P27,PRSH,-1047.45,315,287
126,shock_down,P28,PRSH,-469.55,279,253
126,shock_down,P29,PRSH,-3856.2,1308,652
126,shock_down,C30,CUSTOM,6531.35,4739,-61
126,shock_down,C31,CUSTOM,7517.85,4797,-71
126,shock_down,C32,CUSTOM,7013.95,4797,-57
126,shock_down,C33,CUSTOM,6786.85,4731,-71
126,shock_down,C34,CUSTOM,6914.0,4818,-80
127,shock_down,G00,GVWY,-6329.6,6604,-226
127,shock_down,G01,GVWY,-3725.8,6637,-313
127,shock_down,G02,GVWY,-2970.6,6608,-256
127,shock_down,G03,GVWY,-6308.2,6580,-362
127,shock_down,G04,GVWY,-8813.4,6627,-239
127,shock_down,Z05,ZIC,-1851.0,622,320
127,shock_down,Z06,ZIC,-3769.2,637,363
127,shock_down,Z07,ZIC,-2870.2,618,388
127,shock_down,Z08,ZIC,-3570.4,656,386
127,shock_down,Z09,ZIC,-2637.4,604,356
127,shock_down,S10,SHVR,-5989.4,6035,-99
127,shock_down,S11,SHVR,-2877.6,5984,-316
127,shock_down,S12,SHVR,-7294.8,6004,-118
127,shock_down,S13,SHVR,-7408.2,6037,-167
127,shock_down,S14,SHVR,-3262.2,6038,-72
127,shock_down,S15,SNPR,-1189.4,1303,-139
127,shock_down,S16,SNPR,-1244.4,1285,-9
127,shock_down,S17,SNPR,-1140.2,1264,-82
127,shock_down,S18,SNPR,-1277.8,1298,-48
127,shock_down,S19,SNPR,-1257.0,1270,-30
127,shock_down,Z20,ZIP,20429.2,3856,-738
127,shock_down,Z21,ZIP,9936.4,3779,-261
127,shock_down,Z22,ZIP,9911.4,3685,-211
127,shock_down,Z23,ZIP,20100.2,3743,-823
127,shock_down,Z24,ZIP,10883.0,3601,-295
127,shock_down,P25,PRSH,-2435.8,419,327
127,shock_down,P26,PRSH,-11371.4,3568,1166
127,shock_down,P27,PRSH,-6762.4,2883,901
127,shock_down,P28,PRSH,-5622.2,1259,653
127,shock_down,P29,PRSH,-1812.8,406,272
127,shock_down,C30,CUSTOM,7167.8,4840,-52
127,shock_down,C31,CUSTOM,5724.2,4775,-73
127,shock_down,C32,CUSTOM,5954.6,4851,-89
127,shock_down,C33,CUSTOM,6930.8,4782,-62
127,shock_down,C34,CUSTOM,7120.2,4791,-73
128,shock_down,G00,GVWY,-6249.8,6577,-417
128,shock_down,G01,GVWY,-7093.0,6554,-150
128,shock_down,G02,GVWY,-7207.8,6606,-332
128,shock_down,G03,GVWY,-4217.4,6639,-451
128,shock_down,G04,GVWY,-7626.6,6630,-304
128,shock_down,Z05,ZIC,-1845.0,655,395
128,shock_down,Z06,ZIC,-336.6,577,271
128,shock_down,Z07,ZIC,-1319.0,649,315
128,shock_down,Z08,ZIC,-821.0,584,290
128,shock_down,Z09,ZIC,41.0,663,275
128,shock_down,S10,SHVR,-4273.2,5865,-93
128,shock_down,S11,SHVR,-2979.6,5941,-169
128,shock_down,S12,SHVR,-2555.4,5950,-296
128,shock_down,S13,SHVR,-2334.8,5976,-112
128,shock_down,S14,SHVR,-4490.6,5952,-214
128,shock_down,S15,SNPR,-1015.0,1304,20
128,shock_down,S16,SNPR,-1202.0,1318,-20
128,shock_down,S17,SNPR,-1236.8,1321,-77
128,shock_down,S18,SNPR,-1343.8,1272,-112
128,shock_down,S19,SNPR,-1127.8,1295,-137
128,shock_down,Z20,ZIP,9253.0,3787,-405
128,shock_down,Z21,ZIP,5145.4,3610,-144
128,shock_down,Z22,ZIP,8662.0,3702,-190
128,shock_down,Z23,ZIP,7192.8,3650,-78
128,shock_down,Z24,ZIP,12215.4,3603,-629
128,shock_down,P25,PRSH,-5142.2,3374,942
128,shock_down,P26,PRSH,-548.6,304,246
128,shock_down,P27,PRSH,-957.6,876,446
128,shock_down,P28,PRSH,-2080.8,963,473
128,shock_down,P29,PRSH,-5364.2,3363,957
128,shock_down,C30,CUSTOM,5863.8,4749,-73
128,shock_down,C31,CUSTOM,6387.8,4691,-83
128,shock_down,C32,CUSTOM,6276.4,4732,-74
128,shock_down,C33,CUSTOM,6831.2,4599,-77
128,shock_down,C34,CUSTOM,6609.6,4599,-71
129,shock_down,G00,GVWY,-6857.4,6612,-126
129,shock_down,G01,GVWY,-7421.2,6680,-178
129,shock_down,G02,GVWY,-6218.1,6677,-399
129,shock_down,G03,GVWY,-11623.9,6663,-41
129,shock_down,G04,GVWY,-5236.4,6658,-206
129,shock_down,Z05,ZIC,-2369.5,633,365
129,shock_down,Z06,ZIC,-3798.7,645,357
129,shock_down,Z07,ZIC,-3595.5,645,345
129,shock_down,Z08,ZIC,-3598.8,650,338
129,shock_down,Z09,ZIC,-3157.0,654,370
129,shock_down,S10,SHVR,-5650.7,6065,-43
129,shock_down,S11,SHVR,-3442.2,6044,-148
129,shock_down,S12,SHVR,-4828.9,6055,-171
129,shock_down,S13,SHVR,-6801.7,6017,27
129,shock_down,S14,SHVR,-5700.7,6083,27
129,shock_down,S15,SNPR,-671.8,1306,-22
129,shock_down,S16,SNPR,-663.2,1322,-88
129,shock_down,S17,SNPR,-1754.8,1318,-72
129,shock_down,S18,SNPR,-1191.7,1319,-33
129,shock_down,S19,SNPR,-446.1,1323,-9
129,shock_down,Z20,ZIP,27805.0,3686,-1380
129,shock_down,Z21,ZIP,9898.0,3546,-180
129,shock_down,Z22,ZIP,14893.5,3689,-465
129,shock_down,Z23,ZIP,9959.2,3592,-212
129,shock_down,Z24,ZIP,10425.6,3628,-216
129,shock_down,P25,PRSH,-10126.3,5557,563
129,shock_down,P26,PRSH,-2471.5,401,375
129,shock_down,P27,PRSH,-2611.0,334,280
129,shock_down,P28,PRSH,-3125.1,505,351
129,shock_down,P29,PRSH,-7048.4,1158,664
129,shock_down,C30,CUSTOM,8250.6,4878,-6
129,shock_down,C31,CUSTOM,7247.6,4814,-6
129,shock_down,C32,CUSTOM,7738.4,4812,-14
129,shock_down,C33,CUSTOM,7323.6,4872,-56
129,shock_down,C34,CUSTOM,7416.8,4818,-28
130,shock_down,G00,GVWY,-5367.7,6619,-479
130,shock_down,G01,GVWY,-10451.0,6672,-170
130,shock_down,G02,GVWY,-8587.8,6646,-286
130,shock_down,G03,GVWY,-8616.7,6645,-419
130,shock_down,G04,GVWY,-10745.7,6647,-339
130,shock_down,Z05,ZIC,-660.4,640,372
130,shock_down,Z06,ZIC,-699.0,618,380
130,shock_down,Z07,ZIC,-953.3,631,339
130,shock_down,Z08,ZIC,-819.1,601,313
130,shock_down,Z09,ZIC,-144.8,604,374
130,shock_down,S10,SHVR,-4854.2,6084,-4
130,shock_down,S11,SHVR,-5819.2,6046,-14
130,shock_down,S12,SHVR,-4759.3,6095,-1
130,shock_down,S13,SHVR,-3421.5,6021,-135
130,shock_down,S14,SHVR,-7916.8,6084,-96
130,shock_down,S15,SNPR,-1492.2,1312,-14
130,shock_down,S16,SNPR,-1215.8,1304,4
130,shock_down,S17,SNPR,-1982.0,1328,-80
130,shock_down,S18,SNPR,-1547.3,1291,-111
130,shock_down,S19,SNPR,-1747.5,1323,-85
130,shock_down,Z20,ZIP,10471.8,3648,-414
130,shock_down,Z21,ZIP,11769.9,3649,-607
130,shock_down,Z22,ZIP,9360.7,3661,-201
130,shock_down,Z23,ZIP,8670.0,3546,-250
130,shock_down,Z24,ZIP,9987.0,3668,-320
130,shock_down,P25,PRSH,356.5,379,335
130,shock_down,P26,PRSH,-502.5,1033,555
130,shock_down,P27,PRSH,-993.2,1044,576
130,shock_down,P28,PRSH,-841.5,1011,565
130,shock_down,P29,PRSH,-688.9,625,387
130,shock_down,C30,CUSTOM,6135.3,4773,-49
130,shock_down,C31,CUSTOM,6848.6,4752,-48
130,shock_down,C32,CUSTOM,6773.4,4788,-52
130,shock_down,C33,CUSTOM,6421.4,4746,-52
130,shock_down,C34,CUSTOM,7773.9,4735,-17
131,shock_down,G00,GVWY,-7798.25,6625,-259
131,shock_down,G01,GVWY,-7018.0,6604,-300
131,shock_down,G02,GVWY,-8253.75,6583,-265
131,shock_down,G03,GVWY,-10141.0,6604,-380
131,shock_down,G04,GVWY,-10229.5,6620,-434
131,shock_down,Z05,ZIC,-716.5,598,338
131,shock_down,Z06,ZIC,-499.25,581,317
131,shock_down,Z07,ZIC,-849.5,598,374
131,shock_down,Z08,ZIC,-1391.75,631,347
131,shock_down,Z09,ZIC,-187.0,614,324
131,shock_down,S10,SHVR,-4809.25,6047,-319
131,shock_down,S11,SHVR,-3802.75,6069,-237
131,shock_down,S12,SHVR,-1764.25,6035,-231
131,shock_down,S13,SHVR,-3865.5,5976,-158
131,shock_down,S14,SHVR,-6589.5,5934,-162
131,shock_down,S15,SNPR,-2071.5,1310,-50
131,shock_down,S16,SNPR,-1731.5,1268,-114
131,shock_down,S17,SNPR,-1682.75,1285,-93
131,shock_down,S18,SNPR,-1416.75,1293,-17
131,shock_down,S19,SNPR,-1801.0,1300,-80
131,shock_down,Z20,ZIP,12475.0,3640,-1044
131,shock_down,Z21,ZIP,10694.25,3637,-653
131,shock_down,Z22,ZIP,7441.0,3644,-228
131,shock_down,Z23,ZIP,10059.5,3704,-498
131,shock_down,Z24,ZIP,6837.0,3704,-260
131,shock_down,P25,PRSH,-5200.0,2808,1012
131,shock_down,P26,PRSH,-701.25,1003,589
131,shock_down,P27,PRSH,-568.5,1710,762
131,shock_down,P28,PRSH,344.0,1542,740
131,shock_down,P29,PRSH,908.75,1551,1189
131,shock_down,C30,CUSTOM,6732.75,4745,-75
131,shock_down,C31,CUSTOM,8130.75,4761,-71
131,shock_down,C32,CUSTOM,6452.0,4764,-56
131,shock_down,C33,CUSTOM,7115.75,4647,-55
131,shock_down,C34,CUSTOM,6369.25,4659,-69
132,shock_down,G00,GVWY,-9371.1,6608,-322
132,shock_down,G01,GVWY,-7196.0,6618,-440
132,shock_down,G02,GVWY,-11161.15,6623,-473
132,shock_down,G03,GVWY,-10398.7,6600,-414
132,shock_down,G04,GVWY,-8218.05,6597,-331
132,shock_down,Z05,ZIC,350.25,623,295
132,shock_down,Z06,ZIC,632.4,568,288
132,shock_down,Z07,ZIC,204.85,613,367
132,shock_down,Z08,ZIC,106.1,642,442
132,shock_down,Z09,ZIC,1292.3,652,366
132,shock_down,S10,SHVR,-6355.9,6008,-98
132,shock_down,S11,SHVR,-8719.15,5965,-13
132,shock_down,S12,SHVR,-4503.8,6008,-16
132,shock_down,S13,SHVR,-5870.9,5968,-318
132,shock_down,S14,SHVR,-2089.45,6041,-79
132,shock_down,S15,SNPR,-1343.25,1305,-15
132,shock_down,S16,SNPR,-1708.1,1298,-82
132,shock_down,S17,SNPR,-2103.2,1290,-64
132,shock_down,S18,SNPR,-1284.95,1247,-9
132,shock_down,S19,SNPR,-1848.0,1290,-60
132,shock_down,Z20,ZIP,10161.55,3653,-519
132,shock_down,Z21,ZIP,9923.9,3552,-282
132,shock_down,Z22,ZIP,9289.15,3789,-247
132,shock_down,Z23,ZIP,11276.7,3728,-586
132,shock_down,Z24,ZIP,8667.8,3698,-284
132,shock_down,P25,PRSH,2874.15,2337,793
132,shock_down,P26,PRSH,-644.1,1862,858
132,shock_down,P27,PRSH,-4526.3,4454,854
132,shock_down,P28,PRSH,-85.25,633,385
132,shock_down,P29,PRSH,556.7,356,294
132,shock_down,C30,CUSTOM,6954.0,4810,-80
132,shock_down,C31,CUSTOM,6392.1,4670,-78
132,shock_down,C32,CUSTOM,5638.4,4802,-92
132,shock_down,C33,CUSTOM,6870.6,4688,-68
132,shock_down,C34,CUSTOM,7101.0,4718,-60
133,shock_down,G00,GVWY,-4491.2,6636,-256
133,shock_down,G01,GVWY,-5057.6,6572,-268
133,shock_down,G02,GVWY,-6982.55,6613,-299
133,shock_down,G03,GVWY,-6767.8,6634,-444
133,shock_down,G04,GVWY,-6760.35,6609,-363
133,shock_down,Z05,ZIC,-2530.45,623,339
133,shock_down,Z06,ZIC,-3374.3,658,346
133,shock_down,Z07,ZIC,-4123.3,644,406
133,shock_down,Z08,ZIC,-2316.25,565,295
133,shock_down,Z09,ZIC,-3695.35,571,337
133,shock_down,S10,SHVR,-4362.35,5969,-63
133,shock_down,S11,SHVR,-772.2,6044,-296
133,shock_down,S12,SHVR,-3091.5,6078,-150
133,shock_down,S13,SHVR,-5084.65,5999,-57
133,shock_down,S14,SHVR,-4658.95,6025,-171
133,shock_down,S15,SNPR,-551.1,1282,-78
133,shock_down,S16,SNPR,-1209.2,1294,-16
133,shock_down,S17,SNPR,-734.8,1278,-24
133,shock_down,S18,SNPR,-1502.05,1309,51
133,shock_down,S19,SNPR,-1238.05,1305,-49
133,shock_down,Z20,ZIP,13987.4,3672,-368
133,shock_down,Z21,ZIP,12938.7,3656,-274
133,shock_down,Z22,ZIP,8922.4,3734,-88
133,shock_down,Z23,ZIP,10633.35,3725,-237
133,shock_down,Z24,ZIP,21481.75,3641,-925
133,shock_down,P25,PRSH,-7410.1,1582,782
133,shock_down,P26,PRSH,-5788.8,1194,616
133,shock_down,P27,PRSH,-12301.1,5156,462
133,shock_down,P28,PRSH,-4027.45,729,399
133,shock_down,P29,PRSH,-6121.85,1323,647
133,shock_down,C30,CUSTOM,6524.85,4761,-67
133,shock_down,C31,CUSTOM,8547.9,4724,-78
133,shock_down,C32,CUSTOM,6675.4,4714,-68
133,shock_down,C33,CUSTOM,7854.7,4732,-54
133,shock_down,C34,CUSTOM,8446.6,4774,-72
134,shock_down,G00,GVWY,-7090.7,6614,-222
134,shock_down,G01,GVWY,-4609.45,6643,-337
134,shock_down,G02,GVWY,-11945.55,6637,-83
134,shock_down,G03,GVWY,-8533.85,6665,-281
134,shock_down,G04,GVWY,-6637.35,6659,-291
134,shock_down,Z05,ZIC,-1038.15,617,361
134,shock_down,Z06,ZIC,-2151.3,646,362
134,shock_down,Z07,ZIC,-1100.1,634,314
134,shock_down,Z08,ZIC,-950.2,674,368
134,shock_down,Z09,ZIC,-1715.25,605,335
134,shock_down,S10,SHVR,-2197.0,6118,-60
134,shock_down,S11,SHVR,-4360.95,6083,-47
134,shock_down,S12,SHVR,-4259.75,6073,-55
134,shock_down,S13,SHVR,-6360.15,6027,-99
134,shock_down,S14,SHVR,-5748.45,6059,-277
134,shock_down,S15,SNPR,-1392.75,1299,-55
134,shock_down,S16,SNPR,-1346.25,1325,-65
134,shock_down,S17,SNPR,-1638.55,1303,-23
134,shock_down,S18,SNPR,-1368.5,1312,-10
134,shock_down,S19,SNPR,-1457.95,1303,-27
134,shock_down,Z20,ZIP,12736.9,3682,-406
134,shock_down,Z21,ZIP,12671.45,3579,-523
134,shock_down,Z22,ZIP,7401.25,3749,-135
134,shock_down,Z23,ZIP,10490.65,3671,-351
134,shock_down,Z24,ZIP,14870.15,3659,-721
134,shock_down,P25,PRSH,-379.25,341,295
134,shock_down,P26,PRSH,-5111.95,3953,993
134,shock_down,P27,PRSH,-1081.8,346,312
134,shock_down,P28,PRSH,-9313.6,4986,664
134,shock_down,P29,PRSH,-870.15,399,341
134,shock_down,C30,CUSTOM,6208.5,4864,-50
134,shock_down,C31,CUSTOM,7252.85,4831,-59
134,shock_down,C32,CUSTOM,7329.2,4802,-68
134,shock_down,C33,CUSTOM,6630.85,4863,-79
134,shock_down,C34,CUSTOM,7931.75,4779,-65
135,shock_down,G00,GVWY,-9962.4,6604,-126
135,shock_down,G01,GVWY,-5656.8,6646,-542
135,shock_down,G02,GVWY,-8462.5,6579,-75
135,shock_down,G03,GVWY,-8152.7,6639,-203
135,shock_down,G04,GVWY,-8700.7,6631,-173
135,shock_down,Z05,ZIC,-1199.4,636,394
135,shock_down,Z06,ZIC,-1734.3,679,413
135,shock_down,Z07,ZIC,-1322.8,656,368
135,shock_down,Z08,ZIC,-1339.6,622,366
135,shock_down,Z09,ZIC,-983.7,673,377
135,shock_down,S10,SHVR,-6272.9,5987,-131
135,shock_down,S11,SHVR,-3713.0,5974,-150
135,shock_down,S12,SHVR,-4028.9,5973,-131
135,shock_down,S13,SHVR,-6441.8,5980,-232
135,shock_down,S14,SHVR,-5548.6,5938,-214
135,shock_down,S15,SNPR,-1706.9,1305,-111
135,shock_down,S16,SNPR,-1781.2,1294,-48
135,shock_down,S17,SNPR,-1387.0,1310,-110
135,shock_down,S18,SNPR,-1631.7,1313,-73
135,shock_down,S19,SNPR,-1290.5,1287,-25
135,shock_down,Z20,ZIP,10450.7,3633,-117
135,shock_down,Z21,ZIP,15355.0,3594,-830
135,shock_down,Z22,ZIP,9863.1,3683,-221
135,shock_down,Z23,ZIP,12746.6,3662,-656
135,shock_down,Z24,ZIP,9303.7,3723,-237
135,shock_down,P25,PRSH,-1378.6,622,356
135,shock_down,P26,PRSH,-1523.7,591,407
135,shock_down,P27,PRSH,-6049.3,2351,993
135,shock_down,P28,PRSH,-607.7,433,387
135,shock_down,P29,PRSH,985.8,558,532
135,shock_down,C30,CUSTOM,6283.4,4782,-54
135,shock_down,C31,CUSTOM,6222.5,4767,-55
135,shock_down,C32,CUSTOM,7252.2,4726,-52
135,shock_down,C33,CUSTOM,6921.6,4728,-46
135,shock_down,C34,CUSTOM,5144.8,4784,-48
136,shock_down,G00,GVWY,-8311.7,6642,-238
136,shock_down,G01,GVWY,-5823.3,6668,-162
136,shock_down,G02,GVWY,-3116.55,6617,-397
136,shock_down,G03,GVWY,-3154.0,6624,-240
136,shock_down,G04,GVWY,-3602.2,6658,-348
136,shock_down,Z05,ZIC,-4724.95,625,347
136,shock_down,Z06,ZIC,-4397.1,606,386
136,shock_down,Z07,ZIC,-5244.15,593,359
136,shock_down,Z08,ZIC,-4902.85,613,381
136,shock_down,Z09,ZIC,-4500.25,603,345
136,shock_down,S10,SHVR,-1141.35,6097,-209
136,shock_down,S11,SHVR,-6864.45,6139,-163
136,shock_down,S12,SHVR,-2074.5,6096,-350
136,shock_down,S13,SHVR,-2180.65,6091,-231
136,shock_down,S14,SHVR,-9894.35,6051,31
136,shock_down,S15,SNPR,-1187.25,1309,-15
136,shock_down,S16,SNPR,-154.55,1301,-77
136,shock_down,S17,SNPR,-971.7,1308,22
136,shock_down,S18,SNPR,-855.4,1316,-76
136,shock_down,S19,SNPR,-1825.3,1308,18
136,shock_down,Z20,ZIP,10930.75,3649,-135
136,shock_down,Z21,ZIP,15887.0,3688,-420
136,shock_down,Z22,ZIP,14667.3,3684,-418
136,shock_down,Z23,ZIP,21883.2,3678,-692
136,shock_down,Z24,ZIP,13817.05,3643,-333
136,shock_down,P25,PRSH,-13866.2,4744,852
136,shock_down,P26,PRSH,-2900.9,350,314
136,shock_down,P27,PRSH,-14698.25,3567,1025
136,shock_down,P28,PRSH,-5116.05,741,393
136,shock_down,P29,PRSH,-5459.1,686,406
136,shock_down,C30,CUSTOM,8266.75,4777,-95
136,shock_down,C31,CUSTOM,7147.7,4716,-82
136,shock_down,C32,CUSTOM,8538.4,4764,-84
136,shock_down,C33,CUSTOM,7861.8,4794,-68
136,shock_down,C34,CUSTOM,7789.6,4722,-76
137,shock_down,G00,GVWY,-91.65,6603,-621
137,shock_down,G01,GVWY,-2796.05,6615,-457
137,shock_down,G02,GVWY,-6223.0,6624,-140
137,shock_down,G03,GVWY,-3489.8,6578,-312
137,shock_down,G04,GVWY,-4171.75,6619,-295
137,shock_down,Z05,ZIC,-5056.15,607,389
137,shock_down,Z06,ZIC,-3943.6,620,336
137,shock_down,Z07,ZIC,-3290.1,552,306
137,shock_down,Z08,ZIC,-3998.35,665,401
137,shock_down,Z09,ZIC,-3730.25,659,395
137,shock_down,S10,SHVR,-6447.8,6010,-92
137,shock_down,S11,SHVR,-2136.1,6024,-234
137,shock_down,S12,SHVR,-1885.5,5980,-250
137,shock_down,S13,SHVR,-6355.4,6006,-136
137,shock_down,S14,SHVR,-2162.4,6006,-256
137,shock_down,S15,SNPR,-714.95,1311,-3
137,shock_down,S16,SNPR,-1471.8,1298,-32
137,shock_down,S17,SNPR,-589.75,1305,-75
137,shock_down,S18,SNPR,-1246.6,1294,-44
137,shock_down,S19,SNPR,-1014.25,1291,-25
137,shock_down,Z20,ZIP,11325.8,3696,-228
137,shock_down,Z21,ZIP,10402.9,3632,-234
137,shock_down,Z22,ZIP,12501.15,3687,-269
137,shock_down,Z23,ZIP,12168.35,3647,-361
137,shock_down,Z24,ZIP,12196.9,3620,-154
137,shock_down,P25,PRSH,-2651.3,362,278
137,shock_down,P26,PRSH,-5412.1,780,426
137,shock_down,P27,PRSH,-12140.55,1767,853
137,shock_down,P28,PRSH,-10440.25,1929,755
137,shock_down,P29,PRSH,-2665.4,388,284
137,shock_down,C30,CUSTOM,6864.25,4755,-55
137,shock_down,C31,CUSTOM,7701.0,4698,-60
137,shock_down,C32,CUSTOM,6777.95,4749,-57
137,shock_down,C33,CUSTOM,7480.8,4724,-68
137,shock_down,C34,CUSTOM,8146.95,4727,-57
138,shock_down,G00,GVWY,-5250.6,6616,-336
138,shock_down,G01,GVWY,-7950.35,6609,-101
138,shock_down,G02,GVWY,-5461.1,6632,-446
138,shock_down,G03,GVWY,-7878.2,6592,-272
138,shock_down,G04,GVWY,-7988.7,6634,-502
138,shock_down,Z05,ZIC,-2442.7,586,338
138,shock_down,Z06,ZIC,-1866.8,626,332
138,shock_down,Z07,ZIC,-1802.45,591,333
138,shock_down,Z08,ZIC,-2335.15,603,331
138,shock_down,Z09,ZIC,-2193.7,614,358
138,shock_down,S10,SHVR,-2109.85,5957,-111
138,shock_down,S11,SHVR,-3751.35,6001,-121
138,shock_down,S12,SHVR,-7438.3,6024,-38
138,shock_down,S13,SHVR,-2992.35,6011,-101
138,shock_down,S14,SHVR,-5354.4,5970,-64
138,shock_down,S15,SNPR,-1321.3,1274,-38
138,shock_down,S16,SNPR,-1463.0,1286,-20
138,shock_down,S17,SNPR,-849.7,1298,-102
138,shock_down,S18,SNPR,-1421.45,1295,-7
138,shock_down,S19,SNPR,-1547.95,1307,-97
138,shock_down,Z20,ZIP,9171.9,3648,-266
138,shock_down,Z21,ZIP,13812.4,3696,-536
138,shock_down,Z22,ZIP,7217.25,3563,-125
138,shock_down,Z23,ZIP,10576.9,3710,-306
138,shock_down,Z24,ZIP,13683.45,3639,-413
138,shock_down,P25,PRSH,-1436.05,385,297
138,shock_down,P26,PRSH,-7058.15,2107,911
138,shock_down,P27,PRSH,-921.05,347,277
138,shock_down,P28,PRSH,-1869.45,345,293
138,shock_down,P29,PRSH,-5793.85,1619,809
138,shock_down,C30,CUSTOM,8378.9,4686,-86
138,shock_down,C31,CUSTOM,6549.8,4782,-92
138,shock_down,C32,CUSTOM,7198.2,4730,-48
138,shock_down,C33,CUSTOM,7319.1,4728,-74
138,shock_down,C34,CUSTOM,7385.7,4716,-38
139,shock_down,G00,GVWY,-11932.8,6658,-152
139,shock_down,G01,GVWY,-7228.0,6588,-270
139,shock_down,G02,GVWY,-5818.8,6623,-267
139,shock_down,G03,GVWY,-6254.8,6620,-392
139,shock_down,G04,GVWY,-8251.8,6612,-242
139,shock_down,Z05,ZIC,-969.6,646,336
139,shock_down,Z06,ZIC,-455.4,589,339
139,shock_down,Z07,ZIC,98.2,620,348
139,shock_down,Z08,ZIC,-1195.8,645,353
139,shock_down,Z09,ZIC,51.6,610,334
139,shock_down,S10,SHVR,-5802.0,5983,-125
139,shock_down,S11,SHVR,-3711.0,5985,5
139,shock_down,S12,SHVR,-8808.2,5955,-83
139,shock_down,S13,SHVR,-7604.6,5969,-99
139,shock_down,S14,SHVR,-4233.6,5968,-184
139,shock_down,S15,SNPR,-1628.8,1285,-137
139,shock_down,S16,SNPR,-1402.2,1296,2
139,shock_down,S17,SNPR,-1143.2,1273,-3
139,shock_down,S18,SNPR,-1428.6,1280,-24
139,shock_down,S19,SNPR,-1510.8,1299,-107
139,shock_down,Z20,ZIP,8062.6,3682,-476
139,shock_down,Z21,ZIP,12935.2,3729,-1107
139,shock_down,Z22,ZIP,11042.8,3653,-523
139,shock_down,Z23,ZIP,7895.8,3686,-218
139,shock_down,Z24,ZIP,7111.2,3636,-402
139,shock_down,P25,PRSH,1524.6,1264,864
139,shock_down,P26,PRSH,-236.8,290,238
139,shock_down,P27,PRSH,484.8,979,507
139,shock_down,P28,PRSH,1947.2,1591,1053
139,shock_down,P29,PRSH,-618.8,1206,658
139,shock_down,C30,CUSTOM,5724.4,4653,-49
139,shock_down,C31,CUSTOM,5386.4,4722,-64
139,shock_down,C32,CUSTOM,5301.0,4688,-60
139,shock_down,C33,CUSTOM,6465.6,4658,-76
139,shock_down,C34,CUSTOM,7339.2,4665,-37
140,shock_down,G00,GVWY,-8580.8,6624,-224
140,shock_down,G01,GVWY,-8446.4,6640,-142
140,shock_down,G02,GVWY,-9075.2,6607,-71
140,shock_down,G03,GVWY,-6419.8,6654,-284
140,shock_down,G04,GVWY,-9572.4,6671,-127
140,shock_down,Z05,ZIC,-3010.0,707,475
140,shock_down,Z06,ZIC,-2280.2,650,374
140,shock_down,Z07,ZIC,-2578.2,670,394
140,shock_down,Z08,ZIC,-1902.2,667,339
140,shock_down,Z09,ZIC,-1972.0,633,355
140,shock_down,S10,SHVR,-9050.0,6018,-50
140,shock_down,S11,SHVR,-6682.4,6023,-167
140,shock_down,S12,SHVR,-5390.6,6062,-28
140,shock_down,S13,SHVR,-6844.6,5982,12
140,shock_down,S14,SHVR,-5906.4,5996,-42
140,shock_down,S15,SNPR,-864.8,1281,31
140,shock_down,S16,SNPR,-1088.0,1316,-80
140,shock_down,S17,SNPR,-1499.6,1300,-18
140,shock_down,S18,SNPR,-1402.2,1308,54
140,shock_down,S19,SNPR,-882.4,1283,-47
140,shock_down,Z20,ZIP,15390.2,3680,-534
140,shock_down,Z21,ZIP,21491.8,3653,-1011
140,shock_down,Z22,ZIP,10298.6,3627,-297
140,shock_down,Z23,ZIP,11173.2,3677,-259
140,shock_down,Z24,ZIP,12084.2,3702,-254
140,shock_down,P25,PRSH,-1442.0,315,265
140,shock_down,P26,PRSH,-1405.0,511,345
140,shock_down,P27,PRSH,-859.0,506,340
140,shock_down,P28,PRSH,-1458.0,496,340
140,shock_down,P29,PRSH,-2152.0,735,465
140,shock_down,C30,CUSTOM,6549.0,4745,-35
140,shock_down,C31,CUSTOM,5936.4,4781,-53
140,shock_down,C32,CUSTOM,6052.2,4811,-19
140,shock_down,C33,CUSTOM,5535.8,4792,-56
140,shock_down,C34,CUSTOM,6823.8,4790,-46
141,shock_down,G00,GVWY,-8715.5,6626,-382
141,shock_down,G01,GVWY,-9564.25,6571,-461
141,shock_down,G02,GVWY,-4880.5,6610,-478
141,shock_down,G03,GVWY,-8223.75,6645,-171
141,shock_down,G04,GVWY,-6445.0,6632,-412
141,shock_down,Z05,ZIC,-865.75,613,353
141,shock_down,Z06,ZIC,-1916.75,587,337
141,shock_down,Z07,ZIC,-1861.75,639,365
141,shock_down,Z08,ZIC,-1246.25,593,363
141,shock_down,Z09,ZIC,-1104.5,634,346
141,shock_down,S10,SHVR,-6064.5,6002,38
141,shock_down,S11,SHVR,-5304.75,5953,-63
141,shock_down,S12,SHVR,-3467.25,5987,-185
141,shock_down,S13,SHVR,-5530.25,6003,-285
141,shock_down,S14,SHVR,-5851.0,6000,-240
141,shock_down,S15,SNPR,-1151.5,1288,-46
141,shock_down,S16,SNPR,-1800.5,1290,-6
141,shock_down,S17,SNPR,-1469.75,1309,-87
141,shock_down,S18,SNPR,-1374.25,1265,-69
141,shock_down,S19,SNPR,-1524.25,1299,-77
141,shock_down,Z20,ZIP,9420.75,3613,-305
141,shock_down,Z21,ZIP,10802.5,3678,-362
141,shock_down,Z22,ZIP,10467.25,3619,-259
141,shock_down,Z23,ZIP,11822.5,3592,-498
141,shock_down,Z24,ZIP,10627.5,3656,-314
141,shock_down,P25,PRSH,-2481.5,3062,1026
141,shock_down,P26,PRSH,-2632.25,1721,903
141,shock_down,P27,PRSH,-350.5,298,246
141,shock_down,P28,PRSH,-101.0,314,276
141,shock_down,P29,PRSH,-1651.5,1052,654
141,shock_down,C30,CUSTOM,5843.25,4835,-47
141,shock_down,C31,CUSTOM,7287.25,4759,-59
141,shock_down,C32,CUSTOM,7718.75,4693,-61
141,shock_down,C33,CUSTOM,5784.75,4737,-53
141,shock_down,C34,CUSTOM,6468.0,4756,-68
142,shock_down,G00,GVWY,-9541.45,6615,-269
142,shock_down,G01,GVWY,-7718.15,6589,-143
142,shock_down,G02,GVWY,-7694.0,6628,-340
142,shock_down,G03,GVWY,-6512.85,6577,-417
142,shock_down,G04,GVWY,-8067.45,6623,-269
142,shock_down,Z05,ZIC,-96.4,618,352
142,shock_down,Z06,ZIC,-89.25,641,335
142,shock_down,Z07,ZIC,11.7,554,314
142,shock_down,Z08,ZIC,-463.35,669,353
142,shock_down,Z09,ZIC,-270.85,625,363
142,shock_down,S10,SHVR,-5186.95,5977,-59
142,shock_down,S11,SHVR,-4924.7,5978,-234
142,shock_down,S12,SHVR,-5403.65,5917,-133
142,shock_down,S13,SHVR,-7647.65,5957,-93
142,shock_down,S14,SHVR,-5821.05,5969,-281
142,shock_down,S15,SNPR,-1350.0,1304,-60
142,shock_down,S16,SNPR,-1964.45,1293,-69
142,shock_down,S17,SNPR,-1139.5,1298,30
142,shock_down,S18,SNPR,-2016.95,1309,-79
142,shock_down,S19,SNPR,-1842.6,1278,-92
142,shock_down,Z20,ZIP,7897.45,3571,-31
142,shock_down,Z21,ZIP,8403.9,3580,-122
142,shock_down,Z22,ZIP,10423.0,3696,-260
142,shock_down,Z23,ZIP,6985.4,3594,-92
142,shock_down,Z24,ZIP,6244.55,3559,-89
142,shock_down,P25,PRSH,-198.55,617,389
142,shock_down,P26,PRSH,522.2,654,364
142,shock_down,P27,PRSH,1225.05,339,301
142,shock_down,P28,PRSH,761.35,409,287
142,shock_down,P29,PRSH,-131.6,308,268
142,shock_down,C30,CUSTOM,6438.4,4738,-72
142,shock_down,C31,CUSTOM,7287.7,4796,-26
142,shock_down,C32,CUSTOM,7137.55,4789,-49
142,shock_down,C33,CUSTOM,7684.65,4817,-67
142,shock_down,C34,CUSTOM,7080.95,4827,-61
143,shock_down,G00,GVWY,-6233.0,6682,-110
143,shock_down,G01,GVWY,-12304.2,6699,-213
143,shock_down,G02,GVWY,-9935.0,6635,25
143,shock_down,G03,GVWY,-11640.8,6703,-67
143,shock_down,G04,GVWY,-8965.6,6641,-99
143,shock_down,Z05,ZIC,-1251.0,635,405
143,shock_down,Z06,ZIC,-151.0,660,400
143,shock_down,Z07,ZIC,-798.2,675,397
143,shock_down,Z08,ZIC,37.0,631,405
143,shock_down,Z09,ZIC,-97.6,625,411
143,shock_down,S10,SHVR,-8338.2,6100,-38
143,shock_down,S11,SHVR,-4724.8,6088,68
143,shock_down,S12,SHVR,-5768.4,6061,-201
143,shock_down,S13,SHVR,-6879.8,6027,163
143,shock_down,S14,SHVR,-6490.2,6054,2
143,shock_down,S15,SNPR,-1432.6,1305,1
143,shock_down,S16,SNPR,-1579.2,1304,22
143,shock_down,S17,SNPR,-1984.6,1295,-99
143,shock_down,S18,SNPR,-1819.2,1278,-58
143,shock_down,S19,SNPR,-2319.2,1307,-113
143,shock_down,Z20,ZIP,9145.8,3687,-223
143,shock_down,Z21,ZIP,10446.8,3650,-138
143,shock_down,Z22,ZIP,13307.4,3780,-794
143,shock_down,Z23,ZIP,13368.2,3613,-1267
143,shock_down,Z24,ZIP,13659.2,3741,-1197
143,shock_down,P25,PRSH,-233.2,671,427
143,shock_down,P26,PRSH,-484.0,1237,775
143,shock_down,P27,PRSH,857.4,446,396
143,shock_down,P28,PRSH,-852.4,853,479
143,shock_down,P29,PRSH,268.0,398,340
143,shock_down,C30,CUSTOM,6502.6,4670,-46
143,shock_down,C31,CUSTOM,5725.6,4792,-26
143,shock_down,C32,CUSTOM,7544.0,4744,-40
143,shock_down,C33,CUSTOM,6569.8,4732,-38
143,shock_down,C34,CUSTOM,6894.4,4718,-44
144,shock_down,G00,GVWY,-10698.5,6591,-291
144,shock_down,G01,GVWY,-9827.5,6639,-87
144,shock_down,G02,GVWY,-11114.5,6651,-305
144,shock_down,G03,GVWY,-8479.0,6646,-378
144,shock_down,G04,GVWY,-8606.5,6595,-243
144,shock_down,Z05,ZIC,-525.5,621,315
144,shock_down,Z06,ZIC,-56.5,535,321
144,shock_down,Z07,ZIC,217.0,632,338
144,shock_down,Z08,ZIC,220.0,638,324
144,shock_down,Z09,ZIC,-247.0,632,334
144,shock_down,S10,SHVR,-2113.0,6008,-114
144,shock_down,S11,SHVR,-5987.0,6018,-28
144,shock_down,S12,SHVR,-4867.0,6050,-170
144,shock_down,S13,SHVR,-5351.5,6009,3
144,shock_down,S14,SHVR,-3770.0,5982,-32
144,shock_down,S15,SNPR,-1486.0,1288,-44
144,shock_down,S16,SNPR,-2014.0,1334,-160
144,shock_down,S17,SNPR,-849.5,1299,-21
144,shock_down,S18,SNPR,-1053.0,1308,0
144,shock_down,S19,SNPR,-1600.5,1315,-89
144,shock_down,Z20,ZIP,14908.5,3765,-935
144,shock_down,Z21,ZIP,8667.0,3744,-186
144,shock_down,Z22,ZIP,15082.5,3691,-1083
144,shock_down,Z23,ZIP,11142.0,3740,-378
144,shock_down,Z24,ZIP,9495.0,3604,-362
144,shock_down,P25,PRSH,-774.5,801,451
144,shock_down,P26,PRSH,-6284.0,4514,736
144,shock_down,P27,PRSH,-3558.0,2516,1084
144,shock_down,P28,PRSH,-1771.5,2067,867
144,shock_down,P29,PRSH,-1415.0,652,388
144,shock_down,C30,CUSTOM,6710.0,4668,-82
144,shock_down,C31,CUSTOM,7454.0,4656,-52
144,shock_down,C32,CUSTOM,6395.0,4776,-66
144,shock_down,C33,CUSTOM,6194.5,4763,-81
144,shock_down,C34,CUSTOM,7005.5,4749,-53
145,shock_down,G00,GVWY,-7770.25,6587,-369
145,shock_down,G01,GVWY,-9338.5,6654,-346
145,shock_down,G02,GVWY,-8767.0,6638,-184
145,shock_down,G03,GVWY,-10920.0,6648,-304
145,shock_down,G04,GVWY,-8504.75,6563,-219
145,shock_down,Z05,ZIC,314.25,645,425
145,shock_down,Z06,ZIC,670.5,640,342
145,shock_down,Z07,ZIC,195.0,614,388
145,shock_down,Z08,ZIC,-683.25,653,387
145,shock_down,Z09,ZIC,-644.0,626,412
145,shock_down,S10,SHVR,-4521.25,5925,-9
145,shock_down,S11,SHVR,-3865.5,5968,-2
145,shock_down,S12,SHVR,-6357.0,5960,-140
145,shock_down,S13,SHVR,-6403.75,5985,-219
145,shock_down,S14,SHVR,-4303.5,5984,-298
145,shock_down,S15,SNPR,-1044.25,1299,-17
145,shock_down,S16,SNPR,-1948.5,1276,-38
145,shock_down,S17,SNPR,-1252.25,1301,-49
145,shock_down,S18,SNPR,-1608.5,1300,-58
145,shock_down,S19,SNPR,-1381.75,1283,-95
145,shock_down,Z20,ZIP,11500.25,3735,-663
145,shock_down,Z21,ZIP,8368.25,3603,-91
145,shock_down,Z22,ZIP,7400.5,3742,-274
145,shock_down,Z23,ZIP,7697.75,3773,-153
145,shock_down,Z24,ZIP,6246.0,3654,-116
145,shock_down,P25,PRSH,923.0,312,256
145,shock_down,P26,PRSH,-841.0,648,456
145,shock_down,P27,PRSH,2172.5,574,542
145,shock_down,P28,PRSH,380.0,350,316
145,shock_down,P29,PRSH,718.5,458,334
145,shock_down,C30,CUSTOM,5982.75,4807,-29
145,shock_down,C31,CUSTOM,5928.0,4780,-48
145,shock_down,C32,CUSTOM,6247.25,4769,-59
145,shock_down,C33,CUSTOM,7437.0,4750,-52
145,shock_down,C34,CUSTOM,8136.0,4714,-64
146,shock_down,G00,GVWY,-5813.7,6653,-89
146,shock_down,G01,GVWY,-8219.5,6631,-275
146,shock_down,G02,GVWY,-7608.8,6692,-316
146,shock_down,G03,GVWY,-6818.2,6654,-214
146,shock_down,G04,GVWY,-9752.6,6650,-112
146,shock_down,Z05,ZIC,-2407.0,634,340
146,shock_down,Z06,ZIC,-3144.4,570,322
146,shock_down,Z07,ZIC,-3542.7,655,351
146,shock_down,Z08,ZIC,-1415.3,617,309
146,shock_down,Z09,ZIC,-4045.0,642,420
146,shock_down,S10,SHVR,-3212.2,5996,-134
146,shock_down,S11,SHVR,-2495.4,5984,-208
146,shock_down,S12,SHVR,-5497.6,6016,-42
146,shock_down,S13,SHVR,-3093.2,6016,-204
146,shock_down,S14,SHVR,-4707.3,6015,-291
146,shock_down,S15,SNPR,-1488.8,1294,-56
146,shock_down,S16,SNPR,-1324.6,1308,-2
146,shock_down,S17,SNPR,-1287.6,1324,-52
146,shock_down,S18,SNPR,-898.7,1285,-39
146,shock_down,S19,SNPR,-1404.2,1290,-74
146,shock_down,Z20,ZIP,20081.6,3716,-788
146,shock_down,Z21,ZIP,16646.1,3671,-713
146,shock_down,Z22,ZIP,11121.6,3720,-318
146,shock_down,Z23,ZIP,18870.2,3760,-896
146,shock_down,Z24,ZIP,11428.5,3641,-345
146,shock_down,P25,PRSH,-10946.1,3195,1003
146,shock_down,P26,PRSH,-11289.0,2874,1100
146,shock_down,P27,PRSH,-979.2,318,246
146,shock_down,P28,PRSH,-4024.7,771,471
146,shock_down,P29,PRSH,-4250.5,1817,865
146,shock_down,C30,CUSTOM,6726.6,4716,-48
146,shock_down,C31,CUSTOM,5398.6,4722,-88
146,shock_down,C32,CUSTOM,7086.8,4632,-94
146,shock_down,C33,CUSTOM,6469.3,4691,-79
146,shock_down,C34,CUSTOM,7070.5,4677,-45
147,shock_down,G00,GVWY,-7039.5,6636,-210
147,shock_down,G01,GVWY,-8257.45,6605,-157
147,shock_down,G02,GVWY,-11231.6,6646,-56
147,shock_down,G03,GVWY,-12131.15,6651,-199
147,shock_down,G04,GVWY,-5088.8,6664,-348
147,shock_down,Z05,ZIC,-648.35,621,429
147,shock_down,Z06,ZIC,-828.25,623,415
147,shock_down,Z07,ZIC,-228.0,628,300
147,shock_down,Z08,ZIC,-629.2,594,368
147,shock_down,Z09,ZIC,-267.8,654,332
147,shock_down,S10,SHVR,-2777.15,6021,-259
147,shock_down,S11,SHVR,-7605.9,6052,-174
147,shock_down,S12,SHVR,-6950.85,6013,-81
147,shock_down,S13,SHVR,-5345.7,6056,-102
147,shock_down,S14,SHVR,-5668.0,6074,60
147,shock_down,S15,SNPR,-1499.9,1300,-34
147,shock_down,S16,SNPR,-1513.35,1303,-71
147,shock_down,S17,SNPR,-1184.6,1304,-16
147,shock_down,S18,SNPR,-1484.15,1305,-59
147,shock_down,S19,SNPR,-1658.65,1301,-109
147,shock_down,Z20,ZIP,10148.55,3721,-797
147,shock_down,Z21,ZIP,8798.5,3694,-270
147,shock_down,Z22,ZIP,7985.95,3551,-213
147,shock_down,Z23,ZIP,14773.0,3634,-1340
147,shock_down,Z24,ZIP,8508.1,3634,-474
147,shock_down,P25,PRSH,-1078.25,1597,855
147,shock_down,P26,PRSH,1819.0,2026,1260
147,shock_down,P27,PRSH,846.2,350,292
147,shock_down,P28,PRSH,-91.55,317,277
147,shock_down,P29,PRSH,-793.6,998,524
147,shock_down,C30,CUSTOM,6523.45,4691,-43
147,shock_down,C31,CUSTOM,5906.25,4645,-55
147,shock_down,C32,CUSTOM,6299.05,4673,-47
147,shock_down,C33,CUSTOM,6380.75,4775,-45
147,shock_down,C34,CUSTOM,6133.7,4688,-38
148,shock_down,G00,GVWY,-7924.0,6658,-240
148,shock_down,G01,GVWY,-8435.5,6644,-262
148,shock_down,G02,GVWY,-7440.75,6673,-173
148,shock_down,G03,GVWY,-7537.25,6651,-227
148,shock_down,G04,GVWY,-6233.75,6637,-201
148,shock_down,Z05,ZIC,-3921.0,676,384
148,shock_down,Z06,ZIC,-3398.25,625,385
148,shock_down,Z07,ZIC,-4131.5,624,346
148,shock_down,Z08,ZIC,-5200.75,669,443
148,shock_down,Z09,ZIC,-2615.0,616,348
148,shock_down,S10,SHVR,-5580.5,6048,-66
148,shock_down,S11,SHVR,-751.75,6035,-121
148,shock_down,S12,SHVR,-9037.25,6053,-15
148,shock_down,S13,SHVR,-8814.5,5992,50
148,shock_down,S14,SHVR,-2172.5,6010,-182
148,shock_down,S15,SNPR,-935.5,1314,-30
148,shock_down,S16,SNPR,-186.25,1277,-103
148,shock_down,S17,SNPR,-1032.25,1265,-55
148,shock_down,S18,SNPR,-543.25,1283,-99
148,shock_down,S19,SNPR,-1890.75,1311,59
148,shock_down,Z20,ZIP,17952.0,3716,-676
148,shock_down,Z21,ZIP,12524.75,3585,-263
148,shock_down,Z22,ZIP,21015.0,3672,-864
148,shock_down,Z23,ZIP,15388.25,3605,-433
148,shock_down,Z24,ZIP,10344.5,3742,-254
148,shock_down,P25,PRSH,-2754.75,397,347
148,shock_down,P26,PRSH,-3188.5,402,346
148,shock_down,P27,PRSH,-5330.0,640,604
148,shock_down,P28,PRSH,-2491.0,310,276
148,shock_down,P29,PRSH,-10463.5,4186,958
148,shock_down,C30,CUSTOM,7557.25,4709,-49
148,shock_down,C31,CUSTOM,7011.75,4733,-51
148,shock_down,C32,CUSTOM,6606.25,4767,-57
148,shock_down,C33,CUSTOM,6704.0,4834,-80
148,shock_down,C34,CUSTOM,7106.75,4781,-67
149,shock_down,G00,GVWY,-7706.0,6615,-221
149,shock_down,G01,GVWY,-6174.0,6621,-295
149,shock_down,G02,GVWY,-6376.0,6645,-503
149,shock_down,G03,GVWY,-9313.0,6633,-133
149,shock_down,G04,GVWY,-6752.0,6610,-244
149,shock_down,Z05,ZIC,-649.0,648,354
149,shock_down,Z06,ZIC,851.0,643,355
149,shock_down,Z07,ZIC,-597.0,610,322
149,shock_down,Z08,ZIC,-948.0,611,327
149,shock_down,Z09,ZIC,-383.0,648,342
149,shock_down,S10,SHVR,-4160.0,6019,-163
149,shock_down,S11,SHVR,-4619.0,5990,-266
149,shock_down,S12,SHVR,-6940.0,6014,-118
149,shock_down,S13,SHVR,-5483.0,5958,-128
149,shock_down,S14,SHVR,-7240.0,6030,-76
149,shock_down,S15,SNPR,-1121.0,1283,13
149,shock_down,S16,SNPR,-1683.0,1282,-140
149,shock_down,S17,SNPR,-794.0,1270,-16
149,shock_down,S18,SNPR,-1610.0,1282,-30
149,shock_down,S19,SNPR,-2297.0,1276,-102
149,shock_down,Z20,ZIP,9549.0,3704,-356
149,shock_down,Z21,ZIP,8266.0,3595,-251
149,shock_down,Z22,ZIP,9547.0,3686,-150
149,shock_down,Z23,ZIP,11933.0,3735,-591
149,shock_down,Z24,ZIP,7552.0,3647,-251
149,shock_down,P25,PRSH,-1494.0,1653,825
149,shock_down,P26,PRSH,-777.0,495,293
149,shock_down,P27,PRSH,-2748.0,1405,767
149,shock_down,P28,PRSH,-657.0,721,451
149,shock_down,P29,PRSH,187.0,342,296
149,shock_down,C30,CUSTOM,5821.0,4795,-79
149,shock_down,C31,CUSTOM,7055.0,4761,-67
149,shock_down,C32,CUSTOM,6199.0,4740,-70
149,shock_down,C33,CUSTOM,7888.0,4734,-62
149,shock_down,C34,CUSTOM,5938.0,4765,-95
0,multi_regime,G00,GVWY,-9709.45,6071,-347
0,multi_regime,G01,GVWY,-12769.65,6125,-419
0,multi_regime,G02,GVWY,-9591.2,6070,-312
0,multi_regime,G03,GVWY,-8455.1,6126,-266
0,multi_regime,G04,GVWY,-13942.15,6053,-429
0,multi_regime,Z05,ZIC,5267.7,664,322
0,multi_regime,Z06,ZIC,5598.0,602,280
0,multi_regime,Z07,ZIC,4239.25,687,275
0,multi_regime,Z08,ZIC,5059.55,689,253
0,multi_regime,Z09,ZIC,5587.15,705,289
0,multi_regime,S10,SHVR,-10002.1,5248,-486
0,multi_regime,S11,SHVR,-6069.45,5299,-187
0,multi_regime,S12,SHVR,-4782.15,5189,-69
0,multi_regime,S13,SHVR,-6827.8,5226,-128
0,multi_regime,S14,SHVR,-8965.3,5284,-338
0,multi_regime,S15,SNPR,88.45,1149,27
0,multi_regime,S16,SNPR,-227.35,1147,-1
0,multi_regime,S17,SNPR,-2077.95,1159,-37
0,multi_regime,S18,SNPR,-941.1,1152,-6
0,multi_regime,S19,SNPR,-887.05,1101,-63
0,multi_regime,Z20,ZIP,4126.85,4003,-69
0,multi_regime,Z21,ZIP,1950.3,4040,-222
0,multi_regime,Z22,ZIP,4635.85,3941,31
0,multi_regime,Z23,ZIP,4266.5,3980,30
0,multi_regime,Z24,ZIP,1474.15,4165,-171
0,multi_regime,P25,PRSH,6064.55,375,253
0,multi_regime,P26,PRSH,14207.85,2569,771
0,multi_regime,P27,PRSH,5505.6,436,276
0,multi_regime,P28,PRSH,8204.3,1038,418
0,multi_regime,P29,PRSH,5636.8,414,268
0,multi_regime,C30,CUSTOM,2579.6,4412,-24
0,multi_regime,C31,CUSTOM,2235.0,4416,0
0,multi_regime,C32,CUSTOM,4123.5,4428,-30
0,multi_regime,C33,CUSTOM,736.75,4403,-35
0,multi_regime,C34,CUSTOM,4186.7,4450,-18
1,multi_regime,G00,GVWY,-12454.0,6080,-360
1,multi_regime,G01,GVWY,-11265.6,6078,-628
1,multi_regime,G02,GVWY,-14283.8,6153,-529
1,multi_regime,G03,GVWY,-13852.4,6117,-367
1,multi_regime,G04,GVWY,-8205.2,6109,-501
1,multi_regime,Z05,ZIC,4763.2,662,306
1,multi_regime,Z06,ZIC,4949.6,701,343
1,multi_regime,Z07,ZIC,5035.0,681,295
1,multi_regime,Z08,ZIC,5340.2,634,246
1,multi_regime,Z09,ZIC,4706.0,646,300
1,multi_regime,S10,SHVR,-5685.8,5261,-149
1,multi_regime,S11,SHVR,-5914.2,5258,-236
1,multi_regime,S12,SHVR,-7586.4,5261,-257
1,multi_regime,S13,SHVR,-5766.6,5276,-108
1,multi_regime,S14,SHVR,-8104.0,5283,-335
1,multi_regime,S15,SNPR,-1515.0,1180,-20
1,multi_regime,S16,SNPR,-775.2,1149,-111
1,multi_regime,S17,SNPR,-2506.8,1131,-19
1,multi_regime,S18,SNPR,-1547.0,1181,-65
1,multi_regime,S19,SNPR,-2388.2,1173,-81
1,multi_regime,Z20,ZIP,4901.0,3910,-30
1,multi_regime,Z21,ZIP,6520.8,3956,94
1,multi_regime,Z22,ZIP,2467.4,3949,17
1,multi_regime,Z23,ZIP,6101.8,4037,49
1,multi_regime,Z24,ZIP,3929.4,3970,-148
1,multi_regime,P25,PRSH,12071.4,3420,612
1,multi_regime,P26,PRSH,6520.0,746,350
1,multi_regime,P27,PRSH,11164.0,2699,695
1,multi_regime,P28,PRSH,5483.6,555,273
1,multi_regime,P29,PRSH,5704.6,460,298
1,multi_regime,C30,CUSTOM,4161.6,4377,-7
1,multi_regime,C31,CUSTOM,2012.0,4480,-10
1,multi_regime,C32,CUSTOM,1621.4,4457,-23
1,multi_regime,C33,CUSTOM,2427.6,4473,-27
1,multi_regime,C34,CUSTOM,2115.0,4459,-15
2,multi_regime,G00,GVWY,-6241.0,6044,-260
2,multi_regime,G01,GVWY,-4772.0,6105,-435
2,multi_regime,G02,GVWY,-3367.0,6119,-485
2,multi_regime,G03,GVWY,-3132.8,6119,-513
2,multi_regime,G04,GVWY,-5426.2,6084,-522
2,multi_regime,Z05,ZIC,315.0,690,300
2,multi_regime,Z06,ZIC,-219.6,705,309
2,multi_regime,Z07,ZIC,1359.2,647,227
2,multi_regime,Z08,ZIC,870.6,679,241
2,multi_regime,Z09,ZIC,-111.8,681,307
2,multi_regime,S10,SHVR,-2714.0,5344,-270
2,multi_regime,S11,SHVR,-2804.0,5271,-325
2,multi_regime,S12,SHVR,-1658.8,5352,-138
2,multi_regime,S13,SHVR,-2823.0,5312,-160
2,multi_regime,S14,SHVR,-5548.4,5259,-139
2,multi_regime,S15,SNPR,-314.2,1174,-102
2,multi_regime,S16,SNPR,-2754.6,1157,19
2,multi_regime,S17,SNPR,-829.8,1141,-73
2,multi_regime,S18,SNPR,-1631.0,1133,-15
2,multi_regime,S19,SNPR,493.0,1174,-90
2,multi_regime,Z20,ZIP,6428.2,3928,12
2,multi_regime,Z21,ZIP,7144.8,3863,-27
2,multi_regime,Z22,ZIP,5555.2,3850,-218
2,multi_regime,Z23,ZIP,6939.6,3834,-184
2,multi_regime,Z24,ZIP,6675.2,4011,-53
2,multi_regime,P25,PRSH,-611.4,1841,581
2,multi_regime,P26,PRSH,1093.4,2902,614
2,multi_regime,P27,PRSH,-2434.6,2247,739
2,multi_regime,P28,PRSH,287.8,526,258
2,multi_regime,P29,PRSH,728.4,541,269
2,multi_regime,C30,CUSTOM,3395.0,4453,-15
2,multi_regime,C31,CUSTOM,1267.2,4459,-3
2,multi_regime,C32,CUSTOM,2580.0,4390,-10
2,multi_regime,C33,CUSTOM,2137.6,4485,1
2,multi_regime,C34,CUSTOM,2411.8,4425,-17
3,multi_regime,G00,GVWY,-1607.4,6140,-406
3,multi_regime,G01,GVWY,-5566.3,6141,-357
3,multi_regime,G02,GVWY,-4426.6,6128,-394
3,multi_regime,G03,GVWY,-1324.9,6071,-411
3,multi_regime,G04,GVWY,-5156.6,6120,-434
3,multi_regime,Z05,ZIC,-1461.8,676,278
3,multi_regime,Z06,ZIC,-974.1,621,271
3,multi_regime,Z07,ZIC,-591.1,711,261
3,multi_regime,Z08,ZIC,-124.0,630,260
3,multi_regime,Z09,ZIC,-908.9,619,249
3,multi_regime,S10,SHVR,-2585.6,5306,-164
3,multi_regime,S11,SHVR,257.2,5288,-352
3,multi_regime,S12,SHVR,-4334.6,5270,-114
3,multi_regime,S13,SHVR,213.5,5317,-295
3,multi_regime,S14,SHVR,-849.0,5234,-170
3,multi_regime,S15,SNPR,-980.3,1157,-47
3,multi_regime,S16,SNPR,-952.4,1182,-6
3,multi_regime,S17,SNPR,-752.7,1177,37
3,multi_regime,S18,SNPR,257.7,1137,-137
3,multi_regime,S19,SNPR,651.3,1157,-123
3,multi_regime,Z20,ZIP,4776.0,3900,90
3,multi_regime,Z21,ZIP,5515.0,3960,30
3,multi_regime,Z22,ZIP,6074.8,3896,42
3,multi_regime,Z23,ZIP,7627.4,4064,-184
3,multi_regime,Z24,ZIP,5583.1,3877,-51
3,multi_regime,P25,PRSH,-200.7,599,487
3,multi_regime,P26,PRSH,-714.7,777,267
3,multi_regime,P27,PRSH,-819.2,1038,382
3,multi_regime,P28,PRSH,-2685.3,1591,513
3,multi_regime,P29,PRSH,-1755.4,1066,414
3,multi_regime,C30,CUSTOM,1496.8,4420,-28
3,multi_regime,C31,CUSTOM,1064.3,4405,-13
3,multi_regime,C32,CUSTOM,2141.3,4413,-13
3,multi_regime,C33,CUSTOM,2883.4,4462,-14
3,multi_regime,C34,CUSTOM,3525.6,4492,-6
4,multi_regime,G00,GVWY,-17311.35,6071,-327
4,multi_regime,G01,GVWY,-12680.15,6113,-143
4,multi_regime,G02,GVWY,-13287.8,6102,-216
4,multi_regime,G03,GVWY,-16949.1,6142,-342
4,multi_regime,G04,GVWY,-19874.25,6113,-385
4,multi_regime,Z05,ZIC,10358.65,687,273
4,multi_regime,Z06,ZIC,12058.2,680,304
4,multi_regime,Z07,ZIC,11123.4,652,268
4,multi_regime,Z08,ZIC,13159.25,731,345
4,multi_regime,Z09,ZIC,11646.5,654,310
4,multi_regime,S10,SHVR,-11821.15,5265,-363
4,multi_regime,S11,SHVR,-10209.9,5282,-198
4,multi_regime,S12,SHVR,-10489.45,5257,-209
4,multi_regime,S13,SHVR,-13389.8,5284,-256
4,multi_regime,S14,SHVR,-7157.45,5267,-109
4,multi_regime,S15,SNPR,543.7,1138,54
4,multi_regime,S16,SNPR,-3894.5,1176,-70
4,multi_regime,S17,SNPR,-2550.3,1150,-26
4,multi_regime,S18,SNPR,546.9,1156,18
4,multi_regime,S19,SNPR,-2302.1,1130,-62
4,multi_regime,Z20,ZIP,-621.1,4104,-242
4,multi_regime,Z21,ZIP,1143.8,4068,-124
4,multi_regime,Z22,ZIP,-1361.4,4150,-148
4,multi_regime,Z23,ZIP,580.3,4034,-174
4,multi_regime,Z24,ZIP,5749.25,3947,-15
4,multi_regime,P25,PRSH,13438.75,705,355
4,multi_regime,P26,PRSH,11213.85,507,277
4,multi_regime,P27,PRSH,11808.3,398,306
4,multi_regime,P28,PRSH,12037.55,499,311
4,multi_regime,P29,PRSH,17788.25,549,445
4,multi_regime,C30,CUSTOM,1462.3,4428,-14
4,multi_regime,C31,CUSTOM,2952.3,4504,-14
4,multi_regime,C32,CUSTOM,1097.4,4494,-12
4,multi_regime,C33,CUSTOM,612.45,4479,-11
4,multi_regime,C34,CUSTOM,1072.75,4471,-5
5,multi_regime,G00,GVWY,-9400.2,6162,-392
5,multi_regime,G01,GVWY,-12152.7,6095,-357
5,multi_regime,G02,GVWY,-9832.0,6180,-480
5,multi_regime,G03,GVWY,-10963.6,6220,-216
5,multi_regime,G04,GVWY,-10780.5,6137,-455
5,multi_regime,Z05,ZIC,4031.0,654,290
5,multi_regime,Z06,ZIC,4325.7,677,267
5,multi_regime,Z07,ZIC,5123.4,680,294
5,multi_regime,Z08,ZIC,4948.7,611,307
5,multi_regime,Z09,ZIC,4902.4,636,294
5,multi_regime,S10,SHVR,-6411.4,5356,-264
5,multi_regime,S11,SHVR,-6130.9,5449,-169
5,multi_regime,S12,SHVR,-6335.9,5453,-69
5,multi_regime,S13,SHVR,-7016.2,5370,-332
5,multi_regime,S14,SHVR,-7554.3,5399,-273
5,multi_regime,S15,SNPR,-1828.4,1170,-44
5,multi_regime,S16,SNPR,-2185.3,1173,-63
5,multi_regime,S17,SNPR,-697.4,1180,36
5,multi_regime,S18,SNPR,-1459.3,1169,-43
5,multi_regime,S19,SNPR,-1245.7,1187,-47
5,multi_regime,Z20,ZIP,4624.3,4019,3
5,multi_regime,Z21,ZIP,3916.3,4047,-7
5,multi_regime,Z22,ZIP,5041.6,4028,106
5,multi_regime,Z23,ZIP,7956.1,4025,-79
5,multi_regime,Z24,ZIP,6492.9,3939,-51
5,multi_regime,P25,PRSH,7293.9,1031,409
5,multi_regime,P26,PRSH,4810.6,372,286
5,multi_regime,P27,PRSH,-1074.0,5014,220
5,multi_regime,P28,PRSH,3179.0,4906,150
5,multi_regime,P29,PRSH,9374.1,655,551
5,multi_regime,C30,CUSTOM,4397.0,4414,0
5,multi_regime,C31,CUSTOM,1262.2,4544,-8
5,multi_regime,C32,CUSTOM,3298.7,4467,-3
5,multi_regime,C33,CUSTOM,4424.9,4381,-1
5,multi_regime,C34,CUSTOM,5266.7,4437,-13
6,multi_regime,G00,GVWY,-12742.75,6093,-545
6,multi_regime,G01,GVWY,-7230.0,6070,-380
6,multi_regime,G02,GVWY,-9414.3,6018,-478
6,multi_regime,G03,GVWY,-9309.9,6064,-514
6,multi_regime,G04,GVWY,-7861.4,6080,-504
6,multi_regime,Z05,ZIC,3159.6,638,316
6,multi_regime,Z06,ZIC,3262.4,634,244
6,multi_regime,Z07,ZIC,3814.75,637,265
6,multi_regime,Z08,ZIC,5066.2,704,312
6,multi_regime,Z09,ZIC,3488.4,640,344
6,multi_regime,S10,SHVR,-5367.05,5219,-383
6,multi_regime,S11,SHVR,-5767.6,5294,-416
6,multi_regime,S12,SHVR,-7679.15,5251,-269
6,multi_regime,S13,SHVR,-4594.7,5302,-122
6,multi_regime,S14,SHVR,-5685.95,5221,-377
6,multi_regime,S15,SNPR,-648.35,1143,-21
6,multi_regime,S16,SNPR,-811.15,1129,-69
6,multi_regime,S17,SNPR,-1700.25,1133,-15
6,multi_regime,S18,SNPR,-1698.15,1163,-109
6,multi_regime,S19,SNPR,-1350.35,1171,59
6,multi_regime,Z20,ZIP,3811.15,4191,-371
6,multi_regime,Z21,ZIP,3176.1,3844,-134
6,multi_regime,Z22,ZIP,4374.1,3910,-74
6,multi_regime,Z23,ZIP,4297.35,3801,41
6,multi_regime,Z24,ZIP,2234.6,4068,16
6,multi_regime,P25,PRSH,11209.4,1240,744
6,multi_regime,P26,PRSH,8148.45,2335,647
6,multi_regime,P27,PRSH,6270.15,559,409
6,multi_regime,P28,PRSH,7375.8,3064,608
6,multi_regime,P29,PRSH,9665.65,927,639
6,multi_regime,C30,CUSTOM,2321.8,4396,-12
6,multi_regime,C31,CUSTOM,-553.8,4494,-8
6,multi_regime,C32,CUSTOM,94.4,4458,-16
6,multi_regime,C33,CUSTOM,463.95,4485,-3
6,multi_regime,C34,CUSTOM,533.75,4405,-15
7,multi_regime,G00,GVWY,-11335.75,6187,-499
7,multi_regime,G01,GVWY,-10820.75,6133,-299
7,multi_regime,G02,GVWY,-5878.5,6158,-298
7,multi_regime,G03,GVWY,-8302.25,6165,-497
7,multi_regime,G04,GVWY,-9807.75,6147,-159
7,multi_regime,Z05,ZIC,1925.0,632,288
7,multi_regime,Z06,ZIC,2570.25,737,329
7,multi_regime,Z07,ZIC,3332.75,677,287
7,multi_regime,Z08,ZIC,2793.0,710,268
7,multi_regime,Z09,ZIC,2866.25,689,357
7,multi_regime,S10,SHVR,-4194.75,5399,-195
7,multi_regime,S11,SHVR,-4977.0,5340,-128
7,multi_regime,S12,SHVR,-3616.5,5318,-238
7,multi_regime,S13,SHVR,-6694.75,5369,-163
7,multi_regime,S14,SHVR,-3779.5,5386,-242
7,multi_regime,S15,SNPR,-82.75,1199,-35
7,multi_regime,S16,SNPR,-1213.75,1193,-3
7,multi_regime,S17,SNPR,-368.25,1177,-93
7,multi_regime,S18,SNPR,-2618.25,1203,-13
7,multi_regime,S19,SNPR,-1798.5,1182,-58
7,multi_regime,Z20,ZIP,7580.25,4105,-755
7,multi_regime,Z21,ZIP,6600.25,4145,-183
7,multi_regime,Z22,ZIP,6652.25,4133,-243
7,multi_regime,Z23,ZIP,6001.25,4015,-103
7,multi_regime,Z24,ZIP,5104.0,3880,-112
7,multi_regime,P25,PRSH,3334.5,1076,570
7,multi_regime,P26,PRSH,3021.75,3319,775
7,multi_regime,P27,PRSH,3288.5,956,454
7,multi_regime,P28,PRSH,2808.75,983,491
7,multi_regime,P29,PRSH,2532.75,595,339
7,multi_regime,C30,CUSTOM,2674.75,4453,-1
7,multi_regime,C31,CUSTOM,3858.5,4392,2
7,multi_regime,C32,CUSTOM,622.0,4432,-16
7,multi_regime,C33,CUSTOM,4321.5,4362,-2
7,multi_regime,C34,CUSTOM,3834.0,4430,-4
8,multi_regime,G00,GVWY,521.8,6142,-508
8,multi_regime,G01,GVWY,-1351.1,6144,-434
8,multi_regime,G02,GVWY,-3517.7,6068,-238
8,multi_regime,G03,GVWY,-3149.7,6150,-318
8,multi_regime,G04,GVWY,-68.55,6123,-427
8,multi_regime,Z05,ZIC,-2898.35,617,261
8,multi_regime,Z06,ZIC,-1915.6,648,276
8,multi_regime,Z07,ZIC,-3503.0,650,280
8,multi_regime,Z08,ZIC,-2036.0,636,260
8,multi_regime,Z09,ZIC,-2067.7,628,262
8,multi_regime,S10,SHVR,-1627.95,5245,-43
8,multi_regime,S11,SHVR,2565.5,5254,-190
8,multi_regime,S12,SHVR,3657.2,5244,-332
8,multi_regime,S13,SHVR,-1184.8,5308,-232
8,multi_regime,S14,SHVR,3345.2,5294,-372
8,multi_regime,S15,SNPR,330.2,1134,-32
8,multi_regime,S16,SNPR,-15.8,1138,-72
8,multi_regime,S17,SNPR,558.2,1148,-92
8,multi_regime,S18,SNPR,-274.8,1162,-92
8,multi_regime,S19,SNPR,-283.85,1183,-89
8,multi_regime,Z20,ZIP,6799.7,3872,-82
8,multi_regime,Z21,ZIP,7338.2,4124,8
8,multi_regime,Z22,ZIP,5700.05,3977,17
8,multi_regime,Z23,ZIP,7770.7,3894,-162
8,multi_regime,Z24,ZIP,4854.95,3857,3
8,multi_regime,P25,PRSH,-4721.15,1071,469
8,multi_regime,P26,PRSH,-2559.6,592,236
8,multi_regime,P27,PRSH,-3338.85,611,491
8,multi_regime,P28,PRSH,-7739.45,1601,667
8,multi_regime,P29,PRSH,-4310.8,850,348
8,multi_regime,C30,CUSTOM,2935.45,4383,13
8,multi_regime,C31,CUSTOM,-301.6,4484,-4
8,multi_regime,C32,CUSTOM,722.35,4521,-1
8,multi_regime,C33,CUSTOM,3192.2,4416,-12
8,multi_regime,C34,CUSTOM,1701.65,4525,-39
9,multi_regime,G00,GVWY,-12267.0,6180,-354
9,multi_regime,G01,GVWY,-10018.5,6127,-401
9,multi_regime,G02,GVWY,-11953.5,6113,-349
9,multi_regime,G03,GVWY,-9198.0,6082,-374
9,multi_regime,G04,GVWY,-13400.5,6151,-263
9,multi_regime,Z05,ZIC,5786.0,656,286
9,multi_regime,Z06,ZIC,5682.0,716,306
9,multi_regime,Z07,ZIC,5440.0,666,268
9,multi_regime,Z08,ZIC,6774.5,667,317
9,multi_regime,Z09,ZIC,6979.0,738,342
9,multi_regime,S10,SHVR,-5770.5,5389,-169
9,multi_regime,S11,SHVR,-6852.5,5415,-351
9,multi_regime,S12,SHVR,-6216.0,5472,-104
9,multi_regime,S13,SHVR,-9384.0,5382,-178
9,multi_regime,S14,SHVR,-6325.5,5401,-209
9,multi_regime,S15,SNPR,-2696.0,1166,-84
9,multi_regime,S16,SNPR,-2702.5,1155,-127
9,multi_regime,S17,SNPR,-2238.0,1152,8
9,multi_regime,S18,SNPR,-602.5,1153,-19
9,multi_regime,S19,SNPR,-2160.0,1162,-80
9,multi_regime,Z20,ZIP,2884.0,3934,-110
9,multi_regime,Z21,ZIP,5224.5,3979,-121
9,multi_regime,Z22,ZIP,1715.5,4119,-313
9,multi_regime,Z23,ZIP,4147.5,4031,-57
9,multi_regime,Z24,ZIP,4303.0,4066,-136
9,multi_regime,P25,PRSH,8116.5,461,335
9,multi_regime,P26,PRSH,10903.0,3568,598
9,multi_regime,P27,PRSH,6615.5,4557,525
9,multi_regime,P28,PRSH,4596.0,500,282
9,multi_regime,P29,PRSH,5789.5,4039,399
9,multi_regime,C30,CUSTOM,1319.0,4396,-28
9,multi_regime,C31,CUSTOM,5073.0,4430,-20
9,multi_regime,C32,CUSTOM,3473.5,4457,-1
9,multi_regime,C33,CUSTOM,3915.5,4453,-1
9,multi_regime,C34,CUSTOM,3283.5,4495,-13
10,multi_regime,G00,GVWY,-13128.7,6105,-447
10,multi_regime,G01,GVWY,-9397.6,6122,-326
10,multi_regime,G02,GVWY,-11740.7,6091,-377
10,multi_regime,G03,GVWY,-13622.8,6084,-358
10,multi_regime,G04,GVWY,-10729.9,6061,-399
10,multi_regime,Z05,ZIC,4152.9,643,269
10,multi_regime,Z06,ZIC,4951.1,699,311
10,multi_regime,Z07,ZIC,4461.4,698,194
10,multi_regime,Z08,ZIC,4037.3,639,293
10,multi_regime,Z09,ZIC,5045.9,693,259
10,multi_regime,S10,SHVR,-6466.2,5276,-292
10,multi_regime,S11,SHVR,-4304.6,5258,-176
10,multi_regime,S12,SHVR,-5083.2,5246,-252
10,multi_regime,S13,SHVR,-7602.8,5280,-298
10,multi_regime,S14,SHVR,-6528.0,5304,0
10,multi_regime,S15,SNPR,-2101.9,1151,-89
10,multi_regime,S16,SNPR,-2758.3,1165,-43
10,multi_regime,S17,SNPR,-1176.4,1168,-74
10,multi_regime,S18,SNPR,-809.1,1181,-101
10,multi_regime,S19,SNPR,-1536.3,1189,-3
10,multi_regime,Z20,ZIP,6112.7,3937,-73
10,multi_regime,Z21,ZIP,5563.7,3897,17
10,multi_regime,Z22,ZIP,7525.6,4046,-184
10,multi_regime,Z23,ZIP,6011.2,4110,-48
10,multi_regime,Z24,ZIP,2593.1,3817,-39
10,multi_regime,P25,PRSH,6071.0,802,430
10,multi_regime,P26,PRSH,4795.5,367,245
10,multi_regime,P27,PRSH,9506.9,3059,599
10,multi_regime,P28,PRSH,6560.9,633,359
10,multi_regime,P29,PRSH,8952.4,592,474
10,multi_regime,C30,CUSTOM,2126.2,4340,-8
10,multi_regime,C31,CUSTOM,2126.7,4419,-3
10,multi_regime,C32,CUSTOM,1847.1,4449,-19
10,multi_regime,C33,CUSTOM,2454.0,4430,0
10,multi_regime,C34,CUSTOM,1949.6,4452,-14
11,multi_regime,G00,GVWY,-3411.45,6129,-303
11,multi_regime,G01,GVWY,-7240.0,6056,-300
11,multi_regime,G02,GVWY,2475.1,6072,-526
11,multi_regime,G03,GVWY,-1599.45,6131,-403
11,multi_regime,G04,GVWY,-2043.3,6122,-282
11,multi_regime,Z05,ZIC,-2931.05,685,333
11,multi_regime,Z06,ZIC,-2854.0,656,320
11,multi_regime,Z07,ZIC,-3670.3,666,338
11,multi_regime,Z08,ZIC,-2851.7,726,322
11,multi_regime,Z09,ZIC,-1775.65,663,289
11,multi_regime,S10,SHVR,-3456.3,5354,-142
11,multi_regime,S11,SHVR,446.8,5276,-308
11,multi_regime,S12,SHVR,-1202.0,5298,-200
11,multi_regime,S13,SHVR,-1213.9,5336,-166
11,multi_regime,S14,SHVR,619.05,5297,-153
11,multi_regime,S15,SNPR,561.5,1174,-70
11,multi_regime,S16,SNPR,2365.25,1141,-105
11,multi_regime,S17,SNPR,1487.6,1162,-96
11,multi_regime,S18,SNPR,-642.0,1140,20
11,multi_regime,S19,SNPR,-275.85,1169,-39
11,multi_regime,Z20,ZIP,8194.75,3981,-115
11,multi_regime,Z21,ZIP,5420.5,3984,-110
11,multi_regime,Z22,ZIP,6468.7,4014,-82
11,multi_regime,Z23,ZIP,8726.3,4066,-138
11,multi_regime,Z24,ZIP,8259.65,4003,-189
11,multi_regime,P25,PRSH,-2498.25,733,325
11,multi_regime,P26,PRSH,-2105.5,1432,530
11,multi_regime,P27,PRSH,-1775.2,394,272
11,multi_regime,P28,PRSH,-3657.0,3012,600
11,multi_regime,P29,PRSH,-1870.35,407,291
11,multi_regime,C30,CUSTOM,1281.85,4463,-21
11,multi_regime,C31,CUSTOM,1321.85,4441,-1
11,multi_regime,C32,CUSTOM,305.45,4443,-17
11,multi_regime,C33,CUSTOM,1841.85,4463,-1
11,multi_regime,C34,CUSTOM,1973.0,4382,-20
12,multi_regime,G00,GVWY,-13036.6,6112,-286
12,multi_regime,G01,GVWY,-16343.0,6119,-395
12,multi_regime,G02,GVWY,-10585.0,6138,-270
12,multi_regime,G03,GVWY,-18288.2,6112,-562
12,multi_regime,G04,GVWY,-16593.4,6191,-469
12,multi_regime,Z05,ZIC,7924.0,709,325
12,multi_regime,Z06,ZIC,7695.0,607,285
12,multi_regime,Z07,ZIC,8473.2,660,322
12,multi_regime,Z08,ZIC,7666.6,664,266
12,multi_regime,Z09,ZIC,8838.8,689,353
12,multi_regime,S10,SHVR,-10724.6,5289,-301
12,multi_regime,S11,SHVR,-5322.2,5225,-87
12,multi_regime,S12,SHVR,-5476.6,5281,-211
12,multi_regime,S13,SHVR,-9056.4,5247,-189
12,multi_regime,S14,SHVR,-7990.4,5303,-189
12,multi_regime,S15,SNPR,-542.8,1155,-43
12,multi_regime,S16,SNPR,-1349.8,1145,-3
12,multi_regime,S17,SNPR,-2160.4,1164,-44
12,multi_regime,S18,SNPR,-3172.6,1169,-91
12,multi_regime,S19,SNPR,-3241.4,1173,-109
12,multi_regime,Z20,ZIP,744.2,4134,-228
12,multi_regime,Z21,ZIP,4455.8,3849,-17
12,multi_regime,Z22,ZIP,2692.6,3908,-64
12,multi_regime,Z23,ZIP,3661.8,4001,-87
12,multi_regime,Z24,ZIP,4976.6,4066,-44
12,multi_regime,P25,PRSH,10208.6,913,411
12,multi_regime,P26,PRSH,9334.2,822,392
12,multi_regime,P27,PRSH,11131.4,1018,454
12,multi_regime,P28,PRSH,15156.8,1497,583
12,multi_regime,P29,PRSH,8181.0,377,275
12,multi_regime,C30,CUSTOM,1656.6,4522,-24
12,multi_regime,C31,CUSTOM,3262.6,4514,-4
12,multi_regime,C32,CUSTOM,1775.0,4437,-15
12,multi_regime,C33,CUSTOM,1939.2,4400,-18
12,multi_regime,C34,CUSTOM,3874.6,4558,-14
13,multi_regime,G00,GVWY,441.15,6155,-387
13,multi_regime,G01,GVWY,-4432.4,6138,-188
13,multi_regime,G02,GVWY,595.7,6110,-426
13,multi_regime,G03,GVWY,-3905.55,6117,-301
13,multi_regime,G04,GVWY,-863.7,6136,-394
13,multi_regime,Z05,ZIC,-3077.05,697,349
13,multi_regime,Z06,ZIC,-3505.2,668,316
13,multi_regime,Z07,ZIC,-3482.05,657,309
13,multi_regime,Z08,ZIC,-3547.0,664,320
13,multi_regime,Z09,ZIC,-3169.05,695,329
13,multi_regime,S10,SHVR,-3603.55,5273,-141
13,multi_regime,S11,SHVR,-1348.2,5278,-284
13,multi_regime,S12,SHVR,5182.05,5247,-449
13,multi_regime,S13,SHVR,-170.25,5287,-115
13,multi_regime,S14,SHVR,-3166.4,5300,-208
13,multi_regime,S15,SNPR,-50.5,1164,10
13,multi_regime,S16,SNPR,-414.0,1138,-40
13,multi_regime,S17,SNPR,-1086.4,1136,-68
13,multi_regime,S18,SNPR,-26.2,1144,-44
13,multi_regime,S19,SNPR,1130.7,1156,-66
13,multi_regime,Z20,ZIP,6255.3,3974,-74
13,multi_regime,Z21,ZIP,4176.25,3997,-25
13,multi_regime,Z22,ZIP,6696.55,4001,-79
13,multi_regime,Z23,ZIP,9246.35,4069,-223
13,multi_regime,Z24,ZIP,7404.75,3825,-95
13,multi_regime,P25,PRSH,-2325.5,408,290
13,multi_regime,P26,PRSH,-1506.65,375,277
13,multi_regime,P27,PRSH,-5063.9,1870,602
13,multi_regime,P28,PRSH,-3647.75,1289,475
13,multi_regime,P29,PRSH,-2069.6,388,268
13,multi_regime,C30,CUSTOM,3311.75,4459,-15
13,multi_regime,C31,CUSTOM,4007.15,4437,-7
13,multi_regime,C32,CUSTOM,1194.7,4434,-6
13,multi_regime,C33,CUSTOM,2585.0,4420,-20
13,multi_regime,C34,CUSTOM,1120.6,4398,-8
14,multi_regime,G00,GVWY,-22764.0,6120,-440
14,multi_regime,G01,GVWY,-20110.0,6091,-437
14,multi_regime,G02,GVWY,-26614.0,6092,-616
14,multi_regime,G03,GVWY,-24743.0,6150,-500
14,multi_regime,G04,GVWY,-21736.0,6107,-381
14,multi_regime,Z05,ZIC,9617.0,609,257
14,multi_regime,Z06,ZIC,10208.0,626,286
14,multi_regime,Z07,ZIC,12835.0,666,308
14,multi_regime,Z08,ZIC,11092.0,673,287
14,multi_regime,Z09,ZIC,9634.0,681,261
14,multi_regime,S10,SHVR,-9534.0,5329,-221
14,multi_regime,S11,SHVR,-2250.0,5270,-36
14,multi_regime,S12,SHVR,-9262.0,5245,-189
14,multi_regime,S13,SHVR,-13358.0,5290,-280
14,multi_regime,S14,SHVR,-7184.0,5274,-14
14,multi_regime,S15,SNPR,-3645.0,1147,-73
14,multi_regime,S16,SNPR,-1638.0,1157,-37
14,multi_regime,S17,SNPR,1149.0,1150,38
14,multi_regime,S18,SNPR,-4789.0,1158,-120
14,multi_regime,S19,SNPR,-3409.0,1156,-70
14,multi_regime,Z20,ZIP,-2985.0,4050,-218
14,multi_regime,Z21,ZIP,5086.0,4040,-6
14,multi_regime,Z22,ZIP,1198.0,3894,-108
14,multi_regime,Z23,ZIP,-14132.0,4096,-600
14,multi_regime,Z24,ZIP,-10576.0,4098,-424
14,multi_regime,P25,PRSH,29071.0,2640,660
14,multi_regime,P26,PRSH,25874.0,2304,666
14,multi_regime,P27,PRSH,27086.0,2733,649
14,multi_regime,P28,PRSH,29865.0,2528,774
14,multi_regime,P29,PRSH,19769.0,564,454
14,multi_regime,C30,CUSTOM,-103.0,4467,-13
14,multi_regime,C31,CUSTOM,-606.0,4411,-31
14,multi_regime,C32,CUSTOM,2325.0,4436,-2
14,multi_regime,C33,CUSTOM,-690.0,4461,-11
14,multi_regime,C34,CUSTOM,973.0,4311,-5
15,multi_regime,G00,GVWY,-8042.8,6114,-216
15,multi_regime,G01,GVWY,-9560.75,6149,-335
15,multi_regime,G02,GVWY,-9236.5,6106,-390
15,multi_regime,G03,GVWY,-8349.25,6105,-285
15,multi_regime,G04,GVWY,-11971.65,6163,-393
15,multi_regime,Z05,ZIC,2804.5,666,330
15,multi_regime,Z06,ZIC,3409.5,684,290
15,multi_regime,Z07,ZIC,3360.05,655,381
15,multi_regime,Z08,ZIC,2819.9,650,318
15,multi_regime,Z09,ZIC,2987.25,679,305
15,multi_regime,S10,SHVR,-965.65,5327,-213
15,multi_regime,S11,SHVR,-4041.1,5344,-162
15,multi_regime,S12,SHVR,-1753.15,5319,-363
15,multi_regime,S13,SHVR,-5821.7,5340,-274
15,multi_regime,S14,SHVR,-6481.7,5326,-234
15,multi_regime,S15,SNPR,-1245.7,1198,-54
15,multi_regime,S16,SNPR,681.05,1173,41
15,multi_regime,S17,SNPR,-1311.25,1169,-125
15,multi_regime,S18,SNPR,-785.2,1180,-84
15,multi_regime,S19,SNPR,-1230.05,1159,-21
15,multi_regime,Z20,ZIP,5378.05,3965,-79
15,multi_regime,Z21,ZIP,4223.15,3959,3
15,multi_regime,Z22,ZIP,7596.7,3978,-66
15,multi_regime,Z23,ZIP,4944.35,4079,-153
15,multi_regime,Z24,ZIP,5138.2,3970,-56
15,multi_regime,P25,PRSH,3162.55,381,271
15,multi_regime,P26,PRSH,4537.15,3583,583
15,multi_regime,P27,PRSH,4111.65,423,313
15,multi_regime,P28,PRSH,2896.3,390,306
15,multi_regime,P29,PRSH,3513.55,387,271
15,multi_regime,C30,CUSTOM,1387.7,4370,-6
15,multi_regime,C31,CUSTOM,858.9,4414,-2
15,multi_regime,C32,CUSTOM,2094.4,4524,-12
15,multi_regime,C33,CUSTOM,3284.55,4427,-9
15,multi_regime,C34,CUSTOM,1825.0,4424,0
16,multi_regime,G00,GVWY,-15560.9,6134,-442
16,multi_regime,G01,GVWY,-16219.05,6089,-369
16,multi_regime,G02,GVWY,-11266.9,6034,-162
16,multi_regime,G03,GVWY,-12722.25,6137,-305
16,multi_regime,G04,GVWY,-12700.4,6076,-292
16,multi_regime,Z05,ZIC,6625.25,663,285
16,multi_regime,Z06,ZIC,9119.8,660,344
16,multi_regime,Z07,ZIC,8382.15,651,327
16,multi_regime,Z08,ZIC,6108.7,612,266
16,multi_regime,Z09,ZIC,7037.1,606,218
16,multi_regime,S10,SHVR,-12532.7,5256,-366
16,multi_regime,S11,SHVR,-10239.8,5272,-344
16,multi_regime,S12,SHVR,-12548.4,5312,-292
16,multi_regime,S13,SHVR,-5328.65,5235,-57
16,multi_regime,S14,SHVR,-8259.5,5252,-250
16,multi_regime,S15,SNPR,-1736.25,1167,-65
16,multi_regime,S16,SNPR,-576.25,1155,-25
16,multi_regime,S17,SNPR,-2534.15,1153,-67
16,multi_regime,S18,SNPR,-1340.55,1123,-39
16,multi_regime,S19,SNPR,-2718.0,1140,-100
16,multi_regime,Z20,ZIP,2703.2,3912,-104
16,multi_regime,Z21,ZIP,3928.3,3802,-46
16,multi_regime,Z22,ZIP,3214.0,4080,-80
16,multi_regime,Z23,ZIP,-75.55,4073,-259
16,multi_regime,Z24,ZIP,2494.8,4034,-136
16,multi_regime,P25,PRSH,10998.8,494,384
16,multi_regime,P26,PRSH,18589.15,875,687
16,multi_regime,P27,PRSH,8793.6,760,308
16,multi_regime,P28,PRSH,16249.15,1633,587
16,multi_regime,P29,PRSH,8271.3,356,274
16,multi_regime,C30,CUSTOM,1392.8,4508,4
16,multi_regime,C31,CUSTOM,3826.0,4398,0
16,multi_regime,C32,CUSTOM,2870.1,4388,-2
16,multi_regime,C33,CUSTOM,2896.4,4454,-8
16,multi_regime,C34,CUSTOM,1784.6,4404,-12
17,multi_regime,G00,GVWY,-7080.0,6157,-447
17,multi_regime,G01,GVWY,-9533.0,6152,-276
17,multi_regime,G02,GVWY,-7159.0,6123,-407
17,multi_regime,G03,GVWY,-9441.0,6142,-450
17,multi_regime,G04,GVWY,-7330.0,6126,-330
17,multi_regime,Z05,ZIC,2496.0,663,313
17,multi_regime,Z06,ZIC,2379.0,631,259
17,multi_regime,Z07,ZIC,2292.0,690,302
17,multi_regime,Z08,ZIC,2286.0,640,300
17,multi_regime,Z09,ZIC,2311.0,683,303
17,multi_regime,S10,SHVR,-4658.0,5274,-66
17,multi_regime,S11,SHVR,-4535.0,5324,-80
17,multi_regime,S12,SHVR,-5439.0,5338,-316
17,multi_regime,S13,SHVR,-6816.0,5286,-236
17,multi_regime,S14,SHVR,-4644.0,5313,-309
17,multi_regime,S15,SNPR,-1256.0,1177,-23
17,multi_regime,S16,SNPR,-512.0,1175,-61
17,multi_regime,S17,SNPR,-94.0,1191,-57
17,multi_regime,S18,SNPR,-450.0,1144,-94
17,multi_regime,S19,SNPR,64.0,1182,4
17,multi_regime,Z20,ZIP,3558.0,4062,-190
17,multi_regime,Z21,ZIP,7125.0,4148,-314
17,multi_regime,Z22,ZIP,5556.0,3998,-154
17,multi_regime,Z23,ZIP,5773.0,4039,-51
17,multi_regime,Z24,ZIP,5158.0,4011,-69
17,multi_regime,P25,PRSH,2187.0,442,264
17,multi_regime,P26,PRSH,2181.0,1596,590
17,multi_regime,P27,PRSH,4684.0,1285,483
17,multi_regime,P28,PRSH,2120.0,615,321
17,multi_regime,P29,PRSH,4012.0,2858,762
17,multi_regime,C30,CUSTOM,1092.0,4428,-32
17,multi_regime,C31,CUSTOM,2978.0,4353,-11
17,multi_regime,C32,CUSTOM,4745.0,4436,-22
17,multi_regime,C33,CUSTOM,3571.0,4372,0
17,multi_regime,C34,CUSTOM,3878.0,4379,-11
18,multi_regime,G00,GVWY,-10416.2,6200,-332
18,multi_regime,G01,GVWY,-8791.65,6133,-239
18,multi_regime,G02,GVWY,-8933.6,6170,-196
18,multi_regime,G03,GVWY,-10130.15,6175,-409
18,multi_regime,G04,GVWY,-8166.85,6217,-471
18,multi_regime,Z05,ZIC,3875.4,670,264
18,multi_regime,Z06,ZIC,3632.65,673,339
18,multi_regime,Z07,ZIC,2226.15,605,289
18,multi_regime,Z08,ZIC,2707.85,655,311
18,multi_regime,Z09,ZIC,3726.25,695,355
18,multi_regime,S10,SHVR,-4201.2,5344,-252
18,multi_regime,S11,SHVR,-5443.6,5394,-256
18,multi_regime,S12,SHVR,-5187.25,5377,-315
18,multi_regime,S13,SHVR,-6477.7,5322,-42
18,multi_regime,S14,SHVR,-5024.7,5350,-102
18,multi_regime,S15,SNPR,-1622.05,1187,-23
18,multi_regime,S16,SNPR,-1900.25,1195,-75
18,multi_regime,S17,SNPR,-16.85,1169,-31
18,multi_regime,S18,SNPR,-1414.8,1192,-128
18,multi_regime,S19,SNPR,-1260.2,1184,-52
18,multi_regime,Z20,ZIP,7765.8,3910,-72
18,multi_regime,Z21,ZIP,4979.25,4137,-225
18,multi_regime,Z22,ZIP,5180.7,4152,-178
18,multi_regime,Z23,ZIP,5810.1,4102,-234
18,multi_regime,Z24,ZIP,3999.3,4050,-102
18,multi_regime,P25,PRSH,5468.6,1064,476
18,multi_regime,P26,PRSH,5766.1,486,386
18,multi_regime,P27,PRSH,3616.85,463,251
18,multi_regime,P28,PRSH,-1109.2,4946,168
18,multi_regime,P29,PRSH,8857.7,2356,862
18,multi_regime,C30,CUSTOM,2786.25,4323,-25
18,multi_regime,C31,CUSTOM,2670.6,4488,-4
18,multi_regime,C32,CUSTOM,3432.55,4463,-27
18,multi_regime,C33,CUSTOM,2777.55,4455,-7
18,multi_regime,C34,CUSTOM,2339.0,4536,0
19,multi_regime,G00,GVWY,-13603.0,6060,-312
19,multi_regime,G01,GVWY,-15579.5,6098,-390
19,multi_regime,G02,GVWY,-12583.5,6126,-318
19,multi_regime,G03,GVWY,-19126.25,6101,-523
19,multi_regime,G04,GVWY,-14804.0,6046,-344
19,multi_regime,Z05,ZIC,7103.25,663,231
19,multi_regime,Z06,ZIC,8030.5,650,318
19,multi_regime,Z07,ZIC,7278.25,701,271
19,multi_regime,Z08,ZIC,8847.75,685,333
19,multi_regime,Z09,ZIC,8736.75,665,297
19,multi_regime,S10,SHVR,-5624.5,5234,-106
19,multi_regime,S11,SHVR,-7350.5,5250,-194
19,multi_regime,S12,SHVR,-8438.0,5310,-108
19,multi_regime,S13,SHVR,-12846.0,5292,-280
19,multi_regime,S14,SHVR,-6629.25,5229,-131
19,multi_regime,S15,SNPR,-2413.25,1141,-127
19,multi_regime,S16,SNPR,-2376.5,1158,-86
19,multi_regime,S17,SNPR,-177.0,1160,24
19,multi_regime,S18,SNPR,-3578.75,1159,-61
19,multi_regime,S19,SNPR,-2314.25,1163,-107
19,multi_regime,Z20,ZIP,4557.75,3943,-19
19,multi_regime,Z21,ZIP,-1261.25,4079,-267
19,multi_regime,Z22,ZIP,2679.0,4100,-120
19,multi_regime,Z23,ZIP,5582.75,3875,-19
19,multi_regime,Z24,ZIP,4799.75,4083,-171
19,multi_regime,P25,PRSH,9135.75,407,309
19,multi_regime,P26,PRSH,16521.25,649,547
19,multi_regime,P27,PRSH,8667.75,481,305
19,multi_regime,P28,PRSH,21068.5,988,682
19,multi_regime,P29,PRSH,7516.0,624,296
19,multi_regime,C30,CUSTOM,1671.0,4414,-8
19,multi_regime,C31,CUSTOM,2323.75,4417,-19
19,multi_regime,C32,CUSTOM,-217.0,4530,-16
19,multi_regime,C33,CUSTOM,1043.75,4467,-15
19,multi_regime,C34,CUSTOM,1271.25,4493,-13
20,multi_regime,G00,GVWY,-8112.0,6266,-366
20,multi_regime,G01,GVWY,-7567.5,6101,-259
20,multi_regime,G02,GVWY,-5834.0,6058,-292
20,multi_regime,G03,GVWY,-6732.5,6163,-337
20,multi_regime,G04,GVWY,-9385.5,6163,-419
20,multi_regime,Z05,ZIC,1296.0,656,288
20,multi_regime,Z06,ZIC,803.0,644,264
20,multi_regime,Z07,ZIC,1638.0,672,324
20,multi_regime,Z08,ZIC,2462.0,652,276
20,multi_regime,Z09,ZIC,2405.0,670,318
20,multi_regime,S10,SHVR,-3988.5,5263,-169
20,multi_regime,S11,SHVR,-1689.5,5287,-281
20,multi_regime,S12,SHVR,-4968.0,5328,-386
20,multi_regime,S13,SHVR,-2957.5,5281,-217
20,multi_regime,S14,SHVR,-4416.5,5301,-183
20,multi_regime,S15,SNPR,-1318.0,1138,20
20,multi_regime,S16,SNPR,-3032.0,1142,-32
20,multi_regime,S17,SNPR,-1196.5,1149,-101
20,multi_regime,S18,SNPR,-1327.0,1184,-32
20,multi_regime,S19,SNPR,-545.0,1180,-136
20,multi_regime,Z20,ZIP,5362.0,3980,-78
20,multi_regime,Z21,ZIP,4927.5,4175,-249
20,multi_regime,Z22,ZIP,7007.5,4033,-187
20,multi_regime,Z23,ZIP,5700.0,3964,-28
20,multi_regime,Z24,ZIP,3120.0,3908,142
20,multi_regime,P25,PRSH,6704.0,942,696
20,multi_regime,P26,PRSH,3125.0,904,362
20,multi_regime,P27,PRSH,1441.5,617,337
20,multi_regime,P28,PRSH,2383.0,392,276
20,multi_regime,P29,PRSH,2772.5,921,395
20,multi_regime,C30,CUSTOM,3551.5,4361,-27
20,multi_regime,C31,CUSTOM,2788.0,4520,-8
20,multi_regime,C32,CUSTOM,2558.5,4447,-21
20,multi_regime,C33,CUSTOM,1962.5,4457,-25
20,multi_regime,C34,CUSTOM,2202.5,4409,-21
21,multi_regime,G00,GVWY,2835.5,6074,-430
21,multi_regime,G01,GVWY,6160.5,6130,-330
21,multi_regime,G02,GVWY,-490.25,6131,-305
21,multi_regime,G03,GVWY,-3591.95,6037,-263
21,multi_regime,G04,GVWY,5614.1,6136,-426
21,multi_regime,Z05,ZIC,-5461.35,671,261
21,multi_regime,Z06,ZIC,-3982.35,645,241
21,multi_regime,Z07,ZIC,-7213.6,602,316
21,multi_regime,Z08,ZIC,-6480.15,657,309
21,multi_regime,Z09,ZIC,-4837.8,696,268
21,multi_regime,S10,SHVR,-151.05,5281,-197
21,multi_regime,S11,SHVR,5168.5,5284,-270
21,multi_regime,S12,SHVR,9167.7,5322,-502
21,multi_regime,S13,SHVR,2558.5,5250,-190
21,multi_regime,S14,SHVR,3554.65,5281,-239
21,multi_regime,S15,SNPR,21.9,1188,-34
21,multi_regime,S16,SNPR,1524.6,1156,-76
21,multi_regime,S17,SNPR,-1354.2,1178,52
21,multi_regime,S18,SNPR,1854.4,1176,-104
21,multi_regime,S19,SNPR,2223.85,1193,-111
21,multi_regime,Z20,ZIP,7718.7,3972,-82
21,multi_regime,Z21,ZIP,8231.85,3995,-111
21,multi_regime,Z22,ZIP,2832.55,3925,47
21,multi_regime,Z23,ZIP,5134.25,3865,-75
21,multi_regime,Z24,ZIP,6326.4,3936,-84
21,multi_regime,P25,PRSH,-8501.55,897,393
21,multi_regime,P26,PRSH,-7938.1,506,406
21,multi_regime,P27,PRSH,-15499.5,2968,670
21,multi_regime,P28,PRSH,-9203.1,654,526
21,multi_regime,P29,PRSH,-4395.25,387,255
21,multi_regime,C30,CUSTOM,2659.15,4425,-9
21,multi_regime,C31,CUSTOM,4410.95,4479,-37
21,multi_regime,C32,CUSTOM,-480.65,4469,-1
21,multi_regime,C33,CUSTOM,4442.4,4350,-4
21,multi_regime,C34,CUSTOM,2435.4,4438,-4
22,multi_regime,G00,GVWY,-14910.0,6240,-360
22,multi_regime,G01,GVWY,-11685.65,6181,-401
22,multi_regime,G02,GVWY,-11208.7,6230,-318
22,multi_regime,G03,GVWY,-13406.9,6216,-606
22,multi_regime,G04,GVWY,-13147.75,6183,-375
22,multi_regime,Z05,ZIC,6386.35,659,299
22,multi_regime,Z06,ZIC,6572.75,639,315
22,multi_regime,Z07,ZIC,6941.0,688,340
22,multi_regime,Z08,ZIC,5053.2,670,288
22,multi_regime,Z09,ZIC,6140.2,658,288
22,multi_regime,S10,SHVR,-8863.2,5430,-168
22,multi_regime,S11,SHVR,-9691.85,5401,-169
22,multi_regime,S12,SHVR,-6378.6,5382,-144
22,multi_regime,S13,SHVR,-8403.4,5426,-196
22,multi_regime,S14,SHVR,-7032.85,5357,-189
22,multi_regime,S15,SNPR,-3531.4,1178,-96
22,multi_regime,S16,SNPR,-580.45,1191,7
22,multi_regime,S17,SNPR,266.75,1191,-85
22,multi_regime,S18,SNPR,-2599.65,1179,-61
22,multi_regime,S19,SNPR,-976.05,1193,-57
22,multi_regime,Z20,ZIP,-591.6,4218,-504
22,multi_regime,Z21,ZIP,5683.6,3968,-36
22,multi_regime,Z22,ZIP,6580.65,3981,-79
22,multi_regime,Z23,ZIP,4477.95,4145,-17
22,multi_regime,Z24,ZIP,691.75,4133,-345
22,multi_regime,P25,PRSH,9417.35,1265,479
22,multi_regime,P26,PRSH,11218.55,1619,507
22,multi_regime,P27,PRSH,8465.3,4672,342
22,multi_regime,P28,PRSH,12567.7,1960,658
22,multi_regime,P29,PRSH,12438.2,3754,628
22,multi_regime,C30,CUSTOM,1214.8,4506,-28
22,multi_regime,C31,CUSTOM,-360.85,4431,-9
22,multi_regime,C32,CUSTOM,1073.05,4433,-43
22,multi_regime,C33,CUSTOM,4051.1,4572,-26
22,multi_regime,C34,CUSTOM,3659.4,4496,-4
23,multi_regime,G00,GVWY,1734.1,6142,-278
23,multi_regime,G01,GVWY,5417.1,6074,-418
23,multi_regime,G02,GVWY,256.95,6127,-351
23,multi_regime,G03,GVWY,689.85,6165,-353
23,multi_regime,G04,GVWY,3478.7,6202,-346
23,multi_regime,Z05,ZIC,-6191.9,608,262
23,multi_regime,Z06,ZIC,-6628.3,616,294
23,multi_regime,Z07,ZIC,-3898.5,586,210
23,multi_regime,Z08,ZIC,-6748.65,625,297
23,multi_regime,Z09,ZIC,-5723.55,657,279
23,multi_regime,S10,SHVR,2498.05,5317,-209
23,multi_regime,S11,SHVR,67.25,5345,-185
23,multi_regime,S12,SHVR,3532.4,5342,-272
23,multi_regime,S13,SHVR,7291.8,5372,-324
23,multi_regime,S14,SHVR,2922.75,5291,-255
23,multi_regime,S15,SNPR,445.35,1141,-43
23,multi_regime,S16,SNPR,-397.25,1167,5
23,multi_regime,S17,SNPR,1407.75,1153,-95
23,multi_regime,S18,SNPR,1608.45,1157,-81
23,multi_regime,S19,SNPR,-1103.1,1182,18
23,multi_regime,Z20,ZIP,2412.3,3868,46
23,multi_regime,Z21,ZIP,10304.7,3978,-126
23,multi_regime,Z22,ZIP,11804.65,4031,-237
23,multi_regime,Z23,ZIP,10779.75,4055,-215
23,multi_regime,Z24,ZIP,11523.75,3965,-135
23,multi_regime,P25,PRSH,-6866.85,581,313
23,multi_regime,P26,PRSH,-18261.85,2067,753
23,multi_regime,P27,PRSH,-8305.6,452,368
23,multi_regime,P28,PRSH,-7111.8,428,324
23,multi_regime,P29,PRSH,-15295.35,1905,663
23,multi_regime,C30,CUSTOM,1433.4,4450,-12
23,multi_regime,C31,CUSTOM,1273.9,4422,-2
23,multi_regime,C32,CUSTOM,4571.45,4477,-1
23,multi_regime,C33,CUSTOM,2765.2,4506,-16
23,multi_regime,C34,CUSTOM,3073.35,4495,-3
24,multi_regime,G00,GVWY,-2436.2,6148,-504
24,multi_regime,G01,GVWY,-5732.2,6121,-409
24,multi_regime,G02,GVWY,-5495.0,6115,-415
24,multi_regime,G03,GVWY,-2416.2,6071,-329
24,multi_regime,G04,GVWY,-2787.0,6089,-415
24,multi_regime,Z05,ZIC,-145.4,687,347
24,multi_regime,Z06,ZIC,-470.8,628,264
24,multi_regime,Z07,ZIC,-655.2,664,286
24,multi_regime,Z08,ZIC,-333.6,728,348
24,multi_regime,Z09,ZIC,-835.4,711,277
24,multi_regime,S10,SHVR,-1129.6,5260,-212
24,multi_regime,S11,SHVR,-300.2,5254,-224
24,multi_regime,S12,SHVR,-3084.6,5375,-157
24,multi_regime,S13,SHVR,-4832.4,5311,-203
24,multi_regime,S14,SHVR,-4643.8,5313,-251
24,multi_regime,S15,SNPR,-568.0,1170,-60
24,multi_regime,S16,SNPR,387.6,1178,-88
24,multi_regime,S17,SNPR,-2170.6,1168,-12
24,multi_regime,S18,SNPR,291.2,1163,-21
24,multi_regime,S19,SNPR,505.0,1152,-70
24,multi_regime,Z20,ZIP,6323.4,3972,-132
24,multi_regime,Z21,ZIP,6740.0,3989,-95
24,multi_regime,Z22,ZIP,5607.4,4098,-92
24,multi_regime,Z23,ZIP,4921.6,3877,-33
24,multi_regime,Z24,ZIP,6456.6,4086,-218
24,multi_regime,P25,PRSH,-2041.4,1758,622
24,multi_regime,P26,PRSH,1902.6,2996,492
24,multi_regime,P27,PRSH,1488.2,430,304
24,multi_regime,P28,PRSH,-473.2,1006,406
24,multi_regime,P29,PRSH,-281.2,1103,511
24,multi_regime,C30,CUSTOM,-124.8,4540,-6
24,multi_regime,C31,CUSTOM,1845.2,4425,-1
24,multi_regime,C32,CUSTOM,1698.2,4438,-6
24,multi_regime,C33,CUSTOM,3374.0,4461,-15
24,multi_regime,C34,CUSTOM,3069.0,4404,-10
25,multi_regime,G00,GVWY,-1795.15,6147,-531
25,multi_regime,G01,GVWY,-4849.1,6090,-354
25,multi_regime,G02,GVWY,-4875.8,6064,-312
25,multi_regime,G03,GVWY,-7489.7,6162,-218
25,multi_regime,G04,GVWY,-3851.95,6123,-363
25,multi_regime,Z05,ZIC,100.75,683,255
25,multi_regime,Z06,ZIC,-1775.05,629,323
25,multi_regime,Z07,ZIC,-898.7,716,302
25,multi_regime,Z08,ZIC,-903.95,639,277
25,multi_regime,Z09,ZIC,-1989.7,722,362
25,multi_regime,S10,SHVR,-2643.0,5238,-140
25,multi_regime,S11,SHVR,-1698.4,5330,-156
25,multi_regime,S12,SHVR,-3387.95,5317,-123
25,multi_regime,S13,SHVR,-430.3,5280,-262
25,multi_regime,S14,SHVR,-5081.8,5278,-112
25,multi_regime,S15,SNPR,877.8,1140,-68
25,multi_regime,S16,SNPR,155.05,1123,37
25,multi_regime,S17,SNPR,-218.15,1181,-71
25,multi_regime,S18,SNPR,-284.3,1186,-22
25,multi_regime,S19,SNPR,1937.1,1164,-106
25,multi_regime,Z20,ZIP,4182.5,3924,50
25,multi_regime,Z21,ZIP,9525.5,4146,-410
25,multi_regime,Z22,ZIP,6784.2,3978,-132
25,multi_regime,Z23,ZIP,9517.95,4207,-457
25,multi_regime,Z24,ZIP,3501.35,3995,-41
25,multi_regime,P25,PRSH,-1246.35,3169,581
25,multi_regime,P26,PRSH,-276.7,414,322
25,multi_regime,P27,PRSH,-13.0,392,280
25,multi_regime,P28,PRSH,-753.2,402,272
25,multi_regime,P29,PRSH,-2181.1,1086,866
25,multi_regime,C30,CUSTOM,2437.4,4444,-24
25,multi_regime,C31,CUSTOM,1390.2,4416,-12
25,multi_regime,C32,CUSTOM,1099.7,4426,-22
25,multi_regime,C33,CUSTOM,3134.35,4469,-21
25,multi_regime,C34,CUSTOM,3872.8,4468,-8
26,multi_regime,G00,GVWY,1094.5,6027,-377
26,multi_regime,G01,GVWY,4126.5,6087,-577
26,multi_regime,G02,GVWY,-5320.0,6162,-336
26,multi_regime,G03,GVWY,-1981.0,6166,-410
26,multi_regime,G04,GVWY,-3813.5,6109,-295
26,multi_regime,Z05,ZIC,-3415.0,680,324
26,multi_regime,Z06,ZIC,-2905.0,674,284
26,multi_regime,Z07,ZIC,-2853.0,706,316
26,multi_regime,Z08,ZIC,-2376.0,752,310
26,multi_regime,Z09,ZIC,-3175.5,643,315
26,multi_regime,S10,SHVR,919.5,5305,-181
26,multi_regime,S11,SHVR,-1402.5,5299,-159
26,multi_regime,S12,SHVR,-1295.5,5315,-123
26,multi_regime,S13,SHVR,1964.0,5210,-402
26,multi_regime,S14,SHVR,-1171.0,5276,-276
26,multi_regime,S15,SNPR,-563.0,1166,-88
26,multi_regime,S16,SNPR,76.5,1177,-71
26,multi_regime,S17,SNPR,-855.5,1133,-27
26,multi_regime,S18,SNPR,-374.5,1141,33
26,multi_regime,S19,SNPR,-52.5,1153,-23
26,multi_regime,Z20,ZIP,10289.0,4058,-184
26,multi_regime,Z21,ZIP,5067.5,3953,-39
26,multi_regime,Z22,ZIP,6316.5,3997,-37
26,multi_regime,Z23,ZIP,8823.0,3990,-74
26,multi_regime,Z24,ZIP,4516.0,3840,-4
26,multi_regime,P25,PRSH,-4110.5,1143,449
26,multi_regime,P26,PRSH,-2728.0,446,350
26,multi_regime,P27,PRSH,-5004.0,1374,604
26,multi_regime,P28,PRSH,-3500.5,587,329
26,multi_regime,P29,PRSH,-2645.5,709,317
26,multi_regime,C30,CUSTOM,3099.0,4406,4
26,multi_regime,C31,CUSTOM,994.5,4425,-11
26,multi_regime,C32,CUSTOM,1587.5,4341,-9
26,multi_regime,C33,CUSTOM,1336.5,4453,-1
26,multi_regime,C34,CUSTOM,2855.5,4379,-23
27,multi_regime,G00,GVWY,-5885.4,6172,-284
27,multi_regime,G01,GVWY,-8494.6,6058,-316
27,multi_regime,G02,GVWY,-5072.95,6127,-317
27,multi_regime,G03,GVWY,-4932.55,6079,-513
27,multi_regime,G04,GVWY,-4532.05,6107,-483
27,multi_regime,Z05,ZIC,1435.85,587,211
27,multi_regime,Z06,ZIC,130.9,606,334
27,multi_regime,Z07,ZIC,1710.45,659,307
27,multi_regime,Z08,ZIC,0.55,651,293
27,multi_regime,Z09,ZIC,1249.05,671,323
27,multi_regime,S10,SHVR,-1550.0,5368,-280
27,multi_regime,S11,SHVR,-4867.15,5277,-269
27,multi_regime,S12,SHVR,-5649.25,5241,-215
27,multi_regime,S13,SHVR,-406.6,5254,-336
27,multi_regime,S14,SHVR,-4405.85,5285,-171
27,multi_regime,S15,SNPR,1345.15,1181,-151
27,multi_regime,S16,SNPR,-341.15,1185,-69
27,multi_regime,S17,SNPR,-1018.85,1163,-71
27,multi_regime,S18,SNPR,-525.8,1164,-88
27,multi_regime,S19,SNPR,-870.7,1170,-2
27,multi_regime,Z20,ZIP,3642.55,3947,-67
27,multi_regime,Z21,ZIP,4388.45,4035,-113
27,multi_regime,Z22,ZIP,5798.8,4006,-32
27,multi_regime,Z23,ZIP,8414.75,4029,-435
27,multi_regime,Z24,ZIP,6046.7,3970,-98
27,multi_regime,P25,PRSH,3969.65,829,599
27,multi_regime,P26,PRSH,1025.1,494,326
27,multi_regime,P27,PRSH,1129.0,3268,700
27,multi_regime,P28,PRSH,3966.55,975,753
27,multi_regime,P29,PRSH,987.05,803,363
27,multi_regime,C30,CUSTOM,3.55,4475,-7
27,multi_regime,C31,CUSTOM,1248.0,4494,0
27,multi_regime,C32,CUSTOM,1558.55,4433,-7
27,multi_regime,C33,CUSTOM,595.0,4474,0
27,multi_regime,C34,CUSTOM,1600.5,4406,-10
28,multi_regime,G00,GVWY,-643.1,6136,-382
28,multi_regime,G01,GVWY,-2537.8,6078,-316
28,multi_regime,G02,GVWY,8978.2,6084,-656
28,multi_regime,G03,GVWY,2489.9,6088,-362
28,multi_regime,G04,GVWY,-1717.45,6083,-259
28,multi_regime,Z05,ZIC,-4951.6,702,268
28,multi_regime,Z06,ZIC,-3914.0,632,260
28,multi_regime,Z07,ZIC,-5842.4,672,312
28,multi_regime,Z08,ZIC,-5610.25,617,305
28,multi_regime,Z09,ZIC,-5995.9,616,302
28,multi_regime,S10,SHVR,-1225.9,5274,-178
28,multi_regime,S11,SHVR,1960.3,5270,-214
28,multi_regime,S12,SHVR,1997.85,5235,-313
28,multi_regime,S13,SHVR,1892.85,5265,-213
28,multi_regime,S14,SHVR,1435.05,5263,-169
28,multi_regime,S15,SNPR,136.9,1154,-42
28,multi_regime,S16,SNPR,682.8,1168,-44
28,multi_regime,S17,SNPR,2657.35,1137,-83
28,multi_regime,S18,SNPR,-322.25,1155,-35
28,multi_regime,S19,SNPR,-1547.85,1149,-7
28,multi_regime,Z20,ZIP,7928.45,4175,-161
28,multi_regime,Z21,ZIP,11339.4,4132,-252
28,multi_regime,Z22,ZIP,2510.4,3846,108
28,multi_regime,Z23,ZIP,15472.4,4018,-352
28,multi_regime,Z24,ZIP,12957.05,4087,-269
28,multi_regime,P25,PRSH,-13037.3,1510,734
28,multi_regime,P26,PRSH,-10726.7,820,666
28,multi_regime,P27,PRSH,-4861.7,386,286
28,multi_regime,P28,PRSH,-14170.05,2977,749
28,multi_regime,P29,PRSH,-4161.9,356,262
28,multi_regime,C30,CUSTOM,1958.25,4403,-5
28,multi_regime,C31,CUSTOM,2645.2,4530,-16
28,multi_regime,C32,CUSTOM,2568.7,4436,-6
28,multi_regime,C33,CUSTOM,3155.6,4400,-8
28,multi_regime,C34,CUSTOM,1800.05,4415,-9
29,multi_regime,G00,GVWY,-12966.25,6107,-353
29,multi_regime,G01,GVWY,-17190.25,6139,-329
29,multi_regime,G02,GVWY,-20494.75,6143,-515
29,multi_regime,G03,GVWY,-17742.25,6109,-453
29,multi_regime,G04,GVWY,-14872.0,6148,-316
29,multi_regime,Z05,ZIC,8560.25,669,317
29,multi_regime,Z06,ZIC,8183.0,664,284
29,multi_regime,Z07,ZIC,9288.75,711,335
29,multi_regime,Z08,ZIC,7651.5,714,302
29,multi_regime,Z09,ZIC,8802.0,672,292
29,multi_regime,S10,SHVR,-7922.75,5327,-99
29,multi_regime,S11,SHVR,-6915.75,5271,-219
29,multi_regime,S12,SHVR,-8084.75,5313,-91
29,multi_regime,S13,SHVR,-7577.25,5341,-165
29,multi_regime,S14,SHVR,-9967.25,5245,-353
29,multi_regime,S15,SNPR,-1461.0,1132,-88
29,multi_regime,S16,SNPR,-1599.75,1153,-3
29,multi_regime,S17,SNPR,-1703.5,1112,-30
29,multi_regime,S18,SNPR,-673.0,1154,-68
29,multi_regime,S19,SNPR,-285.5,1154,-22
29,multi_regime,Z20,ZIP,4082.75,4057,-29
29,multi_regime,Z21,ZIP,1097.5,4118,-202
29,multi_regime,Z22,ZIP,3665.25,4007,-91
29,multi_regime,Z23,ZIP,4333.5,3948,-34
29,multi_regime,Z24,ZIP,1645.25,3899,-207
29,multi_regime,P25,PRSH,12118.25,1019,393
29,multi_regime,P26,PRSH,18365.75,781,647
29,multi_regime,P27,PRSH,11453.25,883,425
29,multi_regime,P28,PRSH,8915.75,577,307
29,multi_regime,P29,PRSH,8551.75,421,283
29,multi_regime,C30,CUSTOM,1956.75,4401,-1
29,multi_regime,C31,CUSTOM,1555.5,4454,-22
29,multi_regime,C32,CUSTOM,2920.75,4399,-9
29,multi_regime,C33,CUSTOM,1159.0,4356,-28
29,multi_regime,C34,CUSTOM,2213.25,4441,-27
30,multi_regime,G00,GVWY,-11671.0,6114,-88
30,multi_regime,G01,GVWY,-14593.0,6157,-179
30,multi_regime,G02,GVWY,-27624.0,6123,-585
30,multi_regime,G03,GVWY,-23720.0,6140,-410
30,multi_regime,G04,GVWY,-21583.0,6086,-334
30,multi_regime,Z05,ZIC,12228.0,660,278
30,multi_regime,Z06,ZIC,13622.0,726,312
30,multi_regime,Z07,ZIC,12557.0,634,302
30,multi_regime,Z08,ZIC,14279.0,653,335
30,multi_regime,Z09,ZIC,12047.0,657,311
30,multi_regime,S10,SHVR,-7840.0,5315,-59
30,multi_regime,S11,SHVR,-9134.0,5246,-188
30,multi_regime,S12,SHVR,-4826.0,5288,-26
30,multi_regime,S13,SHVR,-7524.0,5315,-137
30,multi_regime,S14,SHVR,-17842.0,5337,-499
30,multi_regime,S15,SNPR,-2594.0,1167,-39
30,multi_regime,S16,SNPR,1399.0,1164,54
30,multi_regime,S17,SNPR,-338.0,1176,-6
30,multi_regime,S18,SNPR,-2582.0,1187,-35
30,multi_regime,S19,SNPR,-3097.0,1160,-72
30,multi_regime,Z20,ZIP,4500.0,4010,-44
30,multi_regime,Z21,ZIP,-8110.0,4214,-426
30,multi_regime,Z22,ZIP,-4622.0,4088,-298
30,multi_regime,Z23,ZIP,6870.0,3864,34
30,multi_regime,Z24,ZIP,2991.0,4032,6
30,multi_regime,P25,PRSH,11868.0,429,281
30,multi_regime,P26,PRSH,12517.0,383,293
30,multi_regime,P27,PRSH,19142.0,970,466
30,multi_regime,P28,PRSH,13930.0,685,329
30,multi_regime,P29,PRSH,13260.0,620,330
30,multi_regime,C30,CUSTOM,4830.0,4461,-1
30,multi_regime,C31,CUSTOM,3148.0,4394,0
30,multi_regime,C32,CUSTOM,2236.0,4380,-10
30,multi_regime,C33,CUSTOM,2106.0,4363,-1
30,multi_regime,C34,CUSTOM,2338.0,4425,-1
31,multi_regime,G00,GVWY,-1617.1,6086,-302
31,multi_regime,G01,GVWY,6497.45,6069,-451
31,multi_regime,G02,GVWY,2406.0,6092,-380
31,multi_regime,G03,GVWY,5445.15,6097,-397
31,multi_regime,G04,GVWY,10052.45,6081,-551
31,multi_regime,Z05,ZIC,-7148.05,681,319
31,multi_regime,Z06,ZIC,-5944.0,648,300
31,multi_regime,Z07,ZIC,-7555.4,680,312
31,multi_regime,Z08,ZIC,-4940.2,650,276
31,multi_regime,Z09,ZIC,-6992.55,673,309
31,multi_regime,S10,SHVR,3471.35,5259,-233
31,multi_regime,S11,SHVR,-981.05,5241,-121
31,multi_regime,S12,SHVR,3327.05,5239,-239
31,multi_regime,S13,SHVR,5471.95,5223,-381
31,multi_regime,S14,SHVR,3060.7,5236,-246
31,multi_regime,S15,SNPR,1454.75,1161,-85
31,multi_regime,S16,SNPR,-2119.05,1177,19
31,multi_regime,S17,SNPR,1775.55,1151,-89
31,multi_regime,S18,SNPR,-423.05,1153,-21
31,multi_regime,S19,SNPR,-372.9,1164,-18
31,multi_regime,Z20,ZIP,6567.25,3961,-15
31,multi_regime,Z21,ZIP,4562.6,3952,-68
31,multi_regime,Z22,ZIP,2623.5,3922,50
31,multi_regime,Z23,ZIP,12361.2,4004,-216
31,multi_regime,Z24,ZIP,19304.1,4154,-418
31,multi_regime,P25,PRSH,-11290.0,640,520
31,multi_regime,P26,PRSH,-6515.15,565,317
31,multi_regime,P27,PRSH,-11689.65,1499,567
31,multi_regime,P28,PRSH,-6742.4,412,332
31,multi_regime,P29,PRSH,-19628.25,1117,875
31,multi_regime,C30,CUSTOM,2884.2,4350,-16
31,multi_regime,C31,CUSTOM,2650.4,4380,-32
31,multi_regime,C32,CUSTOM,1093.05,4419,1
31,multi_regime,C33,CUSTOM,1146.85,4457,-3
31,multi_regime,C34,CUSTOM,2640.75,4459,-25
32,multi_regime,G00,GVWY,-7604.0,6064,-570
32,multi_regime,G01,GVWY,-6617.8,6188,-402
32,multi_regime,G02,GVWY,-7403.1,6121,-409
32,multi_regime,G03,GVWY,-7978.9,6073,-521
32,multi_regime,G04,GVWY,-8305.4,6152,-386
32,multi_regime,Z05,ZIC,2361.8,672,312
32,multi_regime,Z06,ZIC,1502.1,653,279
32,multi_regime,Z07,ZIC,1057.5,619,275
32,multi_regime,Z08,ZIC,2527.8,656,292
32,multi_regime,Z09,ZIC,3529.1,655,269
32,multi_regime,S10,SHVR,-6372.2,5326,-308
32,multi_regime,S11,SHVR,-2948.8,5312,-292
32,multi_regime,S12,SHVR,-1005.7,5341,-223
32,multi_regime,S13,SHVR,-6885.0,5288,-120
32,multi_regime,S14,SHVR,-5563.9,5339,-51
32,multi_regime,S15,SNPR,-1398.3,1177,-87
32,multi_regime,S16,SNPR,-889.7,1171,-143
32,multi_regime,S17,SNPR,127.3,1167,-103
32,multi_regime,S18,SNPR,-1087.6,1200,-24
32,multi_regime,S19,SNPR,36.4,1162,-104
32,multi_regime,Z20,ZIP,6582.8,4110,-188
32,multi_regime,Z21,ZIP,4501.7,4019,-227
32,multi_regime,Z22,ZIP,6493.4,3818,-134
32,multi_regime,Z23,ZIP,6860.7,3957,-227
32,multi_regime,Z24,ZIP,3840.5,4089,-65
32,multi_regime,P25,PRSH,3886.0,1612,620
32,multi_regime,P26,PRSH,3097.3,445,347
32,multi_regime,P27,PRSH,6751.3,2277,797
32,multi_regime,P28,PRSH,4279.1,1563,599
32,multi_regime,P29,PRSH,1727.0,2956,740
32,multi_regime,C30,CUSTOM,903.0,4534,0
32,multi_regime,C31,CUSTOM,2098.0,4396,-10
32,multi_regime,C32,CUSTOM,1549.6,4356,-16
32,multi_regime,C33,CUSTOM,2271.3,4405,-13
32,multi_regime,C34,CUSTOM,-393.7,4425,-13
33,multi_regime,G00,GVWY,-14538.65,6163,-399
33,multi_regime,G01,GVWY,-12036.65,6131,-639
33,multi_regime,G02,GVWY,-9141.45,6155,-407
33,multi_regime,G03,GVWY,-12449.4,6192,-424
33,multi_regime,G04,GVWY,-11751.25,6145,-295
33,multi_regime,Z05,ZIC,4576.75,655,285
33,multi_regime,Z06,ZIC,5183.65,647,319
33,multi_regime,Z07,ZIC,4849.7,702,302
33,multi_regime,Z08,ZIC,5269.45,653,267
33,multi_regime,Z09,ZIC,4682.5,610,350
33,multi_regime,S10,SHVR,-5246.25,5251,-235
33,multi_regime,S11,SHVR,-9051.2,5390,-352
33,multi_regime,S12,SHVR,-5182.75,5431,-145
33,multi_regime,S13,SHVR,-6245.6,5376,-216
33,multi_regime,S14,SHVR,-7358.15,5315,-309
33,multi_regime,S15,SNPR,-638.2,1178,-72
33,multi_regime,S16,SNPR,-843.8,1174,12
33,multi_regime,S17,SNPR,-1869.2,1172,-112
33,multi_regime,S18,SNPR,-1050.25,1183,-15
33,multi_regime,S19,SNPR,-366.45,1157,13
33,multi_regime,Z20,ZIP,5277.0,3994,-140
33,multi_regime,Z21,ZIP,4747.45,3945,27
33,multi_regime,Z22,ZIP,5047.8,3824,-92
33,multi_regime,Z23,ZIP,5295.2,3954,-168
33,multi_regime,Z24,ZIP,4156.25,4081,-125
33,multi_regime,P25,PRSH,9781.7,1956,642
33,multi_regime,P26,PRSH,7463.75,967,365
33,multi_regime,P27,PRSH,6686.4,666,404
33,multi_regime,P28,PRSH,5599.85,815,311
33,multi_regime,P29,PRSH,11570.05,2065,743
33,multi_regime,C30,CUSTOM,1832.65,4455,-1
33,multi_regime,C31,CUSTOM,-159.3,4386,-18
33,multi_regime,C32,CUSTOM,3400.55,4399,-7
33,multi_regime,C33,CUSTOM,1181.75,4539,-15
33,multi_regime,C34,CUSTOM,1170.75,4469,-15
34,multi_regime,G00,GVWY,1084.75,6091,-285
34,multi_regime,G01,GVWY,6576.75,6145,-469
34,multi_regime,G02,GVWY,1780.75,6107,-421
34,multi_regime,G03,GVWY,6172.25,6151,-539
34,multi_regime,G04,GVWY,5881.25,6087,-443
34,multi_regime,Z05,ZIC,-5035.25,603,267
34,multi_regime,Z06,ZIC,-5693.0,632,292
34,multi_regime,Z07,ZIC,-4773.25,649,251
34,multi_regime,Z08,ZIC,-4060.0,694,236
34,multi_regime,Z09,ZIC,-3838.75,603,257
34,multi_regime,S10,SHVR,2692.25,5317,-267
34,multi_regime,S11,SHVR,2783.5,5316,-186
34,multi_regime,S12,SHVR,3351.25,5341,-263
34,multi_regime,S13,SHVR,-397.0,5280,-208
34,multi_regime,S14,SHVR,4557.0,5356,-260
34,multi_regime,S15,SNPR,943.5,1182,-70
34,multi_regime,S16,SNPR,1568.0,1156,-84
34,multi_regime,S17,SNPR,2277.5,1168,-106
34,multi_regime,S18,SNPR,2107.75,1155,-113
34,multi_regime,S19,SNPR,1097.0,1154,-56
34,multi_regime,Z20,ZIP,9562.75,4059,-197
34,multi_regime,Z21,ZIP,11813.25,4025,-179
34,multi_regime,Z22,ZIP,6769.25,4065,-131
34,multi_regime,Z23,ZIP,5810.0,3926,-44
34,multi_regime,Z24,ZIP,2855.25,3957,93
34,multi_regime,P25,PRSH,-9194.5,1108,494
34,multi_regime,P26,PRSH,-15357.25,1335,879
34,multi_regime,P27,PRSH,-4149.75,5407,-23
34,multi_regime,P28,PRSH,-15459.5,1340,886
34,multi_regime,P29,PRSH,-12099.0,1760,604
34,multi_regime,C30,CUSTOM,2508.5,4424,-26
34,multi_regime,C31,CUSTOM,1088.75,4453,-9
34,multi_regime,C32,CUSTOM,1664.0,4410,-12
34,multi_regime,C33,CUSTOM,-1242.75,4465,1
34,multi_regime,C34,CUSTOM,1558.25,4437,-23
35,multi_regime,G00,GVWY,-10060.2,6124,-224
35,multi_regime,G01,GVWY,-8193.1,6103,-417
35,multi_regime,G02,GVWY,-3803.2,6110,-484
35,multi_regime,G03,GVWY,-4919.8,6140,-266
35,multi_regime,G04,GVWY,-6478.0,6154,-290
35,multi_regime,Z05,ZIC,-318.7,699,401
35,multi_regime,Z06,ZIC,899.0,694,280
35,multi_regime,Z07,ZIC,912.7,637,329
35,multi_regime,Z08,ZIC,1559.8,600,276
35,multi_regime,Z09,ZIC,1149.7,689,289
35,multi_regime,S10,SHVR,-3877.1,5285,-277
35,multi_regime,S11,SHVR,-3003.0,5298,-180
35,multi_regime,S12,SHVR,306.4,5250,-172
35,multi_regime,S13,SHVR,-4130.1,5295,-257
35,multi_regime,S14,SHVR,642.0,5296,-150
35,multi_regime,S15,SNPR,-1381.5,1155,-55
35,multi_regime,S16,SNPR,-2277.3,1191,-21
35,multi_regime,S17,SNPR,-675.0,1138,-30
35,multi_regime,S18,SNPR,-987.2,1154,-94
35,multi_regime,S19,SNPR,-252.3,1159,-21
35,multi_regime,Z20,ZIP,5376.8,4098,-234
35,multi_regime,Z21,ZIP,4165.9,3885,13
35,multi_regime,Z22,ZIP,8197.2,4068,-236
35,multi_regime,Z23,ZIP,3952.6,4096,-128
35,multi_regime,Z24,ZIP,3841.0,3974,-110
35,multi_regime,P25,PRSH,645.2,442,254
35,multi_regime,P26,PRSH,989.7,923,439
35,multi_regime,P27,PRSH,2245.1,481,337
35,multi_regime,P28,PRSH,992.3,589,291
35,multi_regime,P29,PRSH,3837.7,2977,739
35,multi_regime,C30,CUSTOM,2203.7,4433,-31
35,multi_regime,C31,CUSTOM,1086.5,4431,-5
35,multi_regime,C32,CUSTOM,4306.4,4340,-12
35,multi_regime,C33,CUSTOM,2198.8,4382,-4
35,multi_regime,C34,CUSTOM,2824.9,4381,-7
36,multi_regime,G00,GVWY,-15220.75,6045,-207
36,multi_regime,G01,GVWY,-16104.5,6078,-350
36,multi_regime,G02,GVWY,-21323.5,6146,-458
36,multi_regime,G03,GVWY,-17232.5,6156,-286
36,multi_regime,G04,GVWY,-19640.75,6137,-367
36,multi_regime,Z05,ZIC,10153.75,615,279
36,multi_regime,Z06,ZIC,10477.25,621,261
36,multi_regime,Z07,ZIC,12454.75,667,339
36,multi_regime,Z08,ZIC,9165.0,634,252
36,multi_regime,Z09,ZIC,10642.5,642,274
36,multi_regime,S10,SHVR,-14074.0,5272,-376
36,multi_regime,S11,SHVR,-9042.5,5272,-198
36,multi_regime,S12,SHVR,-11921.0,5360,-284
36,multi_regime,S13,SHVR,-7202.75,5307,-115
36,multi_regime,S14,SHVR,-7650.5,5242,-154
36,multi_regime,S15,SNPR,-4232.75,1141,-87
36,multi_regime,S16,SNPR,-2749.0,1148,-96
36,multi_regime,S17,SNPR,-3339.75,1149,-83
36,multi_regime,S18,SNPR,-1951.5,1160,-46
36,multi_regime,S19,SNPR,-1450.5,1148,-10
36,multi_regime,Z20,ZIP,-970.25,4003,-269
36,multi_regime,Z21,ZIP,4027.75,4025,-89
36,multi_regime,Z22,ZIP,1730.25,4027,-115
36,multi_regime,Z23,ZIP,654.0,3986,-120
36,multi_regime,Z24,ZIP,3545.0,4016,-28
36,multi_regime,P25,PRSH,25746.25,1695,785
36,multi_regime,P26,PRSH,23547.0,1988,680
36,multi_regime,P27,PRSH,10612.0,366,284
36,multi_regime,P28,PRSH,9587.75,353,255
36,multi_regime,P29,PRSH,9681.5,336,250
36,multi_regime,C30,CUSTOM,3445.0,4424,-4
36,multi_regime,C31,CUSTOM,566.5,4432,-6
36,multi_regime,C32,CUSTOM,3355.75,4369,7
36,multi_regime,C33,CUSTOM,1135.75,4501,-5
36,multi_regime,C34,CUSTOM,2350.75,4423,-1
37,multi_regime,G00,GVWY,-3499.75,6113,-299
37,multi_regime,G01,GVWY,-1922.25,6083,-381
37,multi_regime,G02,GVWY,-691.5,6120,-382
37,multi_regime,G03,GVWY,3364.5,6082,-514
37,multi_regime,G04,GVWY,1128.75,6117,-325
37,multi_regime,Z05,ZIC,-3390.5,644,290
37,multi_regime,Z06,ZIC,-3484.0,658,228
37,multi_regime,Z07,ZIC,-2127.0,678,240
37,multi_regime,Z08,ZIC,-3001.0,634,292
37,multi_regime,Z09,ZIC,-3460.5,682,298
37,multi_regime,S10,SHVR,-3079.5,5258,-138
37,multi_regime,S11,SHVR,531.75,5261,-189
37,multi_regime,S12,SHVR,2897.25,5317,-251
37,multi_regime,S13,SHVR,250.5,5302,-250
37,multi_regime,S14,SHVR,763.0,5374,-312
37,multi_regime,S15,SNPR,-842.25,1169,-17
37,multi_regime,S16,SNPR,4.0,1152,-28
37,multi_regime,S17,SNPR,1272.75,1143,-101
37,multi_regime,S18,SNPR,465.75,1189,-109
37,multi_regime,S19,SNPR,3542.25,1159,-159
37,multi_regime,Z20,ZIP,2858.5,4042,-94
37,multi_regime,Z21,ZIP,8054.0,4062,-280
37,multi_regime,Z22,ZIP,10272.25,4149,-239
37,multi_regime,Z23,ZIP,6062.0,3888,-136
37,multi_regime,Z24,ZIP,4292.25,3965,53
37,multi_regime,P25,PRSH,-7801.75,1309,725
37,multi_regime,P26,PRSH,-5214.75,1101,629
37,multi_regime,P27,PRSH,-5607.0,3758,352
37,multi_regime,P28,PRSH,-3775.0,730,324
37,multi_regime,P29,PRSH,-4595.75,2369,737
37,multi_regime,C30,CUSTOM,3022.5,4418,2
37,multi_regime,C31,CUSTOM,1598.0,4504,-12
37,multi_regime,C32,CUSTOM,1439.25,4467,-23
37,multi_regime,C33,CUSTOM,3250.25,4389,-15
37,multi_regime,C34,CUSTOM,889.25,4489,-15
38,multi_regime,G00,GVWY,-10051.0,6144,-392
38,multi_regime,G01,GVWY,-7070.0,6101,-301
38,multi_regime,G02,GVWY,-2133.0,6154,-450
38,multi_regime,G03,GVWY,-7553.0,6116,-370
38,multi_regime,G04,GVWY,-8828.0,6107,-453
38,multi_regime,Z05,ZIC,1610.0,719,325
38,multi_regime,Z06,ZIC,1496.0,640,294
38,multi_regime,Z07,ZIC,1053.0,629,261
38,multi_regime,Z08,ZIC,1658.0,632,270
38,multi_regime,Z09,ZIC,1728.0,652,316
38,multi_regime,S10,SHVR,-4207.0,5290,-312
38,multi_regime,S11,SHVR,-3166.0,5348,-226
38,multi_regime,S12,SHVR,-5202.0,5305,-117
38,multi_regime,S13,SHVR,-1019.0,5259,-215
38,multi_regime,S14,SHVR,-5477.0,5387,-117
38,multi_regime,S15,SNPR,-299.0,1172,-100
38,multi_regime,S16,SNPR,-1728.0,1169,-35
38,multi_regime,S17,SNPR,-1045.0,1189,-51
38,multi_regime,S18,SNPR,-1901.0,1162,-22
38,multi_regime,S19,SNPR,-1076.0,1157,-61
38,multi_regime,Z20,ZIP,6300.0,4126,-94
38,multi_regime,Z21,ZIP,4127.0,3980,-12
38,multi_regime,Z22,ZIP,7864.0,4162,-532
38,multi_regime,Z23,ZIP,6004.0,3910,-14
38,multi_regime,Z24,ZIP,6421.0,4154,-46
38,multi_regime,P25,PRSH,5567.0,2775,817
38,multi_regime,P26,PRSH,1344.0,705,363
38,multi_regime,P27,PRSH,1478.0,3681,409
38,multi_regime,P28,PRSH,2168.0,499,283
38,multi_regime,P29,PRSH,2275.0,1102,464
38,multi_regime,C30,CUSTOM,2494.0,4397,-13
38,multi_regime,C31,CUSTOM,2347.0,4421,1
38,multi_regime,C32,CUSTOM,3636.0,4428,0
38,multi_regime,C33,CUSTOM,2318.0,4442,-38
38,multi_regime,C34,CUSTOM,1396.0,4554,-18
39,multi_regime,G00,GVWY,4649.0,6169,-413
39,multi_regime,G01,GVWY,7310.0,6185,-711
39,multi_regime,G02,GVWY,349.0,6123,-387
39,multi_regime,G03,GVWY,7441.0,6192,-538
39,multi_regime,G04,GVWY,2628.0,6132,-418
39,multi_regime,Z05,ZIC,-5627.0,699,315
39,multi_regime,Z06,ZIC,-5323.0,666,320
39,multi_regime,Z07,ZIC,-5378.0,689,243
39,multi_regime,Z08,ZIC,-6104.0,694,312
39,multi_regime,Z09,ZIC,-4831.0,715,275
39,multi_regime,S10,SHVR,5193.0,5423,-323
39,multi_regime,S11,SHVR,719.0,5411,-139
39,multi_regime,S12,SHVR,-2329.0,5325,-65
39,multi_regime,S13,SHVR,3779.0,5314,-192
39,multi_regime,S14,SHVR,4383.0,5269,-229
39,multi_regime,S15,SNPR,-1163.0,1162,14
39,multi_regime,S16,SNPR,2656.0,1195,-89
39,multi_regime,S17,SNPR,-1528.0,1169,5
39,multi_regime,S18,SNPR,-1166.0,1157,13
39,multi_regime,S19,SNPR,521.0,1169,-29
39,multi_regime,Z20,ZIP,6007.0,3985,-53
39,multi_regime,Z21,ZIP,4256.0,3998,-10
39,multi_regime,Z22,ZIP,12618.0,4088,-314
39,multi_regime,Z23,ZIP,10592.0,3841,-155
39,multi_regime,Z24,ZIP,6600.0,3863,-71
39,multi_regime,P25,PRSH,-10870.0,3015,581
39,multi_regime,P26,PRSH,-4043.0,369,245
39,multi_regime,P27,PRSH,-12816.0,2343,665
39,multi_regime,P28,PRSH,-8361.0,1848,530
39,multi_regime,P29,PRSH,-9648.0,1422,554
39,multi_regime,C30,CUSTOM,1203.0,4544,-12
39,multi_regime,C31,CUSTOM,541.0,4356,0
39,multi_regime,C32,CUSTOM,80.0,4452,-26
39,multi_regime,C33,CUSTOM,3056.0,4421,-33
39,multi_regime,C34,CUSTOM,354.0,4462,-28
40,multi_regime,G00,GVWY,-3721.5,6094,-490
40,multi_regime,G01,GVWY,-8009.1,6134,-454
40,multi_regime,G02,GVWY,-7360.55,6097,-507
40,multi_regime,G03,GVWY,-10690.0,6132,-260
40,multi_regime,G04,GVWY,-7996.15,6145,-371
40,multi_regime,Z05,ZIC,1799.7,686,318
40,multi_regime,Z06,ZIC,3079.1,662,294
40,multi_regime,Z07,ZIC,3455.95,629,283
40,multi_regime,Z08,ZIC,2113.2,704,288
40,multi_regime,Z09,ZIC,1787.35,655,279
40,multi_regime,S10,SHVR,-5262.7,5324,-238
40,multi_regime,S11,SHVR,-6159.15,5341,-171
40,multi_regime,S12,SHVR,-4140.45,5391,-193
40,multi_regime,S13,SHVR,-5076.3,5232,-182
40,multi_regime,S14,SHVR,-4652.55,5291,-147
40,multi_regime,S15,SNPR,-1233.9,1166,-66
40,multi_regime,S16,SNPR,38.95,1191,-17
40,multi_regime,S17,SNPR,-1818.0,1184,-60
40,multi_regime,S18,SNPR,199.25,1161,-115
40,multi_regime,S19,SNPR,-1549.3,1202,-62
40,multi_regime,Z20,ZIP,5390.1,3962,-46
40,multi_regime,Z21,ZIP,4333.3,3902,-158
40,multi_regime,Z22,ZIP,7084.35,4087,-501
40,multi_regime,Z23,ZIP,6310.3,3952,-78
40,multi_regime,Z24,ZIP,5539.05,4083,97
40,multi_regime,P25,PRSH,3140.25,397,225
40,multi_regime,P26,PRSH,4856.35,3111,659
40,multi_regime,P27,PRSH,3982.65,2797,801
40,multi_regime,P28,PRSH,3340.35,1177,559
40,multi_regime,P29,PRSH,3059.15,573,291
40,multi_regime,C30,CUSTOM,564.0,4430,0
40,multi_regime,C31,CUSTOM,2730.5,4462,-30
40,multi_regime,C32,CUSTOM,1087.4,4468,-4
40,multi_regime,C33,CUSTOM,2372.35,4421,-21
40,multi_regime,C34,CUSTOM,1532.9,4430,-14
41,multi_regime,G00,GVWY,-8874.6,6114,-366
41,multi_regime,G01,GVWY,-5476.8,6160,-588
41,multi_regime,G02,GVWY,-5651.8,6066,-218
41,multi_regime,G03,GVWY,-10079.2,6124,-352
41,multi_regime,G04,GVWY,-5591.2,6138,-292
41,multi_regime,Z05,ZIC,2390.5,691,325
41,multi_regime,Z06,ZIC,-109.0,662,310
41,multi_regime,Z07,ZIC,1242.1,685,291
41,multi_regime,Z08,ZIC,1289.8,678,308
41,multi_regime,Z09,ZIC,811.4,648,344
41,multi_regime,S10,SHVR,-4960.3,5227,-43
41,multi_regime,S11,SHVR,-4943.8,5258,-188
41,multi_regime,S12,SHVR,-3173.5,5291,-145
41,multi_regime,S13,SHVR,-5219.4,5314,-154
41,multi_regime,S14,SHVR,189.2,5240,-208
41,multi_regime,S15,SNPR,-895.1,1111,-1
41,multi_regime,S16,SNPR,-2062.2,1136,-32
41,multi_regime,S17,SNPR,615.5,1149,-85
41,multi_regime,S18,SNPR,-21.1,1167,-91
41,multi_regime,S19,SNPR,349.4,1146,-146
41,multi_regime,Z20,ZIP,7001.7,3851,-73
41,multi_regime,Z21,ZIP,9172.6,4136,-364
41,multi_regime,Z22,ZIP,5116.3,3919,-147
41,multi_regime,Z23,ZIP,6059.9,4021,-281
41,multi_regime,Z24,ZIP,7284.6,3850,-104
41,multi_regime,P25,PRSH,1648.0,362,240
41,multi_regime,P26,PRSH,1005.6,2318,686
41,multi_regime,P27,PRSH,3357.5,2051,605
41,multi_regime,P28,PRSH,733.3,373,293
41,multi_regime,P29,PRSH,2031.6,480,376
41,multi_regime,C30,CUSTOM,1900.6,4450,-14
41,multi_regime,C31,CUSTOM,1518.4,4454,-16
41,multi_regime,C32,CUSTOM,2918.4,4404,-16
41,multi_regime,C33,CUSTOM,1920.9,4387,-11
41,multi_regime,C34,CUSTOM,111.2,4438,-18
42,multi_regime,G00,GVWY,-22796.6,6126,-668
42,multi_regime,G01,GVWY,-17706.4,6118,-442
42,multi_regime,G02,GVWY,-17456.4,6144,-462
42,multi_regime,G03,GVWY,-14358.8,6140,-424
42,multi_regime,G04,GVWY,-22835.1,6119,-413
42,multi_regime,Z05,ZIC,8424.0,702,310
42,multi_regime,Z06,ZIC,8236.4,652,252
42,multi_regime,Z07,ZIC,9574.8,688,334
42,multi_regime,Z08,ZIC,7494.8,730,294
42,multi_regime,Z09,ZIC,7992.5,673,265
42,multi_regime,S10,SHVR,-2359.5,5369,-35
42,multi_regime,S11,SHVR,-11438.9,5339,-367
42,multi_regime,S12,SHVR,-10096.0,5312,-370
42,multi_regime,S13,SHVR,-7240.4,5278,-252
42,multi_regime,S14,SHVR,-7732.6,5374,-288
42,multi_regime,S15,SNPR,-1069.1,1189,27
42,multi_regime,S16,SNPR,-2310.7,1169,-31
42,multi_regime,S17,SNPR,-3724.5,1155,-55
42,multi_regime,S18,SNPR,-2152.1,1167,-33
42,multi_regime,S19,SNPR,-969.8,1176,-34
42,multi_regime,Z20,ZIP,-1655.9,4087,-447
42,multi_regime,Z21,ZIP,896.5,4021,-175
42,multi_regime,Z22,ZIP,5476.8,3962,4
42,multi_regime,Z23,ZIP,1351.5,4029,-45
42,multi_regime,Z24,ZIP,476.5,4023,-85
42,multi_regime,P25,PRSH,15678.5,3269,545
42,multi_regime,P26,PRSH,13738.4,1392,512
42,multi_regime,P27,PRSH,21624.6,2864,738
42,multi_regime,P28,PRSH,10049.4,438,332
42,multi_regime,P29,PRSH,27094.8,1708,954
42,multi_regime,C30,CUSTOM,1709.2,4428,-4
42,multi_regime,C31,CUSTOM,1301.3,4375,-31
42,multi_regime,C32,CUSTOM,2534.9,4461,-23
42,multi_regime,C33,CUSTOM,222.3,4445,-21
42,multi_regime,C34,CUSTOM,1211.9,4471,-3
43,multi_regime,G00,GVWY,-12732.8,6178,-486
43,multi_regime,G01,GVWY,-11299.8,6162,-476
43,multi_regime,G02,GVWY,-9996.4,6112,-398
43,multi_regime,G03,GVWY,-11795.4,6130,-288
43,multi_regime,G04,GVWY,-8950.6,6103,-507
43,multi_regime,Z05,ZIC,4636.6,642,252
43,multi_regime,Z06,ZIC,5992.2,705,319
43,multi_regime,Z07,ZIC,6428.0,658,310
43,multi_regime,Z08,ZIC,6069.6,670,302
43,multi_regime,Z09,ZIC,5429.2,685,319
43,multi_regime,S10,SHVR,-3669.4,5307,-33
43,multi_regime,S11,SHVR,-9911.8,5320,-256
43,multi_regime,S12,SHVR,-8649.6,5251,-97
43,multi_regime,S13,SHVR,-5802.0,5364,-330
43,multi_regime,S14,SHVR,-5206.8,5326,-186
43,multi_regime,S15,SNPR,-805.4,1152,22
43,multi_regime,S16,SNPR,-1330.2,1203,-79
43,multi_regime,S17,SNPR,-1867.2,1169,-79
43,multi_regime,S18,SNPR,-2808.8,1166,-16
43,multi_regime,S19,SNPR,-942.6,1155,-7
43,multi_regime,Z20,ZIP,4631.0,4122,-290
43,multi_regime,Z21,ZIP,3908.6,3897,-83
43,multi_regime,Z22,ZIP,2444.8,4127,-229
43,multi_regime,Z23,ZIP,4718.0,3926,20
43,multi_regime,Z24,ZIP,4557.0,3996,-90
43,multi_regime,P25,PRSH,8177.8,483,381
43,multi_regime,P26,PRSH,4566.8,376,236
43,multi_regime,P27,PRSH,5790.0,427,315
43,multi_regime,P28,PRSH,8183.8,1542,616
43,multi_regime,P29,PRSH,11341.6,3591,727
43,multi_regime,C30,CUSTOM,2588.6,4475,-13
43,multi_regime,C31,CUSTOM,135.0,4344,0
43,multi_regime,C32,CUSTOM,4440.0,4500,0
43,multi_regime,C33,CUSTOM,567.0,4448,-10
43,multi_regime,C34,CUSTOM,1072.8,4507,-19
44,multi_regime,G00,GVWY,-4088.0,6134,-504
44,multi_regime,G01,GVWY,-3473.0,6080,-300
44,multi_regime,G02,GVWY,-4573.5,6092,-522
44,multi_regime,G03,GVWY,-5527.25,6121,-543
44,multi_regime,G04,GVWY,-7089.5,6146,-366
44,multi_regime,Z05,ZIC,0.0,670,292
44,multi_regime,Z06,ZIC,-509.0,688,312
44,multi_regime,Z07,ZIC,751.0,716,256
44,multi_regime,Z08,ZIC,-1487.25,607,261
44,multi_regime,Z09,ZIC,-702.25,673,357
44,multi_regime,S10,SHVR,-461.25,5275,-359
44,multi_regime,S11,SHVR,-299.75,5309,-221
44,multi_regime,S12,SHVR,-2377.0,5354,-164
44,multi_regime,S13,SHVR,-2740.0,5240,-100
44,multi_regime,S14,SHVR,-1067.0,5210,-388
44,multi_regime,S15,SNPR,528.25,1169,-57
44,multi_regime,S16,SNPR,-567.25,1139,-63
44,multi_regime,S17,SNPR,-469.25,1171,-31
44,multi_regime,S18,SNPR,-24.5,1182,-70
44,multi_regime,S19,SNPR,-928.75,1191,-21
44,multi_regime,Z20,ZIP,5857.5,4024,-78
44,multi_regime,Z21,ZIP,5957.0,3884,8
44,multi_regime,Z22,ZIP,4411.75,3969,-31
44,multi_regime,Z23,ZIP,6235.75,3899,-51
44,multi_regime,Z24,ZIP,6919.5,3904,-118
44,multi_regime,P25,PRSH,-416.75,1513,575
44,multi_regime,P26,PRSH,1294.75,1365,745
44,multi_regime,P27,PRSH,-230.25,395,297
44,multi_regime,P28,PRSH,-1659.5,1532,554
44,multi_regime,P29,PRSH,402.5,396,290
44,multi_regime,C30,CUSTOM,3808.75,4437,-19
44,multi_regime,C31,CUSTOM,1544.25,4479,-1
44,multi_regime,C32,CUSTOM,1823.25,4523,-13
44,multi_regime,C33,CUSTOM,1820.0,4502,-16
44,multi_regime,C34,CUSTOM,-590.75,4551,-1
45,multi_regime,G00,GVWY,-8663.1,6098,-174
45,multi_regime,G01,GVWY,-4789.5,6148,-390
45,multi_regime,G02,GVWY,-3684.35,6163,-419
45,multi_regime,G03,GVWY,-3575.05,6097,-417
45,multi_regime,G04,GVWY,-5887.4,6116,-436
45,multi_regime,Z05,ZIC,-693.95,645,277
45,multi_regime,Z06,ZIC,-590.05,735,323
45,multi_regime,Z07,ZIC,116.75,643,275
45,multi_regime,Z08,ZIC,546.65,709,241
45,multi_regime,Z09,ZIC,1014.75,675,295
45,multi_regime,S10,SHVR,-2369.55,5335,-187
45,multi_regime,S11,SHVR,-4337.6,5262,-184
45,multi_regime,S12,SHVR,-1721.4,5294,-356
45,multi_regime,S13,SHVR,-2941.5,5298,-290
45,multi_regime,S14,SHVR,444.45,5325,-247
45,multi_regime,S15,SNPR,853.5,1144,-130
45,multi_regime,S16,SNPR,-1402.75,1139,-35
45,multi_regime,S17,SNPR,530.7,1156,-102
45,multi_regime,S18,SNPR,1743.95,1177,-137
45,multi_regime,S19,SNPR,-314.0,1132,-60
45,multi_regime,Z20,ZIP,3953.15,3883,-129
45,multi_regime,Z21,ZIP,4498.2,4080,-112
45,multi_regime,Z22,ZIP,3539.95,3925,23
45,multi_regime,Z23,ZIP,2511.65,3875,61
45,multi_regime,Z24,ZIP,5046.55,4041,-73
45,multi_regime,P25,PRSH,681.0,612,300
45,multi_regime,P26,PRSH,1267.75,2433,875
45,multi_regime,P27,PRSH,1123.4,430,336
45,multi_regime,P28,PRSH,-89.35,487,301
45,multi_regime,P29,PRSH,-937.85,4441,511
45,multi_regime,C30,CUSTOM,1279.5,4480,-10
45,multi_regime,C31,CUSTOM,6805.8,4446,-8
45,multi_regime,C32,CUSTOM,3075.05,4451,-23
45,multi_regime,C33,CUSTOM,3386.35,4363,-21
45,multi_regime,C34,CUSTOM,1743.25,4513,-15
46,multi_regime,G00,GVWY,-9983.15,6105,-377
46,multi_regime,G01,GVWY,-9484.45,6121,-491
46,multi_regime,G02,GVWY,-5732.9,6122,-502
46,multi_regime,G03,GVWY,-8099.45,6107,-411
46,multi_regime,G04,GVWY,-10030.55,6135,-229
46,multi_regime,Z05,ZIC,2784.6,678,248
46,multi_regime,Z06,ZIC,2155.6,650,268
46,multi_regime,Z07,ZIC,2300.25,653,295
46,multi_regime,Z08,ZIC,2403.3,672,374
46,multi_regime,Z09,ZIC,1599.75,709,265
46,multi_regime,S10,SHVR,-4058.05,5309,-79
46,multi_regime,S11,SHVR,-2309.65,5311,-287
46,multi_regime,S12,SHVR,-3466.5,5244,-290
46,multi_regime,S13,SHVR,-6114.55,5305,-269
46,multi_regime,S14,SHVR,-5276.5,5356,-170
46,multi_regime,S15,SNPR,1069.05,1131,-1
46,multi_regime,S16,SNPR,-886.25,1145,-115
46,multi_regime,S17,SNPR,-1149.3,1162,-14
46,multi_regime,S18,SNPR,-1352.0,1142,-60
46,multi_regime,S19,SNPR,153.8,1134,4
46,multi_regime,Z20,ZIP,6703.6,4124,-412
46,multi_regime,Z21,ZIP,6133.25,4049,-125
46,multi_regime,Z22,ZIP,4831.1,4034,-202
46,multi_regime,Z23,ZIP,2539.0,3964,-100
46,multi_regime,Z24,ZIP,2997.4,3964,32
46,multi_regime,P25,PRSH,3232.2,488,276
46,multi_regime,P26,PRSH,3184.2,376,276
46,multi_regime,P27,PRSH,4574.45,1033,471
46,multi_regime,P28,PRSH,5249.6,2336,748
46,multi_regime,P29,PRSH,7592.85,2677,763
46,multi_regime,C30,CUSTOM,1281.65,4517,-13
46,multi_regime,C31,CUSTOM,2022.25,4503,-25
46,multi_regime,C32,CUSTOM,3188.1,4420,-2
46,multi_regime,C33,CUSTOM,1990.0,4418,0
46,multi_regime,C34,CUSTOM,2431.95,4493,1
47,multi_regime,G00,GVWY,-16203.1,6013,-519
47,multi_regime,G01,GVWY,-12994.8,6018,-402
47,multi_regime,G02,GVWY,-18470.4,6070,-406
47,multi_regime,G03,GVWY,-15096.3,6025,-437
47,multi_regime,G04,GVWY,-15028.5,6067,-455
47,multi_regime,Z05,ZIC,7635.6,732,264
47,multi_regime,Z06,ZIC,7643.0,680,250
47,multi_regime,Z07,ZIC,8191.5,657,295
47,multi_regime,Z08,ZIC,8644.8,690,312
47,multi_regime,Z09,ZIC,7387.2,610,328
47,multi_regime,S10,SHVR,-7335.2,5212,-248
47,multi_regime,S11,SHVR,-10386.4,5166,-176
47,multi_regime,S12,SHVR,-7004.9,5145,-201
47,multi_regime,S13,SHVR,-8226.4,5210,-246
47,multi_regime,S14,SHVR,-7046.9,5223,-71
47,multi_regime,S15,SNPR,-1358.5,1171,-35
47,multi_regime,S16,SNPR,-1594.9,1167,-41
47,multi_regime,S17,SNPR,-1875.9,1123,-121
47,multi_regime,S18,SNPR,-596.8,1132,-72
47,multi_regime,S19,SNPR,-2389.0,1136,-50
47,multi_regime,Z20,ZIP,398.4,3844,-124
47,multi_regime,Z21,ZIP,3372.1,3931,-21
47,multi_regime,Z22,ZIP,5106.3,3889,7
47,multi_regime,Z23,ZIP,3684.4,4048,-164
47,multi_regime,Z24,ZIP,3658.2,3954,-62
47,multi_regime,P25,PRSH,14815.8,672,532
47,multi_regime,P26,PRSH,17273.3,1733,627
47,multi_regime,P27,PRSH,8869.5,407,305
47,multi_regime,P28,PRSH,6763.7,557,283
47,multi_regime,P29,PRSH,15762.6,768,584
47,multi_regime,C30,CUSTOM,238.8,4402,-38
47,multi_regime,C31,CUSTOM,1585.1,4331,-1
47,multi_regime,C32,CUSTOM,1557.3,4359,-33
47,multi_regime,C33,CUSTOM,49.5,4355,5
47,multi_regime,C34,CUSTOM,2410.1,4407,-1
48,multi_regime,G00,GVWY,-16661.85,6097,-349
48,multi_regime,G01,GVWY,-18674.3,6110,-402
48,multi_regime,G02,GVWY,-25739.3,6136,-562
48,multi_regime,G03,GVWY,-13950.35,6041,-299
48,multi_regime,G04,GVWY,-19897.65,6055,-401
48,multi_regime,Z05,ZIC,10719.5,666,290
48,multi_regime,Z06,ZIC,10093.1,658,254
48,multi_regime,Z07,ZIC,10114.35,603,259
48,multi_regime,Z08,ZIC,11543.5,678,310
48,multi_regime,Z09,ZIC,12115.8,682,312
48,multi_regime,S10,SHVR,-11490.55,5305,-187
48,multi_regime,S11,SHVR,-10474.1,5268,-214
48,multi_regime,S12,SHVR,-12179.2,5254,-288
48,multi_regime,S13,SHVR,-10206.65,5261,-221
48,multi_regime,S14,SHVR,-10141.15,5167,-171
48,multi_regime,S15,SNPR,-1935.95,1155,-23
48,multi_regime,S16,SNPR,-1943.4,1166,-36
48,multi_regime,S17,SNPR,-4569.5,1172,-50
48,multi_regime,S18,SNPR,-1506.2,1160,-48
48,multi_regime,S19,SNPR,-823.3,1150,18
48,multi_regime,Z20,ZIP,2763.55,4047,-113
48,multi_regime,Z21,ZIP,-6825.35,4165,-399
48,multi_regime,Z22,ZIP,7752.65,3837,101
48,multi_regime,Z23,ZIP,2318.05,3821,-103
48,multi_regime,Z24,ZIP,6945.3,3862,42
48,multi_regime,P25,PRSH,12896.5,756,370
48,multi_regime,P26,PRSH,10992.1,732,314
48,multi_regime,P27,PRSH,29643.7,1288,778
48,multi_regime,P28,PRSH,13528.85,793,369
48,multi_regime,P29,PRSH,13696.0,868,380
48,multi_regime,C30,CUSTOM,1781.65,4339,-19
48,multi_regime,C31,CUSTOM,2962.5,4430,-30
48,multi_regime,C32,CUSTOM,2009.6,4424,-16
48,multi_regime,C33,CUSTOM,848.8,4514,-8
48,multi_regime,C34,CUSTOM,1003.65,4439,-19
49,multi_regime,G00,GVWY,-7703.85,6107,-341
49,multi_regime,G01,GVWY,-5022.4,6164,-504
49,multi_regime,G02,GVWY,-5757.15,6145,-579
49,multi_regime,G03,GVWY,-8753.7,6168,-422
49,multi_regime,G04,GVWY,-6063.1,6164,-466
49,multi_regime,Z05,ZIC,1060.2,640,372
49,multi_regime,Z06,ZIC,1130.8,668,308
49,multi_regime,Z07,ZIC,1621.55,655,283
49,multi_regime,Z08,ZIC,1322.15,641,259
49,multi_regime,Z09,ZIC,2223.2,652,292
49,multi_regime,S10,SHVR,-3429.7,5412,-302
49,multi_regime,S11,SHVR,-3765.45,5335,-97
49,multi_regime,S12,SHVR,-4402.35,5393,-271
49,multi_regime,S13,SHVR,-3974.85,5343,-201
49,multi_regime,S14,SHVR,-5798.4,5386,-284
49,multi_regime,S15,SNPR,-580.3,1174,2
49,multi_regime,S16,SNPR,-99.95,1183,-47
49,multi_regime,S17,SNPR,-542.6,1172,-76
49,multi_regime,S18,SNPR,-1237.9,1150,-54
49,multi_regime,S19,SNPR,-587.15,1153,1
49,multi_regime,Z20,ZIP,4423.3,4030,-122
49,multi_regime,Z21,ZIP,4823.55,4075,-197
49,multi_regime,Z22,ZIP,3289.05,3899,-47
49,multi_regime,Z23,ZIP,6413.6,3940,-104
49,multi_regime,Z24,ZIP,7054.85,4159,-439
49,multi_regime,P25,PRSH,5170.05,2751,653
49,multi_regime,P26,PRSH,3158.1,440,346
49,multi_regime,P27,PRSH,6851.55,2541,723
49,multi_regime,P28,PRSH,5908.55,1869,603
49,multi_regime,P29,PRSH,893.75,3317,675
49,multi_regime,C30,CUSTOM,775.0,4398,0
49,multi_regime,C31,CUSTOM,820.75,4413,-5
49,multi_regime,C32,CUSTOM,1801.05,4407,-7
49,multi_regime,C33,CUSTOM,1335.55,4403,-17
49,multi_regime,C34,CUSTOM,160.85,4487,1
50,multi_regime,G00,GVWY,-12184.3,6159,-469
50,multi_regime,G01,GVWY,-10639.8,6198,-374
50,multi_regime,G02,GVWY,-11755.9,6115,-437
50,multi_regime,G03,GVWY,-8737.5,6125,-305
50,multi_regime,G04,GVWY,-11607.0,6220,-540
50,multi_regime,Z05,ZIC,4752.1,675,293
50,multi_regime,Z06,ZIC,5074.4,658,332
50,multi_regime,Z07,ZIC,4040.9,585,237
50,multi_regime,Z08,ZIC,4916.2,644,276
50,multi_regime,Z09,ZIC,5124.1,701,353
50,multi_regime,S10,SHVR,-8158.2,5304,-226
50,multi_regime,S11,SHVR,-7491.0,5398,-210
50,multi_regime,S12,SHVR,-3953.0,5288,-240
50,multi_regime,S13,SHVR,-6073.2,5306,-336
50,multi_regime,S14,SHVR,-6898.1,5355,-33
50,multi_regime,S15,SNPR,-2026.6,1190,-48
50,multi_regime,S16,SNPR,-1317.8,1146,-104
50,multi_regime,S17,SNPR,-1231.6,1184,-88
50,multi_regime,S18,SNPR,-1901.1,1155,-73
50,multi_regime,S19,SNPR,-1155.3,1153,-39
50,multi_regime,Z20,ZIP,2823.0,3894,-170
50,multi_regime,Z21,ZIP,5082.6,3918,-52
50,multi_regime,Z22,ZIP,3196.0,4114,-160
50,multi_regime,Z23,ZIP,4706.1,3927,-17
50,multi_regime,Z24,ZIP,4160.4,3966,-218
50,multi_regime,P25,PRSH,7750.0,502,390
50,multi_regime,P26,PRSH,9642.3,1793,599
50,multi_regime,P27,PRSH,6144.0,444,350
50,multi_regime,P28,PRSH,6566.5,2795,555
50,multi_regime,P29,PRSH,9983.3,2251,689
50,multi_regime,C30,CUSTOM,956.7,4439,-19
50,multi_regime,C31,CUSTOM,4453.3,4469,-1
50,multi_regime,C32,CUSTOM,2919.9,4449,-33
50,multi_regime,C33,CUSTOM,1645.7,4459,-29
50,multi_regime,C34,CUSTOM,716.1,4557,-17
51,multi_regime,G00,GVWY,-5324.8,6090,-268
51,multi_regime,G01,GVWY,-8168.7,6057,-317
51,multi_regime,G02,GVWY,-4002.1,6083,-521
51,multi_regime,G03,GVWY,-2991.2,6072,-502
51,multi_regime,G04,GVWY,-4437.1,6059,-481
51,multi_regime,Z05,ZIC,-25.8,648,252
51,multi_regime,Z06,ZIC,261.9,669,279
51,multi_regime,Z07,ZIC,-543.0,654,300
51,multi_regime,Z08,ZIC,-179.0,616,260
51,multi_regime,Z09,ZIC,1168.8,696,298
51,multi_regime,S10,SHVR,-2948.4,5214,-264
51,multi_regime,S11,SHVR,-2065.1,5167,-221
51,multi_regime,S12,SHVR,1114.3,5287,-347
51,multi_regime,S13,SHVR,-1807.5,5211,-85
51,multi_regime,S14,SHVR,1319.4,5240,-416
51,multi_regime,S15,SNPR,-1535.9,1175,-49
51,multi_regime,S16,SNPR,81.0,1164,-70
51,multi_regime,S17,SNPR,-643.7,1141,-27
51,multi_regime,S18,SNPR,667.6,1136,-94
51,multi_regime,S19,SNPR,-977.7,1117,-67
51,multi_regime,Z20,ZIP,5000.9,3845,-81
51,multi_regime,Z21,ZIP,3301.3,3897,13
51,multi_regime,Z22,ZIP,3157.7,3985,-33
51,multi_regime,Z23,ZIP,3904.5,3847,-95
51,multi_regime,Z24,ZIP,4170.5,3949,15
51,multi_regime,P25,PRSH,1553.4,1028,774
51,multi_regime,P26,PRSH,803.3,481,253
51,multi_regime,P27,PRSH,1247.7,1999,737
51,multi_regime,P28,PRSH,984.0,518,410
51,multi_regime,P29,PRSH,30.8,696,288
51,multi_regime,C30,CUSTOM,4313.4,4420,-26
51,multi_regime,C31,CUSTOM,606.3,4495,-7
51,multi_regime,C32,CUSTOM,1293.6,4462,-24
51,multi_regime,C33,CUSTOM,356.2,4496,-18
51,multi_regime,C34,CUSTOM,3206.3,4433,-7
52,multi_regime,G00,GVWY,-13203.5,6160,-478
52,multi_regime,G01,GVWY,-13074.5,6160,-426
52,multi_regime,G02,GVWY,-15158.25,6105,-367
52,multi_regime,G03,GVWY,-13490.0,6096,-384
52,multi_regime,G04,GVWY,-11707.5,6158,-382
52,multi_regime,Z05,ZIC,6424.0,624,320
52,multi_regime,Z06,ZIC,6284.0,692,228
52,multi_regime,Z07,ZIC,6118.75,647,257
52,multi_regime,Z08,ZIC,6589.0,654,292
52,multi_regime,Z09,ZIC,6353.0,648,268
52,multi_regime,S10,SHVR,-5900.0,5264,-188
52,multi_regime,S11,SHVR,-5342.0,5216,0
52,multi_regime,S12,SHVR,-9044.75,5309,-377
52,multi_regime,S13,SHVR,-8140.0,5282,-152
52,multi_regime,S14,SHVR,-5111.0,5362,-184
52,multi_regime,S15,SNPR,-1609.0,1144,-108
52,multi_regime,S16,SNPR,-849.0,1122,40
52,multi_regime,S17,SNPR,-603.0,1158,-72
52,multi_regime,S18,SNPR,-3934.75,1169,-153
52,multi_regime,S19,SNPR,-1365.75,1169,-77
52,multi_regime,Z20,ZIP,3515.0,3916,-136
52,multi_regime,Z21,ZIP,2015.75,3879,-111
52,multi_regime,Z22,ZIP,496.5,4032,-254
52,multi_regime,Z23,ZIP,6414.75,3921,17
52,multi_regime,Z24,ZIP,5498.0,3930,24
52,multi_regime,P25,PRSH,6518.5,372,274
52,multi_regime,P26,PRSH,14330.0,1752,688
52,multi_regime,P27,PRSH,12261.25,3831,563
52,multi_regime,P28,PRSH,10949.0,1306,524
52,multi_regime,P29,PRSH,7088.25,373,291
52,multi_regime,C30,CUSTOM,1964.25,4379,-33
52,multi_regime,C31,CUSTOM,2844.0,4478,0
52,multi_regime,C32,CUSTOM,1747.5,4414,-18
52,multi_regime,C33,CUSTOM,-1523.75,4429,-1
52,multi_regime,C34,CUSTOM,1340.0,4396,-20
53,multi_regime,G00,GVWY,-4180.4,6115,-327
53,multi_regime,G01,GVWY,-3598.0,6065,-435
53,multi_regime,G02,GVWY,-5025.0,6100,-310
53,multi_regime,G03,GVWY,-5137.4,6090,-442
53,multi_regime,G04,GVWY,-821.8,6119,-509
53,multi_regime,Z05,ZIC,-218.8,681,281
53,multi_regime,Z06,ZIC,46.8,676,254
53,multi_regime,Z07,ZIC,474.4,693,207
53,multi_regime,Z08,ZIC,-143.6,682,272
53,multi_regime,Z09,ZIC,-856.4,607,283
53,multi_regime,S10,SHVR,-1350.8,5273,-289
53,multi_regime,S11,SHVR,255.6,5355,-367
53,multi_regime,S12,SHVR,1282.0,5286,-330
53,multi_regime,S13,SHVR,-883.8,5353,-259
53,multi_regime,S14,SHVR,-217.2,5273,-341
53,multi_regime,S15,SNPR,-551.8,1146,-64
53,multi_regime,S16,SNPR,-1734.2,1154,-46
53,multi_regime,S17,SNPR,975.2,1159,-99
53,multi_regime,S18,SNPR,681.6,1142,-92
53,multi_regime,S19,SNPR,-938.8,1169,-49
53,multi_regime,Z20,ZIP,3668.2,4002,-24
53,multi_regime,Z21,ZIP,2686.6,4048,-122
53,multi_regime,Z22,ZIP,4389.8,3988,14
53,multi_regime,Z23,ZIP,1172.2,3933,111
53,multi_regime,Z24,ZIP,3871.6,3944,-72
53,multi_regime,P25,PRSH,-1861.8,1195,441
53,multi_regime,P26,PRSH,-193.0,444,370
53,multi_regime,P27,PRSH,-229.8,2692,806
53,multi_regime,P28,PRSH,-2828.0,1374,530
53,multi_regime,P29,PRSH,832.4,2710,512
53,multi_regime,C30,CUSTOM,1678.0,4464,-10
53,multi_regime,C31,CUSTOM,3132.2,4354,6
53,multi_regime,C32,CUSTOM,4727.0,4454,-20
53,multi_regime,C33,CUSTOM,1082.4,4429,-13
53,multi_regime,C34,CUSTOM,2532.0,4458,10
54,multi_regime,G00,GVWY,5546.75,6187,-435
54,multi_regime,G01,GVWY,1840.2,6154,-336
54,multi_regime,G02,GVWY,2280.9,6072,-262
54,multi_regime,G03,GVWY,8523.75,6141,-495
54,multi_regime,G04,GVWY,5714.0,6138,-480
54,multi_regime,Z05,ZIC,-6407.25,657,285
54,multi_regime,Z06,ZIC,-5728.55,611,259
54,multi_regime,Z07,ZIC,-7839.05,655,289
54,multi_regime,Z08,ZIC,-6695.15,637,287
54,multi_regime,Z09,ZIC,-5904.55,689,279
54,multi_regime,S10,SHVR,-162.15,5345,-153
54,multi_regime,S11,SHVR,4640.1,5250,-258
54,multi_regime,S12,SHVR,2410.1,5260,-138
54,multi_regime,S13,SHVR,4091.6,5226,-208
54,multi_regime,S14,SHVR,6124.1,5320,-358
54,multi_regime,S15,SNPR,367.35,1161,-63
54,multi_regime,S16,SNPR,2973.5,1154,-90
54,multi_regime,S17,SNPR,382.85,1155,-33
54,multi_regime,S18,SNPR,-1235.0,1152,40
54,multi_regime,S19,SNPR,335.05,1139,-69
54,multi_regime,Z20,ZIP,3511.65,3811,83
54,multi_regime,Z21,ZIP,15321.7,4114,-266
54,multi_regime,Z22,ZIP,-3634.75,3923,195
54,multi_regime,Z23,ZIP,5261.6,4026,-48
54,multi_regime,Z24,ZIP,1621.5,3990,110
54,multi_regime,P25,PRSH,-9334.85,1003,393
54,multi_regime,P26,PRSH,-16447.4,2998,632
54,multi_regime,P27,PRSH,-6316.35,481,283
54,multi_regime,P28,PRSH,-4949.25,367,225
54,multi_regime,P29,PRSH,-6308.4,410,292
54,multi_regime,C30,CUSTOM,3626.95,4489,-11
54,multi_regime,C31,CUSTOM,2565.9,4502,-2
54,multi_regime,C32,CUSTOM,3710.5,4464,-10
54,multi_regime,C33,CUSTOM,2799.5,4460,-10
54,multi_regime,C34,CUSTOM,1507.15,4419,-27
55,multi_regime,G00,GVWY,1140.4,6108,-588
55,multi_regime,G01,GVWY,2729.3,6156,-526
55,multi_regime,G02,GVWY,-5974.6,6134,-288
55,multi_regime,G03,GVWY,1874.4,6160,-448
55,multi_regime,G04,GVWY,-2194.1,6078,-318
55,multi_regime,Z05,ZIC,-2607.25,591,265
55,multi_regime,Z06,ZIC,-2322.0,668,300
55,multi_regime,Z07,ZIC,-1756.85,709,317
55,multi_regime,Z08,ZIC,-2705.8,748,336
55,multi_regime,Z09,ZIC,-3189.65,671,373
55,multi_regime,S10,SHVR,-2885.65,5367,-167
55,multi_regime,S11,SHVR,-3753.0,5330,-180
55,multi_regime,S12,SHVR,941.85,5315,-377
55,multi_regime,S13,SHVR,1073.4,5286,-388
55,multi_regime,S14,SHVR,935.8,5338,-296
55,multi_regime,S15,SNPR,305.0,1160,-40
55,multi_regime,S16,SNPR,-471.55,1147,-9
55,multi_regime,S17,SNPR,-471.95,1167,-21
55,multi_regime,S18,SNPR,1253.1,1170,-162
55,multi_regime,S19,SNPR,-503.15,1171,-77
55,multi_regime,Z20,ZIP,4501.55,3867,-51
55,multi_regime,Z21,ZIP,7552.05,4137,-161
55,multi_regime,Z22,ZIP,6883.0,4004,-80
55,multi_regime,Z23,ZIP,6378.6,4114,-132
55,multi_regime,Z24,ZIP,6298.1,3824,-62
55,multi_regime,P25,PRSH,-1841.7,760,314
55,multi_regime,P26,PRSH,-4641.05,1235,841
55,multi_regime,P27,PRSH,-4396.8,1300,476
55,multi_regime,P28,PRSH,-4240.65,2005,553
55,multi_regime,P29,PRSH,-4677.15,1169,483
55,multi_regime,C30,CUSTOM,2788.5,4386,-10
55,multi_regime,C31,CUSTOM,2295.55,4415,-11
55,multi_regime,C32,CUSTOM,2211.0,4524,0
55,multi_regime,C33,CUSTOM,2302.65,4427,-13
55,multi_regime,C34,CUSTOM,1755.15,4485,-23
56,multi_regime,G00,GVWY,-15640.55,6157,-657
56,multi_regime,G01,GVWY,-14713.75,6151,-385
56,multi_regime,G02,GVWY,-12712.25,6139,-555
56,multi_regime,G03,GVWY,-9995.45,6149,-463
56,multi_regime,G04,GVWY,-11702.15,6149,-321
56,multi_regime,Z05,ZIC,5177.9,630,286
56,multi_regime,Z06,ZIC,5731.75,695,305
56,multi_regime,Z07,ZIC,4234.7,720,258
56,multi_regime,Z08,ZIC,5807.7,682,278
56,multi_regime,Z09,ZIC,7134.9,700,306
56,multi_regime,S10,SHVR,-8117.9,5302,-266
56,multi_regime,S11,SHVR,-6368.15,5351,-161
56,multi_regime,S12,SHVR,-9214.35,5329,-249
56,multi_regime,S13,SHVR,-5931.15,5371,-101
56,multi_regime,S14,SHVR,-6438.4,5396,-176
56,multi_regime,S15,SNPR,-1043.05,1157,-127
56,multi_regime,S16,SNPR,127.5,1156,90
56,multi_regime,S17,SNPR,-934.15,1157,-21
56,multi_regime,S18,SNPR,-355.1,1170,66
56,multi_regime,S19,SNPR,-1466.55,1163,-17
56,multi_regime,Z20,ZIP,1742.05,4155,-213
56,multi_regime,Z21,ZIP,901.75,4087,-115
56,multi_regime,Z22,ZIP,3524.85,4147,-161
56,multi_regime,Z23,ZIP,4315.95,4053,-127
56,multi_regime,Z24,ZIP,5723.3,3962,-158
56,multi_regime,P25,PRSH,9246.45,1139,503
56,multi_regime,P26,PRSH,7504.6,868,404
56,multi_regime,P27,PRSH,10402.0,1478,600
56,multi_regime,P28,PRSH,12019.8,2824,672
56,multi_regime,P29,PRSH,8985.45,935,383
56,multi_regime,C30,CUSTOM,2589.2,4446,-12
56,multi_regime,C31,CUSTOM,1691.6,4458,-16
56,multi_regime,C32,CUSTOM,2495.75,4481,-15
56,multi_regime,C33,CUSTOM,2969.7,4458,-2
56,multi_regime,C34,CUSTOM,1772.4,4398,-4
57,multi_regime,G00,GVWY,-19271.7,6058,-498
57,multi_regime,G01,GVWY,-17962.0,6122,-320
57,multi_regime,G02,GVWY,-18008.2,6088,-368
57,multi_regime,G03,GVWY,-13657.9,6016,-266
57,multi_regime,G04,GVWY,-13560.25,6103,-275
57,multi_regime,Z05,ZIC,7211.9,590,246
57,multi_regime,Z06,ZIC,6606.15,637,221
57,multi_regime,Z07,ZIC,8640.15,619,281
57,multi_regime,Z08,ZIC,8135.35,621,269
57,multi_regime,Z09,ZIC,7963.35,605,269
57,multi_regime,S10,SHVR,-3915.75,5217,-45
57,multi_regime,S11,SHVR,-9171.55,5263,-257
57,multi_regime,S12,SHVR,-9748.95,5247,-293
57,multi_regime,S13,SHVR,-8138.75,5241,-205
57,multi_regime,S14,SHVR,-7839.65,5279,-251
57,multi_regime,S15,SNPR,-97.5,1156,10
57,multi_regime,S16,SNPR,-2915.95,1133,-73
57,multi_regime,S17,SNPR,-1158.8,1130,-12
57,multi_regime,S18,SNPR,-1995.25,1123,-95
57,multi_regime,S19,SNPR,-3126.4,1166,-116
57,multi_regime,Z20,ZIP,6386.95,3781,53
57,multi_regime,Z21,ZIP,5024.05,3949,47
57,multi_regime,Z22,ZIP,-2419.6,4206,-364
57,multi_regime,Z23,ZIP,3940.1,4028,-106
57,multi_regime,Z24,ZIP,7762.05,3933,7
57,multi_regime,P25,PRSH,22863.2,2752,668
57,multi_regime,P26,PRSH,14289.1,1082,494
57,multi_regime,P27,PRSH,11350.2,782,368
57,multi_regime,P28,PRSH,9235.85,689,319
57,multi_regime,P29,PRSH,7702.05,365,227
57,multi_regime,C30,CUSTOM,1606.9,4392,-14
57,multi_regime,C31,CUSTOM,-832.6,4442,-24
57,multi_regime,C32,CUSTOM,2014.0,4508,0
57,multi_regime,C33,CUSTOM,843.5,4518,-30
57,multi_regime,C34,CUSTOM,465.35,4379,-11
58,multi_regime,G00,GVWY,-11797.2,6102,-484
58,multi_regime,G01,GVWY,-11478.2,6199,-429
58,multi_regime,G02,GVWY,-13242.4,6138,-388
58,multi_regime,G03,GVWY,-13319.0,6116,-280
58,multi_regime,G04,GVWY,-15520.0,6141,-275
58,multi_regime,Z05,ZIC,6381.4,671,293
58,multi_regime,Z06,ZIC,6353.0,674,350
58,multi_regime,Z07,ZIC,6386.8,649,331
58,multi_regime,Z08,ZIC,5145.6,610,262
58,multi_regime,Z09,ZIC,5610.0,691,305
58,multi_regime,S10,SHVR,-6470.2,5298,-334
58,multi_regime,S11,SHVR,-5662.4,5277,-133
58,multi_regime,S12,SHVR,-2794.6,5228,-52
58,multi_regime,S13,SHVR,-5979.0,5327,-155
58,multi_regime,S14,SHVR,-8933.0,5246,-370
58,multi_regime,S15,SNPR,-2298.4,1159,-73
58,multi_regime,S16,SNPR,-3038.6,1185,-137
58,multi_regime,S17,SNPR,-2344.2,1168,-154
58,multi_regime,S18,SNPR,-281.4,1180,-38
58,multi_regime,S19,SNPR,-2126.4,1179,-53
58,multi_regime,Z20,ZIP,2295.6,3872,-168
58,multi_regime,Z21,ZIP,2197.2,4085,-171
58,multi_regime,Z22,ZIP,2970.0,3814,-90
58,multi_regime,Z23,ZIP,6255.2,3980,-76
58,multi_regime,Z24,ZIP,4134.4,3889,-97
58,multi_regime,P25,PRSH,10318.2,545,419
58,multi_regime,P26,PRSH,11091.2,599,489
58,multi_regime,P27,PRSH,6851.2,710,304
58,multi_regime,P28,PRSH,12488.8,2579,661
58,multi_regime,P29,PRSH,7338.4,861,393
58,multi_regime,C30,CUSTOM,2178.2,4384,-6
58,multi_regime,C31,CUSTOM,1842.6,4482,-8
58,multi_regime,C32,CUSTOM,4618.4,4369,3
58,multi_regime,C33,CUSTOM,-1530.8,4505,-11
58,multi_regime,C34,CUSTOM,1544.4,4445,-27
59,multi_regime,G00,GVWY,-18551.95,6133,-273
59,multi_regime,G01,GVWY,-22033.9,6102,-526
59,multi_regime,G02,GVWY,-14775.45,6175,-263
59,multi_regime,G03,GVWY,-21167.3,6092,-582
59,multi_regime,G04,GVWY,-14231.85,6095,-419
59,multi_regime,Z05,ZIC,9521.45,713,303
59,multi_regime,Z06,ZIC,9947.45,625,303
59,multi_regime,Z07,ZIC,9070.95,677,313
59,multi_regime,Z08,ZIC,9229.25,681,315
59,multi_regime,Z09,ZIC,8023.3,642,262
59,multi_regime,S10,SHVR,-11260.75,5305,-345
59,multi_regime,S11,SHVR,-11435.55,5291,-297
59,multi_regime,S12,SHVR,-7965.15,5375,-261
59,multi_regime,S13,SHVR,-6663.55,5331,-57
59,multi_regime,S14,SHVR,-10182.5,5348,-150
59,multi_regime,S15,SNPR,-2775.45,1153,-83
59,multi_regime,S16,SNPR,-1808.0,1160,-80
59,multi_regime,S17,SNPR,-3003.9,1182,-66
59,multi_regime,S18,SNPR,-1519.25,1167,-35
59,multi_regime,S19,SNPR,-2561.6,1184,-64
59,multi_regime,Z20,ZIP,-506.15,4117,-201
59,multi_regime,Z21,ZIP,-3612.3,4146,-322
59,multi_regime,Z22,ZIP,3388.1,3966,-46
59,multi_regime,Z23,ZIP,5113.45,3907,-17
59,multi_regime,Z24,ZIP,3685.45,3943,-17
59,multi_regime,P25,PRSH,20660.2,3126,568
59,multi_regime,P26,PRSH,12420.85,931,399
59,multi_regime,P27,PRSH,22485.55,1071,637
59,multi_regime,P28,PRSH,15058.95,939,493
59,multi_regime,P29,PRSH,12528.05,3779,387
59,multi_regime,C30,CUSTOM,1601.35,4315,-11
59,multi_regime,C31,CUSTOM,582.95,4435,-7
59,multi_regime,C32,CUSTOM,3136.25,4213,-5
59,multi_regime,C33,CUSTOM,3731.0,4446,0
59,multi_regime,C34,CUSTOM,2154.0,4364,0
60,multi_regime,G00,GVWY,-15717.95,6181,-457
60,multi_regime,G01,GVWY,-16628.85,6123,-431
60,multi_regime,G02,GVWY,-17322.35,6179,-381
60,multi_regime,G03,GVWY,-19651.9,6154,-314
60,multi_regime,G04,GVWY,-13441.9,6192,-314
60,multi_regime,Z05,ZIC,8012.25,625,255
60,multi_regime,Z06,ZIC,9763.25,687,355
60,multi_regime,Z07,ZIC,7971.0,706,280
60,multi_regime,Z08,ZIC,7584.2,626,252
60,multi_regime,Z09,ZIC,7753.85,627,311
60,multi_regime,S10,SHVR,-6835.8,5282,-208
60,multi_regime,S11,SHVR,-10071.3,5310,-258
60,multi_regime,S12,SHVR,-7827.05,5331,-163
60,multi_regime,S13,SHVR,-6437.2,5294,-212
60,multi_regime,S14,SHVR,-13361.55,5329,-393
60,multi_regime,S15,SNPR,-2500.5,1176,-90
60,multi_regime,S16,SNPR,-2432.2,1176,-92
60,multi_regime,S17,SNPR,-3039.8,1170,-48
60,multi_regime,S18,SNPR,-1381.1,1190,-26
60,multi_regime,S19,SNPR,-3074.2,1164,-72
60,multi_regime,Z20,ZIP,4933.75,3907,-15
60,multi_regime,Z21,ZIP,-612.05,4089,-283
60,multi_regime,Z22,ZIP,4179.5,3812,-50
60,multi_regime,Z23,ZIP,3325.05,3947,-97
60,multi_regime,Z24,ZIP,2556.6,3926,-64
60,multi_regime,P25,PRSH,16213.2,1622,612
60,multi_regime,P26,PRSH,11591.75,835,385
60,multi_regime,P27,PRSH,14005.3,530,418
60,multi_regime,P28,PRSH,21062.45,2911,667
60,multi_regime,P29,PRSH,9500.75,399,305
60,multi_regime,C30,CUSTOM,959.25,4383,-5
60,multi_regime,C31,CUSTOM,2182.15,4473,-11
60,multi_regime,C32,CUSTOM,3360.9,4420,-6
60,multi_regime,C33,CUSTOM,3227.3,4442,-2
60,multi_regime,C34,CUSTOM,1338.65,4529,-1
61,multi_regime,G00,GVWY,-6312.0,6130,-484
61,multi_regime,G01,GVWY,-6161.0,6170,-366
61,multi_regime,G02,GVWY,-7219.0,6174,-286
61,multi_regime,G03,GVWY,-3398.0,6158,-404
61,multi_regime,G04,GVWY,-6367.0,6125,-363
61,multi_regime,Z05,ZIC,1321.0,701,351
61,multi_regime,Z06,ZIC,386.0,649,293
61,multi_regime,Z07,ZIC,2587.0,706,324
61,multi_regime,Z08,ZIC,700.0,646,286
61,multi_regime,Z09,ZIC,1321.0,694,296
61,multi_regime,S10,SHVR,-2320.0,5321,-347
61,multi_regime,S11,SHVR,-3597.0,5369,-115
61,multi_regime,S12,SHVR,-5752.0,5330,-46
61,multi_regime,S13,SHVR,-4020.0,5341,-227
61,multi_regime,S14,SHVR,-4069.0,5402,-268
61,multi_regime,S15,SNPR,-2103.0,1161,11
61,multi_regime,S16,SNPR,966.0,1185,-45
61,multi_regime,S17,SNPR,-1088.0,1165,-39
61,multi_regime,S18,SNPR,-2825.0,1196,62
61,multi_regime,S19,SNPR,-77.0,1172,-74
61,multi_regime,Z20,ZIP,5615.0,4072,-220
61,multi_regime,Z21,ZIP,2898.0,4043,-117
61,multi_regime,Z22,ZIP,5914.0,3858,-90
61,multi_regime,Z23,ZIP,1900.0,4008,-108
61,multi_regime,Z24,ZIP,6527.0,4078,-244
61,multi_regime,P25,PRSH,2931.0,936,466
61,multi_regime,P26,PRSH,4544.0,770,630
61,multi_regime,P27,PRSH,2152.0,426,290
61,multi_regime,P28,PRSH,1906.0,1227,461
61,multi_regime,P29,PRSH,317.0,4613,323
61,multi_regime,C30,CUSTOM,4054.0,4446,-20
61,multi_regime,C31,CUSTOM,3293.0,4438,-20
61,multi_regime,C32,CUSTOM,713.0,4556,-2
61,multi_regime,C33,CUSTOM,3749.0,4387,-9
61,multi_regime,C34,CUSTOM,2739.0,4428,0
62,multi_regime,G00,GVWY,-10050.3,6072,-198
62,multi_regime,G01,GVWY,-10777.7,6112,-482
62,multi_regime,G02,GVWY,-11088.8,6092,-308
62,multi_regime,G03,GVWY,-15719.4,6138,-404
62,multi_regime,G04,GVWY,-12293.55,6097,-403
62,multi_regime,Z05,ZIC,4374.6,614,276
62,multi_regime,Z06,ZIC,5203.5,648,290
62,multi_regime,Z07,ZIC,5535.35,721,371
62,multi_regime,Z08,ZIC,5871.95,689,267
62,multi_regime,Z09,ZIC,5289.2,608,212
62,multi_regime,S10,SHVR,-3658.25,5201,-45
62,multi_regime,S11,SHVR,-6784.25,5227,-185
62,multi_regime,S12,SHVR,-8041.65,5293,-389
62,multi_regime,S13,SHVR,-5416.35,5267,-211
62,multi_regime,S14,SHVR,-4240.15,5233,-259
62,multi_regime,S15,SNPR,-2095.7,1176,-102
62,multi_regime,S16,SNPR,327.3,1162,-62
62,multi_regime,S17,SNPR,-2366.5,1166,-150
62,multi_regime,S18,SNPR,-2873.15,1151,-79
62,multi_regime,S19,SNPR,-1325.15,1179,-39
62,multi_regime,Z20,ZIP,7245.95,3935,-13
62,multi_regime,Z21,ZIP,2303.25,4155,-335
62,multi_regime,Z22,ZIP,6256.7,4010,-18
62,multi_regime,Z23,ZIP,4139.3,4186,-42
62,multi_regime,Z24,ZIP,1591.4,3884,-56
62,multi_regime,P25,PRSH,5401.35,579,251
62,multi_regime,P26,PRSH,10409.85,1425,621
62,multi_regime,P27,PRSH,4900.8,390,268
62,multi_regime,P28,PRSH,8208.95,1049,407
62,multi_regime,P29,PRSH,13125.9,902,734
62,multi_regime,C30,CUSTOM,-597.35,4433,-11
62,multi_regime,C31,CUSTOM,3216.95,4433,-13
62,multi_regime,C32,CUSTOM,1095.75,4439,-5
62,multi_regime,C33,CUSTOM,1417.7,4440,-18
62,multi_regime,C34,CUSTOM,1196.55,4503,-17
63,multi_regime,G00,GVWY,-5626.4,6176,-288
63,multi_regime,G01,GVWY,-4435.4,6070,-288
63,multi_regime,G02,GVWY,-5042.0,6136,-320
63,multi_regime,G03,GVWY,-5418.9,6226,-358
63,multi_regime,G04,GVWY,-5057.85,6161,-407
63,multi_regime,Z05,ZIC,-541.0,680,320
63,multi_regime,Z06,ZIC,-125.1,668,278
63,multi_regime,Z07,ZIC,21.45,655,239
63,multi_regime,Z08,ZIC,-1055.3,698,314
63,multi_regime,Z09,ZIC,-728.2,678,296
63,multi_regime,S10,SHVR,-1455.05,5361,-171
63,multi_regime,S11,SHVR,-394.45,5347,-359
63,multi_regime,S12,SHVR,-3456.85,5383,-207
63,multi_regime,S13,SHVR,-586.75,5459,-385
63,multi_regime,S14,SHVR,-1019.2,5412,-224
63,multi_regime,S15,SNPR,-1042.2,1186,-4
63,multi_regime,S16,SNPR,-1484.05,1197,-11
63,multi_regime,S17,SNPR,483.5,1166,-110
63,multi_regime,S18,SNPR,-623.95,1189,-29
63,multi_regime,S19,SNPR,-1046.5,1194,-70
63,multi_regime,Z20,ZIP,3532.75,3925,5
63,multi_regime,Z21,ZIP,4939.7,4030,-6
63,multi_regime,Z22,ZIP,5848.05,4111,-69
63,multi_regime,Z23,ZIP,7994.6,4004,-188
63,multi_regime,Z24,ZIP,10825.1,4132,-378
63,multi_regime,P25,PRSH,477.9,3076,698
63,multi_regime,P26,PRSH,49.9,2982,518
63,multi_regime,P27,PRSH,212.85,369,267
63,multi_regime,P28,PRSH,241.25,377,275
63,multi_regime,P29,PRSH,-2025.2,4162,556
63,multi_regime,C30,CUSTOM,-1690.15,4491,-13
63,multi_regime,C31,CUSTOM,3575.7,4416,-6
63,multi_regime,C32,CUSTOM,1675.9,4524,-2
63,multi_regime,C33,CUSTOM,4725.85,4471,-13
63,multi_regime,C34,CUSTOM,1107.5,4466,-10
64,multi_regime,G00,GVWY,-15628.5,6129,-387
64,multi_regime,G01,GVWY,-14931.5,6173,-543
64,multi_regime,G02,GVWY,-10449.0,6172,-288
64,multi_regime,G03,GVWY,-12139.0,6132,-370
64,multi_regime,G04,GVWY,-15913.0,6186,-386
64,multi_regime,Z05,ZIC,7276.0,644,312
64,multi_regime,Z06,ZIC,7822.5,679,323
64,multi_regime,Z07,ZIC,7659.0,656,322
64,multi_regime,Z08,ZIC,8399.5,667,337
64,multi_regime,Z09,ZIC,7448.5,659,271
64,multi_regime,S10,SHVR,-7225.5,5317,-213
64,multi_regime,S11,SHVR,-10450.0,5462,-286
64,multi_regime,S12,SHVR,-4769.5,5333,-19
64,multi_regime,S13,SHVR,-8235.5,5397,-191
64,multi_regime,S14,SHVR,-7823.0,5354,-230
64,multi_regime,S15,SNPR,-1828.0,1160,-116
64,multi_regime,S16,SNPR,-1930.0,1162,-64
64,multi_regime,S17,SNPR,-3509.0,1168,-172
64,multi_regime,S18,SNPR,-898.0,1194,-2
64,multi_regime,S19,SNPR,-2694.0,1170,28
64,multi_regime,Z20,ZIP,2858.5,3979,-91
64,multi_regime,Z21,ZIP,6048.5,4019,31
64,multi_regime,Z22,ZIP,-1410.5,4097,-399
64,multi_regime,Z23,ZIP,8438.0,3906,16
64,multi_regime,Z24,ZIP,-670.5,4125,-417
64,multi_regime,P25,PRSH,8124.0,402,318
64,multi_regime,P26,PRSH,17093.5,2247,769
64,multi_regime,P27,PRSH,9249.5,4241,469
64,multi_regime,P28,PRSH,11283.5,1013,401
64,multi_regime,P29,PRSH,11206.5,1055,433
64,multi_regime,C30,CUSTOM,1778.5,4509,-15
64,multi_regime,C31,CUSTOM,-144.5,4429,-9
64,multi_regime,C32,CUSTOM,869.5,4513,-13
64,multi_regime,C33,CUSTOM,2410.5,4369,-3
64,multi_regime,C34,CUSTOM,1380.0,4428,-4
65,multi_regime,G00,GVWY,-9423.8,6061,-567
65,multi_regime,G01,GVWY,-12171.8,6086,-382
65,multi_regime,G02,GVWY,-14554.4,6172,-536
65,multi_regime,G03,GVWY,-8476.2,6054,-418
65,multi_regime,G04,GVWY,-11329.6,6080,-454
65,multi_regime,Z05,ZIC,3869.4,612,256
65,multi_regime,Z06,ZIC,3369.4,672,316
65,multi_regime,Z07,ZIC,3911.2,653,283
65,multi_regime,Z08,ZIC,3521.2,630,248
65,multi_regime,Z09,ZIC,3504.0,675,285
65,multi_regime,S10,SHVR,-4775.6,5277,-59
65,multi_regime,S11,SHVR,-5408.2,5229,-153
65,multi_regime,S12,SHVR,-2324.0,5254,-310
65,multi_regime,S13,SHVR,-8637.2,5319,-143
65,multi_regime,S14,SHVR,-4673.6,5233,-239
65,multi_regime,S15,SNPR,-538.2,1178,-78
65,multi_regime,S16,SNPR,-355.6,1167,11
65,multi_regime,S17,SNPR,-816.6,1158,-54
65,multi_regime,S18,SNPR,-1507.2,1149,-73
65,multi_regime,S19,SNPR,-649.0,1170,-30
65,multi_regime,Z20,ZIP,4836.2,3849,43
65,multi_regime,Z21,ZIP,2126.0,3868,-30
65,multi_regime,Z22,ZIP,4669.2,3949,-47
65,multi_regime,Z23,ZIP,6265.8,4041,17
65,multi_regime,Z24,ZIP,4935.4,3827,-79
65,multi_regime,P25,PRSH,7862.4,643,521
65,multi_regime,P26,PRSH,5656.0,931,385
65,multi_regime,P27,PRSH,8345.4,3218,546
65,multi_regime,P28,PRSH,4567.2,368,298
65,multi_regime,P29,PRSH,3575.6,591,359
65,multi_regime,C30,CUSTOM,275.0,4438,-10
65,multi_regime,C31,CUSTOM,5343.8,4424,-18
65,multi_regime,C32,CUSTOM,6038.2,4351,-17
65,multi_regime,C33,CUSTOM,3600.4,4384,-4
65,multi_regime,C34,CUSTOM,519.4,4454,-24
66,multi_regime,G00,GVWY,749.4,6208,-416
66,multi_regime,G01,GVWY,-3139.4,6193,-439
66,multi_regime,G02,GVWY,-5494.6,6166,-236
66,multi_regime,G03,GVWY,257.2,6152,-498
66,multi_regime,G04,GVWY,-447.4,6159,-309
66,multi_regime,Z05,ZIC,-2752.2,734,358
66,multi_regime,Z06,ZIC,-3238.8,648,322
66,multi_regime,Z07,ZIC,-2644.6,686,334
66,multi_regime,Z08,ZIC,-1876.2,687,313
66,multi_regime,Z09,ZIC,-2005.8,644,262
66,multi_regime,S10,SHVR,3297.8,5349,-397
66,multi_regime,S11,SHVR,-2346.6,5403,-191
66,multi_regime,S12,SHVR,-2412.2,5426,-252
66,multi_regime,S13,SHVR,-189.2,5410,-222
66,multi_regime,S14,SHVR,1182.0,5401,-125
66,multi_regime,S15,SNPR,-1131.0,1215,-105
66,multi_regime,S16,SNPR,414.8,1169,-87
66,multi_regime,S17,SNPR,93.2,1174,-108
66,multi_regime,S18,SNPR,686.6,1182,-44
66,multi_regime,S19,SNPR,2474.4,1179,-151
66,multi_regime,Z20,ZIP,1604.0,4046,-20
66,multi_regime,Z21,ZIP,5711.8,4071,-87
66,multi_regime,Z22,ZIP,7615.4,3949,-21
66,multi_regime,Z23,ZIP,5552.4,4089,-51
66,multi_regime,Z24,ZIP,10458.0,4080,-350
66,multi_regime,P25,PRSH,-2518.2,527,313
66,multi_regime,P26,PRSH,-4721.6,4594,474
66,multi_regime,P27,PRSH,-3457.4,1503,661
66,multi_regime,P28,PRSH,-4373.4,4348,446
66,multi_regime,P29,PRSH,-3355.4,2329,561
66,multi_regime,C30,CUSTOM,1103.4,4476,-6
66,multi_regime,C31,CUSTOM,3121.6,4462,-4
66,multi_regime,C32,CUSTOM,741.6,4445,1
66,multi_regime,C33,CUSTOM,3068.8,4391,-47
66,multi_regime,C34,CUSTOM,1000.8,4493,-17
67,multi_regime,G00,GVWY,-8483.4,6132,-318
67,multi_regime,G01,GVWY,-5640.8,6088,-436
67,multi_regime,G02,GVWY,-11553.8,6117,-321
67,multi_regime,G03,GVWY,-4303.6,6195,-597
67,multi_regime,G04,GVWY,-6100.6,6125,-587
67,multi_regime,Z05,ZIC,1250.4,654,278
67,multi_regime,Z06,ZIC,2032.2,662,304
67,multi_regime,Z07,ZIC,811.0,636,240
67,multi_regime,Z08,ZIC,741.4,641,253
67,multi_regime,Z09,ZIC,-294.0,688,280
67,multi_regime,S10,SHVR,-2679.0,5269,-175
67,multi_regime,S11,SHVR,-4206.8,5376,-136
67,multi_regime,S12,SHVR,-2241.4,5295,-223
67,multi_regime,S13,SHVR,-5764.4,5280,-268
67,multi_regime,S14,SHVR,-1834.2,5330,-324
67,multi_regime,S15,SNPR,-273.8,1184,4
67,multi_regime,S16,SNPR,-577.4,1180,-18
67,multi_regime,S17,SNPR,-188.0,1197,-5
67,multi_regime,S18,SNPR,-231.4,1125,-33
67,multi_regime,S19,SNPR,-1741.8,1156,-16
67,multi_regime,Z20,ZIP,5047.0,3920,-80
67,multi_regime,Z21,ZIP,7401.4,3960,-72
67,multi_regime,Z22,ZIP,6182.0,4085,-245
67,multi_regime,Z23,ZIP,6085.0,3820,-140
67,multi_regime,Z24,ZIP,5086.6,3959,-53
67,multi_regime,P25,PRSH,2333.8,937,331
67,multi_regime,P26,PRSH,210.4,3865,603
67,multi_regime,P27,PRSH,6500.6,1816,812
67,multi_regime,P28,PRSH,2967.4,1090,428
67,multi_regime,P29,PRSH,3645.4,565,443
67,multi_regime,C30,CUSTOM,2629.0,4446,-20
67,multi_regime,C31,CUSTOM,-565.4,4440,-28
67,multi_regime,C32,CUSTOM,1597.4,4345,-17
67,multi_regime,C33,CUSTOM,1648.6,4401,-23
67,multi_regime,C34,CUSTOM,2108.8,4407,-19
68,multi_regime,G00,GVWY,-9583.5,6096,-302
68,multi_regime,G01,GVWY,-9196.75,6047,-241
68,multi_regime,G02,GVWY,-14275.75,6081,-501
68,multi_regime,G03,GVWY,-13723.0,6128,-480
68,multi_regime,G04,GVWY,-10432.25,6055,-287
68,multi_regime,Z05,ZIC,4637.75,621,269
68,multi_regime,Z06,ZIC,4907.75,621,197
68,multi_regime,Z07,ZIC,5192.25,689,283
68,multi_regime,Z08,ZIC,4631.0,652,272
68,multi_regime,Z09,ZIC,5014.25,695,275
68,multi_regime,S10,SHVR,-4587.25,5323,-215
68,multi_regime,S11,SHVR,-6049.5,5186,-210
68,multi_regime,S12,SHVR,-3684.5,5252,-154
68,multi_regime,S13,SHVR,-5201.75,5267,-209
68,multi_regime,S14,SHVR,-9801.75,5239,-361
68,multi_regime,S15,SNPR,35.5,1144,-34
68,multi_regime,S16,SNPR,-1403.75,1199,-33
68,multi_regime,S17,SNPR,-2452.5,1142,-146
68,multi_regime,S18,SNPR,-2232.75,1151,-141
68,multi_regime,S19,SNPR,108.25,1155,11
68,multi_regime,Z20,ZIP,4413.75,3845,-75
68,multi_regime,Z21,ZIP,6342.25,3879,-61
68,multi_regime,Z22,ZIP,6252.5,3848,54
68,multi_regime,Z23,ZIP,2119.25,3903,-137
68,multi_regime,Z24,ZIP,2884.75,3885,-163
68,multi_regime,P25,PRSH,8899.0,578,480
68,multi_regime,P26,PRSH,9629.0,1324,468
68,multi_regime,P27,PRSH,6467.0,842,336
68,multi_regime,P28,PRSH,16088.25,2609,771
68,multi_regime,P29,PRSH,5262.0,730,356
68,multi_regime,C30,CUSTOM,-1543.75,4365,-33
68,multi_regime,C31,CUSTOM,1134.0,4380,0
68,multi_regime,C32,CUSTOM,1931.25,4463,-17
68,multi_regime,C33,CUSTOM,-1945.0,4436,-36
68,multi_regime,C34,CUSTOM,1927.5,4454,-46
69,multi_regime,G00,GVWY,-11132.4,6060,-346
69,multi_regime,G01,GVWY,-9707.7,6081,-243
69,multi_regime,G02,GVWY,-11607.1,6131,-279
69,multi_regime,G03,GVWY,-12449.8,6050,-502
69,multi_regime,G04,GVWY,-17948.9,6063,-511
69,multi_regime,Z05,ZIC,6107.9,681,291
69,multi_regime,Z06,ZIC,5367.8,626,252
69,multi_regime,Z07,ZIC,6794.0,634,300
69,multi_regime,Z08,ZIC,5129.3,657,247
69,multi_regime,Z09,ZIC,5607.3,637,277
69,multi_regime,S10,SHVR,-5932.2,5284,-78
69,multi_regime,S11,SHVR,-5139.3,5289,-167
69,multi_regime,S12,SHVR,-5587.5,5277,-155
69,multi_regime,S13,SHVR,-5836.6,5230,-104
69,multi_regime,S14,SHVR,-5084.6,5210,-134
69,multi_regime,S15,SNPR,-278.2,1134,-48
69,multi_regime,S16,SNPR,-2093.6,1154,-104
69,multi_regime,S17,SNPR,-552.6,1174,-54
69,multi_regime,S18,SNPR,-2092.5,1159,-155
69,multi_regime,S19,SNPR,-1966.0,1176,10
69,multi_regime,Z20,ZIP,4114.5,3929,-75
69,multi_regime,Z21,ZIP,5649.2,3848,-82
69,multi_regime,Z22,ZIP,-1475.8,4066,-322
69,multi_regime,Z23,ZIP,2968.4,3910,-64
69,multi_regime,Z24,ZIP,4486.3,3809,-153
69,multi_regime,P25,PRSH,6387.6,576,274
69,multi_regime,P26,PRSH,8201.8,780,392
69,multi_regime,P27,PRSH,14023.0,1672,670
69,multi_regime,P28,PRSH,7092.2,456,298
69,multi_regime,P29,PRSH,10926.0,596,490
69,multi_regime,C30,CUSTOM,825.9,4443,1
69,multi_regime,C31,CUSTOM,666.9,4415,1
69,multi_regime,C32,CUSTOM,597.1,4395,-11
69,multi_regime,C33,CUSTOM,2315.9,4409,-19
69,multi_regime,C34,CUSTOM,1579.6,4432,-36
70,multi_regime,G00,GVWY,-12482.0,6148,-290
70,multi_regime,G01,GVWY,-8040.0,6132,-378
70,multi_regime,G02,GVWY,-11505.5,6181,-553
70,multi_regime,G03,GVWY,-8581.0,6178,-348
70,multi_regime,G04,GVWY,-11083.5,6153,-325
70,multi_regime,Z05,ZIC,3104.0,664,262
70,multi_regime,Z06,ZIC,3111.5,633,263
70,multi_regime,Z07,ZIC,3248.0,708,336
70,multi_regime,Z08,ZIC,3699.5,633,259
70,multi_regime,Z09,ZIC,3661.0,670,292
70,multi_regime,S10,SHVR,-4182.5,5343,-221
70,multi_regime,S11,SHVR,-5183.0,5420,-112
70,multi_regime,S12,SHVR,-3686.5,5375,-237
70,multi_regime,S13,SHVR,-3058.5,5299,-203
70,multi_regime,S14,SHVR,-4111.5,5379,-239
70,multi_regime,S15,SNPR,-1003.5,1157,-57
70,multi_regime,S16,SNPR,-31.5,1183,-3
70,multi_regime,S17,SNPR,-1772.5,1141,-63
70,multi_regime,S18,SNPR,-1168.5,1181,-35
70,multi_regime,S19,SNPR,-548.5,1143,1
70,multi_regime,Z20,ZIP,6082.0,3866,-36
70,multi_regime,Z21,ZIP,4913.0,4002,-162
70,multi_regime,Z22,ZIP,2893.0,4046,-108
70,multi_regime,Z23,ZIP,3157.0,3852,-214
70,multi_regime,Z24,ZIP,6167.5,4015,-249
70,multi_regime,P25,PRSH,3797.5,1131,461
70,multi_regime,P26,PRSH,4069.0,3820,566
70,multi_regime,P27,PRSH,2756.0,548,282
70,multi_regime,P28,PRSH,10004.0,928,752
70,multi_regime,P29,PRSH,3268.0,672,294
70,multi_regime,C30,CUSTOM,2540.5,4453,-9
70,multi_regime,C31,CUSTOM,1891.0,4448,-26
70,multi_regime,C32,CUSTOM,2096.5,4493,-23
70,multi_regime,C33,CUSTOM,5089.5,4429,-21
70,multi_regime,C34,CUSTOM,1182.0,4462,6
71,multi_regime,G00,GVWY,-10753.45,6103,-457
71,multi_regime,G01,GVWY,-9668.15,6111,-279
71,multi_regime,G02,GVWY,-8500.2,6148,-412
71,multi_regime,G03,GVWY,-10333.4,6108,-464
71,multi_regime,G04,GVWY,-9840.9,6076,-574
71,multi_regime,Z05,ZIC,3510.6,676,296
71,multi_regime,Z06,ZIC,3818.6,684,316
71,multi_regime,Z07,ZIC,3949.95,617,307
71,multi_regime,Z08,ZIC,4329.2,684,212
71,multi_regime,Z09,ZIC,4327.0,640,280
71,multi_regime,S10,SHVR,-2032.4,5288,-224
71,multi_regime,S11,SHVR,-7152.85,5325,-201
71,multi_regime,S12,SHVR,-5618.45,5225,-257
71,multi_regime,S13,SHVR,-4844.8,5268,-168
71,multi_regime,S14,SHVR,-8296.2,5226,-292
71,multi_regime,S15,SNPR,-1555.7,1156,-122
71,multi_regime,S16,SNPR,-150.85,1125,-61
71,multi_regime,S17,SNPR,-1512.25,1159,-25
71,multi_regime,S18,SNPR,-551.6,1116,4
71,multi_regime,S19,SNPR,-2157.6,1152,-76
71,multi_regime,Z20,ZIP,4351.85,4081,-59
71,multi_regime,Z21,ZIP,2766.95,4001,-33
71,multi_regime,Z22,ZIP,5738.1,4176,-74
71,multi_regime,Z23,ZIP,4135.15,3949,-181
71,multi_regime,Z24,ZIP,2248.9,4012,14
71,multi_regime,P25,PRSH,9621.6,2536,656
71,multi_regime,P26,PRSH,5264.9,716,314
71,multi_regime,P27,PRSH,5221.0,774,360
71,multi_regime,P28,PRSH,9292.95,739,587
71,multi_regime,P29,PRSH,7545.4,594,524
71,multi_regime,C30,CUSTOM,2084.9,4454,-6
71,multi_regime,C31,CUSTOM,2848.5,4428,-10
71,multi_regime,C32,CUSTOM,951.5,4372,-10
71,multi_regime,C33,CUSTOM,287.75,4499,-25
71,multi_regime,C34,CUSTOM,1982.9,4446,-6
72,multi_regime,G00,GVWY,-7911.05,6171,-261
72,multi_regime,G01,GVWY,-9497.15,6115,-343
72,multi_regime,G02,GVWY,-15497.15,6199,-323
72,multi_regime,G03,GVWY,-11489.65,6169,-333
72,multi_regime,G04,GVWY,-12480.6,6154,-492
72,multi_regime,Z05,ZIC,5383.9,688,338
72,multi_regime,Z06,ZIC,5641.0,698,320
72,multi_regime,Z07,ZIC,5478.6,734,312
72,multi_regime,Z08,ZIC,6224.65,681,333
72,multi_regime,Z09,ZIC,5667.25,701,325
72,multi_regime,S10,SHVR,-5822.55,5377,-331
72,multi_regime,S11,SHVR,-9489.5,5348,-350
72,multi_regime,S12,SHVR,-4738.15,5413,-283
72,multi_regime,S13,SHVR,-8456.55,5353,-111
72,multi_regime,S14,SHVR,-5788.15,5357,-163
72,multi_regime,S15,SNPR,-129.05,1175,-1
72,multi_regime,S16,SNPR,-1863.45,1175,-49
72,multi_regime,S17,SNPR,-1428.95,1181,-39
72,multi_regime,S18,SNPR,-1827.9,1154,-58
72,multi_regime,S19,SNPR,-1442.6,1162,-72
72,multi_regime,Z20,ZIP,6519.05,3901,21
72,multi_regime,Z21,ZIP,9781.55,3829,-9
72,multi_regime,Z22,ZIP,7161.45,4039,-171
72,multi_regime,Z23,ZIP,4731.55,3975,-69
72,multi_regime,Z24,ZIP,4408.7,3994,-6
72,multi_regime,P25,PRSH,6231.85,797,417
72,multi_regime,P26,PRSH,5416.2,718,344
72,multi_regime,P27,PRSH,-1055.95,5319,181
72,multi_regime,P28,PRSH,8296.2,1080,504
72,multi_regime,P29,PRSH,7828.15,523,383
72,multi_regime,C30,CUSTOM,2795.9,4464,-22
72,multi_regime,C31,CUSTOM,3247.35,4401,-13
72,multi_regime,C32,CUSTOM,3893.9,4318,-22
72,multi_regime,C33,CUSTOM,176.75,4479,-5
72,multi_regime,C34,CUSTOM,1644.85,4443,-23
73,multi_regime,G00,GVWY,-20041.6,6061,-463
73,multi_regime,G01,GVWY,-12171.8,6075,-149
73,multi_regime,G02,GVWY,-17294.4,6141,-377
73,multi_regime,G03,GVWY,-17494.4,6111,-427
73,multi_regime,G04,GVWY,-14849.4,6077,-277
73,multi_regime,Z05,ZIC,8866.6,636,298
73,multi_regime,Z06,ZIC,8788.2,672,266
73,multi_regime,Z07,ZIC,7661.0,644,230
73,multi_regime,Z08,ZIC,8148.4,637,257
73,multi_regime,Z09,ZIC,9439.0,626,330
73,multi_regime,S10,SHVR,-2576.8,5273,-19
73,multi_regime,S11,SHVR,-7171.0,5279,-265
73,multi_regime,S12,SHVR,-11263.0,5279,-255
73,multi_regime,S13,SHVR,-11717.6,5306,-348
73,multi_regime,S14,SHVR,-11907.0,5301,-345
73,multi_regime,S15,SNPR,-1993.2,1177,9
73,multi_regime,S16,SNPR,-1515.2,1164,-46
73,multi_regime,S17,SNPR,-2389.0,1155,-55
73,multi_regime,S18,SNPR,-971.8,1183,-29
73,multi_regime,S19,SNPR,-665.0,1171,5
73,multi_regime,Z20,ZIP,-2622.8,4166,-384
73,multi_regime,Z21,ZIP,3149.2,4058,-104
73,multi_regime,Z22,ZIP,2927.4,4037,-23
73,multi_regime,Z23,ZIP,4846.2,4068,-14
73,multi_regime,Z24,ZIP,8628.6,3954,148
73,multi_regime,P25,PRSH,11979.6,915,423
73,multi_regime,P26,PRSH,20563.0,2922,580
73,multi_regime,P27,PRSH,9159.2,458,276
73,multi_regime,P28,PRSH,9489.8,593,319
73,multi_regime,P29,PRSH,11390.4,969,377
73,multi_regime,C30,CUSTOM,2227.0,4448,-10
73,multi_regime,C31,CUSTOM,453.0,4374,-30
73,multi_regime,C32,CUSTOM,5131.8,4407,-11
73,multi_regime,C33,CUSTOM,1615.8,4405,-1
73,multi_regime,C34,CUSTOM,861.6,4491,-17
74,multi_regime,G00,GVWY,8657.3,6135,-491
74,multi_regime,G01,GVWY,7662.3,6083,-581
74,multi_regime,G02,GVWY,7191.7,6167,-489
74,multi_regime,G03,GVWY,4236.4,6156,-428
74,multi_regime,G04,GVWY,11212.4,6094,-488
74,multi_regime,Z05,ZIC,-8482.0,670,350
74,multi_regime,Z06,ZIC,-4824.4,670,258
74,multi_regime,Z07,ZIC,-8191.1,697,347
74,multi_regime,Z08,ZIC,-6359.1,701,287
74,multi_regime,Z09,ZIC,-6626.0,690,300
74,multi_regime,S10,SHVR,8439.6,5284,-332
74,multi_regime,S11,SHVR,4519.2,5322,-244
74,multi_regime,S12,SHVR,754.0,5338,-240
74,multi_regime,S13,SHVR,-930.4,5316,-142
74,multi_regime,S14,SHVR,-398.9,5277,-117
74,multi_regime,S15,SNPR,-2262.8,1166,-4
74,multi_regime,S16,SNPR,375.4,1146,-38
74,multi_regime,S17,SNPR,1458.1,1171,-67
74,multi_regime,S18,SNPR,3646.2,1180,-154
74,multi_regime,S19,SNPR,1506.0,1164,-100
74,multi_regime,Z20,ZIP,8257.0,3834,-70
74,multi_regime,Z21,ZIP,9133.5,4049,-75
74,multi_regime,Z22,ZIP,3491.5,3963,15
74,multi_regime,Z23,ZIP,3231.6,3894,-12
74,multi_regime,Z24,ZIP,6153.4,3802,-38
74,multi_regime,P25,PRSH,-9417.8,1140,456
74,multi_regime,P26,PRSH,-14168.0,2742,560
74,multi_regime,P27,PRSH,-6112.2,400,274
74,multi_regime,P28,PRSH,-11716.4,1602,548
74,multi_regime,P29,PRSH,-13539.4,1560,598
74,multi_regime,C30,CUSTOM,1274.9,4521,-3
74,multi_regime,C31,CUSTOM,2145.5,4513,-15
74,multi_regime,C32,CUSTOM,2374.9,4367,-3
74,multi_regime,C33,CUSTOM,2205.8,4498,-26
74,multi_regime,C34,CUSTOM,1579.6,4448,-2
75,multi_regime,G00,GVWY,-7981.15,6101,-359
75,multi_regime,G01,GVWY,-5836.65,6159,-269
75,multi_regime,G02,GVWY,-4477.75,6137,-375
75,multi_regime,G03,GVWY,-5468.65,6159,-509
75,multi_regime,G04,GVWY,-11973.75,6119,-435
75,multi_regime,Z05,ZIC,2684.95,639,307
75,multi_regime,Z06,ZIC,1085.05,639,273
75,multi_regime,Z07,ZIC,1255.2,662,252
75,multi_regime,Z08,ZIC,1229.95,675,347
75,multi_regime,Z09,ZIC,1371.85,683,321
75,multi_regime,S10,SHVR,-2446.8,5306,-168
75,multi_regime,S11,SHVR,-3855.0,5296,-280
75,multi_regime,S12,SHVR,-5008.05,5303,-173
75,multi_regime,S13,SHVR,-4497.0,5274,-200
75,multi_regime,S14,SHVR,-5296.6,5346,-176
75,multi_regime,S15,SNPR,-247.1,1196,-66
75,multi_regime,S16,SNPR,270.55,1177,23
75,multi_regime,S17,SNPR,-246.65,1191,-109
75,multi_regime,S18,SNPR,-397.4,1198,-84
75,multi_regime,S19,SNPR,-540.4,1196,-4
75,multi_regime,Z20,ZIP,7346.6,3964,-124
75,multi_regime,Z21,ZIP,8899.1,3950,-154
75,multi_regime,Z22,ZIP,7034.9,3916,-26
75,multi_regime,Z23,ZIP,3670.55,4047,-97
75,multi_regime,Z24,ZIP,2307.05,3823,-87
75,multi_regime,P25,PRSH,3759.4,2818,684
75,multi_regime,P26,PRSH,2508.45,363,257
75,multi_regime,P27,PRSH,1550.75,753,295
75,multi_regime,P28,PRSH,2414.1,410,286
75,multi_regime,P29,PRSH,3808.4,3022,504
75,multi_regime,C30,CUSTOM,-124.75,4395,-15
75,multi_regime,C31,CUSTOM,107.15,4437,-1
75,multi_regime,C32,CUSTOM,2759.0,4438,0
75,multi_regime,C33,CUSTOM,3902.85,4383,1
75,multi_regime,C34,CUSTOM,2930.9,4424,-6
76,multi_regime,G00,GVWY,-4107.9,6086,-458
76,multi_regime,G01,GVWY,-8608.45,6167,-469
76,multi_regime,G02,GVWY,-6655.45,6123,-489
76,multi_regime,G03,GVWY,-7208.7,6180,-354
76,multi_regime,G04,GVWY,-6685.55,6091,-311
76,multi_regime,Z05,ZIC,3225.6,652,292
76,multi_regime,Z06,ZIC,1913.8,594,216
76,multi_regime,Z07,ZIC,2228.7,644,274
76,multi_regime,Z08,ZIC,1684.4,616,328
76,multi_regime,Z09,ZIC,2343.5,650,310
76,multi_regime,S10,SHVR,-1998.8,5320,-336
76,multi_regime,S11,SHVR,-5837.45,5309,-389
76,multi_regime,S12,SHVR,-5084.65,5257,-173
76,multi_regime,S13,SHVR,-3472.85,5257,-157
76,multi_regime,S14,SHVR,-5691.2,5274,-144
76,multi_regime,S15,SNPR,-1787.0,1172,-80
76,multi_regime,S16,SNPR,-75.9,1154,-18
76,multi_regime,S17,SNPR,-1060.6,1178,-12
76,multi_regime,S18,SNPR,-1475.05,1175,19
76,multi_regime,S19,SNPR,150.75,1141,-5
76,multi_regime,Z20,ZIP,4468.3,3938,-94
76,multi_regime,Z21,ZIP,5208.6,4016,-8
76,multi_regime,Z22,ZIP,4764.8,3886,-84
76,multi_regime,Z23,ZIP,2279.5,4022,30
76,multi_regime,Z24,ZIP,4936.15,3887,-17
76,multi_regime,P25,PRSH,2908.55,815,351
76,multi_regime,P26,PRSH,2857.4,702,248
76,multi_regime,P27,PRSH,3389.05,1135,461
76,multi_regime,P28,PRSH,3971.0,1490,580
76,multi_regime,P29,PRSH,2351.75,1017,435
76,multi_regime,C30,CUSTOM,1927.65,4457,-27
76,multi_regime,C31,CUSTOM,2206.35,4375,-13
76,multi_regime,C32,CUSTOM,862.75,4503,-5
76,multi_regime,C33,CUSTOM,2953.7,4484,-6
76,multi_regime,C34,CUSTOM,4010.65,4517,-7
77,multi_regime,G00,GVWY,-8227.1,6139,-231
77,multi_regime,G01,GVWY,-7736.4,6152,-344
77,multi_regime,G02,GVWY,-7518.5,6101,-515
77,multi_regime,G03,GVWY,-5242.3,6159,-313
77,multi_regime,G04,GVWY,-6906.2,6100,-192
77,multi_regime,Z05,ZIC,2122.5,703,315
77,multi_regime,Z06,ZIC,1347.2,712,332
77,multi_regime,Z07,ZIC,2618.6,648,286
77,multi_regime,Z08,ZIC,2354.5,665,315
77,multi_regime,Z09,ZIC,1090.0,696,300
77,multi_regime,S10,SHVR,-1348.1,5295,-201
77,multi_regime,S11,SHVR,-3856.9,5325,-249
77,multi_regime,S12,SHVR,-4192.1,5293,-231
77,multi_regime,S13,SHVR,-5319.5,5285,-185
77,multi_regime,S14,SHVR,-6181.4,5302,-234
77,multi_regime,S15,SNPR,-518.8,1144,-28
77,multi_regime,S16,SNPR,-771.6,1158,-46
77,multi_regime,S17,SNPR,1138.4,1126,-36
77,multi_regime,S18,SNPR,-1272.4,1168,6
77,multi_regime,S19,SNPR,-2579.6,1178,-26
77,multi_regime,Z20,ZIP,3255.3,4143,-267
77,multi_regime,Z21,ZIP,4974.6,4050,-94
77,multi_regime,Z22,ZIP,4482.3,3941,-27
77,multi_regime,Z23,ZIP,8873.1,4099,-379
77,multi_regime,Z24,ZIP,6201.8,4070,-132
77,multi_regime,P25,PRSH,2813.1,1953,631
77,multi_regime,P26,PRSH,1769.3,905,453
77,multi_regime,P27,PRSH,2565.9,713,349
77,multi_regime,P28,PRSH,3226.5,433,345
77,multi_regime,P29,PRSH,1089.3,383,303
77,multi_regime,C30,CUSTOM,2788.4,4416,-6
77,multi_regime,C31,CUSTOM,2663.4,4508,-6
77,multi_regime,C32,CUSTOM,3097.3,4403,-7
77,multi_regime,C33,CUSTOM,1630.8,4486,-2
77,multi_regime,C34,CUSTOM,3562.8,4452,-2
78,multi_regime,G00,GVWY,-11838.8,6135,-413
78,multi_regime,G01,GVWY,-9780.0,6174,-320
78,multi_regime,G02,GVWY,-7635.8,6162,-308
78,multi_regime,G03,GVWY,-6960.2,6176,-392
78,multi_regime,G04,GVWY,-9400.4,6165,-419
78,multi_regime,Z05,ZIC,2859.0,680,330
78,multi_regime,Z06,ZIC,2197.0,667,285
78,multi_regime,Z07,ZIC,2889.0,637,265
78,multi_regime,Z08,ZIC,1871.8,654,338
78,multi_regime,Z09,ZIC,3370.6,704,326
78,multi_regime,S10,SHVR,-5557.2,5353,-207
78,multi_regime,S11,SHVR,-6247.8,5339,-103
78,multi_regime,S12,SHVR,-2846.0,5322,-210
78,multi_regime,S13,SHVR,-3044.4,5322,-114
78,multi_regime,S14,SHVR,-7110.6,5352,-156
78,multi_regime,S15,SNPR,-1024.8,1175,-63
78,multi_regime,S16,SNPR,-476.6,1181,-1
78,multi_regime,S17,SNPR,-2188.6,1201,-121
78,multi_regime,S18,SNPR,-59.0,1193,-25
78,multi_regime,S19,SNPR,-1042.6,1177,-111
78,multi_regime,Z20,ZIP,5155.2,4011,-113
78,multi_regime,Z21,ZIP,6980.0,4012,-570
78,multi_regime,Z22,ZIP,6719.4,4044,4
78,multi_regime,Z23,ZIP,4079.8,3942,-72
78,multi_regime,Z24,ZIP,5533.6,3983,-59
78,multi_regime,P25,PRSH,3773.0,1067,485
78,multi_regime,P26,PRSH,3206.0,380,290
78,multi_regime,P27,PRSH,4971.0,437,365
78,multi_regime,P28,PRSH,3002.8,747,333
78,multi_regime,P29,PRSH,6326.6,1887,671
78,multi_regime,C30,CUSTOM,2031.0,4401,-5
78,multi_regime,C31,CUSTOM,4939.2,4429,-3
78,multi_regime,C32,CUSTOM,660.0,4464,0
78,multi_regime,C33,CUSTOM,2303.4,4487,-1
78,multi_regime,C34,CUSTOM,3471.4,4446,-26
79,multi_regime,G00,GVWY,-12873.0,6178,-290
79,multi_regime,G01,GVWY,-12090.0,6134,-310
79,multi_regime,G02,GVWY,-15144.2,6159,-379
79,multi_regime,G03,GVWY,-13318.0,6231,-355
79,multi_regime,G04,GVWY,-8895.6,6192,-512
79,multi_regime,Z05,ZIC,6330.0,662,290
79,multi_regime,Z06,ZIC,6126.8,676,286
79,multi_regime,Z07,ZIC,5501.0,701,305
79,multi_regime,Z08,ZIC,6408.4,676,318
79,multi_regime,Z09,ZIC,6156.0,675,325
79,multi_regime,S10,SHVR,-7157.4,5321,-293
79,multi_regime,S11,SHVR,-4488.4,5346,-108
79,multi_regime,S12,SHVR,-6343.8,5318,-336
79,multi_regime,S13,SHVR,-4439.0,5320,-160
79,multi_regime,S14,SHVR,-7941.2,5391,-179
79,multi_regime,S15,SNPR,-1416.4,1184,-8
79,multi_regime,S16,SNPR,-1441.4,1161,-53
79,multi_regime,S17,SNPR,-2066.0,1180,-70
79,multi_regime,S18,SNPR,-1692.8,1170,-46
79,multi_regime,S19,SNPR,-1080.6,1176,-22
79,multi_regime,Z20,ZIP,3461.6,4051,-153
79,multi_regime,Z21,ZIP,2545.8,3990,-134
79,multi_regime,Z22,ZIP,1928.2,3943,-151
79,multi_regime,Z23,ZIP,2523.8,4029,-339
79,multi_regime,Z24,ZIP,3920.0,4002,-80
79,multi_regime,P25,PRSH,10497.4,3978,538
79,multi_regime,P26,PRSH,9398.4,521,433
79,multi_regime,P27,PRSH,15060.8,2728,676
79,multi_regime,P28,PRSH,5570.2,766,394
79,multi_regime,P29,PRSH,5699.4,754,318
79,multi_regime,C30,CUSTOM,3328.6,4422,-18
79,multi_regime,C31,CUSTOM,1901.2,4443,-11
79,multi_regime,C32,CUSTOM,-660.6,4443,-7
79,multi_regime,C33,CUSTOM,1333.8,4503,-19
79,multi_regime,C34,CUSTOM,2266.2,4477,-1
80,multi_regime,G00,GVWY,-20097.5,6109,-265
80,multi_regime,G01,GVWY,-24676.3,6037,-433
80,multi_regime,G02,GVWY,-20724.5,6091,-415
80,multi_regime,G03,GVWY,-15257.8,6100,-268
80,multi_regime,G04,GVWY,-20254.1,6097,-411
80,multi_regime,Z05,ZIC,11721.1,657,251
80,multi_regime,Z06,ZIC,13526.3,675,273
80,multi_regime,Z07,ZIC,14568.8,674,318
80,multi_regime,Z08,ZIC,12385.0,652,280
80,multi_regime,Z09,ZIC,12226.7,657,237
80,multi_regime,S10,SHVR,-11133.0,5196,-130
80,multi_regime,S11,SHVR,-10487.7,5169,-197
80,multi_regime,S12,SHVR,-5449.4,5230,26
80,multi_regime,S13,SHVR,-7414.6,5200,-66
80,multi_regime,S14,SHVR,-12221.0,5134,-260
80,multi_regime,S15,SNPR,-4047.8,1156,-8
80,multi_regime,S16,SNPR,-3879.1,1175,-81
80,multi_regime,S17,SNPR,-103.2,1178,-2
80,multi_regime,S18,SNPR,-2148.7,1157,-47
80,multi_regime,S19,SNPR,-5165.9,1165,-69
80,multi_regime,Z20,ZIP,5476.9,4039,-21
80,multi_regime,Z21,ZIP,2707.7,4101,-13
80,multi_regime,Z22,ZIP,1075.7,3971,-73
80,multi_regime,Z23,ZIP,-9299.8,4126,-378
80,multi_regime,Z24,ZIP,-2667.1,3965,-191
80,multi_regime,P25,PRSH,15568.6,418,316
80,multi_regime,P26,PRSH,15144.0,408,310
80,multi_regime,P27,PRSH,29417.5,1841,685
80,multi_regime,P28,PRSH,12247.2,386,262
80,multi_regime,P29,PRSH,12694.5,509,285
80,multi_regime,C30,CUSTOM,2297.4,4434,-6
80,multi_regime,C31,CUSTOM,4551.2,4420,-8
80,multi_regime,C32,CUSTOM,910.4,4444,-16
80,multi_regime,C33,CUSTOM,3046.0,4412,-20
80,multi_regime,C34,CUSTOM,1311.3,4375,-7
81,multi_regime,G00,GVWY,-2083.8,6173,-351
81,multi_regime,G01,GVWY,3439.6,6114,-408
81,multi_regime,G02,GVWY,2380.0,6186,-390
81,multi_regime,G03,GVWY,1158.4,6132,-342
81,multi_regime,G04,GVWY,1417.4,6175,-337
81,multi_regime,Z05,ZIC,-5552.8,648,294
81,multi_regime,Z06,ZIC,-5444.8,651,299
81,multi_regime,Z07,ZIC,-6743.4,634,332
81,multi_regime,Z08,ZIC,-4730.8,685,279
81,multi_regime,Z09,ZIC,-5972.0,631,315
81,multi_regime,S10,SHVR,617.2,5390,-196
81,multi_regime,S11,SHVR,-1273.0,5388,-40
81,multi_regime,S12,SHVR,-2845.8,5298,-206
81,multi_regime,S13,SHVR,-5565.8,5373,-1
81,multi_regime,S14,SHVR,1119.2,5350,-236
81,multi_regime,S15,SNPR,4920.8,1182,-184
81,multi_regime,S16,SNPR,-744.6,1170,-2
81,multi_regime,S17,SNPR,-50.4,1200,2
81,multi_regime,S18,SNPR,-300.8,1180,-16
81,multi_regime,S19,SNPR,52.2,1202,-6
81,multi_regime,Z20,ZIP,9176.8,4059,-129
81,multi_regime,Z21,ZIP,19235.6,4153,-483
81,multi_regime,Z22,ZIP,13098.2,4104,-256
81,multi_regime,Z23,ZIP,7736.4,4051,-127
81,multi_regime,Z24,ZIP,10247.0,3856,-210
81,multi_regime,P25,PRSH,-5126.4,571,297
81,multi_regime,P26,PRSH,-16509.4,2416,762
81,multi_regime,P27,PRSH,-6695.6,661,353
81,multi_regime,P28,PRSH,-14354.8,1838,724
81,multi_regime,P29,PRSH,-3090.4,390,252
81,multi_regime,C30,CUSTOM,4628.6,4473,-33
81,multi_regime,C31,CUSTOM,1863.8,4450,-4
81,multi_regime,C32,CUSTOM,1846.6,4497,-23
81,multi_regime,C33,CUSTOM,2812.2,4451,-11
81,multi_regime,C34,CUSTOM,4771.6,4407,-23
82,multi_regime,G00,GVWY,-7802.0,6070,-370
82,multi_regime,G01,GVWY,-3929.0,6120,-690
82,multi_regime,G02,GVWY,-5582.0,6100,-350
82,multi_regime,G03,GVWY,-7543.6,6129,-441
82,multi_regime,G04,GVWY,-9069.2,6074,-402
82,multi_regime,Z05,ZIC,2295.6,691,271
82,multi_regime,Z06,ZIC,1840.2,681,287
82,multi_regime,Z07,ZIC,1662.6,676,296
82,multi_regime,Z08,ZIC,2016.0,658,280
82,multi_regime,Z09,ZIC,2784.4,700,344
82,multi_regime,S10,SHVR,-4794.6,5176,-366
82,multi_regime,S11,SHVR,-5458.6,5313,-81
82,multi_regime,S12,SHVR,-3481.4,5313,-279
82,multi_regime,S13,SHVR,-1297.8,5265,-93
82,multi_regime,S14,SHVR,-4243.6,5302,-206
82,multi_regime,S15,SNPR,-1304.8,1156,2
82,multi_regime,S16,SNPR,-1461.8,1186,-78
82,multi_regime,S17,SNPR,-1673.0,1152,-10
82,multi_regime,S18,SNPR,-2216.6,1196,-96
82,multi_regime,S19,SNPR,288.6,1163,-39
82,multi_regime,Z20,ZIP,3144.0,3960,-130
82,multi_regime,Z21,ZIP,2703.8,4034,-52
82,multi_regime,Z22,ZIP,5964.2,3889,-153
82,multi_regime,Z23,ZIP,5500.4,3878,-6
82,multi_regime,Z24,ZIP,2967.8,4050,-2
82,multi_regime,P25,PRSH,2364.6,366,256
82,multi_regime,P26,PRSH,1179.8,3301,503
82,multi_regime,P27,PRSH,2354.2,859,357
82,multi_regime,P28,PRSH,3947.0,487,365
82,multi_regime,P29,PRSH,7577.4,2125,849
82,multi_regime,C30,CUSTOM,1816.4,4398,-6
82,multi_regime,C31,CUSTOM,2790.6,4449,-39
82,multi_regime,C32,CUSTOM,1480.6,4371,1
82,multi_regime,C33,CUSTOM,2553.0,4431,-25
82,multi_regime,C34,CUSTOM,4971.2,4424,-48
83,multi_regime,G00,GVWY,-11027.35,6127,-313
83,multi_regime,G01,GVWY,-8944.05,6135,-379
83,multi_regime,G02,GVWY,-9068.9,6150,-242
83,multi_regime,G03,GVWY,-9003.9,6142,-362
83,multi_regime,G04,GVWY,-9293.0,6164,-420
83,multi_regime,Z05,ZIC,5277.4,694,312
83,multi_regime,Z06,ZIC,3860.95,683,321
83,multi_regime,Z07,ZIC,4231.45,695,311
83,multi_regime,Z08,ZIC,4588.9,660,302
83,multi_regime,Z09,ZIC,3095.2,680,296
83,multi_regime,S10,SHVR,-6074.3,5398,-154
83,multi_regime,S11,SHVR,-5737.85,5375,-203
83,multi_regime,S12,SHVR,-6291.0,5418,-180
83,multi_regime,S13,SHVR,-4431.2,5370,-196
83,multi_regime,S14,SHVR,-6960.8,5368,-184
83,multi_regime,S15,SNPR,-2005.45,1189,-51
83,multi_regime,S16,SNPR,-1546.8,1166,-84
83,multi_regime,S17,SNPR,-1055.75,1207,-45
83,multi_regime,S18,SNPR,-2957.6,1180,-48
83,multi_regime,S19,SNPR,-1850.55,1207,-89
83,multi_regime,Z20,ZIP,5152.85,4035,-137
83,multi_regime,Z21,ZIP,5692.1,3964,-62
83,multi_regime,Z22,ZIP,2595.8,4206,-356
83,multi_regime,Z23,ZIP,5196.2,3948,-4
83,multi_regime,Z24,ZIP,3765.55,4143,-371
83,multi_regime,P25,PRSH,3580.05,641,339
83,multi_regime,P26,PRSH,5644.55,4053,429
83,multi_regime,P27,PRSH,5293.85,439,343
83,multi_regime,P28,PRSH,8739.3,3124,814
83,multi_regime,P29,PRSH,5075.4,740,332
83,multi_regime,C30,CUSTOM,5120.1,4442,-2
83,multi_regime,C31,CUSTOM,3217.45,4519,-9
83,multi_regime,C32,CUSTOM,3782.75,4479,-15
83,multi_regime,C33,CUSTOM,1381.35,4401,-7
83,multi_regime,C34,CUSTOM,1816.15,4501,-3
84,multi_regime,G00,GVWY,-11797.0,6156,-432
84,multi_regime,G01,GVWY,-13564.0,6182,-260
84,multi_regime,G02,GVWY,-9177.75,6127,-207
84,multi_regime,G03,GVWY,-11485.25,6129,-521
84,multi_regime,G04,GVWY,-9269.25,6123,-309
84,multi_regime,Z05,ZIC,6249.0,718,332
84,multi_regime,Z06,ZIC,6420.75,665,323
84,multi_regime,Z07,ZIC,4845.25,625,273
84,multi_regime,Z08,ZIC,5287.5,748,338
84,multi_regime,Z09,ZIC,7502.0,678,388
84,multi_regime,S10,SHVR,-7604.75,5347,-143
84,multi_regime,S11,SHVR,-8158.5,5312,-130
84,multi_regime,S12,SHVR,-5698.25,5289,-229
84,multi_regime,S13,SHVR,-9555.75,5413,-71
84,multi_regime,S14,SHVR,-3593.25,5331,-101
84,multi_regime,S15,SNPR,-1337.25,1179,-13
84,multi_regime,S16,SNPR,298.25,1179,25
84,multi_regime,S17,SNPR,-2245.0,1134,-48
84,multi_regime,S18,SNPR,-233.5,1160,10
84,multi_regime,S19,SNPR,-1929.25,1161,-29
84,multi_regime,Z20,ZIP,3832.0,4122,-256
84,multi_regime,Z21,ZIP,5779.0,3856,-56
84,multi_regime,Z22,ZIP,4511.5,3878,2
84,multi_regime,Z23,ZIP,1646.25,4141,-535
84,multi_regime,Z24,ZIP,5842.0,3970,-8
84,multi_regime,P25,PRSH,5461.0,572,324
84,multi_regime,P26,PRSH,6250.75,379,275
84,multi_regime,P27,PRSH,6324.75,753,339
84,multi_regime,P28,PRSH,6262.5,866,362
84,multi_regime,P29,PRSH,6199.25,849,377
84,multi_regime,C30,CUSTOM,2555.25,4429,-3
84,multi_regime,C31,CUSTOM,2041.0,4390,-48
84,multi_regime,C32,CUSTOM,145.75,4373,-21
84,multi_regime,C33,CUSTOM,3476.25,4451,1
84,multi_regime,C34,CUSTOM,6039.0,4428,0
85,multi_regime,G00,GVWY,-5352.5,6199,-377
85,multi_regime,G01,GVWY,-3248.0,6146,-488
85,multi_regime,G02,GVWY,-8354.5,6085,-311
85,multi_regime,G03,GVWY,-4000.0,6168,-502
85,multi_regime,G04,GVWY,-6881.0,6158,-480
85,multi_regime,Z05,ZIC,237.5,707,287
85,multi_regime,Z06,ZIC,2029.0,718,322
85,multi_regime,Z07,ZIC,1246.0,644,320
85,multi_regime,Z08,ZIC,657.0,690,296
85,multi_regime,Z09,ZIC,1040.0,644,258
85,multi_regime,S10,SHVR,-4723.5,5343,-243
85,multi_regime,S11,SHVR,-442.5,5355,-253
85,multi_regime,S12,SHVR,-2666.5,5313,-273
85,multi_regime,S13,SHVR,-6370.5,5345,-141
85,multi_regime,S14,SHVR,-2460.5,5267,-291
85,multi_regime,S15,SNPR,776.0,1174,-132
85,multi_regime,S16,SNPR,-167.5,1197,-57
85,multi_regime,S17,SNPR,-1364.0,1206,-22
85,multi_regime,S18,SNPR,-410.5,1181,-21
85,multi_regime,S19,SNPR,-1778.0,1160,-60
85,multi_regime,Z20,ZIP,5600.5,4007,-195
85,multi_regime,Z21,ZIP,4855.5,4027,-19
85,multi_regime,Z22,ZIP,4475.5,3919,-129
85,multi_regime,Z23,ZIP,4733.0,4142,-94
85,multi_regime,Z24,ZIP,3443.5,3909,39
85,multi_regime,P25,PRSH,757.0,2742,812
85,multi_regime,P26,PRSH,-968.0,4590,548
85,multi_regime,P27,PRSH,1042.5,403,291
85,multi_regime,P28,PRSH,136.5,1071,505
85,multi_regime,P29,PRSH,1965.5,423,323
85,multi_regime,C30,CUSTOM,5231.5,4449,-13
85,multi_regime,C31,CUSTOM,4228.5,4353,-15
85,multi_regime,C32,CUSTOM,1016.0,4442,-4
85,multi_regime,C33,CUSTOM,3051.0,4392,-10
85,multi_regime,C34,CUSTOM,4919.5,4435,-7
86,multi_regime,G00,GVWY,-9517.8,6122,-336
86,multi_regime,G01,GVWY,-9556.8,6110,-406
86,multi_regime,G02,GVWY,-7366.4,6114,-468
86,multi_regime,G03,GVWY,-6934.6,6088,-442
86,multi_regime,G04,GVWY,-7173.4,6141,-443
86,multi_regime,Z05,ZIC,3955.6,607,277
86,multi_regime,Z06,ZIC,4824.6,646,342
86,multi_regime,Z07,ZIC,4545.2,678,294
86,multi_regime,Z08,ZIC,4515.2,671,289
86,multi_regime,Z09,ZIC,3769.4,605,293
86,multi_regime,S10,SHVR,-6435.4,5273,-163
86,multi_regime,S11,SHVR,-6096.4,5279,-63
86,multi_regime,S12,SHVR,-3903.6,5276,-322
86,multi_regime,S13,SHVR,-5218.4,5280,-238
86,multi_regime,S14,SHVR,-8080.8,5314,-316
86,multi_regime,S15,SNPR,-1674.8,1191,-71
86,multi_regime,S16,SNPR,-2675.0,1155,-125
86,multi_regime,S17,SNPR,-811.2,1182,26
86,multi_regime,S18,SNPR,-1606.6,1152,-62
86,multi_regime,S19,SNPR,-1684.0,1182,-120
86,multi_regime,Z20,ZIP,2856.0,3895,45
86,multi_regime,Z21,ZIP,3740.4,3857,13
86,multi_regime,Z22,ZIP,4667.0,3875,-65
86,multi_regime,Z23,ZIP,2469.2,4078,-86
86,multi_regime,Z24,ZIP,4357.2,4010,-136
86,multi_regime,P25,PRSH,4285.4,853,383
86,multi_regime,P26,PRSH,5294.0,439,335
86,multi_regime,P27,PRSH,7513.0,626,510
86,multi_regime,P28,PRSH,10267.2,2619,739
86,multi_regime,P29,PRSH,3758.4,652,258
86,multi_regime,C30,CUSTOM,1904.2,4489,-1
86,multi_regime,C31,CUSTOM,2751.4,4463,-27
86,multi_regime,C32,CUSTOM,1938.2,4447,-11
86,multi_regime,C33,CUSTOM,2112.2,4456,-16
86,multi_regime,C34,CUSTOM,751.4,4456,-2
87,multi_regime,G00,GVWY,-68.1,6146,-514
87,multi_regime,G01,GVWY,-6579.35,6181,-169
87,multi_regime,G02,GVWY,-1949.4,6106,-256
87,multi_regime,G03,GVWY,-6194.65,6097,-311
87,multi_regime,G04,GVWY,-6014.15,6075,-361
87,multi_regime,Z05,ZIC,-342.5,626,210
87,multi_regime,Z06,ZIC,-1465.25,633,325
87,multi_regime,Z07,ZIC,-1904.0,686,260
87,multi_regime,Z08,ZIC,9.85,645,239
87,multi_regime,Z09,ZIC,-1450.4,652,264
87,multi_regime,S10,SHVR,-1482.55,5239,-157
87,multi_regime,S11,SHVR,139.25,5311,-305
87,multi_regime,S12,SHVR,1411.5,5244,-350
87,multi_regime,S13,SHVR,514.6,5306,-236
87,multi_regime,S14,SHVR,1165.35,5313,-311
87,multi_regime,S15,SNPR,160.7,1178,-102
87,multi_regime,S16,SNPR,-1184.15,1153,-21
87,multi_regime,S17,SNPR,-364.1,1148,-34
87,multi_regime,S18,SNPR,-412.75,1183,-85
87,multi_regime,S19,SNPR,576.0,1128,-20
87,multi_regime,Z20,ZIP,5891.5,4052,-130
87,multi_regime,Z21,ZIP,5190.4,3916,16
87,multi_regime,Z22,ZIP,6633.05,4007,-93
87,multi_regime,Z23,ZIP,7182.9,3944,-174
87,multi_regime,Z24,ZIP,6480.35,3855,-31
87,multi_regime,P25,PRSH,-3205.2,928,412
87,multi_regime,P26,PRSH,-3324.7,836,662
87,multi_regime,P27,PRSH,-2952.45,3345,557
87,multi_regime,P28,PRSH,-1485.85,431,321
87,multi_regime,P29,PRSH,-1635.85,771,341
87,multi_regime,C30,CUSTOM,1635.45,4433,-37
87,multi_regime,C31,CUSTOM,2412.9,4520,-14
87,multi_regime,C32,CUSTOM,910.55,4393,-23
87,multi_regime,C33,CUSTOM,2777.0,4380,0
87,multi_regime,C34,CUSTOM,3525.05,4501,-13
88,multi_regime,G00,GVWY,-3115.0,6102,-424
88,multi_regime,G01,GVWY,-5549.0,6134,-376
88,multi_regime,G02,GVWY,-531.0,6108,-516
88,multi_regime,G03,GVWY,-6290.0,6217,-487
88,multi_regime,G04,GVWY,-7321.0,6079,-385
88,multi_regime,Z05,ZIC,-658.0,623,301
88,multi_regime,Z06,ZIC,-394.0,685,287
88,multi_regime,Z07,ZIC,-1429.0,701,325
88,multi_regime,Z08,ZIC,-752.0,663,263
88,multi_regime,Z09,ZIC,-459.0,682,330
88,multi_regime,S10,SHVR,-2016.0,5382,-204
88,multi_regime,S11,SHVR,-1332.0,5347,-237
88,multi_regime,S12,SHVR,-1944.0,5405,-195
88,multi_regime,S13,SHVR,1091.0,5376,-220
88,multi_regime,S14,SHVR,-1916.0,5356,-140
88,multi_regime,S15,SNPR,-1009.0,1193,-103
88,multi_regime,S16,SNPR,173.0,1173,-97
88,multi_regime,S17,SNPR,-1312.0,1185,-27
88,multi_regime,S18,SNPR,670.0,1190,-90
88,multi_regime,S19,SNPR,-427.0,1190,-70
88,multi_regime,Z20,ZIP,5014.0,3847,71
88,multi_regime,Z21,ZIP,4249.0,4069,-159
88,multi_regime,Z22,ZIP,6339.0,3896,-106
88,multi_regime,Z23,ZIP,5367.0,4032,-116
88,multi_regime,Z24,ZIP,7781.0,4197,-353
88,multi_regime,P25,PRSH,509.0,755,655
88,multi_regime,P26,PRSH,-1819.0,2491,743
88,multi_regime,P27,PRSH,-698.0,524,294
88,multi_regime,P28,PRSH,273.0,1210,432
88,multi_regime,P29,PRSH,-1255.0,1396,600
88,multi_regime,C30,CUSTOM,2586.0,4430,-22
88,multi_regime,C31,CUSTOM,1160.0,4445,-15
88,multi_regime,C32,CUSTOM,2496.0,4501,-39
88,multi_regime,C33,CUSTOM,1908.0,4414,-16
88,multi_regime,C34,CUSTOM,2833.0,4330,-6
89,multi_regime,G00,GVWY,1315.5,6144,-630
89,multi_regime,G01,GVWY,-5005.4,6142,-344
89,multi_regime,G02,GVWY,-3080.8,6096,-348
89,multi_regime,G03,GVWY,-9723.9,6082,-74
89,multi_regime,G04,GVWY,-954.3,6118,-378
89,multi_regime,Z05,ZIC,-1780.9,698,326
89,multi_regime,Z06,ZIC,-1334.2,650,308
89,multi_regime,Z07,ZIC,-681.25,631,295
89,multi_regime,Z08,ZIC,-749.45,647,283
89,multi_regime,Z09,ZIC,-2165.95,689,313
89,multi_regime,S10,SHVR,-319.15,5299,-159
89,multi_regime,S11,SHVR,-2798.0,5226,-120
89,multi_regime,S12,SHVR,-2329.35,5301,-171
89,multi_regime,S13,SHVR,-1219.3,5306,-338
89,multi_regime,S14,SHVR,-3553.2,5316,-272
89,multi_regime,S15,SNPR,-1625.35,1203,-31
89,multi_regime,S16,SNPR,553.45,1145,-83
89,multi_regime,S17,SNPR,651.25,1151,-75
89,multi_regime,S18,SNPR,1041.45,1193,-103
89,multi_regime,S19,SNPR,-1847.6,1190,-16
89,multi_regime,Z20,ZIP,4525.9,3850,-86
89,multi_regime,Z21,ZIP,6989.15,4059,-181
89,multi_regime,Z22,ZIP,6994.0,3998,-140
89,multi_regime,Z23,ZIP,11548.8,4114,-292
89,multi_regime,Z24,ZIP,10036.75,4083,-185
89,multi_regime,P25,PRSH,-942.55,1967,817
89,multi_regime,P26,PRSH,-1351.2,458,348
89,multi_regime,P27,PRSH,-784.2,732,388
89,multi_regime,P28,PRSH,-1661.7,660,318
89,multi_regime,P29,PRSH,-2624.55,1361,557
89,multi_regime,C30,CUSTOM,521.35,4397,-9
89,multi_regime,C31,CUSTOM,2645.25,4403,5
89,multi_regime,C32,CUSTOM,646.75,4455,-25
89,multi_regime,C33,CUSTOM,1050.1,4394,-14
89,multi_regime,C34,CUSTOM,528.95,4399,7
90,multi_regime,G00,GVWY,-10645.65,6115,-237
90,multi_regime,G01,GVWY,-11920.9,6090,-222
90,multi_regime,G02,GVWY,-14275.65,6121,-557
90,multi_regime,G03,GVWY,-12716.25,6117,-245
90,multi_regime,G04,GVWY,-15146.45,6143,-381
90,multi_regime,Z05,ZIC,7170.6,654,328
90,multi_regime,Z06,ZIC,6446.4,664,292
90,multi_regime,Z07,ZIC,6490.35,687,323
90,multi_regime,Z08,ZIC,5210.45,659,261
90,multi_regime,Z09,ZIC,6034.65,687,237
90,multi_regime,S10,SHVR,-6456.7,5338,-306
90,multi_regime,S11,SHVR,-9205.7,5382,-406
90,multi_regime,S12,SHVR,-8937.2,5278,-176
90,multi_regime,S13,SHVR,-6363.25,5303,-205
90,multi_regime,S14,SHVR,-8437.7,5338,-166
90,multi_regime,S15,SNPR,-1780.2,1174,-56
90,multi_regime,S16,SNPR,-1214.95,1139,49
90,multi_regime,S17,SNPR,-1938.4,1162,-52
90,multi_regime,S18,SNPR,-18.25,1127,-5
90,multi_regime,S19,SNPR,-1772.45,1149,-1
90,multi_regime,Z20,ZIP,2562.55,4007,-101
90,multi_regime,Z21,ZIP,1115.15,4217,-353
90,multi_regime,Z22,ZIP,5030.0,3958,20
90,multi_regime,Z23,ZIP,2022.8,4050,-336
90,multi_regime,Z24,ZIP,3333.8,3898,-136
90,multi_regime,P25,PRSH,8690.1,472,358
90,multi_regime,P26,PRSH,7804.85,779,333
90,multi_regime,P27,PRSH,12397.85,1717,573
90,multi_regime,P28,PRSH,11741.85,3515,653
90,multi_regime,P29,PRSH,8880.55,487,379
90,multi_regime,C30,CUSTOM,2186.0,4508,0
90,multi_regime,C31,CUSTOM,3293.9,4386,2
90,multi_regime,C32,CUSTOM,4310.7,4494,-14
90,multi_regime,C33,CUSTOM,1472.5,4524,-30
90,multi_regime,C34,CUSTOM,3550.15,4409,-13
91,multi_regime,G00,GVWY,-13546.0,6084,-580
91,multi_regime,G01,GVWY,-10176.0,6138,-40
91,multi_regime,G02,GVWY,-5709.3,6078,-366
91,multi_regime,G03,GVWY,-9264.7,6118,-214
91,multi_regime,G04,GVWY,-7838.9,6108,-278
91,multi_regime,Z05,ZIC,4047.0,642,300
91,multi_regime,Z06,ZIC,4723.1,672,322
91,multi_regime,Z07,ZIC,4570.05,617,271
91,multi_regime,Z08,ZIC,4350.25,689,275
91,multi_regime,Z09,ZIC,4639.6,638,292
91,multi_regime,S10,SHVR,-6193.5,5252,-330
91,multi_regime,S11,SHVR,-3670.5,5298,-130
91,multi_regime,S12,SHVR,-6145.85,5313,-127
91,multi_regime,S13,SHVR,-8633.1,5210,-462
91,multi_regime,S14,SHVR,-6303.65,5325,-143
91,multi_regime,S15,SNPR,-520.2,1170,-44
91,multi_regime,S16,SNPR,-1572.7,1158,-74
91,multi_regime,S17,SNPR,-2216.4,1140,-108
91,multi_regime,S18,SNPR,-1129.65,1169,17
91,multi_regime,S19,SNPR,-508.05,1159,-71
91,multi_regime,Z20,ZIP,5181.25,4005,-25
91,multi_regime,Z21,ZIP,2373.95,4025,-151
91,multi_regime,Z22,ZIP,4824.2,4130,-56
91,multi_regime,Z23,ZIP,693.75,4021,-335
91,multi_regime,Z24,ZIP,4905.8,3834,36
91,multi_regime,P25,PRSH,11706.4,3006,648
91,multi_regime,P26,PRSH,7192.35,511,397
91,multi_regime,P27,PRSH,5477.4,880,388
91,multi_regime,P28,PRSH,4584.25,469,255
91,multi_regime,P29,PRSH,3890.75,373,225
91,multi_regime,C30,CUSTOM,3219.25,4353,-5
91,multi_regime,C31,CUSTOM,900.1,4444,2
91,multi_regime,C32,CUSTOM,2269.8,4386,-4
91,multi_regime,C33,CUSTOM,1432.55,4405,1
91,multi_regime,C34,CUSTOM,2584.45,4365,-21
92,multi_regime,G00,GVWY,-15536.4,6136,-482
92,multi_regime,G01,GVWY,-19461.2,6073,-451
92,multi_regime,G02,GVWY,-17401.0,6104,-510
92,multi_regime,G03,GVWY,-18726.0,6130,-460
92,multi_regime,G04,GVWY,-17400.8,6158,-554
92,multi_regime,Z05,ZIC,8295.6,651,303
92,multi_regime,Z06,ZIC,8458.4,636,332
92,multi_regime,Z07,ZIC,8424.2,668,316
92,multi_regime,Z08,ZIC,8173.2,704,296
92,multi_regime,Z09,ZIC,8585.4,705,287
92,multi_regime,S10,SHVR,-6355.6,5297,-193
92,multi_regime,S11,SHVR,-8099.2,5306,-246
92,multi_regime,S12,SHVR,-10920.0,5298,-330
92,multi_regime,S13,SHVR,-4269.2,5350,-56
92,multi_regime,S14,SHVR,-8005.2,5316,-326
92,multi_regime,S15,SNPR,-51.0,1159,5
92,multi_regime,S16,SNPR,-3189.8,1170,-134
92,multi_regime,S17,SNPR,-1936.8,1157,1
92,multi_regime,S18,SNPR,-1370.6,1160,-18
92,multi_regime,S19,SNPR,-1691.8,1194,6
92,multi_regime,Z20,ZIP,2486.2,3851,-119
92,multi_regime,Z21,ZIP,2720.2,3999,-119
92,multi_regime,Z22,ZIP,5480.0,3917,5
92,multi_regime,Z23,ZIP,1612.2,3849,-109
92,multi_regime,Z24,ZIP,924.0,3958,-70
92,multi_regime,P25,PRSH,18553.8,1769,629
92,multi_regime,P26,PRSH,10948.6,475,343
92,multi_regime,P27,PRSH,13215.0,3479,565
92,multi_regime,P28,PRSH,8809.8,486,314
92,multi_regime,P29,PRSH,17909.8,3655,709
92,multi_regime,C30,CUSTOM,2170.6,4384,-2
92,multi_regime,C31,CUSTOM,3655.8,4402,-6
92,multi_regime,C32,CUSTOM,1139.6,4434,-12
92,multi_regime,C33,CUSTOM,2498.6,4436,-2
92,multi_regime,C34,CUSTOM,651.0,4336,0
93,multi_regime,G00,GVWY,-4581.05,6147,-583
93,multi_regime,G01,GVWY,-8072.05,6057,-323
93,multi_regime,G02,GVWY,-5300.85,6125,-531
93,multi_regime,G03,GVWY,-10418.5,6128,-470
93,multi_regime,G04,GVWY,-12487.65,6127,-459
93,multi_regime,Z05,ZIC,1772.8,662,248
93,multi_regime,Z06,ZIC,3014.55,663,353
93,multi_regime,Z07,ZIC,2908.5,664,310
93,multi_regime,Z08,ZIC,2930.15,645,269
93,multi_regime,Z09,ZIC,2929.35,633,281
93,multi_regime,S10,SHVR,-3901.1,5328,-106
93,multi_regime,S11,SHVR,-2270.15,5323,-289
93,multi_regime,S12,SHVR,-4979.8,5334,-308
93,multi_regime,S13,SHVR,-5365.95,5363,-197
93,multi_regime,S14,SHVR,-3316.45,5251,-227
93,multi_regime,S15,SNPR,-600.6,1148,-116
93,multi_regime,S16,SNPR,-2099.55,1161,27
93,multi_regime,S17,SNPR,-1195.25,1159,5
93,multi_regime,S18,SNPR,-911.95,1157,23
93,multi_regime,S19,SNPR,-1059.2,1156,-132
93,multi_regime,Z20,ZIP,4638.55,4115,-287
93,multi_regime,Z21,ZIP,5375.0,4146,-80
93,multi_regime,Z22,ZIP,2832.75,3949,-55
93,multi_regime,Z23,ZIP,4178.3,4122,-182
93,multi_regime,Z24,ZIP,4815.9,3838,14
93,multi_regime,P25,PRSH,4011.3,390,298
93,multi_regime,P26,PRSH,6885.5,2556,850
93,multi_regime,P27,PRSH,4047.35,3619,741
93,multi_regime,P28,PRSH,3806.3,1154,478
93,multi_regime,P29,PRSH,3260.75,981,425
93,multi_regime,C30,CUSTOM,3004.55,4515,-7
93,multi_regime,C31,CUSTOM,1036.2,4408,-48
93,multi_regime,C32,CUSTOM,1400.95,4491,-23
93,multi_regime,C33,CUSTOM,2801.55,4395,-67
93,multi_regime,C34,CUSTOM,2000.0,4492,0
94,multi_regime,G00,GVWY,-10409.9,6125,-381
94,multi_regime,G01,GVWY,-11142.4,6164,-256
94,multi_regime,G02,GVWY,-10814.5,6155,-455
94,multi_regime,G03,GVWY,-9180.4,6144,-506
94,multi_regime,G04,GVWY,-11097.3,6073,-527
94,multi_regime,Z05,ZIC,2830.2,672,378
94,multi_regime,Z06,ZIC,3083.6,724,354
94,multi_regime,Z07,ZIC,2707.2,608,238
94,multi_regime,Z08,ZIC,2975.5,651,225
94,multi_regime,Z09,ZIC,2238.8,630,252
94,multi_regime,S10,SHVR,-3048.8,5316,-362
94,multi_regime,S11,SHVR,-3736.4,5248,-126
94,multi_regime,S12,SHVR,-5080.6,5324,-24
94,multi_regime,S13,SHVR,-3403.8,5260,-212
94,multi_regime,S14,SHVR,-1891.5,5217,-205
94,multi_regime,S15,SNPR,-1175.2,1150,-8
94,multi_regime,S16,SNPR,-1492.8,1172,-62
94,multi_regime,S17,SNPR,-1098.9,1171,-51
94,multi_regime,S18,SNPR,-1492.6,1136,-104
94,multi_regime,S19,SNPR,-237.8,1160,-22
94,multi_regime,Z20,ZIP,4714.6,4124,-156
94,multi_regime,Z21,ZIP,5533.6,4026,-96
94,multi_regime,Z22,ZIP,4978.0,3994,-240
94,multi_regime,Z23,ZIP,2675.0,3990,-140
94,multi_regime,Z24,ZIP,3846.9,4001,41
94,multi_regime,P25,PRSH,5009.4,1428,486
94,multi_regime,P26,PRSH,5955.3,611,507
94,multi_regime,P27,PRSH,6653.9,1469,601
94,multi_regime,P28,PRSH,4942.5,429,335
94,multi_regime,P29,PRSH,5225.0,526,400
94,multi_regime,C30,CUSTOM,340.6,4394,-6
94,multi_regime,C31,CUSTOM,3967.5,4415,-5
94,multi_regime,C32,CUSTOM,3173.7,4379,-27
94,multi_regime,C33,CUSTOM,5089.2,4412,-2
94,multi_regime,C34,CUSTOM,1095.4,4416,-24
95,multi_regime,G00,GVWY,-16927.35,6137,-319
95,multi_regime,G01,GVWY,-18561.15,6069,-311
95,multi_regime,G02,GVWY,-17897.25,6095,-425
95,multi_regime,G03,GVWY,-17989.3,6116,-322
95,multi_regime,G04,GVWY,-23082.05,6153,-417
95,multi_regime,Z05,ZIC,10101.3,660,262
95,multi_regime,Z06,ZIC,11891.85,693,329
95,multi_regime,Z07,ZIC,10479.05,673,277
95,multi_regime,Z08,ZIC,10221.0,698,320
95,multi_regime,Z09,ZIC,12862.7,728,358
95,multi_regime,S10,SHVR,-8828.8,5234,-232
95,multi_regime,S11,SHVR,-8324.8,5222,-232
95,multi_regime,S12,SHVR,-11802.2,5242,-308
95,multi_regime,S13,SHVR,-8636.95,5277,-163
95,multi_regime,S14,SHVR,-14527.95,5295,-283
95,multi_regime,S15,SNPR,-2670.75,1129,-55
95,multi_regime,S16,SNPR,-4816.45,1163,-113
95,multi_regime,S17,SNPR,-461.5,1132,-30
95,multi_regime,S18,SNPR,-2696.95,1129,-43
95,multi_regime,S19,SNPR,-1988.6,1186,-24
95,multi_regime,Z20,ZIP,2287.65,4023,-99
95,multi_regime,Z21,ZIP,4633.15,3909,-29
95,multi_regime,Z22,ZIP,5818.7,4002,-2
95,multi_regime,Z23,ZIP,-11329.3,4152,-542
95,multi_regime,Z24,ZIP,3847.1,4004,34
95,multi_regime,P25,PRSH,26111.45,1621,713
95,multi_regime,P26,PRSH,22511.5,1698,570
95,multi_regime,P27,PRSH,13412.7,916,338
95,multi_regime,P28,PRSH,12448.05,727,337
95,multi_regime,P29,PRSH,12039.9,654,306
95,multi_regime,C30,CUSTOM,1830.0,4510,-40
95,multi_regime,C31,CUSTOM,-251.75,4501,-15
95,multi_regime,C32,CUSTOM,3478.8,4388,-8
95,multi_regime,C33,CUSTOM,2527.6,4384,4
95,multi_regime,C34,CUSTOM,1259.0,4410,0
96,multi_regime,G00,GVWY,-4532.4,6138,-352
96,multi_regime,G01,GVWY,-6441.4,6131,-357
96,multi_regime,G02,GVWY,-8473.4,6150,-122
96,multi_regime,G03,GVWY,-6031.0,6111,-275
96,multi_regime,G04,GVWY,-3041.0,6129,-335
96,multi_regime,Z05,ZIC,305.6,664,338
96,multi_regime,Z06,ZIC,126.4,657,327
96,multi_regime,Z07,ZIC,-656.8,689,281
96,multi_regime,Z08,ZIC,597.2,680,256
96,multi_regime,Z09,ZIC,404.2,673,301
96,multi_regime,S10,SHVR,-3893.4,5327,-37
96,multi_regime,S11,SHVR,-2763.0,5291,-115
96,multi_regime,S12,SHVR,-354.2,5302,-356
96,multi_regime,S13,SHVR,-605.4,5307,-157
96,multi_regime,S14,SHVR,-5303.4,5247,-277
96,multi_regime,S15,SNPR,-925.8,1140,46
96,multi_regime,S16,SNPR,-421.6,1195,-123
96,multi_regime,S17,SNPR,692.2,1171,-169
96,multi_regime,S18,SNPR,791.0,1148,-120
96,multi_regime,S19,SNPR,-1354.6,1184,-58
96,multi_regime,Z20,ZIP,2563.8,4031,89
96,multi_regime,Z21,ZIP,4898.6,3965,153
96,multi_regime,Z22,ZIP,5879.0,4105,-185
96,multi_regime,Z23,ZIP,6653.4,3839,-103
96,multi_regime,Z24,ZIP,7166.6,4138,-492
96,multi_regime,P25,PRSH,555.6,405,273
96,multi_regime,P26,PRSH,1510.0,444,380
96,multi_regime,P27,PRSH,281.0,840,360
96,multi_regime,P28,PRSH,334.6,423,263
96,multi_regime,P29,PRSH,1014.8,3071,649
96,multi_regime,C30,CUSTOM,464.6,4411,-27
96,multi_regime,C31,CUSTOM,3206.6,4375,-37
96,multi_regime,C32,CUSTOM,3207.2,4439,1
96,multi_regime,C33,CUSTOM,3268.4,4421,-23
96,multi_regime,C34,CUSTOM,2659.2,4419,-19
97,multi_regime,G00,GVWY,-13877.85,6147,-151
97,multi_regime,G01,GVWY,-13509.6,6080,-436
97,multi_regime,G02,GVWY,-13743.3,6116,-378
97,multi_regime,G03,GVWY,-11592.05,6093,-403
97,multi_regime,G04,GVWY,-13443.1,6086,-426
97,multi_regime,Z05,ZIC,7378.75,699,345
97,multi_regime,Z06,ZIC,7526.95,703,297
97,multi_regime,Z07,ZIC,6276.2,660,272
97,multi_regime,Z08,ZIC,4869.45,661,307
97,multi_regime,Z09,ZIC,6313.2,680,292
97,multi_regime,S10,SHVR,-8795.7,5258,-262
97,multi_regime,S11,SHVR,-9364.55,5341,-413
97,multi_regime,S12,SHVR,-9271.3,5346,-178
97,multi_regime,S13,SHVR,-7958.2,5322,-112
97,multi_regime,S14,SHVR,-4284.0,5312,-160
97,multi_regime,S15,SNPR,-1074.25,1163,-55
97,multi_regime,S16,SNPR,-1990.0,1174,-60
97,multi_regime,S17,SNPR,-2233.15,1159,-29
97,multi_regime,S18,SNPR,-301.2,1180,-72
97,multi_regime,S19,SNPR,-1161.2,1176,-32
97,multi_regime,Z20,ZIP,2391.55,3889,-47
97,multi_regime,Z21,ZIP,2348.2,4050,-248
97,multi_regime,Z22,ZIP,4351.0,3986,-140
97,multi_regime,Z23,ZIP,97.75,3961,-275
97,multi_regime,Z24,ZIP,1261.4,3816,-76
97,multi_regime,P25,PRSH,11952.7,1204,422
97,multi_regime,P26,PRSH,11052.1,1748,586
97,multi_regime,P27,PRSH,9565.65,505,339
97,multi_regime,P28,PRSH,7397.2,656,292
97,multi_regime,P29,PRSH,16381.65,3041,679
97,multi_regime,C30,CUSTOM,2941.0,4474,0
97,multi_regime,C31,CUSTOM,3606.3,4378,-2
97,multi_regime,C32,CUSTOM,2353.95,4435,-3
97,multi_regime,C33,CUSTOM,2896.9,4378,-6
97,multi_regime,C34,CUSTOM,656.3,4426,-2
98,multi_regime,G00,GVWY,-16789.2,6104,-288
98,multi_regime,G01,GVWY,-18708.5,6142,-430
98,multi_regime,G02,GVWY,-20098.15,6063,-551
98,multi_regime,G03,GVWY,-22674.0,6086,-540
98,multi_regime,G04,GVWY,-15823.35,6037,-339
98,multi_regime,Z05,ZIC,8631.2,638,248
98,multi_regime,Z06,ZIC,11147.6,686,344
98,multi_regime,Z07,ZIC,7789.65,603,261
98,multi_regime,Z08,ZIC,11014.75,645,315
98,multi_regime,Z09,ZIC,10805.45,665,353
98,multi_regime,S10,SHVR,-10248.65,5357,-221
98,multi_regime,S11,SHVR,-14017.15,5303,-331
98,multi_regime,S12,SHVR,-10755.25,5265,-265
98,multi_regime,S13,SHVR,-4932.85,5287,31
98,multi_regime,S14,SHVR,-12642.7,5324,-258
98,multi_regime,S15,SNPR,1276.95,1179,43
98,multi_regime,S16,SNPR,-1249.45,1163,-33
98,multi_regime,S17,SNPR,-4713.5,1164,-70
98,multi_regime,S18,SNPR,-4665.35,1173,-79
98,multi_regime,S19,SNPR,-1691.3,1166,-62
98,multi_regime,Z20,ZIP,2178.35,3863,-41
98,multi_regime,Z21,ZIP,1785.4,4006,-124
98,multi_regime,Z22,ZIP,283.6,4024,-136
98,multi_regime,Z23,ZIP,2359.85,3903,-111
98,multi_regime,Z24,ZIP,-3353.7,4032,-298
98,multi_regime,P25,PRSH,10709.85,557,329
98,multi_regime,P26,PRSH,15072.5,1058,410
98,multi_regime,P27,PRSH,14472.3,494,402
98,multi_regime,P28,PRSH,31416.4,1716,876
98,multi_regime,P29,PRSH,16846.4,1170,496
98,multi_regime,C30,CUSTOM,5097.0,4394,-20
98,multi_regime,C31,CUSTOM,1794.1,4430,-6
98,multi_regime,C32,CUSTOM,1445.8,4294,-8
98,multi_regime,C33,CUSTOM,3048.4,4314,-4
98,multi_regime,C34,CUSTOM,4086.55,4513,-13
99,multi_regime,G00,GVWY,-12513.1,6104,-178
99,multi_regime,G01,GVWY,-16888.4,6204,-352
99,multi_regime,G02,GVWY,-14606.65,6107,-407
99,multi_regime,G03,GVWY,-13107.45,6143,-231
99,multi_regime,G04,GVWY,-15217.0,6212,-300
99,multi_regime,Z05,ZIC,7459.85,679,323
99,multi_regime,Z06,ZIC,6475.05,579,239
99,multi_regime,Z07,ZIC,9553.1,668,378
99,multi_regime,Z08,ZIC,7901.6,660,288
99,multi_regime,Z09,ZIC,8259.75,731,305
99,multi_regime,S10,SHVR,-6350.3,5320,-234
99,multi_regime,S11,SHVR,-11598.0,5342,-220
99,multi_regime,S12,SHVR,-5497.55,5395,-169
99,multi_regime,S13,SHVR,-11165.15,5403,-297
99,multi_regime,S14,SHVR,-10044.55,5333,-349
99,multi_regime,S15,SNPR,-988.2,1196,4
99,multi_regime,S16,SNPR,-3599.4,1180,-72
99,multi_regime,S17,SNPR,-4138.8,1178,-124
99,multi_regime,S18,SNPR,-1290.25,1195,-55
99,multi_regime,S19,SNPR,-2949.3,1182,-94
99,multi_regime,Z20,ZIP,-3696.05,4065,-479
99,multi_regime,Z21,ZIP,-3733.75,4183,-525
99,multi_regime,Z22,ZIP,3749.95,4069,-59
99,multi_regime,Z23,ZIP,6611.25,3971,-5
99,multi_regime,Z24,ZIP,294.3,4104,-286
99,multi_regime,P25,PRSH,17697.05,1691,659
99,multi_regime,P26,PRSH,17109.3,728,594
99,multi_regime,P27,PRSH,8255.5,398,290
99,multi_regime,P28,PRSH,9200.4,740,352
99,multi_regime,P29,PRSH,22252.7,2946,886
99,multi_regime,C30,CUSTOM,2863.9,4472,-18
99,multi_regime,C31,CUSTOM,-56.75,4529,-5
99,multi_regime,C32,CUSTOM,1317.1,4446,-42
99,multi_regime,C33,CUSTOM,4535.5,4396,-10
99,multi_regime,C34,CUSTOM,1628.35,4469,-7
100,multi_regime,G00,GVWY,-19119.8,6165,-507
100,multi_regime,G01,GVWY,-15796.4,6108,-376
100,multi_regime,G02,GVWY,-17037.2,6144,-468
100,multi_regime,G03,GVWY,-14552.8,6183,-327
100,multi_regime,G04,GVWY,-17942.2,6178,-428
100,multi_regime,Z05,ZIC,10168.6,648,294
100,multi_regime,Z06,ZIC,8917.0,625,275
100,multi_regime,Z07,ZIC,10629.8,668,292
100,multi_regime,Z08,ZIC,9281.0,635,285
100,multi_regime,Z09,ZIC,8721.6,636,244
100,multi_regime,S10,SHVR,-11456.2,5278,-228
100,multi_regime,S11,SHVR,-10824.4,5343,-221
100,multi_regime,S12,SHVR,-9010.0,5346,-140
100,multi_regime,S13,SHVR,-12521.0,5352,-220
100,multi_regime,S14,SHVR,-7416.4,5347,-161
100,multi_regime,S15,SNPR,-4100.8,1143,-67
100,multi_regime,S16,SNPR,-3842.4,1190,-86
100,multi_regime,S17,SNPR,-4211.2,1193,-113
100,multi_regime,S18,SNPR,-1833.8,1204,-52
100,multi_regime,S19,SNPR,-2169.2,1170,-68
100,multi_regime,Z20,ZIP,1164.6,3890,-76
100,multi_regime,Z21,ZIP,-1783.6,4119,-219
100,multi_regime,Z22,ZIP,2017.0,3955,-95
100,multi_regime,Z23,ZIP,3086.0,3907,-45
100,multi_regime,Z24,ZIP,-845.4,4056,-156
100,multi_regime,P25,PRSH,14515.0,1121,395
100,multi_regime,P26,PRSH,11174.2,674,308
100,multi_regime,P27,PRSH,16120.4,1117,511
100,multi_regime,P28,PRSH,24749.8,2474,702
100,multi_regime,P29,PRSH,20686.2,1891,643
100,multi_regime,C30,CUSTOM,3496.0,4410,0
100,multi_regime,C31,CUSTOM,1065.8,4451,-3
100,multi_regime,C32,CUSTOM,1558.6,4366,-6
100,multi_regime,C33,CUSTOM,1314.4,4526,-4
100,multi_regime,C34,CUSTOM,3588.0,4432,-10
101,multi_regime,G00,GVWY,-17538.35,6135,-329
101,multi_regime,G01,GVWY,-20729.15,6167,-401
101,multi_regime,G02,GVWY,-15483.5,6110,-290
101,multi_regime,G03,GVWY,-23273.7,6138,-558
101,multi_regime,G04,GVWY,-20618.1,6146,-534
101,multi_regime,Z05,ZIC,10469.35,661,289
101,multi_regime,Z06,ZIC,10532.9,612,306
101,multi_regime,Z07,ZIC,11210.15,689,301
101,multi_regime,Z08,ZIC,10676.45,635,283
101,multi_regime,Z09,ZIC,10805.8,678,292
101,multi_regime,S10,SHVR,-10456.25,5237,-275
101,multi_regime,S11,SHVR,-12157.05,5339,-207
101,multi_regime,S12,SHVR,-12998.65,5329,-231
101,multi_regime,S13,SHVR,-16040.2,5382,-468
101,multi_regime,S14,SHVR,-11122.35,5361,-189
101,multi_regime,S15,SNPR,-3368.7,1178,-78
101,multi_regime,S16,SNPR,-4089.5,1184,-130
101,multi_regime,S17,SNPR,-993.45,1183,-23
101,multi_regime,S18,SNPR,-2718.6,1158,-64
101,multi_regime,S19,SNPR,-1625.15,1185,-81
101,multi_regime,Z20,ZIP,3290.8,4126,-68
101,multi_regime,Z21,ZIP,-4765.5,4146,-350
101,multi_regime,Z22,ZIP,3936.15,4059,-59
101,multi_regime,Z23,ZIP,3076.6,3998,-96
101,multi_regime,Z24,ZIP,6217.65,3985,31
101,multi_regime,P25,PRSH,13632.55,4095,457
101,multi_regime,P26,PRSH,17760.95,1415,493
101,multi_regime,P27,PRSH,12891.4,716,356
101,multi_regime,P28,PRSH,34281.9,2058,866
101,multi_regime,P29,PRSH,25962.55,923,697
101,multi_regime,C30,CUSTOM,961.25,4463,-5
101,multi_regime,C31,CUSTOM,1298.7,4450,-2
101,multi_regime,C32,CUSTOM,-489.6,4512,-4
101,multi_regime,C33,CUSTOM,672.2,4556,-12
101,multi_regime,C34,CUSTOM,-202.15,4455,-1
102,multi_regime,G00,GVWY,-12726.6,6134,-396
102,multi_regime,G01,GVWY,-9847.0,6116,-360
102,multi_regime,G02,GVWY,85.0,6075,-605
102,multi_regime,G03,GVWY,-8172.0,6121,-415
102,multi_regime,G04,GVWY,-7361.0,6104,-480
102,multi_regime,Z05,ZIC,1292.0,683,305
102,multi_regime,Z06,ZIC,1091.2,646,292
102,multi_regime,Z07,ZIC,1105.0,642,300
102,multi_regime,Z08,ZIC,1836.8,674,308
102,multi_regime,Z09,ZIC,1427.2,646,302
102,multi_regime,S10,SHVR,-4782.0,5297,-95
102,multi_regime,S11,SHVR,-3660.6,5351,-201
102,multi_regime,S12,SHVR,-480.4,5313,-239
102,multi_regime,S13,SHVR,-6334.2,5343,-167
102,multi_regime,S14,SHVR,-2738.0,5257,-235
102,multi_regime,S15,SNPR,-2009.8,1155,17
102,multi_regime,S16,SNPR,-1724.4,1157,1
102,multi_regime,S17,SNPR,964.2,1150,-128
102,multi_regime,S18,SNPR,-1633.6,1157,-21
102,multi_regime,S19,SNPR,-527.0,1167,-75
102,multi_regime,Z20,ZIP,7641.8,4054,-52
102,multi_regime,Z21,ZIP,3691.0,4029,15
102,multi_regime,Z22,ZIP,2364.8,3907,-87
102,multi_regime,Z23,ZIP,4607.6,4030,-24
102,multi_regime,Z24,ZIP,7379.0,4155,-255
102,multi_regime,P25,PRSH,2170.4,351,239
102,multi_regime,P26,PRSH,5221.6,732,606
102,multi_regime,P27,PRSH,2910.4,885,379
102,multi_regime,P28,PRSH,5635.2,1158,772
102,multi_regime,P29,PRSH,1597.2,463,277
102,multi_regime,C30,CUSTOM,2907.0,4436,-10
102,multi_regime,C31,CUSTOM,2789.8,4370,-2
102,multi_regime,C32,CUSTOM,563.6,4394,-4
102,multi_regime,C33,CUSTOM,3813.2,4434,-58
102,multi_regime,C34,CUSTOM,3470.2,4436,-18
103,multi_regime,G00,GVWY,-7274.0,6082,-262
103,multi_regime,G01,GVWY,-4010.0,6120,-454
103,multi_regime,G02,GVWY,-5838.0,6122,-332
103,multi_regime,G03,GVWY,-5957.5,6137,-285
103,multi_regime,G04,GVWY,-2388.0,6162,-572
103,multi_regime,Z05,ZIC,-1281.5,637,269
103,multi_regime,Z06,ZIC,-1873.0,710,356
103,multi_regime,Z07,ZIC,-2188.5,631,299
103,multi_regime,Z08,ZIC,-1326.5,713,333
103,multi_regime,Z09,ZIC,-1696.0,690,344
103,multi_regime,S10,SHVR,1627.0,5362,-346
103,multi_regime,S11,SHVR,-3461.0,5308,-8
103,multi_regime,S12,SHVR,387.5,5281,-305
103,multi_regime,S13,SHVR,73.0,5298,-112
103,multi_regime,S14,SHVR,-1934.5,5321,-189
103,multi_regime,S15,SNPR,560.0,1154,-32
103,multi_regime,S16,SNPR,-94.5,1159,-9
103,multi_regime,S17,SNPR,-1389.0,1188,-84
103,multi_regime,S18,SNPR,1803.5,1143,-89
103,multi_regime,S19,SNPR,-1331.5,1159,7
103,multi_regime,Z20,ZIP,5200.5,3979,-63
103,multi_regime,Z21,ZIP,4739.0,4036,-14
103,multi_regime,Z22,ZIP,5874.0,4022,-26
103,multi_regime,Z23,ZIP,6844.0,4212,-124
103,multi_regime,Z24,ZIP,6918.0,4120,-112
103,multi_regime,P25,PRSH,-2241.5,631,311
103,multi_regime,P26,PRSH,-558.5,573,435
103,multi_regime,P27,PRSH,-1907.0,1152,494
103,multi_regime,P28,PRSH,-755.0,4692,230
103,multi_regime,P29,PRSH,-1163.0,446,314
103,multi_regime,C30,CUSTOM,4445.0,4538,-8
103,multi_regime,C31,CUSTOM,3441.0,4454,2
103,multi_regime,C32,CUSTOM,2658.5,4429,-33
103,multi_regime,C33,CUSTOM,3009.0,4436,-28
103,multi_regime,C34,CUSTOM,3585.0,4384,-12
104,multi_regime,G00,GVWY,-18025.0,6156,-420
104,multi_regime,G01,GVWY,-18123.0,6090,-450
104,multi_regime,G02,GVWY,-16456.6,6146,-354
104,multi_regime,G03,GVWY,-14535.0,6110,-270
104,multi_regime,G04,GVWY,-15897.2,6082,-408
104,multi_regime,Z05,ZIC,7552.1,627,289
104,multi_regime,Z06,ZIC,7821.1,719,289
104,multi_regime,Z07,ZIC,8913.6,656,284
104,multi_regime,Z08,ZIC,8243.3,703,247
104,multi_regime,Z09,ZIC,9268.5,651,315
104,multi_regime,S10,SHVR,-6778.6,5308,-154
104,multi_regime,S11,SHVR,-10466.9,5263,-271
104,multi_regime,S12,SHVR,-10729.5,5277,-345
104,multi_regime,S13,SHVR,-11018.1,5283,-169
104,multi_regime,S14,SHVR,-8195.8,5308,-92
104,multi_regime,S15,SNPR,-600.5,1181,-65
104,multi_regime,S16,SNPR,-3468.4,1182,-76
104,multi_regime,S17,SNPR,-1221.2,1160,-48
104,multi_regime,S18,SNPR,-1960.9,1187,-81
104,multi_regime,S19,SNPR,-1688.1,1171,-39
104,multi_regime,Z20,ZIP,872.9,4035,-279
104,multi_regime,Z21,ZIP,3550.0,3966,-80
104,multi_regime,Z22,ZIP,3379.3,4165,-143
104,multi_regime,Z23,ZIP,-650.1,3853,-189
104,multi_regime,Z24,ZIP,4856.4,3946,26
104,multi_regime,P25,PRSH,24714.1,1767,749
104,multi_regime,P26,PRSH,16651.1,1687,529
104,multi_regime,P27,PRSH,8665.5,493,275
104,multi_regime,P28,PRSH,6777.7,331,203
104,multi_regime,P29,PRSH,18886.0,2886,620
104,multi_regime,C30,CUSTOM,2109.6,4430,-16
104,multi_regime,C31,CUSTOM,189.7,4519,-17
104,multi_regime,C32,CUSTOM,5021.1,4427,-11
104,multi_regime,C33,CUSTOM,506.5,4461,-15
104,multi_regime,C34,CUSTOM,-112.3,4411,-7
105,multi_regime,G00,GVWY,-7009.05,6143,-437
105,multi_regime,G01,GVWY,-6238.85,6171,-529
105,multi_regime,G02,GVWY,-2067.3,6154,-402
105,multi_regime,G03,GVWY,-9055.8,6096,-312
105,multi_regime,G04,GVWY,-5963.05,6151,-417
105,multi_regime,Z05,ZIC,1041.65,677,341
105,multi_regime,Z06,ZIC,381.2,672,288
105,multi_regime,Z07,ZIC,-239.75,679,345
105,multi_regime,Z08,ZIC,851.8,732,292
105,multi_regime,Z09,ZIC,1671.1,600,314
105,multi_regime,S10,SHVR,-3403.15,5369,-131
105,multi_regime,S11,SHVR,-3825.35,5387,-39
105,multi_regime,S12,SHVR,-2159.4,5312,-316
105,multi_regime,S13,SHVR,-3661.1,5278,-54
105,multi_regime,S14,SHVR,-3666.65,5355,-301
105,multi_regime,S15,SNPR,-399.15,1153,-91
105,multi_regime,S16,SNPR,584.5,1150,-90
105,multi_regime,S17,SNPR,-2136.8,1170,-32
105,multi_regime,S18,SNPR,-1122.65,1145,-41
105,multi_regime,S19,SNPR,-1646.35,1141,-99
105,multi_regime,Z20,ZIP,8046.45,3941,-107
105,multi_regime,Z21,ZIP,5945.85,4035,-251
105,multi_regime,Z22,ZIP,2790.2,4138,-12
105,multi_regime,Z23,ZIP,6076.65,4041,-119
105,multi_regime,Z24,ZIP,5656.15,4081,-89
105,multi_regime,P25,PRSH,2192.3,3552,542
105,multi_regime,P26,PRSH,2116.95,395,283
105,multi_regime,P27,PRSH,2632.15,2607,651
105,multi_regime,P28,PRSH,-528.6,3866,476
105,multi_regime,P29,PRSH,1786.8,570,252
105,multi_regime,C30,CUSTOM,2159.45,4451,-27
105,multi_regime,C31,CUSTOM,3264.75,4357,-5
105,multi_regime,C32,CUSTOM,1932.8,4420,-8
105,multi_regime,C33,CUSTOM,3010.85,4533,-11
105,multi_regime,C34,CUSTOM,3226.35,4443,-21
106,multi_regime,G00,GVWY,-8210.2,6116,-272
106,multi_regime,G01,GVWY,-12680.2,6143,-397
106,multi_regime,G02,GVWY,-11328.0,6071,-455
106,multi_regime,G03,GVWY,-9078.8,6092,-418
106,multi_regime,G04,GVWY,-6334.4,6144,-544
106,multi_regime,Z05,ZIC,2508.2,681,297
106,multi_regime,Z06,ZIC,2316.6,634,316
106,multi_regime,Z07,ZIC,4187.0,665,335
106,multi_regime,Z08,ZIC,3653.2,656,322
106,multi_regime,Z09,ZIC,3477.8,627,293
106,multi_regime,S10,SHVR,-3382.0,5266,-220
106,multi_regime,S11,SHVR,-1708.6,5312,-136
106,multi_regime,S12,SHVR,-3615.4,5249,-329
106,multi_regime,S13,SHVR,-3872.6,5281,-171
106,multi_regime,S14,SHVR,-6774.8,5262,-218
106,multi_regime,S15,SNPR,-506.0,1151,-25
106,multi_regime,S16,SNPR,-1846.8,1182,-78
106,multi_regime,S17,SNPR,-392.6,1153,-41
106,multi_regime,S18,SNPR,-1314.2,1181,-57
106,multi_regime,S19,SNPR,-2183.0,1136,0
106,multi_regime,Z20,ZIP,5438.0,3942,40
106,multi_regime,Z21,ZIP,7459.8,3931,-67
106,multi_regime,Z22,ZIP,5656.8,4032,-62
106,multi_regime,Z23,ZIP,5683.8,3961,-77
106,multi_regime,Z24,ZIP,4686.4,3938,-146
106,multi_regime,P25,PRSH,3860.6,580,286
106,multi_regime,P26,PRSH,2550.8,584,248
106,multi_regime,P27,PRSH,2458.8,780,358
106,multi_regime,P28,PRSH,3244.8,723,323
106,multi_regime,P29,PRSH,10829.4,1446,844
106,multi_regime,C30,CUSTOM,-344.0,4483,-15
106,multi_regime,C31,CUSTOM,360.8,4468,-42
106,multi_regime,C32,CUSTOM,1833.6,4409,-9
106,multi_regime,C33,CUSTOM,2234.6,4441,-19
106,multi_regime,C34,CUSTOM,3005.0,4429,-5
107,multi_regime,G00,GVWY,-10333.6,6144,-386
107,multi_regime,G01,GVWY,-12024.4,6146,-474
107,multi_regime,G02,GVWY,-10441.3,6159,-373
107,multi_regime,G03,GVWY,-12535.9,6117,-379
107,multi_regime,G04,GVWY,-9651.5,6089,-255
107,multi_regime,Z05,ZIC,4358.0,638,280
107,multi_regime,Z06,ZIC,3082.4,622,234
107,multi_regime,Z07,ZIC,4139.0,622,350
107,multi_regime,Z08,ZIC,3690.1,669,301
107,multi_regime,Z09,ZIC,4512.7,669,297
107,multi_regime,S10,SHVR,-7112.7,5363,-157
107,multi_regime,S11,SHVR,-1781.6,5352,-186
107,multi_regime,S12,SHVR,-6801.7,5353,-187
107,multi_regime,S13,SHVR,-3150.0,5334,-190
107,multi_regime,S14,SHVR,-4336.9,5427,-139
107,multi_regime,S15,SNPR,-2086.8,1168,-38
107,multi_regime,S16,SNPR,-1814.7,1143,-107
107,multi_regime,S17,SNPR,-1249.6,1170,-86
107,multi_regime,S18,SNPR,-1741.4,1150,-54
107,multi_regime,S19,SNPR,-806.3,1179,17
107,multi_regime,Z20,ZIP,5008.6,4036,-184
107,multi_regime,Z21,ZIP,2659.6,4198,-344
107,multi_regime,Z22,ZIP,6327.3,3987,3
107,multi_regime,Z23,ZIP,3371.6,3904,-144
107,multi_regime,Z24,ZIP,3717.7,4093,-353
107,multi_regime,P25,PRSH,5615.4,450,334
107,multi_regime,P26,PRSH,8949.9,2855,639
107,multi_regime,P27,PRSH,11153.6,820,646
107,multi_regime,P28,PRSH,4344.1,549,281
107,multi_regime,P29,PRSH,5682.8,3604,608
107,multi_regime,C30,CUSTOM,2834.3,4403,-7
107,multi_regime,C31,CUSTOM,432.2,4404,-28
107,multi_regime,C32,CUSTOM,2210.6,4474,-4
107,multi_regime,C33,CUSTOM,1979.4,4396,-26
107,multi_regime,C34,CUSTOM,2443.3,4429,-37
108,multi_regime,G00,GVWY,-11599.7,6099,-569
108,multi_regime,G01,GVWY,-11462.7,6157,-489
108,multi_regime,G02,GVWY,-11074.0,6126,-380
108,multi_regime,G03,GVWY,-9369.5,6101,-475
108,multi_regime,G04,GVWY,-12813.9,6159,-543
108,multi_regime,Z05,ZIC,4415.1,613,247
108,multi_regime,Z06,ZIC,5460.5,605,245
108,multi_regime,Z07,ZIC,5807.4,648,318
108,multi_regime,Z08,ZIC,3907.1,691,317
108,multi_regime,Z09,ZIC,5286.1,641,247
108,multi_regime,S10,SHVR,-6228.6,5330,-182
108,multi_regime,S11,SHVR,-8749.2,5342,-224
108,multi_regime,S12,SHVR,-6717.6,5316,-422
108,multi_regime,S13,SHVR,-5528.0,5356,-300
108,multi_regime,S14,SHVR,-3605.0,5252,-180
108,multi_regime,S15,SNPR,-1037.8,1184,-106
108,multi_regime,S16,SNPR,-2413.1,1191,-147
108,multi_regime,S17,SNPR,70.3,1163,-39
108,multi_regime,S18,SNPR,-2269.9,1177,-33
108,multi_regime,S19,SNPR,-557.5,1185,-65
108,multi_regime,Z20,ZIP,3421.5,4081,-135
108,multi_regime,Z21,ZIP,3573.9,4021,63
108,multi_regime,Z22,ZIP,5042.3,4079,-99
108,multi_regime,Z23,ZIP,1420.7,3973,99
108,multi_regime,Z24,ZIP,4569.2,4086,54
108,multi_regime,P25,PRSH,9694.4,1412,508
108,multi_regime,P26,PRSH,9141.2,618,504
108,multi_regime,P27,PRSH,8401.4,1154,438
108,multi_regime,P28,PRSH,9037.8,2182,606
108,multi_regime,P29,PRSH,11774.0,2114,680
108,multi_regime,C30,CUSTOM,1007.6,4436,-48
108,multi_regime,C31,CUSTOM,-190.4,4332,-38
108,multi_regime,C32,CUSTOM,-275.4,4362,-8
108,multi_regime,C33,CUSTOM,1609.0,4456,0
108,multi_regime,C34,CUSTOM,63.9,4443,-17
109,multi_regime,G00,GVWY,-5761.25,6119,-335
109,multi_regime,G01,GVWY,-7307.0,6114,-220
109,multi_regime,G02,GVWY,-3471.8,6020,-324
109,multi_regime,G03,GVWY,-5111.3,6116,-394
109,multi_regime,G04,GVWY,-4617.05,6139,-299
109,multi_regime,Z05,ZIC,1397.85,721,343
109,multi_regime,Z06,ZIC,1183.8,668,264
109,multi_regime,Z07,ZIC,762.9,618,282
109,multi_regime,Z08,ZIC,-411.6,668,372
109,multi_regime,Z09,ZIC,1099.0,634,280
109,multi_regime,S10,SHVR,-1300.6,5312,-188
109,multi_regime,S11,SHVR,-813.85,5293,-303
109,multi_regime,S12,SHVR,-2940.65,5269,-227
109,multi_regime,S13,SHVR,-2480.2,5310,-236
109,multi_regime,S14,SHVR,-1425.95,5325,-221
109,multi_regime,S15,SNPR,-660.35,1159,-93
109,multi_regime,S16,SNPR,-283.3,1180,-14
109,multi_regime,S17,SNPR,-197.5,1142,-130
109,multi_regime,S18,SNPR,-2309.35,1175,7
109,multi_regime,S19,SNPR,-516.95,1181,-21
109,multi_regime,Z20,ZIP,4551.9,3938,-158
109,multi_regime,Z21,ZIP,5436.25,3941,-65
109,multi_regime,Z22,ZIP,7275.6,3966,-92
109,multi_regime,Z23,ZIP,3834.8,3998,-56
109,multi_regime,Z24,ZIP,2786.3,4002,-126
109,multi_regime,P25,PRSH,1720.35,369,293
109,multi_regime,P26,PRSH,1169.85,415,263
109,multi_regime,P27,PRSH,1710.75,395,305
109,multi_regime,P28,PRSH,1701.3,1462,614
109,multi_regime,P29,PRSH,1381.85,461,343
109,multi_regime,C30,CUSTOM,3316.15,4409,-3
109,multi_regime,C31,CUSTOM,1067.05,4387,-1
109,multi_regime,C32,CUSTOM,923.2,4334,-4
109,multi_regime,C33,CUSTOM,1885.0,4318,-20
109,multi_regime,C34,CUSTOM,-529.85,4421,-3
110,multi_regime,G00,GVWY,-10271.0,6122,-390
110,multi_regime,G01,GVWY,-7592.0,6182,-440
110,multi_regime,G02,GVWY,-10203.0,6122,-240
110,multi_regime,G03,GVWY,-10479.0,6122,-328
110,multi_regime,G04,GVWY,-7652.5,6149,-351
110,multi_regime,Z05,ZIC,3994.5,667,273
110,multi_regime,Z06,ZIC,3761.0,638,328
110,multi_regime,Z07,ZIC,4259.5,677,289
110,multi_regime,Z08,ZIC,3545.0,672,290
110,multi_regime,Z09,ZIC,4339.0,680,284
110,multi_regime,S10,SHVR,-1912.5,5369,-203
110,multi_regime,S11,SHVR,-6491.0,5348,-170
110,multi_regime,S12,SHVR,-3161.0,5302,-258
110,multi_regime,S13,SHVR,-4002.5,5321,-201
110,multi_regime,S14,SHVR,-5353.0,5348,-214
110,multi_regime,S15,SNPR,-902.0,1190,-60
110,multi_regime,S16,SNPR,-596.5,1157,-79
110,multi_regime,S17,SNPR,-1532.5,1179,-45
110,multi_regime,S18,SNPR,-884.5,1193,-45
110,multi_regime,S19,SNPR,-1781.0,1170,-70
110,multi_regime,Z20,ZIP,4951.0,4132,-180
110,multi_regime,Z21,ZIP,6465.5,4167,-189
110,multi_regime,Z22,ZIP,5013.5,4151,-195
110,multi_regime,Z23,ZIP,2718.5,4007,-209
110,multi_regime,Z24,ZIP,4402.0,4052,-106
110,multi_regime,P25,PRSH,2954.0,4114,524
110,multi_regime,P26,PRSH,6247.5,1123,547
110,multi_regime,P27,PRSH,4159.5,383,265
110,multi_regime,P28,PRSH,6214.5,2007,725
110,multi_regime,P29,PRSH,4858.5,1247,449
110,multi_regime,C30,CUSTOM,1135.0,4476,-6
110,multi_regime,C31,CUSTOM,2123.0,4482,-8
110,multi_regime,C32,CUSTOM,2198.5,4489,-27
110,multi_regime,C33,CUSTOM,1644.0,4446,-40
110,multi_regime,C34,CUSTOM,-1079.0,4456,-38
111,multi_regime,G00,GVWY,-13599.2,6099,-309
111,multi_regime,G01,GVWY,-14537.6,6116,-302
111,multi_regime,G02,GVWY,-13180.0,6066,-330
111,multi_regime,G03,GVWY,-14278.8,6081,-531
111,multi_regime,G04,GVWY,-15004.4,6142,-358
111,multi_regime,Z05,ZIC,9051.8,678,306
111,multi_regime,Z06,ZIC,9268.4,690,328
111,multi_regime,Z07,ZIC,9458.0,728,350
111,multi_regime,Z08,ZIC,7737.2,652,324
111,multi_regime,Z09,ZIC,8421.0,665,305
111,multi_regime,S10,SHVR,-9316.2,5260,-204
111,multi_regime,S11,SHVR,-10165.6,5269,-187
111,multi_regime,S12,SHVR,-8642.4,5219,-213
111,multi_regime,S13,SHVR,-9333.6,5274,-182
111,multi_regime,S14,SHVR,-6908.0,5295,-185
111,multi_regime,S15,SNPR,-4131.2,1170,-134
111,multi_regime,S16,SNPR,-879.2,1148,-24
111,multi_regime,S17,SNPR,-1468.0,1160,-50
111,multi_regime,S18,SNPR,-1683.8,1134,-46
111,multi_regime,S19,SNPR,-908.2,1133,-29
111,multi_regime,Z20,ZIP,2102.4,3947,-57
111,multi_regime,Z21,ZIP,1292.2,4038,-136
111,multi_regime,Z22,ZIP,559.6,3980,-198
111,multi_regime,Z23,ZIP,3802.8,3960,-54
111,multi_regime,Z24,ZIP,1725.6,4071,-243
111,multi_regime,P25,PRSH,14040.2,1237,499
111,multi_regime,P26,PRSH,14522.2,562,484
111,multi_regime,P27,PRSH,8263.6,707,287
111,multi_regime,P28,PRSH,8343.6,531,297
111,multi_regime,P29,PRSH,15126.8,608,496
111,multi_regime,C30,CUSTOM,3679.6,4365,-33
111,multi_regime,C31,CUSTOM,3255.0,4386,0
111,multi_regime,C32,CUSTOM,1637.2,4478,-6
111,multi_regime,C33,CUSTOM,-387.2,4357,-9
111,multi_regime,C34,CUSTOM,1702.6,4449,-3
112,multi_regime,G00,GVWY,-8009.25,6157,-375
112,multi_regime,G01,GVWY,-12123.8,6092,-396
112,multi_regime,G02,GVWY,-8490.3,6112,-466
112,multi_regime,G03,GVWY,-14254.35,6149,-537
112,multi_regime,G04,GVWY,-7286.05,6095,-231
112,multi_regime,Z05,ZIC,5069.45,621,339
112,multi_regime,Z06,ZIC,5546.5,702,310
112,multi_regime,Z07,ZIC,4112.0,662,220
112,multi_regime,Z08,ZIC,4280.15,667,293
112,multi_regime,Z09,ZIC,4386.8,694,296
112,multi_regime,S10,SHVR,-6882.6,5282,-292
112,multi_regime,S11,SHVR,-6308.65,5307,-263
112,multi_regime,S12,SHVR,-7218.8,5288,-176
112,multi_regime,S13,SHVR,-5572.85,5267,-47
112,multi_regime,S14,SHVR,-6760.4,5272,-228
112,multi_regime,S15,SNPR,910.2,1180,4
112,multi_regime,S16,SNPR,-2280.0,1186,-60
112,multi_regime,S17,SNPR,-280.1,1146,-62
112,multi_regime,S18,SNPR,-894.95,1131,-9
112,multi_regime,S19,SNPR,-37.9,1146,-58
112,multi_regime,Z20,ZIP,6311.4,3900,-72
112,multi_regime,Z21,ZIP,3012.65,4041,-137
112,multi_regime,Z22,ZIP,2102.6,3918,-108
112,multi_regime,Z23,ZIP,5103.15,3983,-87
112,multi_regime,Z24,ZIP,5559.25,3921,-5
112,multi_regime,P25,PRSH,6281.15,951,413
112,multi_regime,P26,PRSH,9263.95,1715,709
112,multi_regime,P27,PRSH,5306.65,393,283
112,multi_regime,P28,PRSH,4530.95,409,269
112,multi_regime,P29,PRSH,5108.8,788,416
112,multi_regime,C30,CUSTOM,910.9,4416,-2
112,multi_regime,C31,CUSTOM,3350.5,4404,-30
112,multi_regime,C32,CUSTOM,690.7,4506,-6
112,multi_regime,C33,CUSTOM,3218.35,4453,-23
112,multi_regime,C34,CUSTOM,1986.75,4493,-15
113,multi_regime,G00,GVWY,-3775.0,6188,-618
113,multi_regime,G01,GVWY,-3223.0,6163,-347
113,multi_regime,G02,GVWY,-3483.0,6144,-514
113,multi_regime,G03,GVWY,-6001.0,6189,-235
113,multi_regime,G04,GVWY,-7964.0,6169,-407
113,multi_regime,Z05,ZIC,948.0,725,287
113,multi_regime,Z06,ZIC,772.0,701,297
113,multi_regime,Z07,ZIC,273.0,602,282
113,multi_regime,Z08,ZIC,1496.0,648,268
113,multi_regime,Z09,ZIC,-274.0,667,313
113,multi_regime,S10,SHVR,-1734.0,5317,-221
113,multi_regime,S11,SHVR,-4305.0,5316,-238
113,multi_regime,S12,SHVR,-1709.0,5254,-402
113,multi_regime,S13,SHVR,-2370.0,5352,-258
113,multi_regime,S14,SHVR,-6411.0,5372,-252
113,multi_regime,S15,SNPR,-523.0,1168,-56
113,multi_regime,S16,SNPR,-1482.0,1163,-25
113,multi_regime,S17,SNPR,-653.0,1192,-64
113,multi_regime,S18,SNPR,-1662.0,1156,44
113,multi_regime,S19,SNPR,-2.0,1147,-65
113,multi_regime,Z20,ZIP,5384.0,4052,-70
113,multi_regime,Z21,ZIP,5378.0,3909,-37
113,multi_regime,Z22,ZIP,5658.0,4062,-80
113,multi_regime,Z23,ZIP,6461.0,4009,-211
113,multi_regime,Z24,ZIP,6791.0,3997,27
113,multi_regime,P25,PRSH,-164.0,1272,512
113,multi_regime,P26,PRSH,656.0,1465,633
113,multi_regime,P27,PRSH,2120.0,3743,423
113,multi_regime,P28,PRSH,1198.0,1140,492
113,multi_regime,P29,PRSH,575.0,928,402
113,multi_regime,C30,CUSTOM,1779.0,4307,-3
113,multi_regime,C31,CUSTOM,493.0,4432,-8
113,multi_regime,C32,CUSTOM,3346.0,4365,-5
113,multi_regime,C33,CUSTOM,1339.0,4387,-1
113,multi_regime,C34,CUSTOM,2249.0,4311,3
114,multi_regime,G00,GVWY,-3703.8,6193,-513
114,multi_regime,G01,GVWY,-5390.6,6132,-306
114,multi_regime,G02,GVWY,-5873.0,6190,-370
114,multi_regime,G03,GVWY,-3392.2,6134,-342
114,multi_regime,G04,GVWY,-6728.2,6123,-417
114,multi_regime,Z05,ZIC,-161.8,670,272
114,multi_regime,Z06,ZIC,-150.8,641,297
114,multi_regime,Z07,ZIC,-104.4,669,301
114,multi_regime,Z08,ZIC,-351.2,658,258
114,multi_regime,Z09,ZIC,154.4,689,329
114,multi_regime,S10,SHVR,-3006.8,5275,-103
114,multi_regime,S11,SHVR,-623.0,5279,-305
114,multi_regime,S12,SHVR,-3791.0,5391,-255
114,multi_regime,S13,SHVR,-2815.0,5227,-195
114,multi_regime,S14,SHVR,-942.6,5315,-171
114,multi_regime,S15,SNPR,-74.0,1154,-70
114,multi_regime,S16,SNPR,-1254.0,1150,-40
114,multi_regime,S17,SNPR,-1136.6,1145,-1
114,multi_regime,S18,SNPR,760.4,1175,-91
114,multi_regime,S19,SNPR,-1674.6,1168,14
114,multi_regime,Z20,ZIP,8346.6,4124,-274
114,multi_regime,Z21,ZIP,2445.2,3942,-18
114,multi_regime,Z22,ZIP,5877.6,3914,-4
114,multi_regime,Z23,ZIP,7294.8,3957,13
114,multi_regime,Z24,ZIP,4901.4,3929,-11
114,multi_regime,P25,PRSH,660.0,441,325
114,multi_regime,P26,PRSH,-329.0,1707,645
114,multi_regime,P27,PRSH,861.0,466,350
114,multi_regime,P28,PRSH,624.4,447,349
114,multi_regime,P29,PRSH,-2977.6,4421,309
114,multi_regime,C30,CUSTOM,947.0,4425,-15
114,multi_regime,C31,CUSTOM,4440.8,4418,-12
114,multi_regime,C32,CUSTOM,1470.0,4420,-10
114,multi_regime,C33,CUSTOM,4819.8,4358,-2
114,multi_regime,C34,CUSTOM,3234.0,4499,-25
115,multi_regime,G00,GVWY,-6325.5,6119,-263
115,multi_regime,G01,GVWY,-7449.0,6082,-278
115,multi_regime,G02,GVWY,-1734.0,6108,-488
115,multi_regime,G03,GVWY,-5503.0,6074,-592
115,multi_regime,G04,GVWY,-6788.5,6109,-287
115,multi_regime,Z05,ZIC,-1463.0,682,298
115,multi_regime,Z06,ZIC,-1237.0,720,352
115,multi_regime,Z07,ZIC,1008.5,653,243
115,multi_regime,Z08,ZIC,146.0,628,298
115,multi_regime,Z09,ZIC,-229.0,602,280
115,multi_regime,S10,SHVR,-3169.5,5235,-233
115,multi_regime,S11,SHVR,-1873.0,5354,-392
115,multi_regime,S12,SHVR,-4734.5,5221,-159
115,multi_regime,S13,SHVR,-3292.0,5254,-134
115,multi_regime,S14,SHVR,-2668.0,5302,-168
115,multi_regime,S15,SNPR,-1204.0,1162,0
115,multi_regime,S16,SNPR,-825.0,1178,-68
115,multi_regime,S17,SNPR,-225.5,1173,-17
115,multi_regime,S18,SNPR,158.0,1168,-102
115,multi_regime,S19,SNPR,-442.5,1147,-47
115,multi_regime,Z20,ZIP,9723.0,4034,-394
115,multi_regime,Z21,ZIP,7873.0,3936,-134
115,multi_regime,Z22,ZIP,4629.5,3809,-113
115,multi_regime,Z23,ZIP,4514.5,4067,5
115,multi_regime,Z24,ZIP,4610.5,3929,-7
115,multi_regime,P25,PRSH,-518.5,673,383
115,multi_regime,P26,PRSH,2147.0,2232,806
115,multi_regime,P27,PRSH,-120.0,374,266
115,multi_regime,P28,PRSH,1058.0,1044,440
115,multi_regime,P29,PRSH,755.0,558,460
115,multi_regime,C30,CUSTOM,2080.0,4510,-16
115,multi_regime,C31,CUSTOM,4674.5,4375,-19
115,multi_regime,C32,CUSTOM,2059.5,4353,-21
115,multi_regime,C33,CUSTOM,4900.5,4289,-21
115,multi_regime,C34,CUSTOM,2657.0,4478,-18
116,multi_regime,G00,GVWY,-10719.0,6185,-425
116,multi_regime,G01,GVWY,-5515.8,6122,-446
116,multi_regime,G02,GVWY,-10274.0,6164,-330
116,multi_regime,G03,GVWY,-11417.8,6159,-221
116,multi_regime,G04,GVWY,-7757.8,6177,-411
116,multi_regime,Z05,ZIC,3423.6,735,347
116,multi_regime,Z06,ZIC,3858.8,676,326
116,multi_regime,Z07,ZIC,3894.4,693,303
116,multi_regime,Z08,ZIC,3373.8,684,236
116,multi_regime,Z09,ZIC,2923.0,642,320
116,multi_regime,S10,SHVR,-4477.4,5345,-193
116,multi_regime,S11,SHVR,-4367.4,5358,-258
116,multi_regime,S12,SHVR,-7004.0,5305,-105
116,multi_regime,S13,SHVR,-7051.4,5438,-238
116,multi_regime,S14,SHVR,-3336.2,5419,-299
116,multi_regime,S15,SNPR,-1297.6,1147,-77
116,multi_regime,S16,SNPR,-437.6,1180,-2
116,multi_regime,S17,SNPR,-1622.8,1150,-26
116,multi_regime,S18,SNPR,-1919.2,1178,-34
116,multi_regime,S19,SNPR,1180.4,1152,-2
116,multi_regime,Z20,ZIP,5944.2,4107,-221
116,multi_regime,Z21,ZIP,4579.4,4145,-317
116,multi_regime,Z22,ZIP,5629.6,4011,-113
116,multi_regime,Z23,ZIP,2908.8,4018,66
116,multi_regime,Z24,ZIP,7328.2,3972,44
116,multi_regime,P25,PRSH,3999.8,805,321
116,multi_regime,P26,PRSH,7707.0,593,495
116,multi_regime,P27,PRSH,632.6,5262,142
116,multi_regime,P28,PRSH,3256.4,644,268
116,multi_regime,P29,PRSH,7678.0,3230,810
116,multi_regime,C30,CUSTOM,1442.0,4445,-25
116,multi_regime,C31,CUSTOM,269.4,4506,-22
116,multi_regime,C32,CUSTOM,2111.4,4417,-7
116,multi_regime,C33,CUSTOM,3107.0,4458,-40
116,multi_regime,C34,CUSTOM,2445.4,4387,-7
117,multi_regime,G00,GVWY,-6381.5,6164,-494
117,multi_regime,G01,GVWY,-5040.5,6192,-382
117,multi_regime,G02,GVWY,-10645.0,6160,-208
117,multi_regime,G03,GVWY,-6700.0,6116,-472
117,multi_regime,G04,GVWY,-9935.25,6205,-457
117,multi_regime,Z05,ZIC,1785.25,651,253
117,multi_regime,Z06,ZIC,1862.0,666,336
117,multi_regime,Z07,ZIC,1784.25,661,321
117,multi_regime,Z08,ZIC,3103.75,613,279
117,multi_regime,Z09,ZIC,2985.5,674,294
117,multi_regime,S10,SHVR,-3058.25,5383,-189
117,multi_regime,S11,SHVR,-5151.25,5325,-317
117,multi_regime,S12,SHVR,-2816.25,5359,-337
117,multi_regime,S13,SHVR,-2538.75,5381,-175
117,multi_regime,S14,SHVR,-2569.25,5409,-277
117,multi_regime,S15,SNPR,175.25,1185,5
117,multi_regime,S16,SNPR,480.75,1161,-109
117,multi_regime,S17,SNPR,-1561.75,1165,-27
117,multi_regime,S18,SNPR,-2028.0,1176,-84
117,multi_regime,S19,SNPR,-2446.75,1161,-119
117,multi_regime,Z20,ZIP,3966.75,4241,-253
117,multi_regime,Z21,ZIP,3185.0,3980,-40
117,multi_regime,Z22,ZIP,4727.0,4076,-156
117,multi_regime,Z23,ZIP,5963.75,3917,-297
117,multi_regime,Z24,ZIP,4941.25,3931,-143
117,multi_regime,P25,PRSH,5985.5,2258,1002
117,multi_regime,P26,PRSH,1377.5,3102,658
117,multi_regime,P27,PRSH,2161.5,374,270
117,multi_regime,P28,PRSH,2871.75,1285,559
117,multi_regime,P29,PRSH,4357.0,1328,476
117,multi_regime,C30,CUSTOM,807.0,4396,0
117,multi_regime,C31,CUSTOM,1998.5,4402,-30
117,multi_regime,C32,CUSTOM,3956.5,4430,-2
117,multi_regime,C33,CUSTOM,1764.5,4408,-6
117,multi_regime,C34,CUSTOM,2928.75,4381,-5
118,multi_regime,G00,GVWY,-6734.4,6182,-204
118,multi_regime,G01,GVWY,-10503.2,6242,-532
118,multi_regime,G02,GVWY,-11029.25,6159,-485
118,multi_regime,G03,GVWY,-11458.2,6174,-432
118,multi_regime,G04,GVWY,-9291.65,6213,-589
118,multi_regime,Z05,ZIC,4308.2,654,292
118,multi_regime,Z06,ZIC,3504.5,646,290
118,multi_regime,Z07,ZIC,4656.5,646,290
118,multi_regime,Z08,ZIC,3478.35,629,251
118,multi_regime,Z09,ZIC,3931.6,612,296
118,multi_regime,S10,SHVR,-5497.3,5422,-238
118,multi_regime,S11,SHVR,-5024.7,5332,-362
118,multi_regime,S12,SHVR,-6541.05,5373,7
118,multi_regime,S13,SHVR,-5425.95,5299,-167
118,multi_regime,S14,SHVR,-3989.75,5357,-215
118,multi_regime,S15,SNPR,118.95,1205,-113
118,multi_regime,S16,SNPR,-1109.55,1173,-3
118,multi_regime,S17,SNPR,-916.2,1202,-12
118,multi_regime,S18,SNPR,-2300.1,1156,-66
118,multi_regime,S19,SNPR,-1594.1,1186,-46
118,multi_regime,Z20,ZIP,5528.65,4043,9
118,multi_regime,Z21,ZIP,4542.65,4093,-171
118,multi_regime,Z22,ZIP,5793.25,4067,-415
118,multi_regime,Z23,ZIP,1947.45,3915,-103
118,multi_regime,Z24,ZIP,4572.55,4013,-197
118,multi_regime,P25,PRSH,7505.7,2528,642
118,multi_regime,P26,PRSH,4383.7,1158,462
118,multi_regime,P27,PRSH,8528.4,2544,784
118,multi_regime,P28,PRSH,5376.85,3547,621
118,multi_regime,P29,PRSH,4195.8,372,288
118,multi_regime,C30,CUSTOM,1207.7,4452,-18
118,multi_regime,C31,CUSTOM,1797.5,4512,-10
118,multi_regime,C32,CUSTOM,3015.1,4508,-14
118,multi_regime,C33,CUSTOM,2252.9,4534,-6
118,multi_regime,C34,CUSTOM,2591.95,4585,-13
119,multi_regime,G00,GVWY,-6243.65,6133,-561
119,multi_regime,G01,GVWY,-3958.2,6124,-328
119,multi_regime,G02,GVWY,-4227.25,6139,-465
119,multi_regime,G03,GVWY,-8197.35,6125,-419
119,multi_regime,G04,GVWY,-8021.5,6172,-350
119,multi_regime,Z05,ZIC,1103.5,624,270
119,multi_regime,Z06,ZIC,629.95,655,343
119,multi_regime,Z07,ZIC,894.9,682,266
119,multi_regime,Z08,ZIC,1002.5,640,290
119,multi_regime,Z09,ZIC,891.95,683,283
119,multi_regime,S10,SHVR,-5324.35,5277,-19
119,multi_regime,S11,SHVR,-3973.4,5320,-176
119,multi_regime,S12,SHVR,-2808.25,5311,-205
119,multi_regime,S13,SHVR,-5407.6,5324,-264
119,multi_regime,S14,SHVR,-41.1,5326,-234
119,multi_regime,S15,SNPR,-1071.85,1159,-9
119,multi_regime,S16,SNPR,-1059.85,1171,-109
119,multi_regime,S17,SNPR,-144.45,1171,-13
119,multi_regime,S18,SNPR,-487.1,1192,-54
119,multi_regime,S19,SNPR,-918.0,1178,-80
119,multi_regime,Z20,ZIP,4989.35,3937,-181
119,multi_regime,Z21,ZIP,6867.75,4069,-385
119,multi_regime,Z22,ZIP,4942.7,4102,-102
119,multi_regime,Z23,ZIP,5418.75,4019,-25
119,multi_regime,Z24,ZIP,6137.6,4032,-176
119,multi_regime,P25,PRSH,1601.55,369,287
119,multi_regime,P26,PRSH,2548.15,1361,531
119,multi_regime,P27,PRSH,1823.45,415,333
119,multi_regime,P28,PRSH,1421.8,1628,572
119,multi_regime,P29,PRSH,3432.45,2241,933
119,multi_regime,C30,CUSTOM,2224.75,4391,-25
119,multi_regime,C31,CUSTOM,-81.5,4386,-10
119,multi_regime,C32,CUSTOM,3557.8,4480,-8
119,multi_regime,C33,CUSTOM,1913.0,4412,-20
119,multi_regime,C34,CUSTOM,1991.7,4476,-2
120,multi_regime,G00,GVWY,-16984.8,6043,-421
120,multi_regime,G01,GVWY,-17220.6,6150,-372
120,multi_regime,G02,GVWY,-19130.6,6099,-407
120,multi_regime,G03,GVWY,-22383.6,6086,-452
120,multi_regime,G04,GVWY,-22705.0,6082,-550
120,multi_regime,Z05,ZIC,9859.0,702,290
120,multi_regime,Z06,ZIC,10382.8,712,336
120,multi_regime,Z07,ZIC,9344.4,611,253
120,multi_regime,Z08,ZIC,9904.4,658,318
120,multi_regime,Z09,ZIC,9704.0,633,275
120,multi_regime,S10,SHVR,-8063.6,5255,-247
120,multi_regime,S11,SHVR,-8582.4,5291,-173
120,multi_regime,S12,SHVR,-6503.2,5239,-129
120,multi_regime,S13,SHVR,-11309.2,5287,-309
120,multi_regime,S14,SHVR,-8230.0,5213,-245
120,multi_regime,S15,SNPR,-1215.8,1164,-6
120,multi_regime,S16,SNPR,-2734.4,1167,-33
120,multi_regime,S17,SNPR,-1002.2,1157,31
120,multi_regime,S18,SNPR,-2010.2,1139,-89
120,multi_regime,S19,SNPR,-97.8,1150,-26
120,multi_regime,Z20,ZIP,6514.4,4041,13
120,multi_regime,Z21,ZIP,4548.4,4105,-7
120,multi_regime,Z22,ZIP,1201.4,3979,-57
120,multi_regime,Z23,ZIP,1823.8,3945,-109
120,multi_regime,Z24,ZIP,3183.2,3916,4
120,multi_regime,P25,PRSH,10415.4,669,323
120,multi_regime,P26,PRSH,10718.4,425,303
120,multi_regime,P27,PRSH,10478.6,815,297
120,multi_regime,P28,PRSH,13643.8,491,371
120,multi_regime,P29,PRSH,26709.4,2364,778
120,multi_regime,C30,CUSTOM,2631.2,4470,-26
120,multi_regime,C31,CUSTOM,4496.4,4456,-2
120,multi_regime,C32,CUSTOM,1519.8,4456,-34
120,multi_regime,C33,CUSTOM,-1141.8,4406,-26
120,multi_regime,C34,CUSTOM,1057.6,4431,-23
121,multi_regime,G00,GVWY,2059.55,6057,-539
121,multi_regime,G01,GVWY,1992.0,6108,-500
121,multi_regime,G02,GVWY,-3987.1,6086,-362
121,multi_regime,G03,GVWY,-7277.85,6145,-267
121,multi_regime,G04,GVWY,-5175.1,6084,-242
121,multi_regime,Z05,ZIC,-827.2,686,296
121,multi_regime,Z06,ZIC,-752.35,625,243
121,multi_regime,Z07,ZIC,-1470.65,651,317
121,multi_regime,Z08,ZIC,-1627.95,661,311
121,multi_regime,Z09,ZIC,1190.0,704,180
121,multi_regime,S10,SHVR,-1016.9,5250,-218
121,multi_regime,S11,SHVR,-2912.15,5201,-153
121,multi_regime,S12,SHVR,-6336.1,5256,-62
121,multi_regime,S13,SHVR,-1323.0,5260,-200
121,multi_regime,S14,SHVR,-3021.15,5231,-213
121,multi_regime,S15,SNPR,-675.1,1194,-42
121,multi_regime,S16,SNPR,-653.55,1151,-21
121,multi_regime,S17,SNPR,209.65,1143,-57
121,multi_regime,S18,SNPR,-1386.15,1167,47
121,multi_regime,S19,SNPR,-446.45,1167,-59
121,multi_regime,Z20,ZIP,3851.2,3908,-76
121,multi_regime,Z21,ZIP,6736.75,3943,-135
121,multi_regime,Z22,ZIP,5252.55,3915,-79
121,multi_regime,Z23,ZIP,5039.05,3905,-129
121,multi_regime,Z24,ZIP,6941.35,3831,-43
121,multi_regime,P25,PRSH,-1723.95,633,311
121,multi_regime,P26,PRSH,-1578.1,734,638
121,multi_regime,P27,PRSH,-409.6,592,488
121,multi_regime,P28,PRSH,-277.7,386,226
121,multi_regime,P29,PRSH,-1385.45,801,301
121,multi_regime,C30,CUSTOM,1638.4,4464,-12
121,multi_regime,C31,CUSTOM,3241.75,4427,-15
121,multi_regime,C32,CUSTOM,2383.7,4302,-6
121,multi_regime,C33,CUSTOM,3204.15,4369,-27
121,multi_regime,C34,CUSTOM,2677.35,4405,-23
122,multi_regime,G00,GVWY,9721.45,6133,-447
122,multi_regime,G01,GVWY,11374.65,6145,-499
122,multi_regime,G02,GVWY,-725.8,6116,-292
122,multi_regime,G03,GVWY,5113.7,6124,-362
122,multi_regime,G04,GVWY,-1985.45,6143,-153
122,multi_regime,Z05,ZIC,-9689.9,720,294
122,multi_regime,Z06,ZIC,-12442.85,721,351
122,multi_regime,Z07,ZIC,-11521.1,642,326
122,multi_regime,Z08,ZIC,-9470.7,720,282
122,multi_regime,Z09,ZIC,-9829.2,672,312
122,multi_regime,S10,SHVR,2314.65,5295,-179
122,multi_regime,S11,SHVR,-2602.65,5345,-41
122,multi_regime,S12,SHVR,3787.3,5356,-198
122,multi_regime,S13,SHVR,12935.95,5387,-397
122,multi_regime,S14,SHVR,345.5,5320,-150
122,multi_regime,S15,SNPR,-1356.0,1170,0
122,multi_regime,S16,SNPR,1315.7,1206,-42
122,multi_regime,S17,SNPR,1817.15,1155,-89
122,multi_regime,S18,SNPR,2391.8,1178,-88
122,multi_regime,S19,SNPR,5928.6,1180,-136
122,multi_regime,Z20,ZIP,21993.35,4137,-381
122,multi_regime,Z21,ZIP,10632.45,4025,-107
122,multi_regime,Z22,ZIP,7652.25,3909,-55
122,multi_regime,Z23,ZIP,14798.05,4099,-203
122,multi_regime,Z24,ZIP,12541.05,4155,-143
122,multi_regime,P25,PRSH,-20814.65,1505,639
122,multi_regime,P26,PRSH,-9900.75,417,305
122,multi_regime,P27,PRSH,-9873.75,533,305
122,multi_regime,P28,PRSH,-13657.85,1117,431
122,multi_regime,P29,PRSH,-19674.25,1267,575
122,multi_regime,C30,CUSTOM,3802.45,4423,-7
122,multi_regime,C31,CUSTOM,4307.55,4477,7
122,multi_regime,C32,CUSTOM,2460.1,4434,-6
122,multi_regime,C33,CUSTOM,4976.9,4454,-14
122,multi_regime,C34,CUSTOM,1842.7,4420,-2
123,multi_regime,G00,GVWY,-8797.75,6191,-217
123,multi_regime,G01,GVWY,-4251.5,6192,-382
123,multi_regime,G02,GVWY,-6628.75,6143,-357
123,multi_regime,G03,GVWY,-4494.25,6157,-423
123,multi_regime,G04,GVWY,-6189.25,6213,-235
123,multi_regime,Z05,ZIC,-268.25,645,313
123,multi_regime,Z06,ZIC,-770.0,704,340
123,multi_regime,Z07,ZIC,637.5,718,350
123,multi_regime,Z08,ZIC,1014.25,687,295
123,multi_regime,Z09,ZIC,684.5,640,282
123,multi_regime,S10,SHVR,-1682.5,5428,-262
123,multi_regime,S11,SHVR,-3772.0,5456,-24
123,multi_regime,S12,SHVR,-1146.5,5376,-314
123,multi_regime,S13,SHVR,-1974.5,5382,-218
123,multi_regime,S14,SHVR,-5448.0,5372,-180
123,multi_regime,S15,SNPR,852.75,1143,-75
123,multi_regime,S16,SNPR,-130.75,1183,-113
123,multi_regime,S17,SNPR,-728.75,1163,-37
123,multi_regime,S18,SNPR,-1242.5,1170,14
123,multi_regime,S19,SNPR,-883.75,1163,-25
123,multi_regime,Z20,ZIP,8798.0,4190,-244
123,multi_regime,Z21,ZIP,4655.25,3931,-121
123,multi_regime,Z22,ZIP,6514.5,4132,-222
123,multi_regime,Z23,ZIP,5492.25,4069,-157
123,multi_regime,Z24,ZIP,8384.75,4125,-287
123,multi_regime,P25,PRSH,1435.5,502,378
123,multi_regime,P26,PRSH,512.75,499,325
123,multi_regime,P27,PRSH,-1506.25,4283,561
123,multi_regime,P28,PRSH,232.25,4059,515
123,multi_regime,P29,PRSH,-1313.25,1151,477
123,multi_regime,C30,CUSTOM,4075.75,4437,-19
123,multi_regime,C31,CUSTOM,3630.25,4413,-9
123,multi_regime,C32,CUSTOM,2100.75,4467,-7
123,multi_regime,C33,CUSTOM,3474.25,4395,-17
123,multi_regime,C34,CUSTOM,989.5,4434,-22
124,multi_regime,G00,GVWY,-17692.75,6097,-475
124,multi_regime,G01,GVWY,-13482.85,6105,-361
124,multi_regime,G02,GVWY,-19305.9,6114,-574
124,multi_regime,G03,GVWY,-12358.9,6086,-434
124,multi_regime,G04,GVWY,-19375.25,6161,-465
124,multi_regime,Z05,ZIC,8152.0,614,280
124,multi_regime,Z06,ZIC,8362.9,682,274
124,multi_regime,Z07,ZIC,8725.05,679,293
124,multi_regime,Z08,ZIC,9033.0,622,300
124,multi_regime,Z09,ZIC,9732.85,667,321
124,multi_regime,S10,SHVR,-7381.5,5338,-150
124,multi_regime,S11,SHVR,-8232.55,5343,-163
124,multi_regime,S12,SHVR,-4616.4,5348,-104
124,multi_regime,S13,SHVR,-8749.65,5317,-129
124,multi_regime,S14,SHVR,-9142.9,5336,-194
124,multi_regime,S15,SNPR,-1604.6,1188,4
124,multi_regime,S16,SNPR,-2456.2,1170,-72
124,multi_regime,S17,SNPR,-1763.3,1182,-58
124,multi_regime,S18,SNPR,-2616.55,1159,-63
124,multi_regime,S19,SNPR,-2815.55,1147,-43
124,multi_regime,Z20,ZIP,4324.95,3961,-133
124,multi_regime,Z21,ZIP,4743.9,4018,34
124,multi_regime,Z22,ZIP,609.8,4040,-132
124,multi_regime,Z23,ZIP,390.45,3923,-43
124,multi_regime,Z24,ZIP,2468.65,4097,-51
124,multi_regime,P25,PRSH,17223.25,631,505
124,multi_regime,P26,PRSH,9737.35,4543,311
124,multi_regime,P27,PRSH,9524.6,378,296
124,multi_regime,P28,PRSH,17504.0,3104,580
124,multi_regime,P29,PRSH,10105.45,4449,397
124,multi_regime,C30,CUSTOM,2496.8,4546,-12
124,multi_regime,C31,CUSTOM,3764.25,4411,-15
124,multi_regime,C32,CUSTOM,-255.75,4431,-35
124,multi_regime,C33,CUSTOM,1163.45,4467,-23
124,multi_regime,C34,CUSTOM,2579.45,4459,-3
125,multi_regime,G00,GVWY,-12127.35,6095,-261
125,multi_regime,G01,GVWY,-17210.3,6170,-438
125,multi_regime,G02,GVWY,-20102.3,6090,-478
125,multi_regime,G03,GVWY,-16586.35,6069,-501
125,multi_regime,G04,GVWY,-16254.15,6093,-449
125,multi_regime,Z05,ZIC,6418.45,577,287
125,multi_regime,Z06,ZIC,6777.55,611,253
125,multi_regime,Z07,ZIC,7489.35,609,301
125,multi_regime,Z08,ZIC,8481.4,668,304
125,multi_regime,Z09,ZIC,7711.4,626,264
125,multi_regime,S10,SHVR,-11737.0,5262,-400
125,multi_regime,S11,SHVR,-13051.6,5252,-396
125,multi_regime,S12,SHVR,-6826.6,5252,-216
125,multi_regime,S13,SHVR,-10383.4,5228,-224
125,multi_regime,S14,SHVR,-8060.55,5281,-293
125,multi_regime,S15,SNPR,-2149.3,1158,-98
125,multi_regime,S16,SNPR,607.5,1144,50
125,multi_regime,S17,SNPR,-2725.35,1165,-101
125,multi_regime,S18,SNPR,-1347.3,1160,-38
125,multi_regime,S19,SNPR,-875.4,1160,-64
125,multi_regime,Z20,ZIP,1957.5,4004,-90
125,multi_regime,Z21,ZIP,6740.15,4145,-111
125,multi_regime,Z22,ZIP,5719.1,3914,86
125,multi_regime,Z23,ZIP,8374.7,3968,182
125,multi_regime,Z24,ZIP,5198.25,3881,-25
125,multi_regime,P25,PRSH,10083.45,837,347
125,multi_regime,P26,PRSH,22464.85,1971,791
125,multi_regime,P27,PRSH,15363.65,1445,619
125,multi_regime,P28,PRSH,8840.95,377,297
125,multi_regime,P29,PRSH,8093.8,396,288
125,multi_regime,C30,CUSTOM,2724.6,4394,-4
125,multi_regime,C31,CUSTOM,-785.15,4459,-9
125,multi_regime,C32,CUSTOM,664.55,4481,-7
125,multi_regime,C33,CUSTOM,1768.35,4489,-19
125,multi_regime,C34,CUSTOM,2869.0,4342,-20
126,multi_regime,G00,GVWY,-13514.3,6062,-326
126,multi_regime,G01,GVWY,-9723.2,6046,-244
126,multi_regime,G02,GVWY,-13228.6,6086,-392
126,multi_regime,G03,GVWY,-12983.05,6093,-241
126,multi_regime,G04,GVWY,-8285.95,6047,-419
126,multi_regime,Z05,ZIC,6382.3,628,306
126,multi_regime,Z06,ZIC,7187.35,639,267
126,multi_regime,Z07,ZIC,5323.5,618,270
126,multi_regime,Z08,ZIC,5449.05,709,281
126,multi_regime,Z09,ZIC,5394.0,600,280
126,multi_regime,S10,SHVR,-6117.2,5278,-204
126,multi_regime,S11,SHVR,-5529.35,5177,-87
126,multi_regime,S12,SHVR,-4198.05,5211,-141
126,multi_regime,S13,SHVR,-7086.7,5268,-334
126,multi_regime,S14,SHVR,-5932.5,5324,-190
126,multi_regime,S15,SNPR,-2317.7,1154,-114
126,multi_regime,S16,SNPR,-965.0,1164,-20
126,multi_regime,S17,SNPR,-1837.7,1200,-54
126,multi_regime,S18,SNPR,-2924.35,1163,-87
126,multi_regime,S19,SNPR,-1098.1,1142,-22
126,multi_regime,Z20,ZIP,4757.85,3933,-163
126,multi_regime,Z21,ZIP,4570.05,3777,41
126,multi_regime,Z22,ZIP,7013.0,3916,0
126,multi_regime,Z23,ZIP,4109.05,4089,1
126,multi_regime,Z24,ZIP,1341.1,4072,-278
126,multi_regime,P25,PRSH,6424.65,417,313
126,multi_regime,P26,PRSH,6127.65,581,293
126,multi_regime,P27,PRSH,6812.95,443,359
126,multi_regime,P28,PRSH,5973.45,387,289
126,multi_regime,P29,PRSH,13189.1,3322,582
126,multi_regime,C30,CUSTOM,352.95,4413,-1
126,multi_regime,C31,CUSTOM,2769.25,4501,-15
126,multi_regime,C32,CUSTOM,1231.6,4358,-28
126,multi_regime,C33,CUSTOM,-2024.3,4402,-6
126,multi_regime,C34,CUSTOM,3270.65,4463,-7
127,multi_regime,G00,GVWY,-719.7,6079,-317
127,multi_regime,G01,GVWY,-2847.7,6117,-367
127,multi_regime,G02,GVWY,-3788.3,6091,-343
127,multi_regime,G03,GVWY,4420.4,6072,-466
127,multi_regime,G04,GVWY,-3595.5,6041,-215
127,multi_regime,Z05,ZIC,-4086.1,691,319
127,multi_regime,Z06,ZIC,-2982.2,642,298
127,multi_regime,Z07,ZIC,-3440.9,677,301
127,multi_regime,Z08,ZIC,-3956.9,665,311
127,multi_regime,Z09,ZIC,-2907.4,680,306
127,multi_regime,S10,SHVR,576.1,5239,-319
127,multi_regime,S11,SHVR,3010.2,5302,-398
127,multi_regime,S12,SHVR,-1815.6,5256,-146
127,multi_regime,S13,SHVR,3428.8,5278,-292
127,multi_regime,S14,SHVR,5753.3,5271,-347
127,multi_regime,S15,SNPR,288.9,1173,-101
127,multi_regime,S16,SNPR,895.2,1202,-118
127,multi_regime,S17,SNPR,1178.4,1168,-46
127,multi_regime,S18,SNPR,814.8,1188,-112
127,multi_regime,S19,SNPR,-1909.2,1170,-12
127,multi_regime,Z20,ZIP,5069.5,4025,-135
127,multi_regime,Z21,ZIP,9308.9,3831,-181
127,multi_regime,Z22,ZIP,10409.1,3961,-289
127,multi_regime,Z23,ZIP,2070.8,3860,48
127,multi_regime,Z24,ZIP,7171.9,3913,-51
127,multi_regime,P25,PRSH,-7044.7,3439,613
127,multi_regime,P26,PRSH,-4070.5,643,525
127,multi_regime,P27,PRSH,-4484.0,610,310
127,multi_regime,P28,PRSH,-3015.3,717,317
127,multi_regime,P29,PRSH,-7634.0,1730,880
127,multi_regime,C30,CUSTOM,2974.5,4523,-15
127,multi_regime,C31,CUSTOM,899.2,4434,-18
127,multi_regime,C32,CUSTOM,5498.2,4384,-18
127,multi_regime,C33,CUSTOM,-213.2,4470,-42
127,multi_regime,C34,CUSTOM,-830.9,4371,-19
128,multi_regime,G00,GVWY,-18797.0,6112,-260
128,multi_regime,G01,GVWY,-20329.4,6126,-408
128,multi_regime,G02,GVWY,-23629.6,6147,-427
128,multi_regime,G03,GVWY,-19434.2,6156,-454
128,multi_regime,G04,GVWY,-20682.4,6155,-353
128,multi_regime,Z05,ZIC,10163.8,640,266
128,multi_regime,Z06,ZIC,11291.6,659,297
128,multi_regime,Z07,ZIC,10621.6,690,292
128,multi_regime,Z08,ZIC,11331.8,665,311
128,multi_regime,Z09,ZIC,10732.0,709,285
128,multi_regime,S10,SHVR,-9005.0,5345,-195
128,multi_regime,S11,SHVR,-9275.6,5306,-192
128,multi_regime,S12,SHVR,-7287.0,5360,-140
128,multi_regime,S13,SHVR,-10896.8,5335,-271
128,multi_regime,S14,SHVR,-15235.6,5347,-307
128,multi_regime,S15,SNPR,-250.2,1176,6
128,multi_regime,S16,SNPR,-2759.0,1179,-55
128,multi_regime,S17,SNPR,-3539.4,1156,-108
128,multi_regime,S18,SNPR,-598.6,1148,-12
128,multi_regime,S19,SNPR,-2662.2,1195,-59
128,multi_regime,Z20,ZIP,2864.8,3964,-134
128,multi_regime,Z21,ZIP,4934.0,4070,-60
128,multi_regime,Z22,ZIP,-2910.2,3874,-234
128,multi_regime,Z23,ZIP,4531.8,4030,-64
128,multi_regime,Z24,ZIP,4808.8,3883,-59
128,multi_regime,P25,PRSH,13696.8,892,376
128,multi_regime,P26,PRSH,12573.6,742,322
128,multi_regime,P27,PRSH,24061.6,2504,662
128,multi_regime,P28,PRSH,22434.2,1511,649
128,multi_regime,P29,PRSH,11840.4,581,293
128,multi_regime,C30,CUSTOM,3435.0,4434,0
128,multi_regime,C31,CUSTOM,1317.6,4464,-28
128,multi_regime,C32,CUSTOM,-60.2,4503,-19
128,multi_regime,C33,CUSTOM,2633.4,4456,-2
128,multi_regime,C34,CUSTOM,2167.8,4439,-19
129,multi_regime,G00,GVWY,4151.65,6135,-341
129,multi_regime,G01,GVWY,8640.45,6103,-293
129,multi_regime,G02,GVWY,5861.15,6051,-311
129,multi_regime,G03,GVWY,10433.55,6127,-427
129,multi_regime,G04,GVWY,-152.6,6106,-136
129,multi_regime,Z05,ZIC,-13572.9,680,346
129,multi_regime,Z06,ZIC,-11588.65,681,301
129,multi_regime,Z07,ZIC,-9424.95,651,263
129,multi_regime,Z08,ZIC,-12558.2,654,308
129,multi_regime,Z09,ZIC,-8592.7,636,258
129,multi_regime,S10,SHVR,7628.0,5248,-260
129,multi_regime,S11,SHVR,2919.75,5245,-195
129,multi_regime,S12,SHVR,7112.35,5291,-279
129,multi_regime,S13,SHVR,2560.7,5266,-178
129,multi_regime,S14,SHVR,7405.8,5272,-172
129,multi_regime,S15,SNPR,2769.75,1173,-75
129,multi_regime,S16,SNPR,1187.5,1174,-50
129,multi_regime,S17,SNPR,1163.15,1169,-51
129,multi_regime,S18,SNPR,960.45,1167,-33
129,multi_regime,S19,SNPR,2365.35,1171,-99
129,multi_regime,Z20,ZIP,14704.1,4096,-194
129,multi_regime,Z21,ZIP,6606.8,4128,-32
129,multi_regime,Z22,ZIP,21920.15,4155,-331
129,multi_regime,Z23,ZIP,10872.15,4037,-151
129,multi_regime,Z24,ZIP,5581.55,4003,13
129,multi_regime,P25,PRSH,-30486.7,1472,838
129,multi_regime,P26,PRSH,-15445.3,842,402
129,multi_regime,P27,PRSH,-8459.9,368,266
129,multi_regime,P28,PRSH,-6682.55,407,227
129,multi_regime,P29,PRSH,-8817.4,386,256
129,multi_regime,C30,CUSTOM,2119.9,4386,-6
129,multi_regime,C31,CUSTOM,2857.25,4487,-25
129,multi_regime,C32,CUSTOM,3599.25,4433,-5
129,multi_regime,C33,CUSTOM,342.9,4490,-26
129,multi_regime,C34,CUSTOM,3230.1,4422,-14
130,multi_regime,G00,GVWY,15998.0,6088,-464
130,multi_regime,G01,GVWY,7797.0,6070,-254
130,multi_regime,G02,GVWY,4221.5,6155,-227
130,multi_regime,G03,GVWY,11510.0,6114,-406
130,multi_regime,G04,GVWY,7248.0,6136,-272
130,multi_regime,Z05,ZIC,-12675.0,634,304
130,multi_regime,Z06,ZIC,-12096.0,696,314
130,multi_regime,Z07,ZIC,-8949.5,697,245
130,multi_regime,Z08,ZIC,-13511.5,681,311
130,multi_regime,Z09,ZIC,-14096.5,693,325
130,multi_regime,S10,SHVR,8034.0,5358,-250
130,multi_regime,S11,SHVR,-783.5,5295,-75
130,multi_regime,S12,SHVR,-1558.5,5231,-141
130,multi_regime,S13,SHVR,5425.5,5339,-197
130,multi_regime,S14,SHVR,5049.5,5207,-203
130,multi_regime,S15,SNPR,2613.5,1187,-77
130,multi_regime,S16,SNPR,-1464.5,1179,25
130,multi_regime,S17,SNPR,-2482.5,1157,11
130,multi_regime,S18,SNPR,4190.0,1176,-76
130,multi_regime,S19,SNPR,661.5,1175,-51
130,multi_regime,Z20,ZIP,4788.5,3969,1
130,multi_regime,Z21,ZIP,6986.5,4009,-51
130,multi_regime,Z22,ZIP,10893.0,4078,-86
130,multi_regime,Z23,ZIP,14166.5,3999,-151
130,multi_regime,Z24,ZIP,13360.0,4086,-182
130,multi_regime,P25,PRSH,-12232.0,404,302
130,multi_regime,P26,PRSH,-13445.0,762,340
130,multi_regime,P27,PRSH,-16488.0,920,420
130,multi_regime,P28,PRSH,-8556.0,364,228
130,multi_regime,P29,PRSH,-12557.0,412,306
130,multi_regime,C30,CUSTOM,1007.0,4396,8
130,multi_regime,C31,CUSTOM,3195.5,4411,-15
130,multi_regime,C32,CUSTOM,3706.0,4406,-40
130,multi_regime,C33,CUSTOM,2484.0,4434,-10
130,multi_regime,C34,CUSTOM,3329.5,4393,-5
131,multi_regime,G00,GVWY,-9025.4,6068,-644
131,multi_regime,G01,GVWY,-8191.6,6116,-356
131,multi_regime,G02,GVWY,-12558.7,6177,-577
131,multi_regime,G03,GVWY,-7279.7,6179,-357
131,multi_regime,G04,GVWY,-10791.6,6128,-436
131,multi_regime,Z05,ZIC,5643.8,700,268
131,multi_regime,Z06,ZIC,4928.9,665,279
131,multi_regime,Z07,ZIC,2437.9,591,239
131,multi_regime,Z08,ZIC,3950.6,642,306
131,multi_regime,Z09,ZIC,3809.4,640,254
131,multi_regime,S10,SHVR,-8844.9,5281,-299
131,multi_regime,S11,SHVR,-6420.5,5345,-245
131,multi_regime,S12,SHVR,-4321.0,5218,-240
131,multi_regime,S13,SHVR,-6826.8,5350,-308
131,multi_regime,S14,SHVR,-4926.1,5279,-111
131,multi_regime,S15,SNPR,-1083.6,1162,-26
131,multi_regime,S16,SNPR,-2056.6,1202,-96
131,multi_regime,S17,SNPR,-1418.9,1157,-29
131,multi_regime,S18,SNPR,-2241.9,1167,-49
131,multi_regime,S19,SNPR,-1547.1,1195,-51
131,multi_regime,Z20,ZIP,3162.8,4016,-132
131,multi_regime,Z21,ZIP,3898.6,4006,-164
131,multi_regime,Z22,ZIP,5000.3,3899,-47
131,multi_regime,Z23,ZIP,4306.2,3870,-28
131,multi_regime,Z24,ZIP,5529.4,3794,34
131,multi_regime,P25,PRSH,5737.2,1476,492
131,multi_regime,P26,PRSH,7966.9,1679,569
131,multi_regime,P27,PRSH,9549.4,2034,654
131,multi_regime,P28,PRSH,8738.6,594,466
131,multi_regime,P29,PRSH,7207.8,1974,548
131,multi_regime,C30,CUSTOM,1540.1,4369,-9
131,multi_regime,C31,CUSTOM,-1702.7,4419,-7
131,multi_regime,C32,CUSTOM,1180.7,4393,-13
131,multi_regime,C33,CUSTOM,3097.6,4452,-4
131,multi_regime,C34,CUSTOM,2425.8,4412,-22
132,multi_regime,G00,GVWY,-10338.0,6126,-460
132,multi_regime,G01,GVWY,-12558.75,6101,-455
132,multi_regime,G02,GVWY,-13469.15,6125,-491
132,multi_regime,G03,GVWY,-8931.55,6069,-287
132,multi_regime,G04,GVWY,-12824.75,6053,-475
132,multi_regime,Z05,ZIC,5391.3,662,242
132,multi_regime,Z06,ZIC,4548.3,656,262
132,multi_regime,Z07,ZIC,4863.0,612,260
132,multi_regime,Z08,ZIC,4839.05,659,337
132,multi_regime,Z09,ZIC,4427.85,621,229
132,multi_regime,S10,SHVR,-4859.85,5201,-169
132,multi_regime,S11,SHVR,-6578.95,5251,-343
132,multi_regime,S12,SHVR,-9505.35,5271,-399
132,multi_regime,S13,SHVR,-3946.55,5249,-167
132,multi_regime,S14,SHVR,-6935.55,5223,-327
132,multi_regime,S15,SNPR,-1828.6,1108,-44
132,multi_regime,S16,SNPR,-554.45,1181,47
132,multi_regime,S17,SNPR,-1794.05,1139,-57
132,multi_regime,S18,SNPR,-1825.8,1154,-32
132,multi_regime,S19,SNPR,-519.65,1135,-61
132,multi_regime,Z20,ZIP,3706.3,3734,-78
132,multi_regime,Z21,ZIP,3649.8,3902,52
132,multi_regime,Z22,ZIP,4613.7,4074,-122
132,multi_regime,Z23,ZIP,2387.05,3943,-83
132,multi_regime,Z24,ZIP,4265.3,3904,42
132,multi_regime,P25,PRSH,7298.55,1039,387
132,multi_regime,P26,PRSH,9054.7,562,458
132,multi_regime,P27,PRSH,6683.05,669,297
132,multi_regime,P28,PRSH,7963.0,1684,540
132,multi_regime,P29,PRSH,16184.85,1679,849
132,multi_regime,C30,CUSTOM,2799.55,4339,-13
132,multi_regime,C31,CUSTOM,174.3,4472,-38
132,multi_regime,C32,CUSTOM,1531.4,4432,-4
132,multi_regime,C33,CUSTOM,2267.35,4439,-1
132,multi_regime,C34,CUSTOM,-236.7,4482,-38
133,multi_regime,G00,GVWY,-17624.0,6152,-330
133,multi_regime,G01,GVWY,-16440.5,6175,-425
133,multi_regime,G02,GVWY,-16172.6,6142,-416
133,multi_regime,G03,GVWY,-16022.4,6080,-524
133,multi_regime,G04,GVWY,-18301.6,6142,-506
133,multi_regime,Z05,ZIC,8932.7,691,337
133,multi_regime,Z06,ZIC,8045.6,682,306
133,multi_regime,Z07,ZIC,6930.3,611,253
133,multi_regime,Z08,ZIC,8244.3,667,293
133,multi_regime,Z09,ZIC,7476.9,655,309
133,multi_regime,S10,SHVR,-3334.8,5278,-108
133,multi_regime,S11,SHVR,-10718.6,5278,-316
133,multi_regime,S12,SHVR,-9880.6,5282,-336
133,multi_regime,S13,SHVR,-8000.7,5303,-267
133,multi_regime,S14,SHVR,-10071.4,5312,-224
133,multi_regime,S15,SNPR,-547.2,1182,-32
133,multi_regime,S16,SNPR,-2711.5,1171,-25
133,multi_regime,S17,SNPR,-750.6,1160,4
133,multi_regime,S18,SNPR,-855.3,1149,-43
133,multi_regime,S19,SNPR,-2927.2,1178,-72
133,multi_regime,Z20,ZIP,648.1,3967,-179
133,multi_regime,Z21,ZIP,6583.6,3904,46
133,multi_regime,Z22,ZIP,3425.6,4016,-114
133,multi_regime,Z23,ZIP,2408.0,3910,-90
133,multi_regime,Z24,ZIP,5702.0,3900,-10
133,multi_regime,P25,PRSH,13201.6,552,476
133,multi_regime,P26,PRSH,11311.5,975,415
133,multi_regime,P27,PRSH,11196.7,485,397
133,multi_regime,P28,PRSH,21701.4,1922,734
133,multi_regime,P29,PRSH,9324.8,818,358
133,multi_regime,C30,CUSTOM,2202.2,4520,2
133,multi_regime,C31,CUSTOM,1351.0,4418,0
133,multi_regime,C32,CUSTOM,2782.1,4385,-9
133,multi_regime,C33,CUSTOM,1548.8,4484,-2
133,multi_regime,C34,CUSTOM,1055.4,4496,-16
134,multi_regime,G00,GVWY,-8528.0,6138,-560
134,multi_regime,G01,GVWY,-8569.2,6182,-146
134,multi_regime,G02,GVWY,-12020.0,6224,-370
134,multi_regime,G03,GVWY,-8193.6,6220,-258
134,multi_regime,G04,GVWY,-14357.4,6191,-467
134,multi_regime,Z05,ZIC,4223.4,695,347
134,multi_regime,Z06,ZIC,5146.4,671,307
134,multi_regime,Z07,ZIC,5552.0,628,330
134,multi_regime,Z08,ZIC,3851.2,654,306
134,multi_regime,Z09,ZIC,4745.6,709,353
134,multi_regime,S10,SHVR,-8035.6,5361,-223
134,multi_regime,S11,SHVR,-6695.4,5377,-187
134,multi_regime,S12,SHVR,-4229.4,5418,28
134,multi_regime,S13,SHVR,-8959.6,5437,-283
134,multi_regime,S14,SHVR,-4268.8,5468,-94
134,multi_regime,S15,SNPR,-1435.8,1184,-84
134,multi_regime,S16,SNPR,-1504.8,1179,-29
134,multi_regime,S17,SNPR,542.0,1204,10
134,multi_regime,S18,SNPR,-797.8,1195,-99
134,multi_regime,S19,SNPR,-1194.2,1192,-66
134,multi_regime,Z20,ZIP,5113.8,4010,-86
134,multi_regime,Z21,ZIP,5843.0,4134,-100
134,multi_regime,Z22,ZIP,5127.6,4057,-197
134,multi_regime,Z23,ZIP,4340.2,4018,-164
134,multi_regime,Z24,ZIP,3400.8,4230,-416
134,multi_regime,P25,PRSH,5087.8,542,324
134,multi_regime,P26,PRSH,3360.6,4766,318
134,multi_regime,P27,PRSH,5239.2,4563,451
134,multi_regime,P28,PRSH,13579.8,852,734
134,multi_regime,P29,PRSH,5245.4,505,307
134,multi_regime,C30,CUSTOM,3705.2,4512,-4
134,multi_regime,C31,CUSTOM,863.0,4516,-10
134,multi_regime,C32,CUSTOM,3994.0,4470,-30
134,multi_regime,C33,CUSTOM,2264.0,4379,-25
134,multi_regime,C34,CUSTOM,-1554.2,4578,4
135,multi_regime,G00,GVWY,5920.2,6104,-432
135,multi_regime,G01,GVWY,5436.0,6124,-470
135,multi_regime,G02,GVWY,834.3,6105,-313
135,multi_regime,G03,GVWY,6396.9,6159,-539
135,multi_regime,G04,GVWY,1444.8,6132,-288
135,multi_regime,Z05,ZIC,-5393.7,617,287
135,multi_regime,Z06,ZIC,-4601.4,652,214
135,multi_regime,Z07,ZIC,-4519.3,643,243
135,multi_regime,Z08,ZIC,-6552.6,694,286
135,multi_regime,Z09,ZIC,-7245.0,706,320
135,multi_regime,S10,SHVR,5510.2,5356,-362
135,multi_regime,S11,SHVR,3676.5,5287,-275
135,multi_regime,S12,SHVR,-137.7,5309,-133
135,multi_regime,S13,SHVR,-336.4,5380,-196
135,multi_regime,S14,SHVR,-2216.3,5289,-97
135,multi_regime,S15,SNPR,1881.6,1154,-86
135,multi_regime,S16,SNPR,-1929.0,1156,10
135,multi_regime,S17,SNPR,1821.7,1127,-57
135,multi_regime,S18,SNPR,2024.1,1145,-51
135,multi_regime,S19,SNPR,697.8,1152,-28
135,multi_regime,Z20,ZIP,5720.9,4115,-119
135,multi_regime,Z21,ZIP,6926.5,3903,-35
135,multi_regime,Z22,ZIP,9743.1,4095,-181
135,multi_regime,Z23,ZIP,8197.8,4068,-108
135,multi_regime,Z24,ZIP,9970.2,4092,-172
135,multi_regime,P25,PRSH,-5002.8,378,268
135,multi_regime,P26,PRSH,-15862.5,2549,745
135,multi_regime,P27,PRSH,-11773.3,1595,553
135,multi_regime,P28,PRSH,-6457.8,904,358
135,multi_regime,P29,PRSH,-10563.0,756,620
135,multi_regime,C30,CUSTOM,3059.2,4456,-52
135,multi_regime,C31,CUSTOM,931.3,4521,-23
135,multi_regime,C32,CUSTOM,3003.0,4400,-10
135,multi_regime,C33,CUSTOM,3423.8,4386,-48
135,multi_regime,C34,CUSTOM,2903.4,4458,-4
136,multi_regime,G00,GVWY,-4930.7,6181,-281
136,multi_regime,G01,GVWY,-31.6,6124,-418
136,multi_regime,G02,GVWY,140.1,6065,-437
136,multi_regime,G03,GVWY,5799.7,6147,-569
136,multi_regime,G04,GVWY,-830.4,6120,-442
136,multi_regime,Z05,ZIC,-1958.3,603,251
136,multi_regime,Z06,ZIC,-5203.4,718,298
136,multi_regime,Z07,ZIC,-2292.3,619,241
136,multi_regime,Z08,ZIC,-4272.0,656,300
136,multi_regime,Z09,ZIC,-3347.7,667,279
136,multi_regime,S10,SHVR,163.7,5219,-169
136,multi_regime,S11,SHVR,1408.5,5221,-305
136,multi_regime,S12,SHVR,5532.9,5249,-313
136,multi_regime,S13,SHVR,-166.3,5279,-139
136,multi_regime,S14,SHVR,-2199.8,5232,-134
136,multi_regime,S15,SNPR,593.2,1164,-84
136,multi_regime,S16,SNPR,965.5,1157,-105
136,multi_regime,S17,SNPR,-801.2,1138,4
136,multi_regime,S18,SNPR,-681.0,1154,-70
136,multi_regime,S19,SNPR,1324.8,1162,-86
136,multi_regime,Z20,ZIP,4364.9,4087,-13
136,multi_regime,Z21,ZIP,5494.4,3972,-48
136,multi_regime,Z22,ZIP,5038.9,3853,-33
136,multi_regime,Z23,ZIP,2994.2,3854,56
136,multi_regime,Z24,ZIP,7097.1,3999,-67
136,multi_regime,P25,PRSH,-7557.5,1285,535
136,multi_regime,P26,PRSH,-2530.3,347,251
136,multi_regime,P27,PRSH,-3431.2,580,454
136,multi_regime,P28,PRSH,-8547.0,910,740
136,multi_regime,P29,PRSH,-2817.2,354,244
136,multi_regime,C30,CUSTOM,5035.6,4430,-22
136,multi_regime,C31,CUSTOM,4068.3,4427,-31
136,multi_regime,C32,CUSTOM,4460.5,4425,-5
136,multi_regime,C33,CUSTOM,1424.6,4352,-22
136,multi_regime,C34,CUSTOM,832.5,4439,-15
137,multi_regime,G00,GVWY,-14437.85,6121,-383
137,multi_regime,G01,GVWY,-18935.9,6082,-482
137,multi_regime,G02,GVWY,-17861.2,6102,-396
137,multi_regime,G03,GVWY,-12472.6,6100,-288
137,multi_regime,G04,GVWY,-18105.55,6119,-509
137,multi_regime,Z05,ZIC,8996.55,713,349
137,multi_regime,Z06,ZIC,8287.7,618,306
137,multi_regime,Z07,ZIC,7844.6,636,208
137,multi_regime,Z08,ZIC,8447.3,698,314
137,multi_regime,Z09,ZIC,8539.5,714,330
137,multi_regime,S10,SHVR,-10201.0,5296,-240
137,multi_regime,S11,SHVR,-4526.8,5238,-84
137,multi_regime,S12,SHVR,-8301.1,5250,-238
137,multi_regime,S13,SHVR,-8734.0,5262,-320
137,multi_regime,S14,SHVR,-8764.75,5295,-165
137,multi_regime,S15,SNPR,-914.75,1183,15
137,multi_regime,S16,SNPR,-2353.95,1167,-61
137,multi_regime,S17,SNPR,-877.65,1139,-27
137,multi_regime,S18,SNPR,-1125.75,1165,-5
137,multi_regime,S19,SNPR,-2534.25,1157,-55
137,multi_regime,Z20,ZIP,7323.25,3913,55
137,multi_regime,Z21,ZIP,2025.35,3867,-87
137,multi_regime,Z22,ZIP,1989.0,3990,-200
137,multi_regime,Z23,ZIP,1182.65,4049,-153
137,multi_regime,Z24,ZIP,2766.1,3846,-22
137,multi_regime,P25,PRSH,7804.1,418,278
137,multi_regime,P26,PRSH,8956.1,410,318
137,multi_regime,P27,PRSH,8474.0,392,300
137,multi_regime,P28,PRSH,23944.45,1067,871
137,multi_regime,P29,PRSH,7746.8,350,284
137,multi_regime,C30,CUSTOM,2267.4,4332,-8
137,multi_regime,C31,CUSTOM,3310.25,4339,-5
137,multi_regime,C32,CUSTOM,2924.95,4421,1
137,multi_regime,C33,CUSTOM,1574.5,4342,-30
137,multi_regime,C34,CUSTOM,4353.6,4394,-12
138,multi_regime,G00,GVWY,-12010.8,6096,-384
138,multi_regime,G01,GVWY,-14102.9,6170,-442
138,multi_regime,G02,GVWY,-9390.05,6119,-339
138,multi_regime,G03,GVWY,-10751.45,6151,-471
138,multi_regime,G04,GVWY,-10889.15,6145,-397
138,multi_regime,Z05,ZIC,5572.1,682,298
138,multi_regime,Z06,ZIC,4555.65,691,247
138,multi_regime,Z07,ZIC,6085.9,652,302
138,multi_regime,Z08,ZIC,5642.4,688,332
138,multi_regime,Z09,ZIC,4884.7,686,246
138,multi_regime,S10,SHVR,-7713.0,5356,-260
138,multi_regime,S11,SHVR,-5847.9,5286,-302
138,multi_regime,S12,SHVR,-8792.65,5355,-147
138,multi_regime,S13,SHVR,-4927.05,5337,-119
138,multi_regime,S14,SHVR,-3776.1,5282,22
138,multi_regime,S15,SNPR,-1905.25,1159,-55
138,multi_regime,S16,SNPR,-2019.35,1195,-53
138,multi_regime,S17,SNPR,638.3,1150,-6
138,multi_regime,S18,SNPR,-1311.85,1143,-3
138,multi_regime,S19,SNPR,-1813.65,1167,-67
138,multi_regime,Z20,ZIP,7143.6,4106,88
138,multi_regime,Z21,ZIP,4977.2,4032,-84
138,multi_regime,Z22,ZIP,2606.7,4004,-34
138,multi_regime,Z23,ZIP,4736.85,3939,-77
138,multi_regime,Z24,ZIP,3148.9,4060,-58
138,multi_regime,P25,PRSH,5791.0,608,340
138,multi_regime,P26,PRSH,8663.35,491,393
138,multi_regime,P27,PRSH,8196.05,489,379
138,multi_regime,P28,PRSH,8889.35,1591,553
138,multi_regime,P29,PRSH,-1588.25,5295,25
138,multi_regime,C30,CUSTOM,3751.15,4441,-3
138,multi_regime,C31,CUSTOM,762.15,4507,-3
138,multi_regime,C32,CUSTOM,3476.95,4493,1
138,multi_regime,C33,CUSTOM,5239.55,4463,-11
138,multi_regime,C34,CUSTOM,2322.85,4385,-17
139,multi_regime,G00,GVWY,-9142.0,6106,-258
139,multi_regime,G01,GVWY,-10921.0,6075,-385
139,multi_regime,G02,GVWY,-12069.0,6108,-354
139,multi_regime,G03,GVWY,-7385.0,6113,-389
139,multi_regime,G04,GVWY,-10582.0,6135,-457
139,multi_regime,Z05,ZIC,3126.0,670,314
139,multi_regime,Z06,ZIC,3510.0,629,329
139,multi_regime,Z07,ZIC,3105.0,611,329
139,multi_regime,Z08,ZIC,4104.0,667,315
139,multi_regime,Z09,ZIC,3226.0,691,325
139,multi_regime,S10,SHVR,-3075.0,5268,-154
139,multi_regime,S11,SHVR,-3806.0,5249,-219
139,multi_regime,S12,SHVR,-5648.0,5274,-318
139,multi_regime,S13,SHVR,-6894.0,5262,-244
139,multi_regime,S14,SHVR,-6440.0,5289,-321
139,multi_regime,S15,SNPR,-806.0,1167,9
139,multi_regime,S16,SNPR,-2365.0,1156,-66
139,multi_regime,S17,SNPR,-541.0,1155,-77
139,multi_regime,S18,SNPR,-1261.0,1151,-11
139,multi_regime,S19,SNPR,-2844.0,1173,-65
139,multi_regime,Z20,ZIP,4314.0,3875,-255
139,multi_regime,Z21,ZIP,4607.0,3918,-2
139,multi_regime,Z22,ZIP,5592.0,4095,47
139,multi_regime,Z23,ZIP,5513.0,3975,-53
139,multi_regime,Z24,ZIP,4976.0,4012,-24
139,multi_regime,P25,PRSH,3306.0,446,306
139,multi_regime,P26,PRSH,4675.0,352,288
139,multi_regime,P27,PRSH,3196.0,360,250
139,multi_regime,P28,PRSH,11881.0,1149,803
139,multi_regime,P29,PRSH,4973.0,430,302
139,multi_regime,C30,CUSTOM,3205.0,4433,-21
139,multi_regime,C31,CUSTOM,2681.0,4496,-24
139,multi_regime,C32,CUSTOM,628.0,4405,-5
139,multi_regime,C33,CUSTOM,2920.0,4353,-47
139,multi_regime,C34,CUSTOM,5319.0,4303,-1
140,multi_regime,G00,GVWY,-8744.8,6154,-662
140,multi_regime,G01,GVWY,-4558.4,6110,-446
140,multi_regime,G02,GVWY,-6633.4,6138,-486
140,multi_regime,G03,GVWY,-5082.8,6159,-387
140,multi_regime,G04,GVWY,-6499.6,6133,-179
140,multi_regime,Z05,ZIC,2406.8,655,277
140,multi_regime,Z06,ZIC,1418.6,683,259
140,multi_regime,Z07,ZIC,2228.0,702,360
140,multi_regime,Z08,ZIC,1121.4,657,311
140,multi_regime,Z09,ZIC,1599.8,660,312
140,multi_regime,S10,SHVR,-2024.4,5243,-61
140,multi_regime,S11,SHVR,-1739.2,5328,-268
140,multi_regime,S12,SHVR,-6406.8,5292,-252
140,multi_regime,S13,SHVR,-3559.6,5274,-254
140,multi_regime,S14,SHVR,-4716.6,5300,-274
140,multi_regime,S15,SNPR,-1388.0,1165,-75
140,multi_regime,S16,SNPR,-524.4,1160,-96
140,multi_regime,S17,SNPR,-954.4,1191,-31
140,multi_regime,S18,SNPR,-1462.6,1206,-14
140,multi_regime,S19,SNPR,-334.0,1163,-25
140,multi_regime,Z20,ZIP,3699.8,3974,72
140,multi_regime,Z21,ZIP,4994.0,3940,-110
140,multi_regime,Z22,ZIP,5964.0,3872,-210
140,multi_regime,Z23,ZIP,1791.4,3878,-14
140,multi_regime,Z24,ZIP,4372.8,4013,17
140,multi_regime,P25,PRSH,5959.4,703,581
140,multi_regime,P26,PRSH,3354.4,856,436
140,multi_regime,P27,PRSH,3859.4,414,296
140,multi_regime,P28,PRSH,2521.2,392,258
140,multi_regime,P29,PRSH,4660.2,1901,583
140,multi_regime,C30,CUSTOM,1471.6,4400,-16
140,multi_regime,C31,CUSTOM,-523.2,4471,-13
140,multi_regime,C32,CUSTOM,3656.8,4510,2
140,multi_regime,C33,CUSTOM,640.0,4509,-5
140,multi_regime,C34,CUSTOM,1792.0,4471,-25
141,multi_regime,G00,GVWY,14047.65,6111,-517
141,multi_regime,G01,GVWY,2668.55,6129,-299
141,multi_regime,G02,GVWY,12053.95,6097,-451
141,multi_regime,G03,GVWY,4138.75,6071,-235
141,multi_regime,G04,GVWY,-4786.7,6128,-134
141,multi_regime,Z05,ZIC,-9142.75,611,295
141,multi_regime,Z06,ZIC,-10104.65,709,317
141,multi_regime,Z07,ZIC,-7682.0,626,240
141,multi_regime,Z08,ZIC,-10396.7,634,286
141,multi_regime,Z09,ZIC,-8433.9,640,242
141,multi_regime,S10,SHVR,2045.95,5209,-151
141,multi_regime,S11,SHVR,4920.1,5292,-178
141,multi_regime,S12,SHVR,-1674.8,5268,-116
141,multi_regime,S13,SHVR,11562.95,5285,-371
141,multi_regime,S14,SHVR,1703.75,5263,-175
141,multi_regime,S15,SNPR,-1042.2,1158,-24
141,multi_regime,S16,SNPR,1134.2,1170,-56
141,multi_regime,S17,SNPR,2387.25,1187,-65
141,multi_regime,S18,SNPR,-324.85,1145,-47
141,multi_regime,S19,SNPR,-1412.35,1183,3
141,multi_regime,Z20,ZIP,9016.95,4035,-91
141,multi_regime,Z21,ZIP,6615.25,3993,-5
141,multi_regime,Z22,ZIP,12507.35,4055,-163
141,multi_regime,Z23,ZIP,8452.2,4022,-16
141,multi_regime,Z24,ZIP,12147.35,4079,-103
141,multi_regime,P25,PRSH,-11036.2,472,316
141,multi_regime,P26,PRSH,-11330.75,713,335
141,multi_regime,P27,PRSH,-11152.85,689,333
141,multi_regime,P28,PRSH,-10129.4,422,292
141,multi_regime,P29,PRSH,-15545.45,979,441
141,multi_regime,C30,CUSTOM,3713.35,4421,-3
141,multi_regime,C31,CUSTOM,4616.6,4408,-8
141,multi_regime,C32,CUSTOM,2165.95,4507,-31
141,multi_regime,C33,CUSTOM,2166.35,4475,-3
141,multi_regime,C34,CUSTOM,3732.6,4524,-8
142,multi_regime,G00,GVWY,-11979.8,6128,-332
142,multi_regime,G01,GVWY,-12832.0,6070,-540
142,multi_regime,G02,GVWY,-13990.7,6078,-458
142,multi_regime,G03,GVWY,-8639.45,6091,-433
142,multi_regime,G04,GVWY,-12887.6,6124,-404
142,multi_regime,Z05,ZIC,5084.25,645,265
142,multi_regime,Z06,ZIC,4619.8,628,212
142,multi_regime,Z07,ZIC,5697.35,683,319
142,multi_regime,Z08,ZIC,5480.6,606,264
142,multi_regime,Z09,ZIC,5177.35,641,279
142,multi_regime,S10,SHVR,-9634.0,5282,-320
142,multi_regime,S11,SHVR,-4649.0,5280,-200
142,multi_regime,S12,SHVR,-5516.3,5320,-142
142,multi_regime,S13,SHVR,-8611.05,5347,-297
142,multi_regime,S14,SHVR,-7309.25,5241,-185
142,multi_regime,S15,SNPR,-812.85,1153,-149
142,multi_regime,S16,SNPR,-515.6,1146,-44
142,multi_regime,S17,SNPR,-166.9,1162,-6
142,multi_regime,S18,SNPR,-2851.85,1161,-89
142,multi_regime,S19,SNPR,-1452.45,1149,-73
142,multi_regime,Z20,ZIP,1245.0,4044,-140
142,multi_regime,Z21,ZIP,7555.25,3931,-55
142,multi_regime,Z22,ZIP,2720.75,3997,-65
142,multi_regime,Z23,ZIP,5521.55,3917,27
142,multi_regime,Z24,ZIP,7638.35,3795,59
142,multi_regime,P25,PRSH,5443.95,365,283
142,multi_regime,P26,PRSH,4871.05,473,297
142,multi_regime,P27,PRSH,15943.8,1088,852
142,multi_regime,P28,PRSH,5632.0,380,260
142,multi_regime,P29,PRSH,10336.15,2147,711
142,multi_regime,C30,CUSTOM,2011.75,4353,-5
142,multi_regime,C31,CUSTOM,1002.1,4512,-6
142,multi_regime,C32,CUSTOM,2486.15,4481,-9
142,multi_regime,C33,CUSTOM,561.75,4423,-5
142,multi_regime,C34,CUSTOM,3282.4,4430,-4
143,multi_regime,G00,GVWY,-3193.65,6071,-317
143,multi_regime,G01,GVWY,-4269.55,6067,-459
143,multi_regime,G02,GVWY,697.05,6117,-491
143,multi_regime,G03,GVWY,1593.25,6083,-455
143,multi_regime,G04,GVWY,-2487.1,6090,-318
143,multi_regime,Z05,ZIC,-1789.2,716,284
143,multi_regime,Z06,ZIC,-711.1,650,242
143,multi_regime,Z07,ZIC,-1943.55,629,241
143,multi_regime,Z08,ZIC,-2617.7,666,274
143,multi_regime,Z09,ZIC,-2693.7,634,314
143,multi_regime,S10,SHVR,-426.15,5223,-127
143,multi_regime,S11,SHVR,-56.3,5254,-294
143,multi_regime,S12,SHVR,323.45,5219,-219
143,multi_regime,S13,SHVR,1069.8,5316,-336
143,multi_regime,S14,SHVR,1604.9,5308,-318
143,multi_regime,S15,SNPR,461.65,1171,-103
143,multi_regime,S16,SNPR,985.35,1163,-57
143,multi_regime,S17,SNPR,739.25,1149,-95
143,multi_regime,S18,SNPR,183.35,1189,-37
143,multi_regime,S19,SNPR,808.2,1144,-104
143,multi_regime,Z20,ZIP,5390.0,3926,-80
143,multi_regime,Z21,ZIP,6411.4,3934,-168
143,multi_regime,Z22,ZIP,5484.4,3922,-68
143,multi_regime,Z23,ZIP,3785.95,3973,31
143,multi_regime,Z24,ZIP,4904.95,3839,-89
143,multi_regime,P25,PRSH,-806.6,486,392
143,multi_regime,P26,PRSH,-4637.35,2021,757
143,multi_regime,P27,PRSH,-2594.5,1366,490
143,multi_regime,P28,PRSH,-5194.65,3149,663
143,multi_regime,P29,PRSH,-2915.7,1006,374
143,multi_regime,C30,CUSTOM,-885.75,4427,-15
143,multi_regime,C31,CUSTOM,1363.5,4414,-30
143,multi_regime,C32,CUSTOM,834.1,4488,-22
143,multi_regime,C33,CUSTOM,1312.0,4462,0
143,multi_regime,C34,CUSTOM,3175.75,4435,-25
144,multi_regime,G00,GVWY,-10593.4,6066,-456
144,multi_regime,G01,GVWY,-12671.2,6118,-608
144,multi_regime,G02,GVWY,-11743.45,6087,-473
144,multi_regime,G03,GVWY,-9773.35,6087,-299
144,multi_regime,G04,GVWY,-10513.05,6077,-517
144,multi_regime,Z05,ZIC,4117.45,633,233
144,multi_regime,Z06,ZIC,4624.1,650,294
144,multi_regime,Z07,ZIC,3691.55,629,227
144,multi_regime,Z08,ZIC,4013.25,717,285
144,multi_regime,Z09,ZIC,4945.8,632,252
144,multi_regime,S10,SHVR,-7454.45,5261,-273
144,multi_regime,S11,SHVR,-4513.25,5291,-285
144,multi_regime,S12,SHVR,-6541.15,5229,-271
144,multi_regime,S13,SHVR,-3742.15,5273,-51
144,multi_regime,S14,SHVR,-7287.6,5276,-424
144,multi_regime,S15,SNPR,-536.35,1155,-59
144,multi_regime,S16,SNPR,-2865.05,1163,-17
144,multi_regime,S17,SNPR,-2017.25,1183,-85
144,multi_regime,S18,SNPR,-2384.45,1185,-93
144,multi_regime,S19,SNPR,-2162.7,1190,-58
144,multi_regime,Z20,ZIP,4096.2,3870,-52
144,multi_regime,Z21,ZIP,8220.85,4045,49
144,multi_regime,Z22,ZIP,3255.5,3782,-190
144,multi_regime,Z23,ZIP,5814.05,3853,-83
144,multi_regime,Z24,ZIP,3202.9,4066,-134
144,multi_regime,P25,PRSH,13186.9,1092,846
144,multi_regime,P26,PRSH,10394.7,716,598
144,multi_regime,P27,PRSH,5721.45,735,313
144,multi_regime,P28,PRSH,8297.6,2780,664
144,multi_regime,P29,PRSH,9230.35,1815,619
144,multi_regime,C30,CUSTOM,422.2,4440,-32
144,multi_regime,C31,CUSTOM,2737.05,4473,-3
144,multi_regime,C32,CUSTOM,-1792.5,4454,-10
144,multi_regime,C33,CUSTOM,-423.0,4420,-20
144,multi_regime,C34,CUSTOM,613.05,4461,-23
145,multi_regime,G00,GVWY,-8461.1,6077,-421
145,multi_regime,G01,GVWY,-7168.6,6074,-466
145,multi_regime,G02,GVWY,-7351.9,6117,-219
145,multi_regime,G03,GVWY,-9405.1,6119,-251
145,multi_regime,G04,GVWY,-7300.3,6123,-363
145,multi_regime,Z05,ZIC,1899.6,684,326
145,multi_regime,Z06,ZIC,3257.4,700,274
145,multi_regime,Z07,ZIC,2639.0,624,320
145,multi_regime,Z08,ZIC,2989.7,633,267
145,multi_regime,Z09,ZIC,2671.6,656,276
145,multi_regime,S10,SHVR,-2602.8,5328,-238
145,multi_regime,S11,SHVR,-3052.7,5317,-257
145,multi_regime,S12,SHVR,-3323.2,5304,-282
145,multi_regime,S13,SHVR,-4142.9,5253,-169
145,multi_regime,S14,SHVR,-7553.1,5281,-151
145,multi_regime,S15,SNPR,-1274.2,1156,-102
145,multi_regime,S16,SNPR,-1995.8,1170,-78
145,multi_regime,S17,SNPR,-927.6,1138,34
145,multi_regime,S18,SNPR,-389.8,1154,-8
145,multi_regime,S19,SNPR,1016.0,1166,-90
145,multi_regime,Z20,ZIP,6466.8,4048,-62
145,multi_regime,Z21,ZIP,4320.6,4002,-204
145,multi_regime,Z22,ZIP,3635.9,4051,-51
145,multi_regime,Z23,ZIP,4389.9,3965,-111
145,multi_regime,Z24,ZIP,5242.7,4019,-113
145,multi_regime,P25,PRSH,3372.2,1380,572
145,multi_regime,P26,PRSH,3817.6,788,366
145,multi_regime,P27,PRSH,4981.0,506,420
145,multi_regime,P28,PRSH,4102.4,430,324
145,multi_regime,P29,PRSH,4059.9,981,369
145,multi_regime,C30,CUSTOM,1809.4,4334,-6
145,multi_regime,C31,CUSTOM,882.3,4447,-7
145,multi_regime,C32,CUSTOM,1021.0,4478,0
145,multi_regime,C33,CUSTOM,969.1,4503,-9
145,multi_regime,C34,CUSTOM,2384.8,4366,-32
146,multi_regime,G00,GVWY,-703.8,6154,-372
146,multi_regime,G01,GVWY,-1442.55,6179,-337
146,multi_regime,G02,GVWY,-2280.8,6164,-272
146,multi_regime,G03,GVWY,-1940.8,6154,-232
146,multi_regime,G04,GVWY,-3689.7,6162,-278
146,multi_regime,Z05,ZIC,-1530.7,656,302
146,multi_regime,Z06,ZIC,-1563.75,665,275
146,multi_regime,Z07,ZIC,-2766.2,694,332
146,multi_regime,Z08,ZIC,-2294.9,682,334
146,multi_regime,Z09,ZIC,-2857.75,773,355
146,multi_regime,S10,SHVR,-1207.5,5372,-330
146,multi_regime,S11,SHVR,-1840.5,5394,-130
146,multi_regime,S12,SHVR,-539.25,5351,-155
146,multi_regime,S13,SHVR,-4016.55,5281,-177
146,multi_regime,S14,SHVR,-680.55,5443,-297
146,multi_regime,S15,SNPR,744.05,1195,-93
146,multi_regime,S16,SNPR,-359.65,1171,-91
146,multi_regime,S17,SNPR,1577.55,1191,-103
146,multi_regime,S18,SNPR,320.9,1184,-94
146,multi_regime,S19,SNPR,471.7,1190,-42
146,multi_regime,Z20,ZIP,9058.05,4047,-53
146,multi_regime,Z21,ZIP,5313.85,3855,-81
146,multi_regime,Z22,ZIP,9896.9,4152,-294
146,multi_regime,Z23,ZIP,6193.5,4016,-170
146,multi_regime,Z24,ZIP,5185.15,3971,-119
146,multi_regime,P25,PRSH,-2292.85,711,361
146,multi_regime,P26,PRSH,-2635.85,1107,441
146,multi_regime,P27,PRSH,-1551.75,395,255
146,multi_regime,P28,PRSH,-7359.25,4577,525
146,multi_regime,P29,PRSH,-708.2,3624,472
146,multi_regime,C30,CUSTOM,3399.85,4401,-1
146,multi_regime,C31,CUSTOM,1154.95,4435,-27
146,multi_regime,C32,CUSTOM,1672.95,4609,-27
146,multi_regime,C33,CUSTOM,1100.15,4423,-19
146,multi_regime,C34,CUSTOM,2324.4,4520,-24
147,multi_regime,G00,GVWY,-15328.4,6092,-376
147,multi_regime,G01,GVWY,-13429.1,6089,-279
147,multi_regime,G02,GVWY,-15355.9,6141,-391
147,multi_regime,G03,GVWY,-16061.4,6110,-306
147,multi_regime,G04,GVWY,-11109.0,6154,-310
147,multi_regime,Z05,ZIC,6880.1,665,219
147,multi_regime,Z06,ZIC,8097.5,631,295
147,multi_regime,Z07,ZIC,7077.9,657,261
147,multi_regime,Z08,ZIC,7191.4,636,276
147,multi_regime,Z09,ZIC,7651.6,690,304
147,multi_regime,S10,SHVR,-9205.6,5320,-244
147,multi_regime,S11,SHVR,-10596.5,5263,-275
147,multi_regime,S12,SHVR,-12331.9,5327,-291
147,multi_regime,S13,SHVR,-8341.5,5311,-355
147,multi_regime,S14,SHVR,-12343.2,5300,-308
147,multi_regime,S15,SNPR,-3265.4,1164,-96
147,multi_regime,S16,SNPR,-1649.8,1162,-2
147,multi_regime,S17,SNPR,-1345.3,1135,-37
147,multi_regime,S18,SNPR,-836.9,1135,-51
147,multi_regime,S19,SNPR,-1087.2,1150,-38
147,multi_regime,Z20,ZIP,4441.1,4005,-171
147,multi_regime,Z21,ZIP,2243.6,3978,-126
147,multi_regime,Z22,ZIP,1747.6,3926,-116
147,multi_regime,Z23,ZIP,2074.9,3853,-139
147,multi_regime,Z24,ZIP,3103.2,4034,-122
147,multi_regime,P25,PRSH,6733.7,363,263
147,multi_regime,P26,PRSH,16476.8,2532,552
147,multi_regime,P27,PRSH,14632.8,596,482
147,multi_regime,P28,PRSH,22094.3,1201,757
147,multi_regime,P29,PRSH,14999.6,620,504
147,multi_regime,C30,CUSTOM,2195.7,4471,-7
147,multi_regime,C31,CUSTOM,1029.4,4416,-24
147,multi_regime,C32,CUSTOM,-129.5,4365,-15
147,multi_regime,C33,CUSTOM,730.0,4426,-10
147,multi_regime,C34,CUSTOM,1308.1,4459,-11
148,multi_regime,G00,GVWY,-13252.4,6106,-512
148,multi_regime,G01,GVWY,-13212.6,6048,-528
148,multi_regime,G02,GVWY,-9891.65,6125,-237
148,multi_regime,G03,GVWY,-12645.2,6144,-436
148,multi_regime,G04,GVWY,-10879.7,6038,-326
148,multi_regime,Z05,ZIC,5752.75,667,295
148,multi_regime,Z06,ZIC,5577.75,675,295
148,multi_regime,Z07,ZIC,5466.85,617,253
148,multi_regime,Z08,ZIC,5714.35,649,323
148,multi_regime,Z09,ZIC,4660.4,702,292
148,multi_regime,S10,SHVR,-9078.85,5291,-393
148,multi_regime,S11,SHVR,-5665.05,5181,-149
148,multi_regime,S12,SHVR,-6129.8,5302,-284
148,multi_regime,S13,SHVR,-8656.25,5265,-425
148,multi_regime,S14,SHVR,-6637.7,5298,-266
148,multi_regime,S15,SNPR,-1128.7,1178,-66
148,multi_regime,S16,SNPR,-813.4,1194,-72
148,multi_regime,S17,SNPR,-523.25,1161,-45
148,multi_regime,S18,SNPR,-2433.15,1189,-47
148,multi_regime,S19,SNPR,-1406.7,1196,-46
148,multi_regime,Z20,ZIP,3901.35,3927,163
148,multi_regime,Z21,ZIP,4444.3,3900,-26
148,multi_regime,Z22,ZIP,2348.5,3998,-150
148,multi_regime,Z23,ZIP,3632.5,3928,-130
148,multi_regime,Z24,ZIP,3369.2,3934,-64
148,multi_regime,P25,PRSH,9286.8,1466,504
148,multi_regime,P26,PRSH,14809.2,1662,696
148,multi_regime,P27,PRSH,5242.15,495,247
148,multi_regime,P28,PRSH,8557.3,480,374
148,multi_regime,P29,PRSH,11443.65,1727,637
148,multi_regime,C30,CUSTOM,2090.7,4434,-14
148,multi_regime,C31,CUSTOM,1570.85,4515,-7
148,multi_regime,C32,CUSTOM,1677.75,4385,-5
148,multi_regime,C33,CUSTOM,1448.35,4443,-17
148,multi_regime,C34,CUSTOM,1099.25,4475,-15
149,multi_regime,G00,GVWY,-3159.4,6175,-301
149,multi_regime,G01,GVWY,-3912.4,6153,-251
149,multi_regime,G02,GVWY,1269.8,6181,-483
149,multi_regime,G03,GVWY,-3270.0,6143,-295
149,multi_regime,G04,GVWY,2521.0,6137,-425
149,multi_regime,Z05,ZIC,-2622.2,692,322
149,multi_regime,Z06,ZIC,-2473.8,642,268
149,multi_regime,Z07,ZIC,-2171.0,665,255
149,multi_regime,Z08,ZIC,-2249.4,647,269
149,multi_regime,Z09,ZIC,-3622.8,706,318
149,multi_regime,S10,SHVR,3128.4,5350,-334
149,multi_regime,S11,SHVR,-4906.2,5331,-263
149,multi_regime,S12,SHVR,238.4,5310,-254
149,multi_regime,S13,SHVR,-878.8,5318,-212
149,multi_regime,S14,SHVR,-1247.0,5306,-180
149,multi_regime,S15,SNPR,3039.0,1158,-180
149,multi_regime,S16,SNPR,869.8,1166,-28
149,multi_regime,S17,SNPR,390.6,1165,-11
149,multi_regime,S18,SNPR,-791.4,1174,-16
149,multi_regime,S19,SNPR,430.2,1144,-92
149,multi_regime,Z20,ZIP,3331.4,3901,71
149,multi_regime,Z21,ZIP,14345.0,4214,-500
149,multi_regime,Z22,ZIP,6362.2,3911,-77
149,multi_regime,Z23,ZIP,8139.2,4037,-7
149,multi_regime,Z24,ZIP,4605.8,3975,-93
149,multi_regime,P25,PRSH,-8013.4,1443,609
149,multi_regime,P26,PRSH,-5403.4,1115,489
149,multi_regime,P27,PRSH,-6616.6,1764,586
149,multi_regime,P28,PRSH,-2873.2,400,312
149,multi_regime,P29,PRSH,-3635.8,1188,458
149,multi_regime,C30,CUSTOM,857.6,4426,-16
149,multi_regime,C31,CUSTOM,4919.0,4431,-15
149,multi_regime,C32,CUSTOM,1717.4,4441,-9
149,multi_regime,C33,CUSTOM,3269.4,4395,-9
149,multi_regime,C34,CUSTOM,2462.4,4427,-9
