trial,condition,tid,ttype,final_profit,n_trades,final_inventory
0,stable,G00,GVWY,-8651.4,6462,-244
0,stable,G01,GVWY,-7376.5,6423,-415
0,stable,G02,GVWY,-8927.2,6420,-372
0,stable,G03,GVWY,-8149.0,6436,-120
0,stable,G04,GVWY,-8071.2,6454,-162
0,stable,Z05,ZIC,1103.4,596,304
0,stable,Z06,ZIC,828.0,574,250
0,stable,Z07,ZIC,1497.8,556,248
0,stable,Z08,ZIC,1263.8,568,238
0,stable,Z09,ZIC,1390.6,548,306
0,stable,S10,SHVR,-5874.6,5620,-136
0,stable,S11,SHVR,-4869.7,5553,-97
0,stable,S12,SHVR,-4948.8,5554,-28
0,stable,S13,SHVR,-5988.2,5608,188
0,stable,S14,SHVR,-5389.9,5547,141
0,stable,S15,SNPR,-1493.2,1236,-32
0,stable,S16,SNPR,-1736.6,1212,24
0,stable,S17,SNPR,-1696.7,1231,43
0,stable,S18,SNPR,-896.8,1228,-38
0,stable,S19,SNPR,-1382.7,1203,13
0,stable,Z20,ZIP,11748.2,3600,-168
0,stable,Z21,ZIP,14789.1,3745,-799
0,stable,Z22,ZIP,11486.0,3602,-280
0,stable,Z23,ZIP,10365.7,3487,-163
0,stable,Z24,ZIP,13366.2,3678,-528
0,stable,P25,PRSH,2296.1,997,471
0,stable,P26,PRSH,919.4,396,234
0,stable,P27,PRSH,2892.1,1377,591
0,stable,P28,PRSH,1153.3,497,313
0,stable,P29,PRSH,890.8,240,178
1,stable,G00,GVWY,-3763.4,6444,-242
1,stable,G01,GVWY,-6414.6,6457,-173
1,stable,G02,GVWY,-5536.4,6387,-197
1,stable,G03,GVWY,-7907.8,6422,-74
1,stable,G04,GVWY,-7835.4,6405,-117
1,stable,Z05,ZIC,-1722.6,572,322
1,stable,Z06,ZIC,-1855.6,556,292
1,stable,Z07,ZIC,-1471.8,542,286
1,stable,Z08,ZIC,-2460.2,608,374
1,stable,Z09,ZIC,-1793.6,588,332
1,stable,S10,SHVR,-5807.8,5613,1
1,stable,S11,SHVR,-5161.4,5567,-87
1,stable,S12,SHVR,-6468.8,5612,36
1,stable,S13,SHVR,-5544.0,5551,-15
1,stable,S14,SHVR,-7192.8,5577,131
1,stable,S15,SNPR,-1017.4,1247,13
1,stable,S16,SNPR,-702.0,1255,-35
1,stable,S17,SNPR,-805.0,1229,-55
1,stable,S18,SNPR,-973.2,1248,-36
1,stable,S19,SNPR,-558.8,1256,-44
1,stable,Z20,ZIP,14064.8,3590,-266
1,stable,Z21,ZIP,22278.6,3579,-917
1,stable,Z22,ZIP,17817.6,3464,-562
1,stable,Z23,ZIP,16893.4,3538,-488
1,stable,Z24,ZIP,14071.0,3554,-250
1,stable,P25,PRSH,-2348.4,767,433
1,stable,P26,PRSH,-789.6,272,202
1,stable,P27,PRSH,-1209.4,281,223
1,stable,P28,PRSH,-1198.2,371,309
1,stable,P29,PRSH,-3316.4,1123,573
2,stable,G00,GVWY,-10828.5,6452,-310
2,stable,G01,GVWY,-11485.6,6420,-316
2,stable,G02,GVWY,-9634.05,6429,-213
2,stable,G03,GVWY,-10285.3,6372,-298
2,stable,G04,GVWY,-11185.5,6354,-350
2,stable,Z05,ZIC,3209.3,580,258
2,stable,Z06,ZIC,3948.35,577,311
2,stable,Z07,ZIC,3406.9,548,254
2,stable,Z08,ZIC,4530.65,619,349
2,stable,Z09,ZIC,3698.4,580,264
2,stable,S10,SHVR,-4898.55,5527,-23
2,stable,S11,SHVR,-5836.7,5550,-22
2,stable,S12,SHVR,-5906.35,5549,49
2,stable,S13,SHVR,-6798.1,5542,-126
2,stable,S14,SHVR,-6631.35,5559,-91
2,stable,S15,SNPR,-850.5,1256,30
2,stable,S16,SNPR,-1835.55,1253,-43
2,stable,S17,SNPR,-1422.5,1232,-30
2,stable,S18,SNPR,-826.2,1256,8
2,stable,S19,SNPR,-812.55,1247,-3
2,stable,Z20,ZIP,10603.35,3559,-149
2,stable,Z21,ZIP,11255.4,3584,-136
2,stable,Z22,ZIP,6855.6,3566,-704
2,stable,Z23,ZIP,8609.9,3496,-186
2,stable,Z24,ZIP,8734.45,3565,-383
2,stable,P25,PRSH,4871.4,732,344
2,stable,P26,PRSH,4936.55,785,383
2,stable,P27,PRSH,2077.2,210,152
2,stable,P28,PRSH,8937.6,1686,676
2,stable,P29,PRSH,3626.85,587,261
3,stable,G00,GVWY,-9611.0,6447,-205
3,stable,G01,GVWY,-11373.4,6432,-436
3,stable,G02,GVWY,-7801.2,6477,-113
3,stable,G03,GVWY,-10458.6,6393,-339
3,stable,G04,GVWY,-10889.0,6432,-300
3,stable,Z05,ZIC,3213.0,529,285
3,stable,Z06,ZIC,2659.4,493,251
3,stable,Z07,ZIC,2782.8,501,247
3,stable,Z08,ZIC,2870.8,519,237
3,stable,Z09,ZIC,3101.6,539,289
3,stable,S10,SHVR,-4886.2,5578,-38
3,stable,S11,SHVR,-6831.4,5625,-81
3,stable,S12,SHVR,-6941.6,5659,-199
3,stable,S13,SHVR,-5529.0,5608,-60
3,stable,S14,SHVR,-6313.4,5615,79
3,stable,S15,SNPR,-1817.6,1226,-74
3,stable,S16,SNPR,-1589.2,1234,-88
3,stable,S17,SNPR,-1511.4,1251,39
3,stable,S18,SNPR,-1335.2,1243,7
3,stable,S19,SNPR,-1627.6,1237,-109
3,stable,Z20,ZIP,8147.0,3751,-705
3,stable,Z21,ZIP,10877.2,3610,-392
3,stable,Z22,ZIP,11283.0,3561,-95
3,stable,Z23,ZIP,8040.6,3570,-166
3,stable,Z24,ZIP,9974.0,3690,-330
3,stable,P25,PRSH,2320.0,246,190
3,stable,P26,PRSH,3114.0,486,270
3,stable,P27,PRSH,7566.8,1378,602
3,stable,P28,PRSH,4595.6,716,354
3,stable,P29,PRSH,7427.4,3016,736
4,stable,G00,GVWY,-6515.6,6404,-222
4,stable,G01,GVWY,-6357.3,6391,-191
4,stable,G02,GVWY,-2434.6,6392,-372
4,stable,G03,GVWY,-2125.1,6375,-487
4,stable,G04,GVWY,-2677.4,6466,-488
4,stable,Z05,ZIC,-1281.7,521,221
4,stable,Z06,ZIC,-2069.8,572,294
4,stable,Z07,ZIC,-1677.2,568,256
4,stable,Z08,ZIC,-1373.9,565,247
4,stable,Z09,ZIC,-1250.7,565,261
4,stable,S10,SHVR,-3629.2,5590,-24
4,stable,S11,SHVR,-5253.3,5565,19
4,stable,S12,SHVR,-4901.6,5646,-92
4,stable,S13,SHVR,-4646.4,5600,-28
4,stable,S14,SHVR,-3094.9,5589,-153
4,stable,S15,SNPR,-1583.2,1256,46
4,stable,S16,SNPR,-619.7,1217,-39
4,stable,S17,SNPR,-1043.7,1251,-19
4,stable,S18,SNPR,-207.7,1259,-69
4,stable,S19,SNPR,-1132.5,1261,35
4,stable,Z20,ZIP,11563.3,3427,-139
4,stable,Z21,ZIP,12188.1,3695,-273
4,stable,Z22,ZIP,13774.3,3565,-219
4,stable,Z23,ZIP,12585.7,3563,-241
4,stable,Z24,ZIP,17140.6,3646,-328
4,stable,P25,PRSH,-1510.9,309,277
4,stable,P26,PRSH,-2130.3,1069,459
4,stable,P27,PRSH,-4640.6,4810,518
4,stable,P28,PRSH,-626.0,232,160
4,stable,P29,PRSH,-2950.3,1155,529
5,stable,G00,GVWY,-8101.8,6372,-502
5,stable,G01,GVWY,-9093.5,6405,-365
5,stable,G02,GVWY,-7909.5,6353,-305
5,stable,G03,GVWY,-7959.7,6363,-433
5,stable,G04,GVWY,-7982.1,6355,-199
5,stable,Z05,ZIC,1916.8,544,312
5,stable,Z06,ZIC,1831.3,539,237
5,stable,Z07,ZIC,1219.1,557,259
5,stable,Z08,ZIC,1682.9,519,251
5,stable,Z09,ZIC,1721.7,533,273
5,stable,S10,SHVR,-5389.3,5481,-27
5,stable,S11,SHVR,-4310.9,5497,-141
5,stable,S12,SHVR,-5354.6,5536,-84
5,stable,S13,SHVR,-4518.3,5495,-147
5,stable,S14,SHVR,-4530.4,5484,-236
5,stable,S15,SNPR,-1732.1,1245,-79
5,stable,S16,SNPR,-1024.6,1248,-24
5,stable,S17,SNPR,-838.3,1243,13
5,stable,S18,SNPR,-934.6,1222,-34
5,stable,S19,SNPR,-1044.2,1254,-38
5,stable,Z20,ZIP,9136.0,3486,-110
5,stable,Z21,ZIP,9336.5,3489,-25
5,stable,Z22,ZIP,11724.2,3552,-212
5,stable,Z23,ZIP,10697.4,3558,-144
5,stable,Z24,ZIP,10209.7,3553,-97
5,stable,P25,PRSH,3082.3,981,487
5,stable,P26,PRSH,1381.3,221,167
5,stable,P27,PRSH,1483.3,333,217
5,stable,P28,PRSH,2097.8,300,252
5,stable,P29,PRSH,4120.7,1569,653
6,stable,G00,GVWY,-6378.3,6423,-161
6,stable,G01,GVWY,-8438.9,6441,-143
6,stable,G02,GVWY,-9191.1,6419,-217
6,stable,G03,GVWY,-8100.6,6370,-62
6,stable,G04,GVWY,-8364.5,6465,-265
6,stable,Z05,ZIC,1055.9,589,283
6,stable,Z06,ZIC,840.8,580,326
6,stable,Z07,ZIC,360.5,513,265
6,stable,Z08,ZIC,587.4,546,288
6,stable,Z09,ZIC,147.2,564,284
6,stable,S10,SHVR,-5618.9,5575,-153
6,stable,S11,SHVR,-5953.7,5597,-229
6,stable,S12,SHVR,-5840.5,5563,85
6,stable,S13,SHVR,-6980.9,5603,137
6,stable,S14,SHVR,-5250.9,5577,17
6,stable,S15,SNPR,-532.0,1238,-60
6,stable,S16,SNPR,-378.4,1224,12
6,stable,S17,SNPR,-1246.0,1222,-10
6,stable,S18,SNPR,-964.5,1235,-55
6,stable,S19,SNPR,-1283.8,1228,-36
6,stable,Z20,ZIP,13864.6,3556,-488
6,stable,Z21,ZIP,14178.7,3553,-251
6,stable,Z22,ZIP,11716.3,3595,-109
6,stable,Z23,ZIP,13572.0,3530,-230
6,stable,Z24,ZIP,15231.3,3605,-779
6,stable,P25,PRSH,880.9,943,493
6,stable,P26,PRSH,1135.4,652,278
6,stable,P27,PRSH,219.3,569,281
6,stable,P28,PRSH,767.0,268,220
6,stable,P29,PRSH,725.2,252,184
7,stable,G00,GVWY,-10929.0,6400,-240
7,stable,G01,GVWY,-9082.2,6400,-134
7,stable,G02,GVWY,-10488.4,6424,-298
7,stable,G03,GVWY,-11689.3,6413,-391
7,stable,G04,GVWY,-9272.1,6415,-187
7,stable,Z05,ZIC,2981.4,540,308
7,stable,Z06,ZIC,2712.0,512,240
7,stable,Z07,ZIC,3414.0,582,290
7,stable,Z08,ZIC,3130.4,574,298
7,stable,Z09,ZIC,3375.1,495,257
7,stable,S10,SHVR,-6541.1,5689,-147
7,stable,S11,SHVR,-6988.3,5597,-71
7,stable,S12,SHVR,-6362.8,5640,-56
7,stable,S13,SHVR,-6700.2,5676,-124
7,stable,S14,SHVR,-6358.1,5589,-107
7,stable,S15,SNPR,-1710.9,1283,-103
7,stable,S16,SNPR,-845.6,1236,-12
7,stable,S17,SNPR,-596.0,1228,20
7,stable,S18,SNPR,-1793.0,1222,-90
7,stable,S19,SNPR,-1146.9,1245,-53
7,stable,Z20,ZIP,11004.3,3665,-129
7,stable,Z21,ZIP,11474.7,3577,-251
7,stable,Z22,ZIP,11476.4,3524,-92
7,stable,Z23,ZIP,10898.2,3600,-526
7,stable,Z24,ZIP,11527.4,3536,-132
7,stable,P25,PRSH,3022.6,546,252
7,stable,P26,PRSH,2760.4,274,228
7,stable,P27,PRSH,2293.7,233,159
7,stable,P28,PRSH,5777.2,4846,584
7,stable,P29,PRSH,4857.8,838,436
8,stable,G00,GVWY,-5387.1,6462,-294
8,stable,G01,GVWY,-6664.45,6467,-133
8,stable,G02,GVWY,-5190.3,6444,-302
8,stable,G03,GVWY,-8299.55,6449,-127
8,stable,G04,GVWY,-3539.15,6471,-351
8,stable,Z05,ZIC,-901.95,491,237
8,stable,Z06,ZIC,-1260.35,505,261
8,stable,Z07,ZIC,-898.4,582,264
8,stable,Z08,ZIC,-1718.1,598,306
8,stable,Z09,ZIC,-975.65,569,279
8,stable,S10,SHVR,-4353.75,5667,-75
8,stable,S11,SHVR,-5529.55,5627,33
8,stable,S12,SHVR,-2772.95,5633,-263
8,stable,S13,SHVR,-6562.2,5622,12
8,stable,S14,SHVR,-6826.2,5652,92
8,stable,S15,SNPR,-119.6,1240,-84
8,stable,S16,SNPR,-1021.25,1255,-25
8,stable,S17,SNPR,-978.7,1256,-38
8,stable,S18,SNPR,-78.55,1259,-87
8,stable,S19,SNPR,4.95,1277,-57
8,stable,Z20,ZIP,15928.7,3624,-482
8,stable,Z21,ZIP,14075.85,3471,-311
8,stable,Z22,ZIP,12094.3,3592,-198
8,stable,Z23,ZIP,17718.9,3494,-514
8,stable,Z24,ZIP,15801.65,3531,-539
8,stable,P25,PRSH,-1154.9,1066,394
8,stable,P26,PRSH,-4629.6,2778,936
8,stable,P27,PRSH,-834.25,253,175
8,stable,P28,PRSH,-656.2,232,172
8,stable,P29,PRSH,-4015.3,3896,658
9,stable,G00,GVWY,-7609.45,6375,-271
9,stable,G01,GVWY,-5676.2,6342,-376
9,stable,G02,GVWY,-6620.75,6351,-285
9,stable,G03,GVWY,-6869.1,6342,-98
9,stable,G04,GVWY,-6350.9,6322,-342
9,stable,Z05,ZIC,224.85,545,263
9,stable,Z06,ZIC,-20.8,540,256
9,stable,Z07,ZIC,272.75,553,265
9,stable,Z08,ZIC,361.8,590,264
9,stable,Z09,ZIC,417.3,520,234
9,stable,S10,SHVR,-4898.4,5516,-72
9,stable,S11,SHVR,-3771.9,5520,-182
9,stable,S12,SHVR,-4098.4,5502,-272
9,stable,S13,SHVR,-5366.45,5543,29
9,stable,S14,SHVR,-5569.1,5472,-38
9,stable,S15,SNPR,-961.95,1221,-1
9,stable,S16,SNPR,-633.35,1255,-73
9,stable,S17,SNPR,-819.25,1255,5
9,stable,S18,SNPR,-1109.95,1227,59
9,stable,S19,SNPR,-292.45,1237,9
9,stable,Z20,ZIP,10325.35,3381,13
9,stable,Z21,ZIP,13811.5,3520,-290
9,stable,Z22,ZIP,11760.05,3463,-161
9,stable,Z23,ZIP,10738.6,3440,-192
9,stable,Z24,ZIP,12384.05,3475,-301
9,stable,P25,PRSH,895.1,692,338
9,stable,P26,PRSH,223.95,721,361
9,stable,P27,PRSH,231.95,311,261
9,stable,P28,PRSH,32.05,629,339
9,stable,P29,PRSH,265.2,210,176
10,stable,G00,GVWY,-7999.6,6419,-433
10,stable,G01,GVWY,-8727.2,6393,-361
10,stable,G02,GVWY,-8513.8,6382,-224
10,stable,G03,GVWY,-7351.8,6388,-184
10,stable,G04,GVWY,-7758.0,6414,-320
10,stable,Z05,ZIC,1689.4,557,257
10,stable,Z06,ZIC,1047.8,476,214
10,stable,Z07,ZIC,1318.8,520,284
10,stable,Z08,ZIC,1710.6,559,293
10,stable,Z09,ZIC,1452.6,524,298
10,stable,S10,SHVR,-4655.0,5535,-195
10,stable,S11,SHVR,-4724.2,5607,-1
10,stable,S12,SHVR,-4825.8,5612,-114
10,stable,S13,SHVR,-4824.2,5607,-191
10,stable,S14,SHVR,-5888.0,5513,-125
10,stable,S15,SNPR,-1249.8,1236,-44
10,stable,S16,SNPR,19.6,1259,53
10,stable,S17,SNPR,-1432.6,1248,-138
10,stable,S18,SNPR,-1268.2,1252,44
10,stable,S19,SNPR,-945.8,1258,36
10,stable,Z20,ZIP,9007.6,3471,-227
10,stable,Z21,ZIP,11212.4,3705,-353
10,stable,Z22,ZIP,9746.8,3626,-196
10,stable,Z23,ZIP,10619.4,3635,-733
10,stable,Z24,ZIP,9293.4,3548,-128
10,stable,P25,PRSH,1489.6,302,258
10,stable,P26,PRSH,3896.8,1155,749
10,stable,P27,PRSH,1413.6,295,193
10,stable,P28,PRSH,3175.8,1581,569
10,stable,P29,PRSH,3654.4,1115,627
11,stable,G00,GVWY,-9224.4,6380,-284
11,stable,G01,GVWY,-8903.75,6465,-395
11,stable,G02,GVWY,-7807.55,6371,-103
11,stable,G03,GVWY,-10494.25,6437,-305
11,stable,G04,GVWY,-9262.2,6436,-312
11,stable,Z05,ZIC,2708.05,493,253
11,stable,Z06,ZIC,3244.45,585,317
11,stable,Z07,ZIC,3412.4,550,304
11,stable,Z08,ZIC,3024.95,531,307
11,stable,Z09,ZIC,3148.15,547,279
11,stable,S10,SHVR,-5903.35,5593,-51
11,stable,S11,SHVR,-6653.85,5569,-161
11,stable,S12,SHVR,-5692.25,5547,-45
11,stable,S13,SHVR,-6773.6,5646,-136
11,stable,S14,SHVR,-4395.65,5571,11
11,stable,S15,SNPR,-1553.0,1238,40
11,stable,S16,SNPR,-698.85,1245,79
11,stable,S17,SNPR,-1401.65,1263,-9
11,stable,S18,SNPR,-1787.25,1239,-65
11,stable,S19,SNPR,-1856.5,1236,-90
11,stable,Z20,ZIP,9615.3,3546,-362
11,stable,Z21,ZIP,5301.65,3693,-931
11,stable,Z22,ZIP,8314.0,3482,-140
11,stable,Z23,ZIP,10037.7,3422,-138
11,stable,Z24,ZIP,10570.05,3611,-247
11,stable,P25,PRSH,8307.95,3223,767
11,stable,P26,PRSH,3275.15,297,259
11,stable,P27,PRSH,5411.15,1153,519
11,stable,P28,PRSH,2676.15,303,259
11,stable,P29,PRSH,3630.0,346,300
12,stable,G00,GVWY,-6691.4,6398,-494
12,stable,G01,GVWY,-6710.8,6363,-343
12,stable,G02,GVWY,-8622.6,6414,-346
12,stable,G03,GVWY,-6836.4,6429,-379
12,stable,G04,GVWY,-7812.2,6421,-127
12,stable,Z05,ZIC,492.6,523,261
12,stable,Z06,ZIC,594.0,543,255
12,stable,Z07,ZIC,771.8,546,268
12,stable,Z08,ZIC,641.8,495,283
12,stable,Z09,ZIC,622.0,502,270
12,stable,S10,SHVR,-4925.2,5708,-222
12,stable,S11,SHVR,-4087.8,5632,-308
12,stable,S12,SHVR,-4971.4,5704,-114
12,stable,S13,SHVR,-4418.2,5618,8
12,stable,S14,SHVR,-4414.0,5594,-110
12,stable,S15,SNPR,-893.2,1272,-12
12,stable,S16,SNPR,-759.0,1241,-55
12,stable,S17,SNPR,-1097.6,1254,-66
12,stable,S18,SNPR,-992.4,1249,-9
12,stable,S19,SNPR,-1048.2,1270,-72
12,stable,Z20,ZIP,9232.4,3561,-131
12,stable,Z21,ZIP,10937.0,3655,-55
12,stable,Z22,ZIP,13345.6,3695,-549
12,stable,Z23,ZIP,10889.2,3523,-283
12,stable,Z24,ZIP,11762.2,3640,-278
12,stable,P25,PRSH,591.8,245,173
12,stable,P26,PRSH,1286.6,3510,726
12,stable,P27,PRSH,612.4,803,449
12,stable,P28,PRSH,2214.6,2532,626
12,stable,P29,PRSH,1380.4,1121,529
13,stable,G00,GVWY,-9458.8,6384,-468
13,stable,G01,GVWY,-10371.95,6357,-597
13,stable,G02,GVWY,-10043.55,6379,-533
13,stable,G03,GVWY,-9505.8,6404,-348
13,stable,G04,GVWY,-10674.9,6366,-514
13,stable,Z05,ZIC,2686.45,553,267
13,stable,Z06,ZIC,1996.3,488,218
13,stable,Z07,ZIC,2440.25,567,255
13,stable,Z08,ZIC,2007.95,535,177
13,stable,Z09,ZIC,2514.05,503,183
13,stable,S10,SHVR,-5094.3,5588,-298
13,stable,S11,SHVR,-6341.55,5575,-173
13,stable,S12,SHVR,-5536.85,5559,-231
13,stable,S13,SHVR,-6265.75,5577,-185
13,stable,S14,SHVR,-6376.9,5580,-94
13,stable,S15,SNPR,-1099.0,1250,-40
13,stable,S16,SNPR,-660.4,1234,36
13,stable,S17,SNPR,-831.15,1253,11
13,stable,S18,SNPR,-1308.55,1251,-153
13,stable,S19,SNPR,-1798.95,1257,-97
13,stable,Z20,ZIP,8834.05,3547,-197
13,stable,Z21,ZIP,8499.75,3603,-155
13,stable,Z22,ZIP,8481.45,3601,-173
13,stable,Z23,ZIP,8429.35,3607,-259
13,stable,Z24,ZIP,10012.45,3607,-93
13,stable,P25,PRSH,4767.65,1289,519
13,stable,P26,PRSH,6218.6,3830,736
13,stable,P27,PRSH,5105.3,1646,598
13,stable,P28,PRSH,7421.0,1886,900
13,stable,P29,PRSH,5953.45,1785,587
14,stable,G00,GVWY,-9554.35,6393,-263
14,stable,G01,GVWY,-9660.35,6387,-323
14,stable,G02,GVWY,-10556.75,6411,-275
14,stable,G03,GVWY,-8127.95,6381,-211
14,stable,G04,GVWY,-8618.75,6463,-255
14,stable,Z05,ZIC,2209.9,588,282
14,stable,Z06,ZIC,2888.1,590,258
14,stable,Z07,ZIC,2643.15,549,247
14,stable,Z08,ZIC,2386.0,568,280
14,stable,Z09,ZIC,2312.5,564,290
14,stable,S10,SHVR,-6568.25,5587,-165
14,stable,S11,SHVR,-7872.15,5639,-87
14,stable,S12,SHVR,-5419.7,5642,14
14,stable,S13,SHVR,-5038.0,5622,-60
14,stable,S14,SHVR,-7511.1,5584,-18
14,stable,S15,SNPR,-775.5,1242,-10
14,stable,S16,SNPR,-1297.3,1232,6
14,stable,S17,SNPR,-1384.5,1228,30
14,stable,S18,SNPR,-1442.55,1237,21
14,stable,S19,SNPR,-1338.35,1253,-23
14,stable,Z20,ZIP,10195.55,3631,-301
14,stable,Z21,ZIP,12006.75,3473,-265
14,stable,Z22,ZIP,11027.75,3621,-645
14,stable,Z23,ZIP,12141.0,3536,-240
14,stable,Z24,ZIP,11074.75,3553,-285
14,stable,P25,PRSH,2237.85,301,213
14,stable,P26,PRSH,3910.05,829,429
14,stable,P27,PRSH,4715.45,4111,681
14,stable,P28,PRSH,3035.25,659,325
14,stable,P29,PRSH,2814.35,479,343
15,stable,G00,GVWY,-10642.0,6402,-42
15,stable,G01,GVWY,-8579.0,6431,11
15,stable,G02,GVWY,-16186.0,6407,-407
15,stable,G03,GVWY,-10633.0,6344,-224
15,stable,G04,GVWY,-10867.0,6395,-169
15,stable,Z05,ZIC,7603.0,545,303
15,stable,Z06,ZIC,8712.0,624,350
15,stable,Z07,ZIC,7141.0,534,294
15,stable,Z08,ZIC,8096.0,596,330
15,stable,Z09,ZIC,7636.0,519,329
15,stable,S10,SHVR,-9384.0,5482,-152
15,stable,S11,SHVR,-11746.0,5540,-302
15,stable,S12,SHVR,-7934.0,5521,-115
15,stable,S13,SHVR,-4421.0,5464,0
15,stable,S14,SHVR,-8984.0,5473,-171
15,stable,S15,SNPR,-1442.0,1244,-12
15,stable,S16,SNPR,-3083.0,1230,-58
15,stable,S17,SNPR,-2066.0,1225,-47
15,stable,S18,SNPR,-633.0,1251,31
15,stable,S19,SNPR,212.0,1240,70
15,stable,Z20,ZIP,6155.0,3377,-219
15,stable,Z21,ZIP,7984.0,3609,-263
15,stable,Z22,ZIP,7173.0,3510,-220
15,stable,Z23,ZIP,7300.0,3411,-265
15,stable,Z24,ZIP,2312.0,3546,-516
15,stable,P25,PRSH,5019.0,250,196
15,stable,P26,PRSH,4655.0,233,175
15,stable,P27,PRSH,5560.0,306,208
15,stable,P28,PRSH,5106.0,258,204
15,stable,P29,PRSH,16030.0,1598,654
16,stable,G00,GVWY,-6210.95,6427,-229
16,stable,G01,GVWY,-7551.8,6410,-336
16,stable,G02,GVWY,-7140.3,6416,-266
16,stable,G03,GVWY,-8353.35,6443,-17
16,stable,G04,GVWY,-8096.4,6398,-248
16,stable,Z05,ZIC,770.6,554,292
16,stable,Z06,ZIC,571.3,516,286
16,stable,Z07,ZIC,386.0,560,320
16,stable,Z08,ZIC,595.5,578,330
16,stable,Z09,ZIC,892.2,562,304
16,stable,S10,SHVR,-6183.3,5600,114
16,stable,S11,SHVR,-6059.35,5595,203
16,stable,S12,SHVR,-4326.55,5553,-161
16,stable,S13,SHVR,-5142.55,5521,-61
16,stable,S14,SHVR,-5854.95,5575,31
16,stable,S15,SNPR,-1192.65,1267,-123
16,stable,S16,SNPR,-850.45,1235,1
16,stable,S17,SNPR,-1216.15,1273,47
16,stable,S18,SNPR,-1037.0,1242,0
16,stable,S19,SNPR,-664.45,1221,-79
16,stable,Z20,ZIP,11720.7,3652,-386
16,stable,Z21,ZIP,12872.8,3658,-844
16,stable,Z22,ZIP,13513.75,3591,-555
16,stable,Z23,ZIP,11618.4,3570,-372
16,stable,Z24,ZIP,11769.95,3619,-471
16,stable,P25,PRSH,638.9,312,258
16,stable,P26,PRSH,1560.3,994,526
16,stable,P27,PRSH,713.4,508,328
16,stable,P28,PRSH,2029.1,1354,862
16,stable,P29,PRSH,583.3,282,226
17,stable,G00,GVWY,-8077.75,6391,-135
17,stable,G01,GVWY,-7730.75,6469,-295
17,stable,G02,GVWY,-9702.9,6420,-178
17,stable,G03,GVWY,-7517.25,6377,-125
17,stable,G04,GVWY,-7034.3,6424,-246
17,stable,Z05,ZIC,-552.9,610,302
17,stable,Z06,ZIC,-273.25,599,315
17,stable,Z07,ZIC,-167.95,645,321
17,stable,Z08,ZIC,217.5,602,310
17,stable,Z09,ZIC,-576.65,567,347
17,stable,S10,SHVR,-6090.8,5644,-16
17,stable,S11,SHVR,-4685.35,5635,-227
17,stable,S12,SHVR,-5871.9,5584,-218
17,stable,S13,SHVR,-5286.7,5688,-74
17,stable,S14,SHVR,-4540.9,5588,-18
17,stable,S15,SNPR,-815.6,1246,48
17,stable,S16,SNPR,-1091.55,1229,9
17,stable,S17,SNPR,-1027.6,1244,-12
17,stable,S18,SNPR,-1056.15,1233,57
17,stable,S19,SNPR,-1593.75,1231,-35
17,stable,Z20,ZIP,12206.35,3559,-93
17,stable,Z21,ZIP,18770.65,3595,-827
17,stable,Z22,ZIP,15810.05,3755,-479
17,stable,Z23,ZIP,15637.7,3612,-546
17,stable,Z24,ZIP,15429.05,3625,-299
17,stable,P25,PRSH,77.25,323,265
17,stable,P26,PRSH,146.5,254,190
17,stable,P27,PRSH,67.15,1391,643
17,stable,P28,PRSH,-3362.15,4621,757
17,stable,P29,PRSH,-55.85,245,223
18,stable,G00,GVWY,-4342.95,6385,-381
18,stable,G01,GVWY,-7152.15,6403,-237
18,stable,G02,GVWY,-6269.75,6385,-285
18,stable,G03,GVWY,-6407.5,6392,-210
18,stable,G04,GVWY,-6817.15,6403,-197
18,stable,Z05,ZIC,-236.25,545,265
18,stable,Z06,ZIC,-1322.65,541,333
18,stable,Z07,ZIC,-1051.6,556,312
18,stable,Z08,ZIC,-839.7,522,234
18,stable,Z09,ZIC,-1096.1,578,342
18,stable,S10,SHVR,-4913.55,5593,-29
18,stable,S11,SHVR,-4391.1,5578,-118
18,stable,S12,SHVR,-4420.95,5591,-61
18,stable,S13,SHVR,-6582.75,5587,135
18,stable,S14,SHVR,-4657.35,5545,-53
18,stable,S15,SNPR,-559.4,1256,-32
18,stable,S16,SNPR,-879.05,1213,1
18,stable,S17,SNPR,-897.55,1257,-49
18,stable,S18,SNPR,-983.35,1245,7
18,stable,S19,SNPR,-2109.0,1254,60
18,stable,Z20,ZIP,14480.45,3589,-349
18,stable,Z21,ZIP,13666.5,3518,-210
18,stable,Z22,ZIP,17563.1,3628,-542
18,stable,Z23,ZIP,11008.85,3557,-137
18,stable,Z24,ZIP,15314.9,3474,-398
18,stable,P25,PRSH,-140.0,592,280
18,stable,P26,PRSH,-483.85,365,257
18,stable,P27,PRSH,-2908.95,4895,459
18,stable,P28,PRSH,-962.9,674,378
18,stable,P29,PRSH,-659.3,232,186
19,stable,G00,GVWY,-5414.55,6387,-317
19,stable,G01,GVWY,-6613.65,6385,-271
19,stable,G02,GVWY,-7004.7,6376,-258
19,stable,G03,GVWY,-5801.9,6416,-346
19,stable,G04,GVWY,-5845.8,6400,-412
19,stable,Z05,ZIC,-203.95,543,227
19,stable,Z06,ZIC,-299.45,551,257
19,stable,Z07,ZIC,-237.45,519,237
19,stable,Z08,ZIC,-16.0,486,240
19,stable,Z09,ZIC,-502.7,502,222
19,stable,S10,SHVR,-4805.45,5567,-223
19,stable,S11,SHVR,-4407.7,5530,102
19,stable,S12,SHVR,-4724.75,5565,-165
19,stable,S13,SHVR,-5396.0,5610,-140
19,stable,S14,SHVR,-5352.25,5557,25
19,stable,S15,SNPR,-694.5,1252,-90
19,stable,S16,SNPR,-1514.05,1229,13
19,stable,S17,SNPR,-870.9,1256,-46
19,stable,S18,SNPR,-849.95,1255,-33
19,stable,S19,SNPR,-950.45,1263,-43
19,stable,Z20,ZIP,15089.9,3602,-414
19,stable,Z21,ZIP,11593.05,3499,-193
19,stable,Z22,ZIP,15138.05,3655,-413
19,stable,Z23,ZIP,11747.45,3557,-177
19,stable,Z24,ZIP,12364.15,3547,-119
19,stable,P25,PRSH,-1594.1,3408,626
19,stable,P26,PRSH,191.9,598,286
19,stable,P27,PRSH,-371.75,473,255
19,stable,P28,PRSH,-243.6,240,216
19,stable,P29,PRSH,-1071.6,3298,836
20,stable,G00,GVWY,-9274.3,6410,-306
20,stable,G01,GVWY,-7548.9,6400,-218
20,stable,G02,GVWY,-9759.65,6407,-433
20,stable,G03,GVWY,-7764.6,6416,-172
20,stable,G04,GVWY,-7075.85,6369,-57
20,stable,Z05,ZIC,2546.15,537,243
20,stable,Z06,ZIC,2170.35,543,267
20,stable,Z07,ZIC,2367.0,538,280
20,stable,Z08,ZIC,2080.8,566,276
20,stable,Z09,ZIC,1823.95,525,299
20,stable,S10,SHVR,-3530.5,5516,-10
20,stable,S11,SHVR,-5257.45,5565,-109
20,stable,S12,SHVR,-6006.9,5586,-78
20,stable,S13,SHVR,-5299.85,5553,-17
20,stable,S14,SHVR,-6070.6,5532,-32
20,stable,S15,SNPR,-414.2,1238,36
20,stable,S16,SNPR,-1201.6,1240,8
20,stable,S17,SNPR,-1304.05,1241,-121
20,stable,S18,SNPR,-924.75,1245,-35
20,stable,S19,SNPR,-1782.65,1233,27
20,stable,Z20,ZIP,10274.2,3394,-136
20,stable,Z21,ZIP,9740.3,3416,-94
20,stable,Z22,ZIP,10015.75,3441,-45
20,stable,Z23,ZIP,9459.7,3584,-726
20,stable,Z24,ZIP,10760.85,3533,-223
20,stable,P25,PRSH,2040.5,262,190
20,stable,P26,PRSH,4876.9,4410,458
20,stable,P27,PRSH,2091.35,519,267
20,stable,P28,PRSH,1744.65,277,213
20,stable,P29,PRSH,1974.4,262,188
21,stable,G00,GVWY,-11623.2,6386,-424
21,stable,G01,GVWY,-9686.35,6437,-407
21,stable,G02,GVWY,-13607.8,6412,-656
21,stable,G03,GVWY,-9870.0,6406,-180
21,stable,G04,GVWY,-10365.8,6410,-276
21,stable,Z05,ZIC,3115.2,572,264
21,stable,Z06,ZIC,2930.15,561,223
21,stable,Z07,ZIC,3528.05,493,241
21,stable,Z08,ZIC,3703.6,528,272
21,stable,Z09,ZIC,3545.75,539,255
21,stable,S10,SHVR,-6164.15,5615,-123
21,stable,S11,SHVR,-5406.45,5647,-109
21,stable,S12,SHVR,-7840.95,5611,-279
21,stable,S13,SHVR,-6030.65,5595,-173
21,stable,S14,SHVR,-7021.65,5623,-153
21,stable,S15,SNPR,-871.5,1264,10
21,stable,S16,SNPR,-632.4,1240,12
21,stable,S17,SNPR,-1723.2,1254,-64
21,stable,S18,SNPR,-1097.05,1263,-1
21,stable,S19,SNPR,-2157.65,1281,-93
21,stable,Z20,ZIP,7362.3,3668,-194
21,stable,Z21,ZIP,7320.4,3678,-412
21,stable,Z22,ZIP,7172.7,3630,-386
21,stable,Z23,ZIP,7799.7,3628,-226
21,stable,Z24,ZIP,7103.5,3580,-270
21,stable,P25,PRSH,11173.55,3137,851
21,stable,P26,PRSH,11394.5,3132,890
21,stable,P27,PRSH,6090.65,993,493
21,stable,P28,PRSH,6624.25,1089,465
21,stable,P29,PRSH,5262.85,949,377
22,stable,G00,GVWY,-7911.0,6392,60
22,stable,G01,GVWY,-8728.9,6348,-66
22,stable,G02,GVWY,-10054.15,6425,-201
22,stable,G03,GVWY,-11925.0,6414,-280
22,stable,G04,GVWY,-11814.35,6367,-149
22,stable,Z05,ZIC,6031.2,564,308
22,stable,Z06,ZIC,5879.55,555,297
22,stable,Z07,ZIC,5487.6,570,284
22,stable,Z08,ZIC,6762.8,624,312
22,stable,Z09,ZIC,5427.45,553,263
22,stable,S10,SHVR,-7645.15,5645,-121
22,stable,S11,SHVR,-5595.75,5573,15
22,stable,S12,SHVR,-5462.95,5575,-73
22,stable,S13,SHVR,-7930.5,5580,-90
22,stable,S14,SHVR,-7500.1,5580,-74
22,stable,S15,SNPR,-1677.45,1245,-43
22,stable,S16,SNPR,-590.2,1222,52
22,stable,S17,SNPR,-781.9,1238,54
22,stable,S18,SNPR,-3642.55,1247,-137
22,stable,S19,SNPR,-1842.1,1220,-14
22,stable,Z20,ZIP,3637.2,3580,-532
22,stable,Z21,ZIP,10447.05,3499,-73
22,stable,Z22,ZIP,93.5,3634,-890
22,stable,Z23,ZIP,7502.15,3571,-279
22,stable,Z24,ZIP,7192.05,3501,-413
22,stable,P25,PRSH,4170.85,255,199
22,stable,P26,PRSH,3875.8,242,192
22,stable,P27,PRSH,4073.25,239,195
22,stable,P28,PRSH,7422.6,694,384
22,stable,P29,PRSH,14898.25,4161,775
23,stable,G00,GVWY,-8872.6,6432,-266
23,stable,G01,GVWY,-9070.5,6359,-395
23,stable,G02,GVWY,-8504.6,6328,-286
23,stable,G03,GVWY,-10312.6,6314,-396
23,stable,G04,GVWY,-8508.8,6360,-358
23,stable,Z05,ZIC,2044.5,547,265
23,stable,Z06,ZIC,2027.8,528,288
23,stable,Z07,ZIC,2179.8,608,248
23,stable,Z08,ZIC,2103.2,520,242
23,stable,Z09,ZIC,2180.2,564,262
23,stable,S10,SHVR,-6129.6,5586,94
23,stable,S11,SHVR,-6016.8,5556,-98
23,stable,S12,SHVR,-5618.4,5502,-94
23,stable,S13,SHVR,-5440.8,5522,12
23,stable,S14,SHVR,-5610.3,5485,67
23,stable,S15,SNPR,-1374.0,1234,-30
23,stable,S16,SNPR,-931.8,1238,-88
23,stable,S17,SNPR,-1194.8,1226,-88
23,stable,S18,SNPR,-1283.1,1255,9
23,stable,S19,SNPR,-1349.9,1235,-89
23,stable,Z20,ZIP,10073.2,3568,-178
23,stable,Z21,ZIP,10311.4,3516,-136
23,stable,Z22,ZIP,11804.8,3466,-382
23,stable,Z23,ZIP,10700.2,3462,-118
23,stable,Z24,ZIP,12575.6,3474,-234
23,stable,P25,PRSH,3688.7,817,337
23,stable,P26,PRSH,2909.3,835,383
23,stable,P27,PRSH,3383.0,782,340
23,stable,P28,PRSH,2393.4,662,314
23,stable,P29,PRSH,2610.7,639,317
24,stable,G00,GVWY,-8923.0,6424,-260
24,stable,G01,GVWY,-8181.05,6397,-79
24,stable,G02,GVWY,-9005.0,6416,-220
24,stable,G03,GVWY,-9647.0,6356,-380
24,stable,G04,GVWY,-9392.0,6342,-280
24,stable,Z05,ZIC,2338.35,597,293
24,stable,Z06,ZIC,1478.4,470,192
24,stable,Z07,ZIC,2133.05,527,239
24,stable,Z08,ZIC,2196.05,525,239
24,stable,Z09,ZIC,1741.55,521,249
24,stable,S10,SHVR,-5461.35,5587,-173
24,stable,S11,SHVR,-6611.1,5594,-318
24,stable,S12,SHVR,-5397.8,5606,-24
24,stable,S13,SHVR,-5946.3,5556,-194
24,stable,S14,SHVR,-5704.3,5578,46
24,stable,S15,SNPR,-1028.9,1256,98
24,stable,S16,SNPR,-1105.35,1251,-53
24,stable,S17,SNPR,-1401.75,1251,-25
24,stable,S18,SNPR,-1225.1,1258,2
24,stable,S19,SNPR,-1467.35,1263,-73
24,stable,Z20,ZIP,10130.35,3485,-207
24,stable,Z21,ZIP,10424.05,3665,-421
24,stable,Z22,ZIP,9767.8,3446,-396
24,stable,Z23,ZIP,10369.65,3511,-433
24,stable,Z24,ZIP,10205.2,3472,-244
24,stable,P25,PRSH,2354.15,707,317
24,stable,P26,PRSH,6092.55,1905,649
24,stable,P27,PRSH,4445.25,1265,555
24,stable,P28,PRSH,2531.4,334,312
24,stable,P29,PRSH,4507.0,1272,520
25,stable,G00,GVWY,-3746.75,6435,-399
25,stable,G01,GVWY,-3683.75,6397,-251
25,stable,G02,GVWY,-3510.0,6418,-320
25,stable,G03,GVWY,-5625.0,6448,-188
25,stable,G04,GVWY,-6218.0,6454,-180
25,stable,Z05,ZIC,-1523.5,558,274
25,stable,Z06,ZIC,-1203.5,520,238
25,stable,Z07,ZIC,-1638.0,554,268
25,stable,Z08,ZIC,-1317.75,537,261
25,stable,Z09,ZIC,-1645.0,550,260
25,stable,S10,SHVR,-6003.0,5564,92
25,stable,S11,SHVR,-4736.25,5567,-133
25,stable,S12,SHVR,-3315.75,5603,-143
25,stable,S13,SHVR,-3777.75,5557,-47
25,stable,S14,SHVR,-4275.25,5519,-85
25,stable,S15,SNPR,-1145.75,1263,-11
25,stable,S16,SNPR,-614.0,1242,-48
25,stable,S17,SNPR,-1314.25,1265,27
25,stable,S18,SNPR,-21.75,1263,-63
25,stable,S19,SNPR,-1123.5,1274,22
25,stable,Z20,ZIP,16117.5,3626,-474
25,stable,Z21,ZIP,10558.25,3627,-123
25,stable,Z22,ZIP,15222.5,3608,-358
25,stable,Z23,ZIP,15482.25,3665,-451
25,stable,Z24,ZIP,13832.5,3634,-278
25,stable,P25,PRSH,-4758.0,1514,720
25,stable,P26,PRSH,-2154.75,391,357
25,stable,P27,PRSH,-985.75,209,181
25,stable,P28,PRSH,-3444.25,771,451
25,stable,P29,PRSH,-1878.25,541,291
26,stable,G00,GVWY,-9064.15,6419,-303
26,stable,G01,GVWY,-8853.1,6402,-502
26,stable,G02,GVWY,-9584.9,6358,-338
26,stable,G03,GVWY,-10048.85,6367,-617
26,stable,G04,GVWY,-8709.2,6370,-304
26,stable,Z05,ZIC,1995.45,503,189
26,stable,Z06,ZIC,1981.85,509,257
26,stable,Z07,ZIC,2386.5,578,250
26,stable,Z08,ZIC,2041.9,536,278
26,stable,Z09,ZIC,2197.8,558,256
26,stable,S10,SHVR,-4522.35,5499,-7
26,stable,S11,SHVR,-4946.15,5549,-263
26,stable,S12,SHVR,-4568.1,5494,-282
26,stable,S13,SHVR,-5047.05,5577,-1
26,stable,S14,SHVR,-5088.65,5479,-133
26,stable,S15,SNPR,-1250.45,1235,-9
26,stable,S16,SNPR,-1165.5,1250,30
26,stable,S17,SNPR,-1304.1,1248,-102
26,stable,S18,SNPR,-813.9,1238,22
26,stable,S19,SNPR,-1676.0,1244,-60
26,stable,Z20,ZIP,9386.25,3721,-75
26,stable,Z21,ZIP,8634.35,3725,-333
26,stable,Z22,ZIP,9982.6,3610,-368
26,stable,Z23,ZIP,8647.1,3600,-138
26,stable,Z24,ZIP,8287.9,3656,-182
26,stable,P25,PRSH,1615.1,240,182
26,stable,P26,PRSH,6007.85,3027,837
26,stable,P27,PRSH,3062.6,872,332
26,stable,P28,PRSH,3788.45,1021,469
26,stable,P29,PRSH,7158.55,1905,851
27,stable,G00,GVWY,-6048.5,6405,-379
27,stable,G01,GVWY,-4172.5,6469,-329
27,stable,G02,GVWY,-6445.0,6436,-166
27,stable,G03,GVWY,-6675.5,6419,-143
27,stable,G04,GVWY,-5869.0,6470,-380
27,stable,Z05,ZIC,-734.0,542,276
27,stable,Z06,ZIC,-451.5,527,235
27,stable,Z07,ZIC,-800.0,568,286
27,stable,Z08,ZIC,-910.0,608,290
27,stable,Z09,ZIC,-863.0,566,292
27,stable,S10,SHVR,-5663.0,5628,-48
27,stable,S11,SHVR,-4350.0,5648,-134
27,stable,S12,SHVR,-4669.0,5620,-250
27,stable,S13,SHVR,-6147.5,5683,-51
27,stable,S14,SHVR,-4402.0,5602,-84
27,stable,S15,SNPR,189.5,1235,-125
27,stable,S16,SNPR,-669.0,1236,-22
27,stable,S17,SNPR,-1529.0,1244,30
27,stable,S18,SNPR,-1490.5,1267,-3
27,stable,S19,SNPR,-726.5,1241,-73
27,stable,Z20,ZIP,12036.5,3517,-143
27,stable,Z21,ZIP,15412.5,3657,-469
27,stable,Z22,ZIP,13512.0,3730,-266
27,stable,Z23,ZIP,11523.0,3518,-214
27,stable,Z24,ZIP,17009.5,3635,-681
27,stable,P25,PRSH,-746.0,934,468
27,stable,P26,PRSH,-1584.0,1958,772
27,stable,P27,PRSH,-210.0,220,180
27,stable,P28,PRSH,-909.0,716,356
27,stable,P29,PRSH,-2504.5,3597,711
28,stable,G00,GVWY,-7799.25,6409,-295
28,stable,G01,GVWY,-7084.25,6421,-395
28,stable,G02,GVWY,-7606.2,6452,-56
28,stable,G03,GVWY,-6723.45,6387,-171
28,stable,G04,GVWY,-6911.3,6364,-314
28,stable,Z05,ZIC,1088.75,539,285
28,stable,Z06,ZIC,1301.5,524,250
28,stable,Z07,ZIC,1200.5,530,270
28,stable,Z08,ZIC,1036.65,571,307
28,stable,Z09,ZIC,858.05,567,339
28,stable,S10,SHVR,-5679.1,5568,-158
28,stable,S11,SHVR,-5875.0,5590,20
28,stable,S12,SHVR,-5822.65,5533,-67
28,stable,S13,SHVR,-4510.2,5548,-116
28,stable,S14,SHVR,-4900.85,5559,-3
28,stable,S15,SNPR,-811.55,1211,-9
28,stable,S16,SNPR,-803.65,1249,-47
28,stable,S17,SNPR,-1290.2,1238,24
28,stable,S18,SNPR,-1472.6,1234,-88
28,stable,S19,SNPR,-1044.9,1224,18
28,stable,Z20,ZIP,10294.5,3574,-110
28,stable,Z21,ZIP,12929.15,3523,-423
28,stable,Z22,ZIP,12912.8,3550,-456
28,stable,Z23,ZIP,10754.85,3551,-177
28,stable,Z24,ZIP,11385.45,3685,-369
28,stable,P25,PRSH,836.1,2780,518
28,stable,P26,PRSH,823.3,222,174
28,stable,P27,PRSH,1207.25,769,375
28,stable,P28,PRSH,1320.1,636,338
28,stable,P29,PRSH,837.6,266,208
29,stable,G00,GVWY,-8284.7,6394,-202
29,stable,G01,GVWY,-8296.45,6433,-197
29,stable,G02,GVWY,-8558.65,6405,-309
29,stable,G03,GVWY,-7185.75,6447,-375
29,stable,G04,GVWY,-7347.65,6397,-409
29,stable,Z05,ZIC,869.2,518,292
29,stable,Z06,ZIC,491.4,528,304
29,stable,Z07,ZIC,688.95,587,227
29,stable,Z08,ZIC,806.8,488,248
29,stable,Z09,ZIC,1399.25,567,265
29,stable,S10,SHVR,-5206.65,5649,-169
29,stable,S11,SHVR,-5108.2,5622,48
29,stable,S12,SHVR,-5116.5,5624,-90
29,stable,S13,SHVR,-6502.45,5629,63
29,stable,S14,SHVR,-6439.1,5534,34
29,stable,S15,SNPR,-793.8,1220,-8
29,stable,S16,SNPR,-1310.35,1243,-11
29,stable,S17,SNPR,-795.05,1265,27
29,stable,S18,SNPR,-1449.35,1261,-11
29,stable,S19,SNPR,-1183.8,1250,-28
29,stable,Z20,ZIP,11194.75,3523,-205
29,stable,Z21,ZIP,10937.65,3439,-151
29,stable,Z22,ZIP,11450.95,3595,-213
29,stable,Z23,ZIP,14610.3,3662,-742
29,stable,Z24,ZIP,13697.35,3491,-689
29,stable,P25,PRSH,1443.4,1114,504
29,stable,P26,PRSH,2037.2,1042,472
29,stable,P27,PRSH,954.2,478,312
29,stable,P28,PRSH,2895.05,1999,733
29,stable,P29,PRSH,694.75,265,195
30,stable,G00,GVWY,-6346.75,6415,-357
30,stable,G01,GVWY,-5316.25,6403,-391
30,stable,G02,GVWY,-5693.25,6437,-243
30,stable,G03,GVWY,-7938.0,6420,-36
30,stable,G04,GVWY,-3637.5,6424,-390
30,stable,Z05,ZIC,-1027.75,553,287
30,stable,Z06,ZIC,-576.5,536,266
30,stable,Z07,ZIC,-460.25,523,229
30,stable,Z08,ZIC,-959.0,520,252
30,stable,Z09,ZIC,-414.75,559,223
30,stable,S10,SHVR,-6338.5,5572,142
30,stable,S11,SHVR,-4051.75,5625,-77
30,stable,S12,SHVR,-3696.5,5524,-186
30,stable,S13,SHVR,-4927.5,5518,-118
30,stable,S14,SHVR,-4863.25,5579,1
30,stable,S15,SNPR,-757.5,1258,42
30,stable,S16,SNPR,-568.75,1283,-57
30,stable,S17,SNPR,-531.75,1267,-61
30,stable,S18,SNPR,-956.5,1248,-38
30,stable,S19,SNPR,-856.25,1241,33
30,stable,Z20,ZIP,13100.5,3660,-182
30,stable,Z21,ZIP,9751.5,3596,-58
30,stable,Z22,ZIP,12161.5,3528,-274
30,stable,Z23,ZIP,18288.0,3796,-880
30,stable,Z24,ZIP,16159.75,3629,-435
30,stable,P25,PRSH,-3056.0,4276,640
30,stable,P26,PRSH,-502.25,231,181
30,stable,P27,PRSH,-267.25,293,177
30,stable,P28,PRSH,-626.0,294,256
30,stable,P29,PRSH,-3776.75,2549,983
31,stable,G00,GVWY,-5739.3,6389,-307
31,stable,G01,GVWY,-4398.6,6476,-404
31,stable,G02,GVWY,-4218.0,6372,-350
31,stable,G03,GVWY,-5649.4,6382,-246
31,stable,G04,GVWY,-6250.8,6370,-352
31,stable,Z05,ZIC,-929.9,543,249
31,stable,Z06,ZIC,-890.8,556,298
31,stable,Z07,ZIC,-913.7,563,277
31,stable,Z08,ZIC,-883.7,549,267
31,stable,Z09,ZIC,-382.7,513,237
31,stable,S10,SHVR,-4444.4,5562,-106
31,stable,S11,SHVR,-3989.6,5544,-124
31,stable,S12,SHVR,-6063.4,5532,44
31,stable,S13,SHVR,-4209.1,5547,-79
31,stable,S14,SHVR,-6091.5,5543,-55
31,stable,S15,SNPR,-412.5,1253,-95
31,stable,S16,SNPR,-852.6,1246,-54
31,stable,S17,SNPR,-1063.5,1255,-5
31,stable,S18,SNPR,-1330.5,1285,5
31,stable,S19,SNPR,-195.3,1233,-97
31,stable,Z20,ZIP,17317.7,3563,-637
31,stable,Z21,ZIP,11542.1,3647,-181
31,stable,Z22,ZIP,13878.6,3634,-216
31,stable,Z23,ZIP,11079.3,3543,-183
31,stable,Z24,ZIP,12716.2,3498,-162
31,stable,P25,PRSH,-347.0,244,160
31,stable,P26,PRSH,-711.9,993,419
31,stable,P27,PRSH,-3141.1,2071,821
31,stable,P28,PRSH,-1113.5,869,445
31,stable,P29,PRSH,-1499.1,861,391
32,stable,G00,GVWY,-8109.5,6415,-173
32,stable,G01,GVWY,-9617.0,6412,-126
32,stable,G02,GVWY,-9290.0,6430,-358
32,stable,G03,GVWY,-8443.5,6405,-435
32,stable,G04,GVWY,-8197.0,6440,-408
32,stable,Z05,ZIC,1598.5,571,289
32,stable,Z06,ZIC,1709.0,528,234
32,stable,Z07,ZIC,1223.5,513,221
32,stable,Z08,ZIC,2106.5,583,257
32,stable,Z09,ZIC,1540.5,545,261
32,stable,S10,SHVR,-4402.5,5565,-93
32,stable,S11,SHVR,-5030.5,5545,-3
32,stable,S12,SHVR,-5235.5,5591,-39
32,stable,S13,SHVR,-5061.5,5607,-135
32,stable,S14,SHVR,-5372.5,5575,-243
32,stable,S15,SNPR,-1348.0,1216,-40
32,stable,S16,SNPR,-1151.0,1220,-6
32,stable,S17,SNPR,-1300.5,1253,-109
32,stable,S18,SNPR,-1276.5,1225,-55
32,stable,S19,SNPR,-1048.5,1241,1
32,stable,Z20,ZIP,9224.0,3490,-182
32,stable,Z21,ZIP,10279.5,3533,-323
32,stable,Z22,ZIP,10807.0,3572,-244
32,stable,Z23,ZIP,10127.5,3513,-243
32,stable,Z24,ZIP,11221.5,3673,-483
32,stable,P25,PRSH,1680.5,259,213
32,stable,P26,PRSH,1136.0,228,166
32,stable,P27,PRSH,4740.5,2009,751
32,stable,P28,PRSH,5053.5,2753,771
32,stable,P29,PRSH,3090.0,1000,458
33,stable,G00,GVWY,-4641.2,6392,-332
33,stable,G01,GVWY,-4258.2,6353,-397
33,stable,G02,GVWY,-4020.6,6376,-396
33,stable,G03,GVWY,-7357.0,6388,-290
33,stable,G04,GVWY,-4407.8,6392,-418
33,stable,Z05,ZIC,-1035.2,492,208
33,stable,Z06,ZIC,-1504.8,574,292
33,stable,Z07,ZIC,-1468.0,518,250
33,stable,Z08,ZIC,-1244.8,519,257
33,stable,Z09,ZIC,-1071.0,542,250
33,stable,S10,SHVR,-7349.2,5486,78
33,stable,S11,SHVR,-4802.8,5588,-98
33,stable,S12,SHVR,-5733.0,5547,-25
33,stable,S13,SHVR,-7293.6,5512,114
33,stable,S14,SHVR,-5585.4,5531,101
33,stable,S15,SNPR,-999.4,1254,16
33,stable,S16,SNPR,-1017.8,1247,-73
33,stable,S17,SNPR,-129.4,1225,-89
33,stable,S18,SNPR,-2025.6,1217,69
33,stable,S19,SNPR,-1126.6,1236,24
33,stable,Z20,ZIP,18610.4,3665,-541
33,stable,Z21,ZIP,10658.0,3537,-15
33,stable,Z22,ZIP,17516.0,3555,-475
33,stable,Z23,ZIP,16586.6,3637,-339
33,stable,Z24,ZIP,13213.4,3597,-101
33,stable,P25,PRSH,-597.8,285,237
33,stable,P26,PRSH,-884.6,327,209
33,stable,P27,PRSH,-3809.0,1958,810
33,stable,P28,PRSH,-1906.2,733,383
33,stable,P29,PRSH,-877.4,428,236
34,stable,G00,GVWY,-6683.0,6368,-226
34,stable,G01,GVWY,-5404.0,6393,-335
34,stable,G02,GVWY,-6663.0,6357,-333
34,stable,G03,GVWY,-5687.0,6383,-401
34,stable,G04,GVWY,-3696.0,6401,-345
34,stable,Z05,ZIC,-982.0,519,295
34,stable,Z06,ZIC,74.0,522,194
34,stable,Z07,ZIC,-742.0,481,225
34,stable,Z08,ZIC,-423.0,520,216
34,stable,Z09,ZIC,-706.0,524,248
34,stable,S10,SHVR,-3111.0,5461,-219
34,stable,S11,SHVR,-3561.0,5572,-234
34,stable,S12,SHVR,-4324.0,5568,-134
34,stable,S13,SHVR,-5354.0,5517,-39
34,stable,S14,SHVR,-4237.0,5523,-123
34,stable,S15,SNPR,-95.0,1252,-62
34,stable,S16,SNPR,-1307.0,1237,15
34,stable,S17,SNPR,-893.0,1233,-31
34,stable,S18,SNPR,-1043.0,1251,15
34,stable,S19,SNPR,-1020.0,1240,-50
34,stable,Z20,ZIP,14579.0,3597,-323
34,stable,Z21,ZIP,11574.0,3385,-27
34,stable,Z22,ZIP,13803.0,3658,-268
34,stable,Z23,ZIP,11016.0,3554,-32
34,stable,Z24,ZIP,11263.0,3552,-186
34,stable,P25,PRSH,-1438.0,1420,628
34,stable,P26,PRSH,-322.0,205,151
34,stable,P27,PRSH,-2173.0,1339,601
34,stable,P28,PRSH,-419.0,289,229
34,stable,P29,PRSH,-895.0,956,450
35,stable,G00,GVWY,-7577.4,6392,-118
35,stable,G01,GVWY,-5744.8,6360,-326
35,stable,G02,GVWY,-5507.8,6421,-241
35,stable,G03,GVWY,-6752.2,6426,-244
35,stable,G04,GVWY,-4583.6,6399,-497
35,stable,Z05,ZIC,-504.8,538,254
35,stable,Z06,ZIC,-605.4,565,267
35,stable,Z07,ZIC,-407.4,549,247
35,stable,Z08,ZIC,-112.8,553,269
35,stable,Z09,ZIC,-588.2,545,281
35,stable,S10,SHVR,-5450.4,5512,-38
35,stable,S11,SHVR,-5331.6,5564,-12
35,stable,S12,SHVR,-4370.4,5587,-123
35,stable,S13,SHVR,-3833.2,5564,-274
35,stable,S14,SHVR,-5250.8,5494,-116
35,stable,S15,SNPR,-1721.8,1261,39
35,stable,S16,SNPR,-1675.8,1235,-1
35,stable,S17,SNPR,330.8,1245,-89
35,stable,S18,SNPR,-1192.0,1232,-90
35,stable,S19,SNPR,-845.8,1255,9
35,stable,Z20,ZIP,16118.2,3511,-421
35,stable,Z21,ZIP,9757.2,3365,79
35,stable,Z22,ZIP,12491.4,3582,-192
35,stable,Z23,ZIP,12425.4,3623,-167
35,stable,Z24,ZIP,14252.8,3730,-344
35,stable,P25,PRSH,-365.6,973,443
35,stable,P26,PRSH,-823.8,1352,524
35,stable,P27,PRSH,-662.2,530,246
35,stable,P28,PRSH,-194.0,273,235
35,stable,P29,PRSH,-40.6,660,288
36,stable,G00,GVWY,-11473.5,6475,-415
36,stable,G01,GVWY,-12485.7,6431,-417
36,stable,G02,GVWY,-12279.8,6444,-348
36,stable,G03,GVWY,-8443.5,6421,-135
36,stable,G04,GVWY,-8249.2,6440,-82
36,stable,Z05,ZIC,3410.3,551,273
36,stable,Z06,ZIC,3544.6,540,296
36,stable,Z07,ZIC,3685.4,536,284
36,stable,Z08,ZIC,3847.6,566,256
36,stable,Z09,ZIC,4161.7,557,307
36,stable,S10,SHVR,-5769.5,5635,-45
36,stable,S11,SHVR,-4935.6,5642,-76
36,stable,S12,SHVR,-6767.4,5672,-134
36,stable,S13,SHVR,-6945.8,5664,-208
36,stable,S14,SHVR,-4620.9,5655,101
36,stable,S15,SNPR,-989.5,1233,-15
36,stable,S16,SNPR,-1039.7,1261,3
36,stable,S17,SNPR,-685.9,1253,1
36,stable,S18,SNPR,-1212.0,1276,20
36,stable,S19,SNPR,-938.6,1236,14
36,stable,Z20,ZIP,9135.3,3593,-97
36,stable,Z21,ZIP,4507.6,3622,-934
36,stable,Z22,ZIP,5751.2,3724,-608
36,stable,Z23,ZIP,7535.0,3660,-390
36,stable,Z24,ZIP,8240.5,3549,-335
36,stable,P25,PRSH,3429.7,275,237
36,stable,P26,PRSH,4486.8,736,358
36,stable,P27,PRSH,11574.1,3185,941
36,stable,P28,PRSH,3742.0,492,290
36,stable,P29,PRSH,10611.4,1398,824
37,stable,G00,GVWY,-8377.8,6489,-311
37,stable,G01,GVWY,-9586.0,6413,-275
37,stable,G02,GVWY,-8007.2,6444,-244
37,stable,G03,GVWY,-7797.8,6455,-241
37,stable,G04,GVWY,-6310.8,6399,89
37,stable,Z05,ZIC,1497.2,516,254
37,stable,Z06,ZIC,1989.2,601,319
37,stable,Z07,ZIC,1947.2,559,299
37,stable,Z08,ZIC,1683.6,552,272
37,stable,Z09,ZIC,1638.2,501,269
37,stable,S10,SHVR,-5795.6,5676,-162
37,stable,S11,SHVR,-5996.4,5560,-98
37,stable,S12,SHVR,-6075.6,5664,-212
37,stable,S13,SHVR,-5054.2,5512,6
37,stable,S14,SHVR,-5783.2,5613,-79
37,stable,S15,SNPR,-1129.0,1233,-15
37,stable,S16,SNPR,-1370.6,1227,-47
37,stable,S17,SNPR,-1506.4,1229,-153
37,stable,S18,SNPR,-1202.6,1236,38
37,stable,S19,SNPR,-860.6,1240,18
37,stable,Z20,ZIP,8516.4,3507,-937
37,stable,Z21,ZIP,9980.4,3504,-112
37,stable,Z22,ZIP,9896.8,3607,-409
37,stable,Z23,ZIP,10044.4,3436,-2
37,stable,Z24,ZIP,9651.6,3587,-1033
37,stable,P25,PRSH,1425.4,260,228
37,stable,P26,PRSH,6528.4,1939,923
37,stable,P27,PRSH,5681.4,2590,838
37,stable,P28,PRSH,3547.8,942,466
37,stable,P29,PRSH,1464.8,238,196
38,stable,G00,GVWY,-11875.0,6363,-399
38,stable,G01,GVWY,-9493.0,6410,-346
38,stable,G02,GVWY,-9003.0,6423,-205
38,stable,G03,GVWY,-8999.0,6394,-268
38,stable,G04,GVWY,-11012.0,6396,-384
38,stable,Z05,ZIC,3071.0,520,224
38,stable,Z06,ZIC,3052.0,503,237
38,stable,Z07,ZIC,3362.0,567,249
38,stable,Z08,ZIC,2979.0,533,235
38,stable,Z09,ZIC,2952.0,483,195
38,stable,S10,SHVR,-3923.0,5501,73
38,stable,S11,SHVR,-5378.0,5582,38
38,stable,S12,SHVR,-5551.0,5541,-33
38,stable,S13,SHVR,-3881.0,5540,152
38,stable,S14,SHVR,-6232.0,5569,-147
38,stable,S15,SNPR,-1013.0,1221,11
38,stable,S16,SNPR,-1636.0,1258,-84
38,stable,S17,SNPR,-1868.0,1246,-122
38,stable,S18,SNPR,-870.0,1236,0
38,stable,S19,SNPR,-1411.0,1241,-81
38,stable,Z20,ZIP,8539.0,3525,-279
38,stable,Z21,ZIP,8643.0,3688,-362
38,stable,Z22,ZIP,8425.0,3354,-158
38,stable,Z23,ZIP,6534.0,3586,-618
38,stable,Z24,ZIP,8441.0,3373,-145
38,stable,P25,PRSH,2924.0,386,262
38,stable,P26,PRSH,2968.0,473,255
38,stable,P27,PRSH,3360.0,561,273
38,stable,P28,PRSH,5967.0,1307,465
38,stable,P29,PRSH,10942.0,2439,893
39,stable,G00,GVWY,-13012.65,6393,-283
39,stable,G01,GVWY,-12802.7,6494,-254
39,stable,G02,GVWY,-11380.75,6369,-225
39,stable,G03,GVWY,-14522.25,6369,-375
39,stable,G04,GVWY,-8671.3,6458,-66
39,stable,Z05,ZIC,6618.8,564,316
39,stable,Z06,ZIC,6665.55,513,281
39,stable,Z07,ZIC,5345.0,544,240
39,stable,Z08,ZIC,5403.05,511,251
39,stable,Z09,ZIC,5367.1,544,242
39,stable,S10,SHVR,-3228.9,5560,122
39,stable,S11,SHVR,-2838.7,5582,166
39,stable,S12,SHVR,-6748.35,5561,-37
39,stable,S13,SHVR,-10307.85,5583,-227
39,stable,S14,SHVR,-4027.55,5541,99
39,stable,S15,SNPR,-1860.6,1228,-52
39,stable,S16,SNPR,729.15,1213,93
39,stable,S17,SNPR,-1103.75,1215,-5
39,stable,S18,SNPR,-909.8,1240,4
39,stable,S19,SNPR,-348.45,1235,1
39,stable,Z20,ZIP,4493.65,3587,-397
39,stable,Z21,ZIP,8571.15,3573,-227
39,stable,Z22,ZIP,6034.45,3659,-341
39,stable,Z23,ZIP,-990.3,3660,-866
39,stable,Z24,ZIP,8166.25,3499,-145
39,stable,P25,PRSH,4624.75,263,205
39,stable,P26,PRSH,4608.7,256,214
39,stable,P27,PRSH,6687.85,519,327
39,stable,P28,PRSH,4508.1,248,202
39,stable,P29,PRSH,15268.85,869,707
40,stable,G00,GVWY,-6436.0,6436,-350
40,stable,G01,GVWY,-6009.6,6447,-201
40,stable,G02,GVWY,-3742.0,6431,-615
40,stable,G03,GVWY,-2911.4,6364,-464
40,stable,G04,GVWY,-6675.8,6421,-243
40,stable,Z05,ZIC,-469.8,587,257
40,stable,Z06,ZIC,-30.6,562,244
40,stable,Z07,ZIC,-259.4,548,256
40,stable,Z08,ZIC,-266.2,512,228
40,stable,Z09,ZIC,-403.4,520,246
40,stable,S10,SHVR,-3728.6,5555,9
40,stable,S11,SHVR,-5256.6,5562,-96
40,stable,S12,SHVR,-4834.2,5542,-182
40,stable,S13,SHVR,-3326.0,5585,-215
40,stable,S14,SHVR,-5196.4,5574,6
40,stable,S15,SNPR,-996.0,1221,-15
40,stable,S16,SNPR,-788.2,1239,-57
40,stable,S17,SNPR,-1307.8,1242,-58
40,stable,S18,SNPR,-144.4,1241,-69
40,stable,S19,SNPR,-1154.2,1242,58
40,stable,Z20,ZIP,9998.2,3472,-48
40,stable,Z21,ZIP,13058.2,3585,-243
40,stable,Z22,ZIP,15017.0,3795,-535
40,stable,Z23,ZIP,11768.0,3514,-200
40,stable,Z24,ZIP,10282.8,3548,-22
40,stable,P25,PRSH,-41.6,218,164
40,stable,P26,PRSH,-1444.8,1238,562
40,stable,P27,PRSH,-286.6,244,194
40,stable,P28,PRSH,-189.4,1337,491
40,stable,P29,PRSH,-2841.8,2978,842
41,stable,G00,GVWY,-7314.25,6359,-255
41,stable,G01,GVWY,-7400.75,6399,-309
41,stable,G02,GVWY,-7157.5,6412,-126
41,stable,G03,GVWY,-6295.5,6456,-282
41,stable,G04,GVWY,-8347.0,6406,-280
41,stable,Z05,ZIC,1100.25,545,231
41,stable,Z06,ZIC,1473.75,543,329
41,stable,Z07,ZIC,1558.0,558,260
41,stable,Z08,ZIC,1459.25,549,283
41,stable,Z09,ZIC,1669.25,523,291
41,stable,S10,SHVR,-5212.25,5611,-95
41,stable,S11,SHVR,-6121.5,5556,-170
41,stable,S12,SHVR,-5438.5,5556,-122
41,stable,S13,SHVR,-5374.0,5580,40
41,stable,S14,SHVR,-5619.0,5550,-204
41,stable,S15,SNPR,-1531.75,1251,3
41,stable,S16,SNPR,-1444.75,1239,-5
41,stable,S17,SNPR,-1450.25,1249,-15
41,stable,S18,SNPR,-1459.0,1234,-68
41,stable,S19,SNPR,-884.0,1246,-4
41,stable,Z20,ZIP,11635.5,3654,-702
41,stable,Z21,ZIP,11044.0,3572,-224
41,stable,Z22,ZIP,11761.75,3647,-331
41,stable,Z23,ZIP,10184.5,3480,-198
41,stable,Z24,ZIP,10062.25,3589,-209
41,stable,P25,PRSH,3048.0,1922,796
41,stable,P26,PRSH,1224.25,271,235
41,stable,P27,PRSH,1163.5,266,226
41,stable,P28,PRSH,1254.75,361,269
41,stable,P29,PRSH,3111.0,3984,580
42,stable,G00,GVWY,-7296.0,6337,-345
42,stable,G01,GVWY,-7982.6,6296,-172
42,stable,G02,GVWY,-7080.0,6306,-380
42,stable,G03,GVWY,-6788.8,6353,-241
42,stable,G04,GVWY,-6987.6,6286,-302
42,stable,Z05,ZIC,1453.6,603,297
42,stable,Z06,ZIC,950.6,515,237
42,stable,Z07,ZIC,1022.2,587,279
42,stable,Z08,ZIC,1487.4,526,248
42,stable,Z09,ZIC,1793.6,573,297
42,stable,S10,SHVR,-5641.6,5447,-137
42,stable,S11,SHVR,-4971.8,5446,-66
42,stable,S12,SHVR,-5203.6,5434,48
42,stable,S13,SHVR,-6120.6,5429,-37
42,stable,S14,SHVR,-4539.0,5508,-140
42,stable,S15,SNPR,-1271.8,1207,69
42,stable,S16,SNPR,-307.2,1194,-14
42,stable,S17,SNPR,-1222.0,1229,-25
42,stable,S18,SNPR,-1081.2,1217,-19
42,stable,S19,SNPR,-1164.0,1214,-20
42,stable,Z20,ZIP,11178.4,3537,-167
42,stable,Z21,ZIP,10922.6,3464,-188
42,stable,Z22,ZIP,11223.2,3534,-286
42,stable,Z23,ZIP,11795.0,3423,-55
42,stable,Z24,ZIP,9955.0,3522,-170
42,stable,P25,PRSH,1245.2,217,169
42,stable,P26,PRSH,1089.2,247,179
42,stable,P27,PRSH,1333.8,605,271
42,stable,P28,PRSH,1108.4,231,183
42,stable,P29,PRSH,1844.8,704,386
43,stable,G00,GVWY,-8090.8,6443,-129
43,stable,G01,GVWY,-8578.4,6493,-277
43,stable,G02,GVWY,-9727.0,6452,-280
43,stable,G03,GVWY,-9160.6,6445,-183
43,stable,G04,GVWY,-11111.8,6446,-434
43,stable,Z05,ZIC,2886.0,522,280
43,stable,Z06,ZIC,3378.8,586,314
43,stable,Z07,ZIC,2663.8,545,279
43,stable,Z08,ZIC,2720.2,549,291
43,stable,Z09,ZIC,3083.8,578,274
43,stable,S10,SHVR,-4841.0,5629,-45
43,stable,S11,SHVR,-5455.4,5652,78
43,stable,S12,SHVR,-6842.0,5646,-140
43,stable,S13,SHVR,-4924.6,5601,7
43,stable,S14,SHVR,-5081.8,5612,-74
43,stable,S15,SNPR,-1022.4,1270,28
43,stable,S16,SNPR,-1076.6,1278,-28
43,stable,S17,SNPR,-1484.4,1256,-102
43,stable,S18,SNPR,-795.0,1251,-15
43,stable,S19,SNPR,-1517.2,1252,-46
43,stable,Z20,ZIP,8400.2,3568,-514
43,stable,Z21,ZIP,9100.4,3461,-33
43,stable,Z22,ZIP,3459.6,3630,-1072
43,stable,Z23,ZIP,9733.8,3628,-306
43,stable,Z24,ZIP,8513.6,3552,-302
43,stable,P25,PRSH,1931.4,217,167
43,stable,P26,PRSH,3349.0,448,280
43,stable,P27,PRSH,10395.2,2966,966
43,stable,P28,PRSH,2405.4,360,202
43,stable,P29,PRSH,7723.4,3089,727
44,stable,G00,GVWY,-6962.6,6365,-367
44,stable,G01,GVWY,-6197.0,6370,-530
44,stable,G02,GVWY,-6730.6,6407,-367
44,stable,G03,GVWY,-8288.8,6401,89
44,stable,G04,GVWY,-6820.4,6424,-358
44,stable,Z05,ZIC,377.8,585,251
44,stable,Z06,ZIC,12.6,531,277
44,stable,Z07,ZIC,812.8,508,246
44,stable,Z08,ZIC,66.8,513,291
44,stable,Z09,ZIC,434.4,543,253
44,stable,S10,SHVR,-5001.8,5602,-66
44,stable,S11,SHVR,-5961.2,5615,-79
44,stable,S12,SHVR,-7135.6,5563,103
44,stable,S13,SHVR,-5111.8,5535,-51
44,stable,S14,SHVR,-5524.6,5601,-77
44,stable,S15,SNPR,-1545.4,1249,-43
44,stable,S16,SNPR,-926.4,1231,57
44,stable,S17,SNPR,-1544.4,1267,-83
44,stable,S18,SNPR,-79.8,1244,-86
44,stable,S19,SNPR,-604.6,1233,-77
44,stable,Z20,ZIP,14390.4,3569,-597
44,stable,Z21,ZIP,11398.4,3569,-117
44,stable,Z22,ZIP,15578.2,3592,-366
44,stable,Z23,ZIP,11082.4,3457,-67
44,stable,Z24,ZIP,12493.2,3579,-151
44,stable,P25,PRSH,376.2,3731,709
44,stable,P26,PRSH,782.2,466,214
44,stable,P27,PRSH,392.2,222,154
44,stable,P28,PRSH,588.8,888,466
44,stable,P29,PRSH,293.4,646,338
45,stable,G00,GVWY,-6992.5,6366,-390
45,stable,G01,GVWY,-6907.45,6351,-251
45,stable,G02,GVWY,-8193.8,6358,-224
45,stable,G03,GVWY,-7403.05,6319,-279
45,stable,G04,GVWY,-8753.35,6331,-313
45,stable,Z05,ZIC,2135.3,518,274
45,stable,Z06,ZIC,1814.85,521,243
45,stable,Z07,ZIC,1415.45,525,231
45,stable,Z08,ZIC,1475.4,564,272
45,stable,Z09,ZIC,1791.25,519,235
45,stable,S10,SHVR,-7085.45,5379,-191
45,stable,S11,SHVR,-5056.8,5428,16
45,stable,S12,SHVR,-5189.25,5437,-55
45,stable,S13,SHVR,-5894.95,5401,-121
45,stable,S14,SHVR,-6281.65,5407,-27
45,stable,S15,SNPR,-1104.3,1214,-114
45,stable,S16,SNPR,-1131.75,1231,-85
45,stable,S17,SNPR,-1442.1,1242,-38
45,stable,S18,SNPR,-1337.0,1200,-80
45,stable,S19,SNPR,-1695.6,1242,-88
45,stable,Z20,ZIP,11973.1,3644,-202
45,stable,Z21,ZIP,11527.15,3479,-63
45,stable,Z22,ZIP,11300.15,3419,-3
45,stable,Z23,ZIP,10441.0,3474,0
45,stable,Z24,ZIP,11598.2,3438,-124
45,stable,P25,PRSH,2051.4,588,272
45,stable,P26,PRSH,1489.2,244,176
45,stable,P27,PRSH,1559.7,302,206
45,stable,P28,PRSH,1920.35,459,193
45,stable,P29,PRSH,2636.0,798,440
46,stable,G00,GVWY,-7774.05,6387,-197
46,stable,G01,GVWY,-6980.45,6375,-393
46,stable,G02,GVWY,-6347.5,6420,-270
46,stable,G03,GVWY,-8712.75,6357,-475
46,stable,G04,GVWY,-7591.1,6388,-194
46,stable,Z05,ZIC,990.75,577,295
46,stable,Z06,ZIC,651.3,520,282
46,stable,Z07,ZIC,1224.05,529,297
46,stable,Z08,ZIC,1038.95,529,303
46,stable,Z09,ZIC,860.15,555,231
46,stable,S10,SHVR,-5217.45,5515,-93
46,stable,S11,SHVR,-5518.55,5491,33
46,stable,S12,SHVR,-5017.8,5574,-12
46,stable,S13,SHVR,-5285.4,5538,-36
46,stable,S14,SHVR,-5247.25,5555,75
46,stable,S15,SNPR,-1433.3,1246,-2
46,stable,S16,SNPR,-700.1,1254,-74
46,stable,S17,SNPR,-2047.0,1242,-80
46,stable,S18,SNPR,-1109.3,1262,-42
46,stable,S19,SNPR,-478.65,1233,-1
46,stable,Z20,ZIP,12374.0,3522,-800
46,stable,Z21,ZIP,12547.5,3524,-250
46,stable,Z22,ZIP,11880.75,3631,-245
46,stable,Z23,ZIP,9884.1,3374,-186
46,stable,Z24,ZIP,11259.35,3427,-181
46,stable,P25,PRSH,1660.45,851,433
46,stable,P26,PRSH,1839.5,1126,530
46,stable,P27,PRSH,778.7,282,238
46,stable,P28,PRSH,614.1,256,194
46,stable,P29,PRSH,2548.6,1282,544
47,stable,G00,GVWY,-5763.3,6393,-413
47,stable,G01,GVWY,-7553.4,6364,-194
47,stable,G02,GVWY,-5956.4,6424,-434
47,stable,G03,GVWY,-7361.9,6413,-229
47,stable,G04,GVWY,-6635.1,6451,-131
47,stable,Z05,ZIC,368.2,540,252
47,stable,Z06,ZIC,254.3,555,303
47,stable,Z07,ZIC,706.1,485,201
47,stable,Z08,ZIC,202.9,539,229
47,stable,Z09,ZIC,604.8,598,288
47,stable,S10,SHVR,-5821.8,5614,-48
47,stable,S11,SHVR,-6195.6,5524,-86
47,stable,S12,SHVR,-5353.1,5563,119
47,stable,S13,SHVR,-4636.2,5590,-232
47,stable,S14,SHVR,-4916.6,5606,-76
47,stable,S15,SNPR,-958.8,1238,12
47,stable,S16,SNPR,-1093.7,1273,13
47,stable,S17,SNPR,-829.6,1256,14
47,stable,S18,SNPR,-904.5,1237,-45
47,stable,S19,SNPR,-705.5,1239,-15
47,stable,Z20,ZIP,12037.6,3540,-184
47,stable,Z21,ZIP,12546.9,3703,-431
47,stable,Z22,ZIP,10659.3,3609,-187
47,stable,Z23,ZIP,13207.1,3623,-419
47,stable,Z24,ZIP,11446.4,3514,-266
47,stable,P25,PRSH,981.2,3816,702
47,stable,P26,PRSH,422.1,239,181
47,stable,P27,PRSH,807.7,865,377
47,stable,P28,PRSH,811.9,361,319
47,stable,P29,PRSH,899.6,354,326
48,stable,G00,GVWY,-9007.55,6367,-251
48,stable,G01,GVWY,-8687.35,6415,-327
48,stable,G02,GVWY,-10583.55,6429,-531
48,stable,G03,GVWY,-9064.95,6423,-379
48,stable,G04,GVWY,-10320.25,6413,-445
48,stable,Z05,ZIC,2052.55,561,291
48,stable,Z06,ZIC,2062.3,524,306
48,stable,Z07,ZIC,1734.5,560,250
48,stable,Z08,ZIC,2248.8,558,276
48,stable,Z09,ZIC,1806.5,548,170
48,stable,S10,SHVR,-4676.9,5552,-258
48,stable,S11,SHVR,-4609.4,5634,-148
48,stable,S12,SHVR,-4564.75,5587,-135
48,stable,S13,SHVR,-4131.6,5592,-212
48,stable,S14,SHVR,-4567.85,5587,-57
48,stable,S15,SNPR,-1865.85,1289,-17
48,stable,S16,SNPR,-1149.8,1234,-36
48,stable,S17,SNPR,-1295.35,1289,-47
48,stable,S18,SNPR,-1758.75,1277,-195
48,stable,S19,SNPR,-1125.85,1253,-57
48,stable,Z20,ZIP,8641.85,3517,-103
48,stable,Z21,ZIP,8294.75,3531,-205
48,stable,Z22,ZIP,8913.75,3629,-105
48,stable,Z23,ZIP,9116.8,3676,-764
48,stable,Z24,ZIP,8723.5,3540,-170
48,stable,P25,PRSH,6036.05,3319,801
48,stable,P26,PRSH,1576.65,237,173
48,stable,P27,PRSH,7224.9,2334,918
48,stable,P28,PRSH,4091.75,1119,515
48,stable,P29,PRSH,5336.8,2138,636
49,stable,G00,GVWY,-7322.2,6452,-492
49,stable,G01,GVWY,-9220.6,6392,-136
49,stable,G02,GVWY,-8519.2,6416,-372
49,stable,G03,GVWY,-7925.8,6392,-348
49,stable,G04,GVWY,-10016.85,6445,-391
49,stable,Z05,ZIC,1748.45,605,267
49,stable,Z06,ZIC,1583.0,544,280
49,stable,Z07,ZIC,1619.85,557,271
49,stable,Z08,ZIC,1766.8,566,248
49,stable,Z09,ZIC,1589.3,554,238
49,stable,S10,SHVR,-5867.2,5604,-12
49,stable,S11,SHVR,-4965.9,5650,-114
49,stable,S12,SHVR,-4637.45,5639,-87
49,stable,S13,SHVR,-6071.1,5594,-226
49,stable,S14,SHVR,-6344.0,5626,60
49,stable,S15,SNPR,-1253.35,1239,-81
49,stable,S16,SNPR,-1477.4,1246,36
49,stable,S17,SNPR,-785.0,1224,20
49,stable,S18,SNPR,-849.2,1264,-52
49,stable,S19,SNPR,-1004.05,1235,-23
49,stable,Z20,ZIP,10501.0,3446,-80
49,stable,Z21,ZIP,10943.0,3580,-200
49,stable,Z22,ZIP,11452.15,3623,-791
49,stable,Z23,ZIP,10444.9,3506,-146
49,stable,Z24,ZIP,11457.7,3586,-218
49,stable,P25,PRSH,1368.2,254,192
49,stable,P26,PRSH,3837.5,1988,750
49,stable,P27,PRSH,1471.9,256,194
49,stable,P28,PRSH,3333.25,1229,555
49,stable,P29,PRSH,3734.8,1558,608
50,stable,G00,GVWY,-6754.2,6383,-343
50,stable,G01,GVWY,-6471.6,6351,-459
50,stable,G02,GVWY,-5885.6,6403,-389
50,stable,G03,GVWY,-5779.8,6386,-342
50,stable,G04,GVWY,-7024.0,6433,-385
50,stable,Z05,ZIC,572.2,552,238
50,stable,Z06,ZIC,232.6,510,294
50,stable,Z07,ZIC,352.0,564,220
50,stable,Z08,ZIC,396.6,555,259
50,stable,Z09,ZIC,437.0,533,195
50,stable,S10,SHVR,-4748.6,5559,-109
50,stable,S11,SHVR,-4915.0,5562,-30
50,stable,S12,SHVR,-5384.8,5556,-182
50,stable,S13,SHVR,-6199.4,5553,39
50,stable,S14,SHVR,-5264.2,5542,-148
50,stable,S15,SNPR,-890.2,1249,-33
50,stable,S16,SNPR,-1300.4,1239,19
50,stable,S17,SNPR,-801.4,1265,39
50,stable,S18,SNPR,-1003.8,1260,-22
50,stable,S19,SNPR,-986.0,1231,-35
50,stable,Z20,ZIP,11423.6,3612,-116
50,stable,Z21,ZIP,11696.0,3594,-120
50,stable,Z22,ZIP,13086.8,3603,-273
50,stable,Z23,ZIP,10101.6,3543,-21
50,stable,Z24,ZIP,13633.8,3622,-398
50,stable,P25,PRSH,304.8,280,192
50,stable,P26,PRSH,754.2,2635,753
50,stable,P27,PRSH,314.0,211,165
50,stable,P28,PRSH,250.4,219,191
50,stable,P29,PRSH,892.2,3516,728
51,stable,G00,GVWY,-8163.0,6411,-63
51,stable,G01,GVWY,-7599.0,6433,13
51,stable,G02,GVWY,-8134.0,6397,-169
51,stable,G03,GVWY,-7126.0,6456,-74
51,stable,G04,GVWY,-6765.0,6410,-220
51,stable,Z05,ZIC,146.0,546,324
51,stable,Z06,ZIC,749.0,530,258
51,stable,Z07,ZIC,244.0,506,292
51,stable,Z08,ZIC,98.0,540,264
51,stable,Z09,ZIC,-231.0,611,363
51,stable,S10,SHVR,-5884.0,5584,-42
51,stable,S11,SHVR,-6473.0,5576,84
51,stable,S12,SHVR,-4693.0,5591,-101
51,stable,S13,SHVR,-4524.0,5557,-47
51,stable,S14,SHVR,-7160.0,5571,59
51,stable,S15,SNPR,-1416.0,1249,31
51,stable,S16,SNPR,-951.0,1251,-17
51,stable,S17,SNPR,-570.0,1239,-33
51,stable,S18,SNPR,-1504.0,1247,-65
51,stable,S19,SNPR,-964.0,1281,-59
51,stable,Z20,ZIP,13383.0,3544,-306
51,stable,Z21,ZIP,16201.0,3494,-854
51,stable,Z22,ZIP,12842.0,3473,-263
51,stable,Z23,ZIP,14367.0,3484,-308
51,stable,Z24,ZIP,14515.0,3551,-463
51,stable,P25,PRSH,550.0,279,219
51,stable,P26,PRSH,117.0,301,253
51,stable,P27,PRSH,160.0,443,283
51,stable,P28,PRSH,2.0,268,226
51,stable,P29,PRSH,123.0,763,425
52,stable,G00,GVWY,-7230.7,6448,-306
52,stable,G01,GVWY,-7924.3,6424,-174
52,stable,G02,GVWY,-9528.15,6479,-207
52,stable,G03,GVWY,-8147.85,6415,-233
52,stable,G04,GVWY,-8956.3,6414,-274
52,stable,Z05,ZIC,1238.7,630,326
52,stable,Z06,ZIC,890.05,579,289
52,stable,Z07,ZIC,1249.1,622,278
52,stable,Z08,ZIC,1232.45,561,301
52,stable,Z09,ZIC,1682.3,564,294
52,stable,S10,SHVR,-6065.3,5638,-34
52,stable,S11,SHVR,-5295.25,5651,-285
52,stable,S12,SHVR,-6003.0,5614,-20
52,stable,S13,SHVR,-5708.05,5641,-89
52,stable,S14,SHVR,-5442.55,5547,21
52,stable,S15,SNPR,-975.5,1252,10
52,stable,S16,SNPR,-686.15,1237,-7
52,stable,S17,SNPR,-517.55,1255,1
52,stable,S18,SNPR,-1214.7,1272,14
52,stable,S19,SNPR,-1072.5,1260,-10
52,stable,Z20,ZIP,10812.55,3673,-761
52,stable,Z21,ZIP,12213.9,3548,-318
52,stable,Z22,ZIP,11227.75,3679,-1065
52,stable,Z23,ZIP,9820.1,3486,-62
52,stable,Z24,ZIP,11556.1,3612,-542
52,stable,P25,PRSH,1125.9,290,242
52,stable,P26,PRSH,3457.85,1217,613
52,stable,P27,PRSH,1199.25,289,225
52,stable,P28,PRSH,3063.0,1274,800
52,stable,P29,PRSH,4579.9,2904,882
53,stable,G00,GVWY,-6561.05,6411,-297
53,stable,G01,GVWY,-6609.05,6411,-357
53,stable,G02,GVWY,-6384.05,6441,-357
53,stable,G03,GVWY,-4670.85,6447,-329
53,stable,G04,GVWY,-5769.4,6412,-256
53,stable,Z05,ZIC,-1144.2,516,332
53,stable,Z06,ZIC,-373.05,555,283
53,stable,Z07,ZIC,-766.65,537,319
53,stable,Z08,ZIC,-1036.95,577,317
53,stable,Z09,ZIC,-746.05,555,343
53,stable,S10,SHVR,-5716.45,5563,27
53,stable,S11,SHVR,-5072.05,5591,-77
53,stable,S12,SHVR,-6169.85,5613,71
53,stable,S13,SHVR,-6109.45,5625,67
53,stable,S14,SHVR,-5754.75,5639,-55
53,stable,S15,SNPR,-818.05,1231,-17
53,stable,S16,SNPR,-1463.1,1258,86
53,stable,S17,SNPR,-1320.05,1247,-17
53,stable,S18,SNPR,-1299.6,1254,-4
53,stable,S19,SNPR,-1006.35,1249,-39
53,stable,Z20,ZIP,17934.4,3534,-924
53,stable,Z21,ZIP,11471.5,3572,-130
53,stable,Z22,ZIP,11594.7,3508,-2
53,stable,Z23,ZIP,16525.75,3619,-625
53,stable,Z24,ZIP,16586.3,3616,-598
53,stable,P25,PRSH,-765.3,1448,558
53,stable,P26,PRSH,-911.6,542,276
53,stable,P27,PRSH,-551.55,941,473
53,stable,P28,PRSH,-170.8,332,288
53,stable,P29,PRSH,-1643.4,1234,604
54,stable,G00,GVWY,-7646.3,6368,-258
54,stable,G01,GVWY,-7144.35,6397,-121
54,stable,G02,GVWY,-6036.15,6389,-349
54,stable,G03,GVWY,-8303.7,6344,-222
54,stable,G04,GVWY,-6614.7,6392,-302
54,stable,Z05,ZIC,484.65,589,319
54,stable,Z06,ZIC,481.3,552,238
54,stable,Z07,ZIC,837.65,551,259
54,stable,Z08,ZIC,469.1,550,266
54,stable,Z09,ZIC,539.2,502,252
54,stable,S10,SHVR,-6699.0,5538,-40
54,stable,S11,SHVR,-6498.15,5501,-9
54,stable,S12,SHVR,-5237.3,5518,2
54,stable,S13,SHVR,-4828.65,5555,-219
54,stable,S14,SHVR,-5148.5,5560,-50
54,stable,S15,SNPR,-1107.7,1220,18
54,stable,S16,SNPR,-705.25,1241,-75
54,stable,S17,SNPR,-1476.1,1264,-26
54,stable,S18,SNPR,-1356.5,1234,-30
54,stable,S19,SNPR,-1104.8,1230,-8
54,stable,Z20,ZIP,11874.95,3507,-103
54,stable,Z21,ZIP,14585.4,3612,-596
54,stable,Z22,ZIP,14048.15,3711,-451
54,stable,Z23,ZIP,10170.95,3579,-163
54,stable,Z24,ZIP,12711.2,3542,-308
54,stable,P25,PRSH,510.15,247,189
54,stable,P26,PRSH,1129.85,1031,471
54,stable,P27,PRSH,808.65,801,419
54,stable,P28,PRSH,900.15,369,209
54,stable,P29,PRSH,1420.95,653,617
55,stable,G00,GVWY,-5966.0,6382,-260
55,stable,G01,GVWY,-2874.65,6367,-669
55,stable,G02,GVWY,-4552.15,6413,-359
55,stable,G03,GVWY,-6577.6,6360,-216
55,stable,G04,GVWY,-7089.55,6387,-243
55,stable,Z05,ZIC,-500.25,587,295
55,stable,Z06,ZIC,-1243.45,517,283
55,stable,Z07,ZIC,-324.45,503,203
55,stable,Z08,ZIC,-425.55,553,197
55,stable,Z09,ZIC,-1116.25,545,255
55,stable,S10,SHVR,-5835.7,5464,78
55,stable,S11,SHVR,-3385.9,5570,-274
55,stable,S12,SHVR,-3656.45,5509,3
55,stable,S13,SHVR,-4343.7,5548,-42
55,stable,S14,SHVR,-3837.05,5499,-173
55,stable,S15,SNPR,-1218.4,1254,16
55,stable,S16,SNPR,-1282.4,1244,-4
55,stable,S17,SNPR,-2223.6,1230,64
55,stable,S18,SNPR,-1261.45,1245,3
55,stable,S19,SNPR,-894.25,1209,-5
55,stable,Z20,ZIP,14453.35,3509,-389
55,stable,Z21,ZIP,13276.2,3576,-348
55,stable,Z22,ZIP,11165.6,3576,-244
55,stable,Z23,ZIP,12951.35,3507,-209
55,stable,Z24,ZIP,11831.0,3710,-120
55,stable,P25,PRSH,-893.65,1627,851
55,stable,P26,PRSH,-864.25,801,375
55,stable,P27,PRSH,-1244.65,647,311
55,stable,P28,PRSH,-152.9,188,126
55,stable,P29,PRSH,-259.65,835,371
56,stable,G00,GVWY,-6817.5,6459,-225
56,stable,G01,GVWY,-5925.0,6438,-298
56,stable,G02,GVWY,-5907.0,6426,-366
56,stable,G03,GVWY,-6578.0,6416,-470
56,stable,G04,GVWY,-7745.0,6424,-188
56,stable,Z05,ZIC,86.5,491,269
56,stable,Z06,ZIC,227.0,532,232
56,stable,Z07,ZIC,353.5,549,235
56,stable,Z08,ZIC,366.0,526,242
56,stable,Z09,ZIC,20.0,522,240
56,stable,S10,SHVR,-5367.0,5546,-256
56,stable,S11,SHVR,-3739.0,5634,-168
56,stable,S12,SHVR,-5322.5,5559,-291
56,stable,S13,SHVR,-3999.0,5518,-190
56,stable,S14,SHVR,-4597.0,5598,26
56,stable,S15,SNPR,-872.0,1236,-22
56,stable,S16,SNPR,-959.5,1271,61
56,stable,S17,SNPR,-763.5,1267,-25
56,stable,S18,SNPR,-1021.5,1277,-39
56,stable,S19,SNPR,-427.0,1258,-90
56,stable,Z20,ZIP,10044.5,3627,-129
56,stable,Z21,ZIP,15332.5,3761,-803
56,stable,Z22,ZIP,11280.0,3548,-324
56,stable,Z23,ZIP,9866.0,3478,-212
56,stable,Z24,ZIP,10345.5,3581,-71
56,stable,P25,PRSH,632.5,249,179
56,stable,P26,PRSH,825.5,1581,807
56,stable,P27,PRSH,1101.0,1154,412
56,stable,P28,PRSH,-139.0,3076,866
56,stable,P29,PRSH,695.0,1054,492
57,stable,G00,GVWY,-9453.95,6419,-183
57,stable,G01,GVWY,-10263.3,6424,-122
57,stable,G02,GVWY,-11588.4,6440,-216
57,stable,G03,GVWY,-9263.2,6430,-228
57,stable,G04,GVWY,-9273.25,6421,-305
57,stable,Z05,ZIC,3177.05,605,317
57,stable,Z06,ZIC,2663.9,542,246
57,stable,Z07,ZIC,3002.15,587,291
57,stable,Z08,ZIC,2586.25,535,285
57,stable,Z09,ZIC,2765.65,523,301
57,stable,S10,SHVR,-6321.55,5489,-47
57,stable,S11,SHVR,-4472.25,5607,175
57,stable,S12,SHVR,-3600.65,5571,139
57,stable,S13,SHVR,-5421.7,5594,82
57,stable,S14,SHVR,-6424.8,5558,128
57,stable,S15,SNPR,-695.3,1256,58
57,stable,S16,SNPR,-23.8,1242,68
57,stable,S17,SNPR,-2037.7,1242,-98
57,stable,S18,SNPR,-1112.5,1240,-30
57,stable,S19,SNPR,-2937.25,1241,-105
57,stable,Z20,ZIP,10447.95,3617,-317
57,stable,Z21,ZIP,11038.55,3565,-333
57,stable,Z22,ZIP,9408.45,3645,-687
57,stable,Z23,ZIP,7743.45,3641,-1027
57,stable,Z24,ZIP,11663.95,3583,-297
57,stable,P25,PRSH,2904.15,307,251
57,stable,P26,PRSH,5995.15,1251,631
57,stable,P27,PRSH,3612.15,467,351
57,stable,P28,PRSH,2195.7,264,198
57,stable,P29,PRSH,4098.85,737,369
58,stable,G00,GVWY,-10297.7,6503,-297
58,stable,G01,GVWY,-10398.8,6458,-278
58,stable,G02,GVWY,-9350.2,6506,-202
58,stable,G03,GVWY,-11112.3,6497,-193
58,stable,G04,GVWY,-11825.6,6430,-466
58,stable,Z05,ZIC,3814.3,533,303
58,stable,Z06,ZIC,3301.6,538,256
58,stable,Z07,ZIC,3618.3,567,303
58,stable,Z08,ZIC,2966.6,538,246
58,stable,Z09,ZIC,4171.0,588,350
58,stable,S10,SHVR,-6115.7,5619,-57
58,stable,S11,SHVR,-3334.1,5701,89
58,stable,S12,SHVR,-6353.9,5619,-49
58,stable,S13,SHVR,-5285.3,5601,-103
58,stable,S14,SHVR,-5007.2,5648,38
58,stable,S15,SNPR,-1031.9,1255,-69
58,stable,S16,SNPR,-1237.1,1243,-31
58,stable,S17,SNPR,-1599.7,1231,-37
58,stable,S18,SNPR,-1373.0,1228,30
58,stable,S19,SNPR,-1639.9,1261,-29
58,stable,Z20,ZIP,4672.8,3604,-752
58,stable,Z21,ZIP,7951.1,3629,-259
58,stable,Z22,ZIP,8407.6,3522,-264
58,stable,Z23,ZIP,5891.4,3558,-746
58,stable,Z24,ZIP,8523.4,3552,-366
58,stable,P25,PRSH,2520.6,236,196
58,stable,P26,PRSH,9343.9,2313,679
58,stable,P27,PRSH,2592.4,248,194
58,stable,P28,PRSH,6971.6,1266,516
58,stable,P29,PRSH,11570.7,2835,947
59,stable,G00,GVWY,-8516.1,6399,-253
59,stable,G01,GVWY,-9048.5,6339,-235
59,stable,G02,GVWY,-8289.4,6404,-152
59,stable,G03,GVWY,-7658.3,6329,-289
59,stable,G04,GVWY,-9151.5,6405,-295
59,stable,Z05,ZIC,2092.8,516,244
59,stable,Z06,ZIC,2237.3,563,269
59,stable,Z07,ZIC,2383.1,579,303
59,stable,Z08,ZIC,2130.7,495,241
59,stable,Z09,ZIC,2439.2,518,256
59,stable,S10,SHVR,-5379.6,5476,-148
59,stable,S11,SHVR,-4989.2,5502,84
59,stable,S12,SHVR,-4154.3,5547,-49
59,stable,S13,SHVR,-4309.9,5545,-57
59,stable,S14,SHVR,-6521.5,5557,-165
59,stable,S15,SNPR,-1572.8,1244,-44
59,stable,S16,SNPR,-1114.8,1258,-24
59,stable,S17,SNPR,-1341.5,1237,-95
59,stable,S18,SNPR,-1120.6,1272,-38
59,stable,S19,SNPR,-610.1,1261,-33
59,stable,Z20,ZIP,10034.0,3608,-230
59,stable,Z21,ZIP,9528.0,3418,-200
59,stable,Z22,ZIP,8678.8,3626,-516
59,stable,Z23,ZIP,10584.1,3497,-97
59,stable,Z24,ZIP,10004.7,3567,-149
59,stable,P25,PRSH,4082.0,1040,450
59,stable,P26,PRSH,1617.0,222,170
59,stable,P27,PRSH,1560.7,241,201
59,stable,P28,PRSH,5384.5,621,605
59,stable,P29,PRSH,1641.0,234,170
60,stable,G00,GVWY,-6287.8,6438,-248
60,stable,G01,GVWY,-8794.55,6433,-153
60,stable,G02,GVWY,-7462.9,6466,-54
60,stable,G03,GVWY,-6697.0,6394,-300
60,stable,G04,GVWY,-6626.5,6432,-190
60,stable,Z05,ZIC,970.0,588,300
60,stable,Z06,ZIC,588.5,592,310
60,stable,Z07,ZIC,228.85,609,291
60,stable,Z08,ZIC,344.95,517,337
60,stable,Z09,ZIC,864.9,550,294
60,stable,S10,SHVR,-6470.25,5627,125
60,stable,S11,SHVR,-5905.7,5568,158
60,stable,S12,SHVR,-7425.3,5622,182
60,stable,S13,SHVR,-5390.35,5693,-141
60,stable,S14,SHVR,-6340.95,5581,-57
60,stable,S15,SNPR,-1338.5,1252,10
60,stable,S16,SNPR,-1014.55,1251,-113
60,stable,S17,SNPR,-832.15,1285,-49
60,stable,S18,SNPR,-822.3,1230,-18
60,stable,S19,SNPR,-919.2,1254,-12
60,stable,Z20,ZIP,12745.1,3708,-474
60,stable,Z21,ZIP,12605.2,3560,-228
60,stable,Z22,ZIP,14667.25,3569,-825
60,stable,Z23,ZIP,12037.25,3531,-145
60,stable,Z24,ZIP,14171.9,3616,-726
60,stable,P25,PRSH,664.35,1001,461
60,stable,P26,PRSH,363.3,286,238
60,stable,P27,PRSH,1487.8,1000,488
60,stable,P28,PRSH,640.3,274,238
60,stable,P29,PRSH,695.0,304,260
61,stable,G00,GVWY,-9504.6,6410,-292
61,stable,G01,GVWY,-8534.55,6421,-301
61,stable,G02,GVWY,-8526.35,6403,-237
61,stable,G03,GVWY,-8698.45,6411,-199
61,stable,G04,GVWY,-9846.4,6422,-228
61,stable,Z05,ZIC,1854.7,540,214
61,stable,Z06,ZIC,1978.05,547,291
61,stable,Z07,ZIC,2298.85,507,227
61,stable,Z08,ZIC,2616.3,562,306
61,stable,Z09,ZIC,2212.85,565,287
61,stable,S10,SHVR,-6382.8,5584,-236
61,stable,S11,SHVR,-6142.35,5585,-77
61,stable,S12,SHVR,-6475.8,5556,-136
61,stable,S13,SHVR,-6142.4,5614,-128
61,stable,S14,SHVR,-5885.3,5548,134
61,stable,S15,SNPR,-1914.1,1246,-182
61,stable,S16,SNPR,-1138.45,1235,-19
61,stable,S17,SNPR,-1108.0,1210,0
61,stable,S18,SNPR,-1470.1,1228,-62
61,stable,S19,SNPR,-1013.5,1248,-10
61,stable,Z20,ZIP,10634.5,3480,-350
61,stable,Z21,ZIP,11176.4,3618,-452
61,stable,Z22,ZIP,11230.6,3610,-68
61,stable,Z23,ZIP,10317.8,3518,-484
61,stable,Z24,ZIP,11113.85,3497,-93
61,stable,P25,PRSH,7604.55,2749,801
61,stable,P26,PRSH,2518.9,628,318
61,stable,P27,PRSH,2014.6,600,292
61,stable,P28,PRSH,3714.55,975,421
61,stable,P29,PRSH,1818.8,242,196
62,stable,G00,GVWY,-5852.5,6404,-210
62,stable,G01,GVWY,-4946.55,6389,-501
62,stable,G02,GVWY,-5851.35,6423,-417
62,stable,G03,GVWY,-5947.9,6480,-398
62,stable,G04,GVWY,-6963.75,6421,-205
62,stable,Z05,ZIC,-55.95,545,291
62,stable,Z06,ZIC,79.65,545,283
62,stable,Z07,ZIC,268.6,580,312
62,stable,Z08,ZIC,-140.2,582,316
62,stable,Z09,ZIC,-177.8,508,224
62,stable,S10,SHVR,-4978.0,5630,-140
62,stable,S11,SHVR,-5272.25,5525,-135
62,stable,S12,SHVR,-4880.0,5560,-60
62,stable,S13,SHVR,-4820.25,5573,-75
62,stable,S14,SHVR,-5142.15,5541,-53
62,stable,S15,SNPR,-841.7,1228,-54
62,stable,S16,SNPR,-893.5,1234,-10
62,stable,S17,SNPR,-818.5,1232,-30
62,stable,S18,SNPR,-2324.6,1274,148
62,stable,S19,SNPR,-1238.15,1211,7
62,stable,Z20,ZIP,15541.05,3647,-929
62,stable,Z21,ZIP,11688.65,3523,-117
62,stable,Z22,ZIP,11175.25,3559,-145
62,stable,Z23,ZIP,11496.95,3591,-371
62,stable,Z24,ZIP,11405.4,3534,-132
62,stable,P25,PRSH,234.25,255,175
62,stable,P26,PRSH,78.35,705,377
62,stable,P27,PRSH,369.45,243,199
62,stable,P28,PRSH,-63.5,3228,790
62,stable,P29,PRSH,-256.6,1834,828
63,stable,G00,GVWY,-9737.25,6395,-135
63,stable,G01,GVWY,-7334.6,6426,-424
63,stable,G02,GVWY,-8539.45,6405,-483
63,stable,G03,GVWY,-6296.5,6376,-430
63,stable,G04,GVWY,-7870.4,6414,-296
63,stable,Z05,ZIC,1318.6,498,224
63,stable,Z06,ZIC,1140.1,544,294
63,stable,Z07,ZIC,1389.7,570,258
63,stable,Z08,ZIC,1021.4,532,216
63,stable,Z09,ZIC,1326.35,487,229
63,stable,S10,SHVR,-5466.05,5627,93
63,stable,S11,SHVR,-6615.0,5620,-60
63,stable,S12,SHVR,-3495.55,5611,-217
63,stable,S13,SHVR,-4637.8,5604,-92
63,stable,S14,SHVR,-6237.05,5553,33
63,stable,S15,SNPR,-1032.65,1269,-71
63,stable,S16,SNPR,-1070.4,1260,-16
63,stable,S17,SNPR,-1367.75,1265,-25
63,stable,S18,SNPR,-1448.45,1243,-43
63,stable,S19,SNPR,-1335.65,1263,-31
63,stable,Z20,ZIP,11224.2,3598,-132
63,stable,Z21,ZIP,11751.1,3670,-666
63,stable,Z22,ZIP,11535.3,3622,-338
63,stable,Z23,ZIP,9436.7,3468,-42
63,stable,Z24,ZIP,11180.1,3596,-286
63,stable,P25,PRSH,1762.55,371,337
63,stable,P26,PRSH,718.35,477,209
63,stable,P27,PRSH,1735.65,757,371
63,stable,P28,PRSH,3429.5,3662,690
63,stable,P29,PRSH,3863.95,1981,733
64,stable,G00,GVWY,-6964.7,6456,-254
64,stable,G01,GVWY,-7991.8,6420,-276
64,stable,G02,GVWY,-7534.7,6396,-154
64,stable,G03,GVWY,-8799.4,6390,-408
64,stable,G04,GVWY,-8022.35,6357,-427
64,stable,Z05,ZIC,1178.1,510,222
64,stable,Z06,ZIC,1553.6,520,252
64,stable,Z07,ZIC,1603.85,563,257
64,stable,Z08,ZIC,1307.6,522,232
64,stable,Z09,ZIC,1539.6,576,252
64,stable,S10,SHVR,-4833.1,5666,-282
64,stable,S11,SHVR,-4056.2,5652,-304
64,stable,S12,SHVR,-4624.2,5618,-164
64,stable,S13,SHVR,-4352.9,5614,-178
64,stable,S14,SHVR,-5762.95,5691,-179
64,stable,S15,SNPR,-868.75,1263,-35
64,stable,S16,SNPR,-769.15,1267,-23
64,stable,S17,SNPR,-675.0,1226,-40
64,stable,S18,SNPR,-1060.1,1272,-62
64,stable,S19,SNPR,-923.05,1261,-41
64,stable,Z20,ZIP,8357.45,3537,-91
64,stable,Z21,ZIP,10412.45,3581,-211
64,stable,Z22,ZIP,10328.6,3562,-188
64,stable,Z23,ZIP,9641.95,3447,-81
64,stable,Z24,ZIP,10910.1,3586,-358
64,stable,P25,PRSH,1827.4,318,288
64,stable,P26,PRSH,2264.9,3140,658
64,stable,P27,PRSH,4749.2,2254,984
64,stable,P28,PRSH,2187.85,585,297
64,stable,P29,PRSH,-216.35,5293,213
65,stable,G00,GVWY,-4167.65,6457,-427
65,stable,G01,GVWY,-6998.0,6404,-160
65,stable,G02,GVWY,-6492.95,6425,-241
65,stable,G03,GVWY,-5404.15,6475,-357
65,stable,G04,GVWY,-5259.15,6423,-177
65,stable,Z05,ZIC,-791.45,563,249
65,stable,Z06,ZIC,-389.25,495,245
65,stable,Z07,ZIC,-1083.35,547,287
65,stable,Z08,ZIC,-212.35,595,187
65,stable,Z09,ZIC,-858.75,559,235
65,stable,S10,SHVR,-6520.6,5674,-68
65,stable,S11,SHVR,-5012.8,5640,-104
65,stable,S12,SHVR,-5942.35,5677,107
65,stable,S13,SHVR,-4316.6,5638,-28
65,stable,S14,SHVR,-4190.8,5656,-84
65,stable,S15,SNPR,-11.2,1254,-56
65,stable,S16,SNPR,-842.05,1231,21
65,stable,S17,SNPR,-2207.35,1235,87
65,stable,S18,SNPR,-814.95,1239,19
65,stable,S19,SNPR,-1849.1,1242,82
65,stable,Z20,ZIP,14921.65,3615,-293
65,stable,Z21,ZIP,12368.1,3522,-282
65,stable,Z22,ZIP,14380.05,3695,-441
65,stable,Z23,ZIP,18428.95,3637,-799
65,stable,Z24,ZIP,11652.45,3543,-109
65,stable,P25,PRSH,-338.6,226,172
65,stable,P26,PRSH,-2089.75,4607,515
65,stable,P27,PRSH,-2414.8,990,516
65,stable,P28,PRSH,-1939.7,3500,594
65,stable,P29,PRSH,-236.4,252,208
66,stable,G00,GVWY,-6641.0,6408,-312
66,stable,G01,GVWY,-6149.0,6426,-482
66,stable,G02,GVWY,-6045.0,6414,-360
66,stable,G03,GVWY,-5568.0,6423,-293
66,stable,G04,GVWY,-8230.0,6484,-122
66,stable,Z05,ZIC,-107.0,522,242
66,stable,Z06,ZIC,344.0,480,198
66,stable,Z07,ZIC,18.0,535,283
66,stable,Z08,ZIC,302.0,546,256
66,stable,Z09,ZIC,-59.0,565,253
66,stable,S10,SHVR,-4464.0,5604,-90
66,stable,S11,SHVR,-5592.0,5534,38
66,stable,S12,SHVR,-5375.0,5552,24
66,stable,S13,SHVR,-4270.0,5621,-133
66,stable,S14,SHVR,-6695.0,5529,-113
66,stable,S15,SNPR,-626.0,1239,-71
66,stable,S16,SNPR,-1337.0,1235,-51
66,stable,S17,SNPR,-1397.0,1206,-6
66,stable,S18,SNPR,-562.0,1257,-131
66,stable,S19,SNPR,-812.0,1247,-79
66,stable,Z20,ZIP,11675.0,3712,-98
66,stable,Z21,ZIP,12235.0,3637,-147
66,stable,Z22,ZIP,11374.0,3585,-89
66,stable,Z23,ZIP,15522.0,3706,-884
66,stable,Z24,ZIP,12041.0,3675,-191
66,stable,P25,PRSH,499.0,1330,700
66,stable,P26,PRSH,101.0,1085,483
66,stable,P27,PRSH,465.0,263,195
66,stable,P28,PRSH,349.0,662,624
66,stable,P29,PRSH,402.0,269,223
67,stable,G00,GVWY,-8194.3,6418,-194
67,stable,G01,GVWY,-8122.0,6396,-300
67,stable,G02,GVWY,-8982.3,6382,-534
67,stable,G03,GVWY,-8167.7,6360,-246
67,stable,G04,GVWY,-8488.85,6403,-333
67,stable,Z05,ZIC,2298.35,537,203
67,stable,Z06,ZIC,1304.65,513,217
67,stable,Z07,ZIC,1730.55,525,259
67,stable,Z08,ZIC,1771.8,538,244
67,stable,Z09,ZIC,1603.7,498,246
67,stable,S10,SHVR,-4880.9,5592,-62
67,stable,S11,SHVR,-5456.1,5618,-118
67,stable,S12,SHVR,-5316.6,5530,-28
67,stable,S13,SHVR,-6009.65,5521,-137
67,stable,S14,SHVR,-5274.0,5572,-140
67,stable,S15,SNPR,-1346.15,1257,-107
67,stable,S16,SNPR,-1002.75,1255,-55
67,stable,S17,SNPR,-1495.75,1257,-95
67,stable,S18,SNPR,-1282.85,1241,-73
67,stable,S19,SNPR,-628.4,1252,8
67,stable,Z20,ZIP,9886.0,3540,-300
67,stable,Z21,ZIP,9973.15,3495,-173
67,stable,Z22,ZIP,10805.3,3594,-326
67,stable,Z23,ZIP,9586.8,3584,-136
67,stable,Z24,ZIP,9605.1,3566,-222
67,stable,P25,PRSH,5637.2,2444,816
67,stable,P26,PRSH,1162.0,206,140
67,stable,P27,PRSH,5944.6,1880,808
67,stable,P28,PRSH,1704.05,451,229
67,stable,P29,PRSH,2516.55,775,379
68,stable,G00,GVWY,-10625.85,6365,-567
68,stable,G01,GVWY,-8287.6,6466,-332
68,stable,G02,GVWY,-8513.95,6421,-129
68,stable,G03,GVWY,-9974.55,6453,-301
68,stable,G04,GVWY,-8602.05,6437,-371
68,stable,Z05,ZIC,2515.8,548,276
68,stable,Z06,ZIC,1623.1,548,282
68,stable,Z07,ZIC,2065.15,559,293
68,stable,Z08,ZIC,1720.2,502,224
68,stable,Z09,ZIC,2345.85,585,267
68,stable,S10,SHVR,-6108.5,5620,-30
68,stable,S11,SHVR,-5651.7,5620,-34
68,stable,S12,SHVR,-5571.75,5629,-165
68,stable,S13,SHVR,-5170.9,5658,-178
68,stable,S14,SHVR,-4773.95,5605,51
68,stable,S15,SNPR,-1386.6,1270,-112
68,stable,S16,SNPR,-1851.65,1263,-43
68,stable,S17,SNPR,-1033.0,1262,80
68,stable,S18,SNPR,-1321.2,1254,-64
68,stable,S19,SNPR,-1171.7,1250,-74
68,stable,Z20,ZIP,10737.85,3607,-193
68,stable,Z21,ZIP,10614.0,3502,-140
68,stable,Z22,ZIP,10148.2,3696,-696
68,stable,Z23,ZIP,11493.35,3601,-363
68,stable,Z24,ZIP,10609.0,3668,-220
68,stable,P25,PRSH,2946.2,4438,604
68,stable,P26,PRSH,1587.45,363,259
68,stable,P27,PRSH,3112.0,546,420
68,stable,P28,PRSH,3746.5,4754,450
68,stable,P29,PRSH,5126.95,1667,669
69,stable,G00,GVWY,-7987.2,6378,-184
69,stable,G01,GVWY,-6605.0,6371,-175
69,stable,G02,GVWY,-7106.2,6353,-409
69,stable,G03,GVWY,-7190.4,6380,-398
69,stable,G04,GVWY,-7314.6,6414,-232
69,stable,Z05,ZIC,600.6,598,302
69,stable,Z06,ZIC,789.0,567,295
69,stable,Z07,ZIC,643.2,477,239
69,stable,Z08,ZIC,675.0,549,245
69,stable,Z09,ZIC,754.8,551,291
69,stable,S10,SHVR,-5675.8,5513,29
69,stable,S11,SHVR,-5818.0,5480,40
69,stable,S12,SHVR,-5103.6,5518,-222
69,stable,S13,SHVR,-4298.4,5517,-263
69,stable,S14,SHVR,-4956.8,5528,-46
69,stable,S15,SNPR,-1060.6,1235,-7
69,stable,S16,SNPR,-1039.2,1221,-49
69,stable,S17,SNPR,-1398.8,1231,-121
69,stable,S18,SNPR,-824.0,1245,-25
69,stable,S19,SNPR,-760.2,1235,-59
69,stable,Z20,ZIP,10809.0,3404,-100
69,stable,Z21,ZIP,11581.6,3565,-23
69,stable,Z22,ZIP,13421.0,3557,-355
69,stable,Z23,ZIP,13479.8,3613,-339
69,stable,Z24,ZIP,10819.6,3461,-13
69,stable,P25,PRSH,1659.6,592,452
69,stable,P26,PRSH,1165.8,970,456
69,stable,P27,PRSH,622.6,274,192
69,stable,P28,PRSH,430.2,250,164
69,stable,P29,PRSH,909.4,260,208
70,stable,G00,GVWY,-11149.5,6454,-490
70,stable,G01,GVWY,-8616.8,6410,-216
70,stable,G02,GVWY,-8780.9,6466,2
70,stable,G03,GVWY,-9769.2,6440,-344
70,stable,G04,GVWY,-9586.8,6456,-256
70,stable,Z05,ZIC,3120.15,577,303
70,stable,Z06,ZIC,2594.65,499,273
70,stable,Z07,ZIC,2620.8,538,296
70,stable,Z08,ZIC,3195.9,574,278
70,stable,Z09,ZIC,3536.25,621,345
70,stable,S10,SHVR,-7436.9,5646,-238
70,stable,S11,SHVR,-4088.7,5640,6
70,stable,S12,SHVR,-7273.85,5623,-97
70,stable,S13,SHVR,-6517.0,5710,-60
70,stable,S14,SHVR,-6082.7,5648,6
70,stable,S15,SNPR,-1163.15,1237,-43
70,stable,S16,SNPR,-1411.3,1230,-26
70,stable,S17,SNPR,-1360.05,1263,-21
70,stable,S18,SNPR,-1451.8,1256,-76
70,stable,S19,SNPR,-555.05,1255,39
70,stable,Z20,ZIP,11246.45,3561,-171
70,stable,Z21,ZIP,9848.05,3465,-119
70,stable,Z22,ZIP,10291.1,3688,-378
70,stable,Z23,ZIP,10740.25,3679,-475
70,stable,Z24,ZIP,8837.25,3557,-535
70,stable,P25,PRSH,2344.95,259,219
70,stable,P26,PRSH,6166.1,1400,622
70,stable,P27,PRSH,2227.35,297,227
70,stable,P28,PRSH,2374.7,260,194
70,stable,P29,PRSH,6659.2,4258,664
71,stable,G00,GVWY,-10959.8,6415,-389
71,stable,G01,GVWY,-7539.2,6467,9
71,stable,G02,GVWY,-12237.8,6402,-224
71,stable,G03,GVWY,-11088.4,6448,-202
71,stable,G04,GVWY,-11526.6,6447,-253
71,stable,Z05,ZIC,5607.2,592,316
71,stable,Z06,ZIC,3837.8,560,214
71,stable,Z07,ZIC,4694.6,519,273
71,stable,Z08,ZIC,5367.6,598,328
71,stable,Z09,ZIC,5228.8,565,289
71,stable,S10,SHVR,-6746.4,5597,-147
71,stable,S11,SHVR,-5542.2,5649,19
71,stable,S12,SHVR,-6347.8,5686,-14
71,stable,S13,SHVR,-7923.4,5644,-172
71,stable,S14,SHVR,-7278.8,5651,-79
71,stable,S15,SNPR,-1571.8,1263,-9
71,stable,S16,SNPR,-1496.0,1234,-30
71,stable,S17,SNPR,-2105.6,1267,-63
71,stable,S18,SNPR,-1090.6,1241,-13
71,stable,S19,SNPR,-1687.0,1266,-10
71,stable,Z20,ZIP,6365.6,3592,-502
71,stable,Z21,ZIP,6959.6,3639,-257
71,stable,Z22,ZIP,7430.6,3601,-397
71,stable,Z23,ZIP,4511.6,3641,-567
71,stable,Z24,ZIP,5432.6,3642,-512
71,stable,P25,PRSH,12776.0,4028,770
71,stable,P26,PRSH,7394.0,892,440
71,stable,P27,PRSH,5170.4,631,297
71,stable,P28,PRSH,4986.4,332,292
71,stable,P29,PRSH,9147.2,1614,516
72,stable,G00,GVWY,-6969.4,6406,-224
72,stable,G01,GVWY,-6552.6,6456,-166
72,stable,G02,GVWY,-6824.0,6414,-350
72,stable,G03,GVWY,-7430.6,6390,-206
72,stable,G04,GVWY,-7114.9,6415,-239
72,stable,Z05,ZIC,937.9,553,269
72,stable,Z06,ZIC,418.3,627,363
72,stable,Z07,ZIC,1387.2,560,352
72,stable,Z08,ZIC,980.0,536,240
72,stable,Z09,ZIC,958.1,533,291
72,stable,S10,SHVR,-6276.2,5558,28
72,stable,S11,SHVR,-6848.8,5552,32
72,stable,S12,SHVR,-6458.1,5575,-31
72,stable,S13,SHVR,-6746.7,5625,3
72,stable,S14,SHVR,-5428.3,5559,-113
72,stable,S15,SNPR,-602.7,1265,-47
72,stable,S16,SNPR,-1408.4,1240,-4
72,stable,S17,SNPR,-1868.2,1240,68
72,stable,S18,SNPR,-1159.0,1258,-40
72,stable,S19,SNPR,-1752.5,1251,-45
72,stable,Z20,ZIP,10895.0,3614,-250
72,stable,Z21,ZIP,14070.9,3577,-411
72,stable,Z22,ZIP,11373.1,3525,-109
72,stable,Z23,ZIP,13891.2,3650,-1048
72,stable,Z24,ZIP,12460.8,3516,-252
72,stable,P25,PRSH,972.8,284,228
72,stable,P26,PRSH,1732.5,655,325
72,stable,P27,PRSH,2052.4,1152,584
72,stable,P28,PRSH,1029.0,510,290
72,stable,P29,PRSH,855.6,692,386
73,stable,G00,GVWY,-6170.1,6351,-223
73,stable,G01,GVWY,-6222.2,6256,-306
73,stable,G02,GVWY,-7947.1,6297,-253
73,stable,G03,GVWY,-6727.8,6314,-384
73,stable,G04,GVWY,-6556.5,6363,-325
73,stable,Z05,ZIC,884.3,571,279
73,stable,Z06,ZIC,700.6,546,248
73,stable,Z07,ZIC,766.9,569,337
73,stable,Z08,ZIC,710.1,567,293
73,stable,Z09,ZIC,670.1,511,303
73,stable,S10,SHVR,-5849.6,5464,-88
73,stable,S11,SHVR,-5252.4,5486,-82
73,stable,S12,SHVR,-5962.5,5403,-35
73,stable,S13,SHVR,-4847.2,5476,-86
73,stable,S14,SHVR,-5301.6,5432,12
73,stable,S15,SNPR,-1057.0,1224,20
73,stable,S16,SNPR,-1020.1,1243,-13
73,stable,S17,SNPR,-1511.6,1230,62
73,stable,S18,SNPR,-793.1,1221,-143
73,stable,S19,SNPR,-941.7,1241,-61
73,stable,Z20,ZIP,12390.2,3574,-174
73,stable,Z21,ZIP,11809.6,3412,-212
73,stable,Z22,ZIP,14538.2,3642,-434
73,stable,Z23,ZIP,10572.8,3454,-56
73,stable,Z24,ZIP,11411.7,3411,-59
73,stable,P25,PRSH,540.9,249,177
73,stable,P26,PRSH,298.9,253,187
73,stable,P27,PRSH,671.1,301,223
73,stable,P28,PRSH,462.1,289,253
73,stable,P29,PRSH,887.8,972,444
74,stable,G00,GVWY,-7832.05,6387,-191
74,stable,G01,GVWY,-8431.05,6403,-271
74,stable,G02,GVWY,-8476.2,6460,-184
74,stable,G03,GVWY,-7121.7,6392,-454
74,stable,G04,GVWY,-8310.0,6422,-220
74,stable,Z05,ZIC,881.75,541,225
74,stable,Z06,ZIC,1043.3,500,246
74,stable,Z07,ZIC,1780.45,557,319
74,stable,Z08,ZIC,974.45,473,199
74,stable,Z09,ZIC,1406.25,553,295
74,stable,S10,SHVR,-5580.1,5594,38
74,stable,S11,SHVR,-5481.9,5608,-18
74,stable,S12,SHVR,-5670.3,5548,-126
74,stable,S13,SHVR,-5513.65,5645,-63
74,stable,S14,SHVR,-5563.6,5690,8
74,stable,S15,SNPR,-970.3,1222,-66
74,stable,S16,SNPR,-879.0,1248,0
74,stable,S17,SNPR,-1253.25,1233,5
74,stable,S18,SNPR,-709.05,1257,-51
74,stable,S19,SNPR,-1052.35,1243,43
74,stable,Z20,ZIP,12844.5,3432,-890
74,stable,Z21,ZIP,13185.4,3634,-312
74,stable,Z22,ZIP,10100.5,3650,-190
74,stable,Z23,ZIP,11027.75,3439,-155
74,stable,Z24,ZIP,11016.25,3543,-245
74,stable,P25,PRSH,2223.3,524,486
74,stable,P26,PRSH,1037.45,315,219
74,stable,P27,PRSH,4096.7,3272,734
74,stable,P28,PRSH,478.5,232,150
74,stable,P29,PRSH,1541.0,826,380
75,stable,G00,GVWY,-9380.2,6473,-197
75,stable,G01,GVWY,-7307.6,6458,-206
75,stable,G02,GVWY,-8182.6,6451,-21
75,stable,G03,GVWY,-8152.2,6418,-102
75,stable,G04,GVWY,-9433.6,6457,-301
75,stable,Z05,ZIC,1103.8,518,298
75,stable,Z06,ZIC,1156.2,656,312
75,stable,Z07,ZIC,1459.2,573,317
75,stable,Z08,ZIC,1242.2,572,352
75,stable,Z09,ZIC,1455.0,535,305
75,stable,S10,SHVR,-6071.2,5680,-22
75,stable,S11,SHVR,-5674.4,5706,146
75,stable,S12,SHVR,-5174.0,5685,75
75,stable,S13,SHVR,-4770.4,5686,-144
75,stable,S14,SHVR,-5727.8,5619,17
75,stable,S15,SNPR,-591.6,1234,-26
75,stable,S16,SNPR,-1003.2,1237,-17
75,stable,S17,SNPR,-729.6,1273,9
75,stable,S18,SNPR,-1187.8,1246,12
75,stable,S19,SNPR,-1303.6,1249,29
75,stable,Z20,ZIP,11103.6,3520,-124
75,stable,Z21,ZIP,12263.8,3454,-182
75,stable,Z22,ZIP,13205.0,3882,-950
75,stable,Z23,ZIP,13460.2,3643,-663
75,stable,Z24,ZIP,13898.8,3583,-617
75,stable,P25,PRSH,899.4,214,184
75,stable,P26,PRSH,1492.6,912,446
75,stable,P27,PRSH,-254.2,5218,368
75,stable,P28,PRSH,1263.0,283,235
75,stable,P29,PRSH,1910.8,474,458
76,stable,G00,GVWY,-5736.8,6446,-532
76,stable,G01,GVWY,-7465.05,6447,-357
76,stable,G02,GVWY,-7447.05,6429,-297
76,stable,G03,GVWY,-7440.85,6419,-289
76,stable,G04,GVWY,-7202.8,6448,-352
76,stable,Z05,ZIC,298.45,529,253
76,stable,Z06,ZIC,264.75,559,235
76,stable,Z07,ZIC,236.15,511,251
76,stable,Z08,ZIC,44.5,534,210
76,stable,Z09,ZIC,288.85,559,229
76,stable,S10,SHVR,-5033.45,5647,-53
76,stable,S11,SHVR,-4550.15,5623,-191
76,stable,S12,SHVR,-4315.05,5623,-177
76,stable,S13,SHVR,-4516.85,5653,-249
76,stable,S14,SHVR,-5343.8,5644,-52
76,stable,S15,SNPR,-1281.35,1279,-99
76,stable,S16,SNPR,-234.0,1238,-20
76,stable,S17,SNPR,-691.35,1261,-19
76,stable,S18,SNPR,-1422.75,1259,-35
76,stable,S19,SNPR,-1051.4,1258,-56
76,stable,Z20,ZIP,11921.55,3505,-193
76,stable,Z21,ZIP,14054.95,3783,-577
76,stable,Z22,ZIP,10836.2,3530,8
76,stable,Z23,ZIP,13764.8,3658,-588
76,stable,Z24,ZIP,10044.2,3592,-172
76,stable,P25,PRSH,200.7,970,478
76,stable,P26,PRSH,1142.95,3163,783
76,stable,P27,PRSH,1693.4,2168,656
76,stable,P28,PRSH,363.6,286,244
76,stable,P29,PRSH,-21.65,1761,819
77,stable,G00,GVWY,-6799.8,6401,-299
77,stable,G01,GVWY,-8535.2,6385,29
77,stable,G02,GVWY,-5197.4,6418,-452
77,stable,G03,GVWY,-5622.6,6398,-178
77,stable,G04,GVWY,-5822.0,6397,-345
77,stable,Z05,ZIC,-518.2,521,279
77,stable,Z06,ZIC,-1170.4,564,328
77,stable,Z07,ZIC,-919.4,485,253
77,stable,Z08,ZIC,-328.4,504,248
77,stable,Z09,ZIC,-634.0,541,285
77,stable,S10,SHVR,-4958.6,5619,7
77,stable,S11,SHVR,-5316.2,5510,-26
77,stable,S12,SHVR,-5334.4,5592,-92
77,stable,S13,SHVR,-4522.4,5587,-167
77,stable,S14,SHVR,-5192.6,5515,-113
77,stable,S15,SNPR,-324.0,1250,-90
77,stable,S16,SNPR,-1614.0,1244,-10
77,stable,S17,SNPR,-1768.8,1238,6
77,stable,S18,SNPR,-540.2,1242,-66
77,stable,S19,SNPR,-1091.0,1235,5
77,stable,Z20,ZIP,12313.2,3506,-134
77,stable,Z21,ZIP,11522.4,3539,-133
77,stable,Z22,ZIP,18281.2,3758,-744
77,stable,Z23,ZIP,13564.6,3561,-227
77,stable,Z24,ZIP,16208.6,3698,-452
77,stable,P25,PRSH,-865.4,436,268
77,stable,P26,PRSH,-595.4,768,348
77,stable,P27,PRSH,-488.8,404,286
77,stable,P28,PRSH,-1954.8,2447,901
77,stable,P29,PRSH,-617.0,235,205
78,stable,G00,GVWY,-7915.5,6428,-202
78,stable,G01,GVWY,-6691.25,6395,-475
78,stable,G02,GVWY,-7932.25,6405,-311
78,stable,G03,GVWY,-8240.0,6382,-284
78,stable,G04,GVWY,-8742.25,6393,-243
78,stable,Z05,ZIC,960.5,540,290
78,stable,Z06,ZIC,930.75,513,253
78,stable,Z07,ZIC,1326.5,528,226
78,stable,Z08,ZIC,827.25,511,215
78,stable,Z09,ZIC,391.5,528,274
78,stable,S10,SHVR,-6029.0,5562,40
78,stable,S11,SHVR,-4966.25,5575,-159
78,stable,S12,SHVR,-4676.0,5522,-156
78,stable,S13,SHVR,-5226.75,5593,-229
78,stable,S14,SHVR,-4811.75,5625,-81
78,stable,S15,SNPR,-1057.25,1267,-119
78,stable,S16,SNPR,-848.0,1250,-12
78,stable,S17,SNPR,-1012.5,1248,-70
78,stable,S18,SNPR,-760.5,1278,-98
78,stable,S19,SNPR,-859.75,1221,11
78,stable,Z20,ZIP,12614.5,3652,-350
78,stable,Z21,ZIP,11545.25,3555,-245
78,stable,Z22,ZIP,12002.5,3538,-306
78,stable,Z23,ZIP,10676.25,3551,-141
78,stable,Z24,ZIP,10447.75,3563,-267
78,stable,P25,PRSH,1137.5,772,370
78,stable,P26,PRSH,1988.25,1543,583
78,stable,P27,PRSH,1797.25,965,439
78,stable,P28,PRSH,2934.75,2615,793
78,stable,P29,PRSH,913.5,238,178
79,stable,G00,GVWY,-9931.15,6431,-347
79,stable,G01,GVWY,-8634.3,6408,-314
79,stable,G02,GVWY,-8568.05,6437,-309
79,stable,G03,GVWY,-8179.25,6393,-405
79,stable,G04,GVWY,-9722.95,6439,-271
79,stable,Z05,ZIC,2295.45,491,221
79,stable,Z06,ZIC,2565.55,539,259
79,stable,Z07,ZIC,2947.25,559,285
79,stable,Z08,ZIC,2994.95,565,291
79,stable,Z09,ZIC,3124.0,542,300
79,stable,S10,SHVR,-6052.7,5606,-26
79,stable,S11,SHVR,-7301.7,5678,-146
79,stable,S12,SHVR,-4310.0,5634,40
79,stable,S13,SHVR,-5611.55,5611,-159
79,stable,S14,SHVR,-6140.25,5617,-85
79,stable,S15,SNPR,-1341.15,1245,-87
79,stable,S16,SNPR,-1052.1,1264,62
79,stable,S17,SNPR,-418.75,1265,-15
79,stable,S18,SNPR,-1245.65,1249,-17
79,stable,S19,SNPR,-1759.6,1266,-48
79,stable,Z20,ZIP,10406.95,3625,-229
79,stable,Z21,ZIP,8864.75,3661,-485
79,stable,Z22,ZIP,9294.85,3547,-187
79,stable,Z23,ZIP,8766.9,3648,-198
79,stable,Z24,ZIP,10810.7,3616,-174
79,stable,P25,PRSH,2553.8,5036,344
79,stable,P26,PRSH,3850.05,4621,369
79,stable,P27,PRSH,2670.0,468,320
79,stable,P28,PRSH,6567.85,689,633
79,stable,P29,PRSH,2991.7,512,286
80,stable,G00,GVWY,-7924.0,6407,-403
80,stable,G01,GVWY,-6316.0,6328,-378
80,stable,G02,GVWY,-7206.0,6421,-573
80,stable,G03,GVWY,-6525.0,6338,-384
80,stable,G04,GVWY,-7024.0,6363,-197
80,stable,Z05,ZIC,765.0,574,208
80,stable,Z06,ZIC,742.0,566,284
80,stable,Z07,ZIC,437.0,502,234
80,stable,Z08,ZIC,818.0,485,219
80,stable,Z09,ZIC,1123.0,563,263
80,stable,S10,SHVR,-5735.0,5573,-5
80,stable,S11,SHVR,-5927.0,5561,-135
80,stable,S12,SHVR,-4936.0,5495,-41
80,stable,S13,SHVR,-4028.0,5529,-45
80,stable,S14,SHVR,-3967.0,5561,-37
80,stable,S15,SNPR,-1174.0,1247,-63
80,stable,S16,SNPR,-428.0,1234,-26
80,stable,S17,SNPR,-559.0,1249,-49
80,stable,S18,SNPR,-1172.0,1249,77
80,stable,S19,SNPR,-1134.0,1248,-64
80,stable,Z20,ZIP,9982.0,3410,-130
80,stable,Z21,ZIP,12867.0,3663,-609
80,stable,Z22,ZIP,9017.0,3595,-145
80,stable,Z23,ZIP,9135.0,3447,-95
80,stable,Z24,ZIP,11908.0,3680,-438
80,stable,P25,PRSH,669.0,219,145
80,stable,P26,PRSH,3553.0,2028,968
80,stable,P27,PRSH,840.0,522,228
80,stable,P28,PRSH,1119.0,1026,484
80,stable,P29,PRSH,2105.0,1505,585
81,stable,G00,GVWY,-8725.3,6419,-383
81,stable,G01,GVWY,-8730.1,6419,-291
81,stable,G02,GVWY,-8734.7,6341,-357
81,stable,G03,GVWY,-7686.6,6356,-216
81,stable,G04,GVWY,-9187.5,6401,-625
81,stable,Z05,ZIC,1111.8,530,278
81,stable,Z06,ZIC,1078.0,478,220
81,stable,Z07,ZIC,1146.6,508,226
81,stable,Z08,ZIC,1725.3,581,273
81,stable,Z09,ZIC,1526.1,547,221
81,stable,S10,SHVR,-5003.0,5590,-170
81,stable,S11,SHVR,-5361.0,5600,-70
81,stable,S12,SHVR,-5100.6,5486,-56
81,stable,S13,SHVR,-4776.6,5648,-156
81,stable,S14,SHVR,-5454.3,5529,-123
81,stable,S15,SNPR,-788.0,1268,-30
81,stable,S16,SNPR,-434.0,1260,-60
81,stable,S17,SNPR,-1096.3,1243,-93
81,stable,S18,SNPR,-1071.8,1246,-48
81,stable,S19,SNPR,-1021.7,1251,3
81,stable,Z20,ZIP,10179.0,3594,-320
81,stable,Z21,ZIP,10227.3,3579,-217
81,stable,Z22,ZIP,10986.1,3593,-219
81,stable,Z23,ZIP,10442.4,3584,-106
81,stable,Z24,ZIP,9999.3,3561,-217
81,stable,P25,PRSH,2724.1,515,471
81,stable,P26,PRSH,1138.1,287,191
81,stable,P27,PRSH,3226.0,3174,590
81,stable,P28,PRSH,4843.1,2799,641
81,stable,P29,PRSH,3279.2,1320,522
82,stable,G00,GVWY,-6645.0,6432,-382
82,stable,G01,GVWY,-8497.0,6408,-412
82,stable,G02,GVWY,-6952.0,6383,-437
82,stable,G03,GVWY,-7838.0,6370,-420
82,stable,G04,GVWY,-10013.0,6460,-342
82,stable,Z05,ZIC,1284.0,559,263
82,stable,Z06,ZIC,1335.0,528,220
82,stable,Z07,ZIC,1542.0,508,250
82,stable,Z08,ZIC,1598.0,520,222
82,stable,Z09,ZIC,1771.0,547,255
82,stable,S10,SHVR,-3648.0,5547,-3
82,stable,S11,SHVR,-4954.0,5505,-167
82,stable,S12,SHVR,-5893.0,5466,-258
82,stable,S13,SHVR,-4943.0,5527,-91
82,stable,S14,SHVR,-5101.0,5574,0
82,stable,S15,SNPR,-1258.0,1261,-37
82,stable,S16,SNPR,-1374.0,1248,-80
82,stable,S17,SNPR,-764.0,1274,-102
82,stable,S18,SNPR,-995.0,1277,-61
82,stable,S19,SNPR,-1069.0,1226,-64
82,stable,Z20,ZIP,8524.0,3457,-87
82,stable,Z21,ZIP,11577.0,3649,-211
82,stable,Z22,ZIP,9683.0,3476,-190
82,stable,Z23,ZIP,9820.0,3613,-29
82,stable,Z24,ZIP,10881.0,3542,-256
82,stable,P25,PRSH,2053.0,4796,508
82,stable,P26,PRSH,2963.0,516,420
82,stable,P27,PRSH,1227.0,278,216
82,stable,P28,PRSH,1595.0,313,245
82,stable,P29,PRSH,5033.0,1947,937
83,stable,G00,GVWY,-7490.25,6399,-497
83,stable,G01,GVWY,-6590.75,6397,-587
83,stable,G02,GVWY,-5954.25,6373,-189
83,stable,G03,GVWY,-6574.75,6365,-283
83,stable,G04,GVWY,-7494.5,6438,-242
83,stable,Z05,ZIC,275.5,570,274
83,stable,Z06,ZIC,644.75,525,211
83,stable,Z07,ZIC,569.0,534,232
83,stable,Z08,ZIC,224.5,546,306
83,stable,Z09,ZIC,398.0,546,220
83,stable,S10,SHVR,-3984.0,5504,-240
83,stable,S11,SHVR,-4937.5,5536,-82
83,stable,S12,SHVR,-4814.5,5616,-38
83,stable,S13,SHVR,-5662.75,5563,-111
83,stable,S14,SHVR,-4536.5,5568,26
83,stable,S15,SNPR,-953.0,1246,-88
83,stable,S16,SNPR,-801.5,1278,22
83,stable,S17,SNPR,-77.5,1246,-66
83,stable,S18,SNPR,-1096.5,1268,-10
83,stable,S19,SNPR,-1202.5,1262,-6
83,stable,Z20,ZIP,12070.25,3613,-451
83,stable,Z21,ZIP,9976.5,3566,-90
83,stable,Z22,ZIP,13409.75,3585,-505
83,stable,Z23,ZIP,9741.0,3528,-196
83,stable,Z24,ZIP,11119.75,3633,-229
83,stable,P25,PRSH,267.0,450,268
83,stable,P26,PRSH,721.0,2460,788
83,stable,P27,PRSH,801.75,285,251
83,stable,P28,PRSH,830.0,800,400
83,stable,P29,PRSH,2395.75,981,767
84,stable,G00,GVWY,-7329.0,6395,-185
84,stable,G01,GVWY,-7030.8,6408,-128
84,stable,G02,GVWY,-8335.8,6368,-208
84,stable,G03,GVWY,-9244.4,6386,-434
84,stable,G04,GVWY,-8931.0,6361,-215
84,stable,Z05,ZIC,1694.8,587,303
84,stable,Z06,ZIC,2139.6,562,316
84,stable,Z07,ZIC,991.4,579,299
84,stable,Z08,ZIC,1621.4,524,274
84,stable,Z09,ZIC,1614.8,603,323
84,stable,S10,SHVR,-6393.6,5566,144
84,stable,S11,SHVR,-5686.0,5579,15
84,stable,S12,SHVR,-6556.8,5527,-13
84,stable,S13,SHVR,-7126.8,5559,-53
84,stable,S14,SHVR,-6025.8,5573,-103
84,stable,S15,SNPR,-1604.6,1257,79
84,stable,S16,SNPR,-1252.8,1245,-53
84,stable,S17,SNPR,-1404.8,1227,-33
84,stable,S18,SNPR,-1391.2,1229,-27
84,stable,S19,SNPR,-1226.2,1246,-102
84,stable,Z20,ZIP,13339.0,3636,-450
84,stable,Z21,ZIP,13194.6,3606,-194
84,stable,Z22,ZIP,12526.0,3568,-240
84,stable,Z23,ZIP,12303.0,3581,-665
84,stable,Z24,ZIP,11221.8,3452,-172
84,stable,P25,PRSH,1684.4,352,264
84,stable,P26,PRSH,2081.8,552,338
84,stable,P27,PRSH,1631.6,358,206
84,stable,P28,PRSH,1314.2,267,217
84,stable,P29,PRSH,2939.0,954,490
85,stable,G00,GVWY,-10528.0,6478,-300
85,stable,G01,GVWY,-7458.25,6355,-75
85,stable,G02,GVWY,-10524.7,6442,-518
85,stable,G03,GVWY,-11105.45,6463,-323
85,stable,G04,GVWY,-8853.75,6437,-285
85,stable,Z05,ZIC,2654.25,507,275
85,stable,Z06,ZIC,2976.15,483,241
85,stable,Z07,ZIC,2726.9,484,206
85,stable,Z08,ZIC,3032.7,544,258
85,stable,Z09,ZIC,3675.6,566,304
85,stable,S10,SHVR,-6868.05,5631,-27
85,stable,S11,SHVR,-5630.6,5694,-184
85,stable,S12,SHVR,-7531.1,5692,-154
85,stable,S13,SHVR,-7884.25,5633,-175
85,stable,S14,SHVR,-7688.65,5611,-151
85,stable,S15,SNPR,-587.2,1214,32
85,stable,S16,SNPR,-1378.8,1248,8
85,stable,S17,SNPR,-1508.55,1251,-57
85,stable,S18,SNPR,-1481.6,1268,-44
85,stable,S19,SNPR,-1137.3,1242,-42
85,stable,Z20,ZIP,8636.1,3712,-706
85,stable,Z21,ZIP,10296.3,3460,-138
85,stable,Z22,ZIP,10551.8,3606,-148
85,stable,Z23,ZIP,9591.5,3570,-210
85,stable,Z24,ZIP,9948.7,3560,-262
85,stable,P25,PRSH,6559.7,1052,538
85,stable,P26,PRSH,3143.25,441,275
85,stable,P27,PRSH,2230.75,247,205
85,stable,P28,PRSH,7852.95,4059,833
85,stable,P29,PRSH,6663.45,4395,583
86,stable,G00,GVWY,-9672.8,6422,-332
86,stable,G01,GVWY,-8770.9,6479,-111
86,stable,G02,GVWY,-8658.0,6480,-360
86,stable,G03,GVWY,-8125.3,6481,-197
86,stable,G04,GVWY,-9667.5,6437,-435
86,stable,Z05,ZIC,1868.6,578,294
86,stable,Z06,ZIC,2130.3,533,287
86,stable,Z07,ZIC,1814.7,539,283
86,stable,Z08,ZIC,1479.3,553,297
86,stable,Z09,ZIC,1877.0,544,300
86,stable,S10,SHVR,-5233.9,5659,-1
86,stable,S11,SHVR,-6132.1,5671,-9
86,stable,S12,SHVR,-6606.5,5667,-135
86,stable,S13,SHVR,-5922.9,5727,9
86,stable,S14,SHVR,-6338.9,5657,-261
86,stable,S15,SNPR,-1187.3,1273,-47
86,stable,S16,SNPR,-992.8,1258,98
86,stable,S17,SNPR,-956.8,1258,-12
86,stable,S18,SNPR,-1430.2,1256,-78
86,stable,S19,SNPR,-1194.7,1257,-33
86,stable,Z20,ZIP,11682.2,3596,-482
86,stable,Z21,ZIP,11816.7,3511,-297
86,stable,Z22,ZIP,10159.3,3593,-823
86,stable,Z23,ZIP,10903.3,3551,-333
86,stable,Z24,ZIP,10994.6,3624,-696
86,stable,P25,PRSH,3082.2,1224,598
86,stable,P26,PRSH,3125.8,4414,692
86,stable,P27,PRSH,4907.3,1553,707
86,stable,P28,PRSH,3853.5,1431,695
86,stable,P29,PRSH,2077.7,609,353
87,stable,G00,GVWY,-9202.1,6488,-314
87,stable,G01,GVWY,-10001.7,6398,-158
87,stable,G02,GVWY,-7710.85,6443,-309
87,stable,G03,GVWY,-8056.35,6425,-419
87,stable,G04,GVWY,-8459.15,6451,-331
87,stable,Z05,ZIC,1485.95,583,283
87,stable,Z06,ZIC,1410.0,572,260
87,stable,Z07,ZIC,1143.35,529,279
87,stable,Z08,ZIC,1321.4,542,236
87,stable,Z09,ZIC,1424.9,572,266
87,stable,S10,SHVR,-5600.65,5731,-121
87,stable,S11,SHVR,-5361.1,5648,-154
87,stable,S12,SHVR,-4693.65,5653,-201
87,stable,S13,SHVR,-5263.85,5663,51
87,stable,S14,SHVR,-5039.65,5719,-61
87,stable,S15,SNPR,-1260.4,1236,-96
87,stable,S16,SNPR,-918.55,1267,13
87,stable,S17,SNPR,-885.0,1234,0
87,stable,S18,SNPR,-1082.5,1268,-50
87,stable,S19,SNPR,-1112.0,1260,-20
87,stable,Z20,ZIP,11595.35,3629,-441
87,stable,Z21,ZIP,12291.95,3645,-317
87,stable,Z22,ZIP,11263.8,3646,-368
87,stable,Z23,ZIP,12771.25,3565,-355
87,stable,Z24,ZIP,10762.05,3757,-323
87,stable,P25,PRSH,1992.3,5124,522
87,stable,P26,PRSH,2764.1,4014,854
87,stable,P27,PRSH,2281.0,1434,560
87,stable,P28,PRSH,1405.3,616,282
87,stable,P29,PRSH,1711.6,832,384
88,stable,G00,GVWY,-11497.15,6375,-387
88,stable,G01,GVWY,-10859.4,6382,-352
88,stable,G02,GVWY,-10137.0,6400,-280
88,stable,G03,GVWY,-9000.1,6430,-178
88,stable,G04,GVWY,-11737.9,6404,-362
88,stable,Z05,ZIC,4555.65,547,257
88,stable,Z06,ZIC,4136.65,565,257
88,stable,Z07,ZIC,3088.75,545,215
88,stable,Z08,ZIC,4200.1,576,258
88,stable,Z09,ZIC,4701.15,575,327
88,stable,S10,SHVR,-6808.0,5534,-180
88,stable,S11,SHVR,-7049.55,5557,-59
88,stable,S12,SHVR,-3960.15,5553,53
88,stable,S13,SHVR,-4947.1,5486,-18
88,stable,S14,SHVR,-5016.0,5530,-20
88,stable,S15,SNPR,-1846.15,1235,-47
88,stable,S16,SNPR,-1057.05,1249,-9
88,stable,S17,SNPR,-1340.25,1215,-5
88,stable,S18,SNPR,-1179.15,1245,13
88,stable,S19,SNPR,-1385.0,1232,0
88,stable,Z20,ZIP,8222.6,3624,-232
88,stable,Z21,ZIP,6120.2,3588,-504
88,stable,Z22,ZIP,8243.5,3594,-390
88,stable,Z23,ZIP,11414.6,3534,28
88,stable,Z24,ZIP,9378.95,3571,-9
88,stable,P25,PRSH,3246.6,266,188
88,stable,P26,PRSH,3930.85,323,253
88,stable,P27,PRSH,3567.9,250,222
88,stable,P28,PRSH,8658.0,1760,600
88,stable,P29,PRSH,3749.35,457,223
89,stable,G00,GVWY,-7843.1,6440,-238
89,stable,G01,GVWY,-6637.3,6430,-74
89,stable,G02,GVWY,-7790.5,6460,-290
89,stable,G03,GVWY,-8726.05,6407,-29
89,stable,G04,GVWY,-8778.15,6395,-327
89,stable,Z05,ZIC,874.9,530,282
89,stable,Z06,ZIC,989.65,541,297
89,stable,Z07,ZIC,649.05,557,309
89,stable,Z08,ZIC,601.35,507,283
89,stable,Z09,ZIC,825.1,520,238
89,stable,S10,SHVR,-4856.45,5599,-201
89,stable,S11,SHVR,-5281.2,5612,4
89,stable,S12,SHVR,-3931.05,5607,-169
89,stable,S13,SHVR,-5809.5,5584,-170
89,stable,S14,SHVR,-5821.2,5592,-336
89,stable,S15,SNPR,-1371.55,1265,-59
89,stable,S16,SNPR,-858.15,1257,53
89,stable,S17,SNPR,-1028.15,1241,-27
89,stable,S18,SNPR,-929.6,1260,32
89,stable,S19,SNPR,-642.95,1261,-71
89,stable,Z20,ZIP,11189.6,3620,-152
89,stable,Z21,ZIP,12834.5,3636,-390
89,stable,Z22,ZIP,12382.1,3546,-262
89,stable,Z23,ZIP,12704.0,3502,-180
89,stable,Z24,ZIP,14443.95,3577,-569
89,stable,P25,PRSH,-140.95,4791,709
89,stable,P26,PRSH,762.75,289,255
89,stable,P27,PRSH,665.55,259,199
89,stable,P28,PRSH,1021.3,1002,494
89,stable,P29,PRSH,1264.25,601,265
90,stable,G00,GVWY,-9594.4,6438,-356
90,stable,G01,GVWY,-8150.6,6380,-464
90,stable,G02,GVWY,-8050.6,6358,-494
90,stable,G03,GVWY,-8558.7,6381,-443
90,stable,G04,GVWY,-9179.5,6425,-425
90,stable,Z05,ZIC,2130.2,522,298
90,stable,Z06,ZIC,1905.6,526,244
90,stable,Z07,ZIC,1877.6,558,224
90,stable,Z08,ZIC,2059.6,530,254
90,stable,Z09,ZIC,1854.4,506,226
90,stable,S10,SHVR,-5164.6,5640,-304
90,stable,S11,SHVR,-6078.0,5562,-220
90,stable,S12,SHVR,-4256.5,5617,-55
90,stable,S13,SHVR,-6370.9,5647,-61
90,stable,S14,SHVR,-4952.8,5562,-112
90,stable,S15,SNPR,-1741.1,1247,-39
90,stable,S16,SNPR,-1451.3,1245,-67
90,stable,S17,SNPR,-1300.0,1232,-90
90,stable,S18,SNPR,-888.9,1245,-61
90,stable,S19,SNPR,-816.7,1237,-33
90,stable,Z20,ZIP,9044.1,3577,-81
90,stable,Z21,ZIP,8892.7,3593,-327
90,stable,Z22,ZIP,10184.2,3560,-272
90,stable,Z23,ZIP,9040.1,3617,-241
90,stable,Z24,ZIP,10071.8,3528,-8
90,stable,P25,PRSH,3793.0,4314,510
90,stable,P26,PRSH,3884.7,1453,533
90,stable,P27,PRSH,7026.3,2105,1017
90,stable,P28,PRSH,3677.3,713,517
90,stable,P29,PRSH,1670.9,543,231
91,stable,G00,GVWY,-6650.9,6413,-269
91,stable,G01,GVWY,-6647.4,6422,-54
91,stable,G02,GVWY,-8265.9,6387,-189
91,stable,G03,GVWY,-5619.4,6414,-214
91,stable,G04,GVWY,-7430.1,6361,-261
91,stable,Z05,ZIC,38.3,523,253
91,stable,Z06,ZIC,242.1,537,241
91,stable,Z07,ZIC,-115.2,560,348
91,stable,Z08,ZIC,106.7,595,277
91,stable,Z09,ZIC,544.3,541,263
91,stable,S10,SHVR,-5755.6,5568,14
91,stable,S11,SHVR,-4243.8,5560,-218
91,stable,S12,SHVR,-5497.6,5550,34
91,stable,S13,SHVR,-5490.7,5523,-27
91,stable,S14,SHVR,-4150.2,5574,-152
91,stable,S15,SNPR,-1002.7,1251,-67
91,stable,S16,SNPR,-1072.4,1248,-84
91,stable,S17,SNPR,-1263.0,1220,-30
91,stable,S18,SNPR,-1607.2,1214,-32
91,stable,S19,SNPR,-805.8,1248,-18
91,stable,Z20,ZIP,12342.0,3444,-210
91,stable,Z21,ZIP,14887.2,3456,-318
91,stable,Z22,ZIP,11803.4,3496,-186
91,stable,Z23,ZIP,11897.7,3571,-253
91,stable,Z24,ZIP,14315.1,3575,-309
91,stable,P25,PRSH,132.7,791,427
91,stable,P26,PRSH,230.0,310,210
91,stable,P27,PRSH,337.5,233,195
91,stable,P28,PRSH,-22.1,625,369
91,stable,P29,PRSH,94.6,238,206
92,stable,G00,GVWY,-8732.9,6374,-294
92,stable,G01,GVWY,-7810.05,6361,-263
92,stable,G02,GVWY,-8594.85,6465,-311
92,stable,G03,GVWY,-9605.75,6401,-285
92,stable,G04,GVWY,-8252.4,6408,-344
92,stable,Z05,ZIC,2200.3,586,238
92,stable,Z06,ZIC,1734.0,540,280
92,stable,Z07,ZIC,1567.65,559,279
92,stable,Z08,ZIC,1788.2,512,232
92,stable,Z09,ZIC,2129.9,594,314
92,stable,S10,SHVR,-5616.0,5604,-20
92,stable,S11,SHVR,-4482.85,5591,-91
92,stable,S12,SHVR,-6593.15,5557,-229
92,stable,S13,SHVR,-4809.75,5623,-25
92,stable,S14,SHVR,-5069.65,5577,101
92,stable,S15,SNPR,-691.9,1228,-54
92,stable,S16,SNPR,-1079.25,1257,-115
92,stable,S17,SNPR,-1583.1,1260,-86
92,stable,S18,SNPR,-1243.8,1236,32
92,stable,S19,SNPR,-898.75,1255,-25
92,stable,Z20,ZIP,9404.6,3650,-504
92,stable,Z21,ZIP,10143.65,3541,-81
92,stable,Z22,ZIP,10582.15,3621,-551
92,stable,Z23,ZIP,11218.95,3601,-543
92,stable,Z24,ZIP,9713.0,3490,-60
92,stable,P25,PRSH,2639.95,1947,457
92,stable,P26,PRSH,3992.4,1192,604
92,stable,P27,PRSH,3703.35,1137,521
92,stable,P28,PRSH,2611.25,655,335
92,stable,P29,PRSH,2205.6,778,416
93,stable,G00,GVWY,-5782.5,6409,-345
93,stable,G01,GVWY,-7524.0,6392,-200
93,stable,G02,GVWY,-5260.4,6370,-412
93,stable,G03,GVWY,-3924.7,6403,-531
93,stable,G04,GVWY,-7239.6,6426,-208
93,stable,Z05,ZIC,-288.5,507,245
93,stable,Z06,ZIC,-328.6,554,262
93,stable,Z07,ZIC,-700.2,482,234
93,stable,Z08,ZIC,-556.5,513,245
93,stable,Z09,ZIC,-588.5,535,285
93,stable,S10,SHVR,-4514.3,5539,-59
93,stable,S11,SHVR,-5867.8,5516,46
93,stable,S12,SHVR,-5008.8,5546,26
93,stable,S13,SHVR,-4684.2,5532,-66
93,stable,S14,SHVR,-4389.6,5480,92
93,stable,S15,SNPR,-418.5,1209,-15
93,stable,S16,SNPR,-1139.6,1236,-68
93,stable,S17,SNPR,-884.1,1235,-13
93,stable,S18,SNPR,-829.8,1242,-14
93,stable,S19,SNPR,-486.7,1253,-71
93,stable,Z20,ZIP,12185.4,3594,-218
93,stable,Z21,ZIP,13871.4,3606,-408
93,stable,Z22,ZIP,11609.5,3531,-65
93,stable,Z23,ZIP,14849.6,3684,-432
93,stable,Z24,ZIP,12928.0,3526,-210
93,stable,P25,PRSH,-1808.4,1802,818
93,stable,P26,PRSH,-323.8,234,186
93,stable,P27,PRSH,-81.3,205,141
93,stable,P28,PRSH,-264.5,621,285
93,stable,P29,PRSH,-1191.1,847,407
94,stable,G00,GVWY,-7475.65,6353,-279
94,stable,G01,GVWY,-7938.75,6421,-325
94,stable,G02,GVWY,-7199.15,6377,-9
94,stable,G03,GVWY,-8285.5,6416,-410
94,stable,G04,GVWY,-8286.85,6393,-171
94,stable,Z05,ZIC,1026.95,491,237
94,stable,Z06,ZIC,1665.6,536,296
94,stable,Z07,ZIC,1614.05,591,263
94,stable,Z08,ZIC,1121.55,517,233
94,stable,Z09,ZIC,1362.25,565,215
94,stable,S10,SHVR,-5722.7,5616,-42
94,stable,S11,SHVR,-5048.0,5572,40
94,stable,S12,SHVR,-4649.1,5644,-26
94,stable,S13,SHVR,-5624.8,5562,-28
94,stable,S14,SHVR,-5244.45,5533,-167
94,stable,S15,SNPR,-1300.9,1270,-34
94,stable,S16,SNPR,-753.15,1273,-9
94,stable,S17,SNPR,-1090.2,1252,-32
94,stable,S18,SNPR,-549.1,1246,-46
94,stable,S19,SNPR,-864.75,1261,-45
94,stable,Z20,ZIP,11095.05,3659,-577
94,stable,Z21,ZIP,10080.4,3620,-176
94,stable,Z22,ZIP,9576.3,3620,-202
94,stable,Z23,ZIP,8881.95,3607,-223
94,stable,Z24,ZIP,11228.8,3760,-1012
94,stable,P25,PRSH,2422.2,874,412
94,stable,P26,PRSH,2589.45,3313,627
94,stable,P27,PRSH,5245.45,2149,847
94,stable,P28,PRSH,1198.4,256,204
94,stable,P29,PRSH,1495.5,618,330
95,stable,G00,GVWY,-5097.25,6361,-271
95,stable,G01,GVWY,-6229.25,6357,-339
95,stable,G02,GVWY,-6640.75,6377,-213
95,stable,G03,GVWY,-6616.5,6362,-190
95,stable,G04,GVWY,-6568.5,6404,-74
95,stable,Z05,ZIC,-187.0,562,312
95,stable,Z06,ZIC,-910.0,584,348
95,stable,Z07,ZIC,-665.25,559,285
95,stable,Z08,ZIC,-602.75,601,315
95,stable,Z09,ZIC,-503.25,599,301
95,stable,S10,SHVR,-5419.5,5530,-2
95,stable,S11,SHVR,-6952.25,5557,37
95,stable,S12,SHVR,-7102.0,5582,-20
95,stable,S13,SHVR,-6467.0,5516,40
95,stable,S14,SHVR,-4307.5,5464,-162
95,stable,S15,SNPR,-585.5,1238,-2
95,stable,S16,SNPR,-1018.5,1264,-14
95,stable,S17,SNPR,-1005.25,1237,-79
95,stable,S18,SNPR,-1447.5,1240,-14
95,stable,S19,SNPR,-1343.0,1254,-108
95,stable,Z20,ZIP,15203.0,3694,-340
95,stable,Z21,ZIP,21048.0,3664,-968
95,stable,Z22,ZIP,11494.0,3546,-180
95,stable,Z23,ZIP,12617.75,3519,-35
95,stable,Z24,ZIP,11861.0,3518,-164
95,stable,P25,PRSH,-564.0,1078,468
95,stable,P26,PRSH,-379.25,361,241
95,stable,P27,PRSH,-222.75,421,391
95,stable,P28,PRSH,-40.5,252,202
95,stable,P29,PRSH,-477.5,232,194
96,stable,G00,GVWY,-7963.5,6463,-191
96,stable,G01,GVWY,-7819.5,6455,-129
96,stable,G02,GVWY,-7886.0,6422,-422
96,stable,G03,GVWY,-7636.0,6410,-168
96,stable,G04,GVWY,-7041.5,6445,-423
96,stable,Z05,ZIC,590.0,530,228
96,stable,Z06,ZIC,697.0,526,244
96,stable,Z07,ZIC,815.0,526,300
96,stable,Z08,ZIC,1031.5,527,285
96,stable,Z09,ZIC,952.5,521,217
96,stable,S10,SHVR,-4447.0,5586,-18
96,stable,S11,SHVR,-4635.5,5575,-263
96,stable,S12,SHVR,-5094.5,5515,-225
96,stable,S13,SHVR,-5059.0,5600,-252
96,stable,S14,SHVR,-3551.0,5572,-66
96,stable,S15,SNPR,-1079.0,1252,-32
96,stable,S16,SNPR,-1228.0,1250,32
96,stable,S17,SNPR,-1430.5,1261,-19
96,stable,S18,SNPR,-1118.5,1245,-87
96,stable,S19,SNPR,-748.5,1259,-17
96,stable,Z20,ZIP,10234.0,3480,8
96,stable,Z21,ZIP,12695.0,3528,-436
96,stable,Z22,ZIP,10363.5,3505,-43
96,stable,Z23,ZIP,11107.5,3453,-219
96,stable,Z24,ZIP,13567.5,3633,-465
96,stable,P25,PRSH,917.0,648,294
96,stable,P26,PRSH,842.0,282,206
96,stable,P27,PRSH,1119.5,3223,901
96,stable,P28,PRSH,1482.5,1015,429
96,stable,P29,PRSH,874.0,276,224
97,stable,G00,GVWY,-8364.45,6357,-273
97,stable,G01,GVWY,-7337.4,6406,-376
97,stable,G02,GVWY,-7464.55,6413,-447
97,stable,G03,GVWY,-7966.15,6367,-331
97,stable,G04,GVWY,-7033.75,6413,-235
97,stable,Z05,ZIC,1513.9,566,206
97,stable,Z06,ZIC,1114.2,592,348
97,stable,Z07,ZIC,991.5,522,230
97,stable,Z08,ZIC,919.45,551,273
97,stable,Z09,ZIC,377.5,626,290
97,stable,S10,SHVR,-5590.3,5546,-102
97,stable,S11,SHVR,-5238.05,5503,-197
97,stable,S12,SHVR,-3739.0,5534,-180
97,stable,S13,SHVR,-4099.65,5571,-101
97,stable,S14,SHVR,-5144.6,5586,-64
97,stable,S15,SNPR,-1058.15,1223,-11
97,stable,S16,SNPR,-846.2,1236,-88
97,stable,S17,SNPR,-1051.3,1234,18
97,stable,S18,SNPR,-694.4,1212,-16
97,stable,S19,SNPR,-1013.2,1220,12
97,stable,Z20,ZIP,12855.05,3519,-463
97,stable,Z21,ZIP,11411.5,3574,-130
97,stable,Z22,ZIP,10030.3,3412,-98
97,stable,Z23,ZIP,9829.2,3466,-152
97,stable,Z24,ZIP,12065.35,3491,-161
97,stable,P25,PRSH,2552.0,2734,860
97,stable,P26,PRSH,756.15,235,171
97,stable,P27,PRSH,1021.4,394,356
97,stable,P28,PRSH,729.35,257,219
97,stable,P29,PRSH,1095.35,385,339
98,stable,G00,GVWY,-13259.0,6381,-435
98,stable,G01,GVWY,-12453.0,6357,-241
98,stable,G02,GVWY,-11049.0,6411,-255
98,stable,G03,GVWY,-10075.0,6382,-174
98,stable,G04,GVWY,-10043.0,6353,-179
98,stable,Z05,ZIC,5416.0,559,307
98,stable,Z06,ZIC,5897.0,610,310
98,stable,Z07,ZIC,5498.0,551,275
98,stable,Z08,ZIC,5548.0,541,303
98,stable,Z09,ZIC,4677.0,614,258
98,stable,S10,SHVR,-7357.0,5555,-63
98,stable,S11,SHVR,-6677.0,5506,-172
98,stable,S12,SHVR,-7421.0,5565,-143
98,stable,S13,SHVR,-5610.0,5632,84
98,stable,S14,SHVR,-4997.0,5590,8
98,stable,S15,SNPR,-2020.0,1261,-75
98,stable,S16,SNPR,-1416.0,1241,-17
98,stable,S17,SNPR,-1801.0,1224,-88
98,stable,S18,SNPR,-2592.0,1240,-78
98,stable,S19,SNPR,-2474.0,1229,-93
98,stable,Z20,ZIP,9421.0,3566,-108
98,stable,Z21,ZIP,6505.0,3493,-389
98,stable,Z22,ZIP,9371.0,3515,-215
98,stable,Z23,ZIP,8278.0,3462,-284
98,stable,Z24,ZIP,11007.0,3492,-10
98,stable,P25,PRSH,5291.0,501,263
98,stable,P26,PRSH,7576.0,875,413
98,stable,P27,PRSH,4106.0,268,196
98,stable,P28,PRSH,6231.0,656,316
98,stable,P29,PRSH,4381.0,276,228
99,stable,G00,GVWY,-8583.8,6438,-124
99,stable,G01,GVWY,-6784.1,6438,-338
99,stable,G02,GVWY,-8230.1,6398,-458
99,stable,G03,GVWY,-8985.25,6465,-365
99,stable,G04,GVWY,-7746.35,6423,-543
99,stable,Z05,ZIC,1286.35,595,263
99,stable,Z06,ZIC,1004.4,520,312
99,stable,Z07,ZIC,1393.1,550,258
99,stable,Z08,ZIC,1417.55,553,339
99,stable,Z09,ZIC,1508.25,535,245
99,stable,S10,SHVR,-5401.85,5661,-73
99,stable,S11,SHVR,-5784.45,5567,-141
99,stable,S12,SHVR,-4464.55,5607,41
99,stable,S13,SHVR,-5365.15,5555,73
99,stable,S14,SHVR,-5178.9,5628,-202
99,stable,S15,SNPR,-987.3,1246,-14
99,stable,S16,SNPR,-722.0,1252,0
99,stable,S17,SNPR,-1178.25,1243,-25
99,stable,S18,SNPR,-1019.3,1244,-54
99,stable,S19,SNPR,-661.65,1247,23
99,stable,Z20,ZIP,10135.25,3585,-155
99,stable,Z21,ZIP,10666.95,3615,-289
99,stable,Z22,ZIP,12312.5,3582,-430
99,stable,Z23,ZIP,12774.3,3624,-526
99,stable,Z24,ZIP,10134.85,3507,-67
99,stable,P25,PRSH,1128.25,669,285
99,stable,P26,PRSH,1135.4,228,192
99,stable,P27,PRSH,1424.55,867,459
99,stable,P28,PRSH,1971.55,843,439
99,stable,P29,PRSH,3457.75,3651,835
100,stable,G00,GVWY,-6241.0,6446,-332
100,stable,G01,GVWY,-6814.5,6440,-338
100,stable,G02,GVWY,-6674.0,6418,-268
100,stable,G03,GVWY,-6825.5,6466,-298
100,stable,G04,GVWY,-6677.0,6380,-396
100,stable,Z05,ZIC,466.25,543,285
100,stable,Z06,ZIC,789.25,543,233
100,stable,Z07,ZIC,794.5,532,222
100,stable,Z08,ZIC,707.0,504,208
100,stable,Z09,ZIC,772.0,568,228
100,stable,S10,SHVR,-4976.5,5652,-230
100,stable,S11,SHVR,-3863.25,5621,-33
100,stable,S12,SHVR,-5006.25,5563,-141
100,stable,S13,SHVR,-5165.0,5632,-48
100,stable,S14,SHVR,-4872.75,5617,-191
100,stable,S15,SNPR,-1497.0,1250,24
100,stable,S16,SNPR,-983.0,1236,-12
100,stable,S17,SNPR,-731.75,1249,-3
100,stable,S18,SNPR,-687.5,1248,2
100,stable,S19,SNPR,-912.0,1258,-52
100,stable,Z20,ZIP,15142.75,3729,-813
100,stable,Z21,ZIP,10538.5,3442,-126
100,stable,Z22,ZIP,10964.5,3562,-122
100,stable,Z23,ZIP,9497.5,3618,-218
100,stable,Z24,ZIP,9878.5,3576,-70
100,stable,P25,PRSH,1032.75,3669,671
100,stable,P26,PRSH,55.75,2029,711
100,stable,P27,PRSH,440.75,223,179
100,stable,P28,PRSH,453.25,991,461
100,stable,P29,PRSH,842.0,822,352
101,stable,G00,GVWY,-9681.1,6382,-282
101,stable,G01,GVWY,-8951.75,6343,-235
101,stable,G02,GVWY,-10569.8,6414,-356
101,stable,G03,GVWY,-8728.4,6438,-288
101,stable,G04,GVWY,-8674.55,6395,-251
101,stable,Z05,ZIC,3019.15,555,303
101,stable,Z06,ZIC,3105.1,548,282
101,stable,Z07,ZIC,3302.8,574,296
101,stable,Z08,ZIC,3073.65,563,333
101,stable,Z09,ZIC,2681.15,517,243
101,stable,S10,SHVR,-6787.4,5548,-128
101,stable,S11,SHVR,-4325.15,5579,117
101,stable,S12,SHVR,-5297.8,5588,64
101,stable,S13,SHVR,-5247.35,5579,93
101,stable,S14,SHVR,-6984.35,5535,-227
101,stable,S15,SNPR,-1415.0,1244,-40
101,stable,S16,SNPR,-1309.1,1234,-42
101,stable,S17,SNPR,-1031.7,1242,6
101,stable,S18,SNPR,-1989.9,1264,-78
101,stable,S19,SNPR,-1879.9,1252,-98
101,stable,Z20,ZIP,9441.4,3572,-212
101,stable,Z21,ZIP,6022.9,3718,-1002
101,stable,Z22,ZIP,8414.5,3582,-250
101,stable,Z23,ZIP,11450.5,3502,-190
101,stable,Z24,ZIP,8648.6,3554,-268
101,stable,P25,PRSH,2487.0,260,180
101,stable,P26,PRSH,2635.15,447,223
101,stable,P27,PRSH,5535.65,1141,513
101,stable,P28,PRSH,5414.2,978,464
101,stable,P29,PRSH,7815.55,1789,731
102,stable,G00,GVWY,-8454.45,6399,-257
102,stable,G01,GVWY,-7117.15,6385,61
102,stable,G02,GVWY,-8776.6,6414,-136
102,stable,G03,GVWY,-8574.15,6297,-79
102,stable,G04,GVWY,-9267.5,6306,-310
102,stable,Z05,ZIC,2722.75,551,275
102,stable,Z06,ZIC,2962.7,516,242
102,stable,Z07,ZIC,3000.35,537,271
102,stable,Z08,ZIC,2989.9,566,294
102,stable,Z09,ZIC,3045.75,563,275
102,stable,S10,SHVR,-6079.75,5495,-155
102,stable,S11,SHVR,-5166.15,5513,-39
102,stable,S12,SHVR,-5091.6,5482,-36
102,stable,S13,SHVR,-7047.95,5463,-227
102,stable,S14,SHVR,-5262.15,5479,81
102,stable,S15,SNPR,-1174.0,1208,-20
102,stable,S16,SNPR,-1690.4,1252,-44
102,stable,S17,SNPR,-1495.95,1249,33
102,stable,S18,SNPR,-1096.05,1229,-13
102,stable,S19,SNPR,-1529.45,1207,-77
102,stable,Z20,ZIP,12087.8,3402,-52
102,stable,Z21,ZIP,7204.45,3647,-903
102,stable,Z22,ZIP,9165.2,3550,-168
102,stable,Z23,ZIP,9147.75,3369,-125
102,stable,Z24,ZIP,9202.15,3539,-401
102,stable,P25,PRSH,2462.05,253,213
102,stable,P26,PRSH,2772.05,315,233
102,stable,P27,PRSH,5429.95,535,447
102,stable,P28,PRSH,3117.9,308,274
102,stable,P29,PRSH,2698.1,310,246
103,stable,G00,GVWY,-11445.7,6402,-386
103,stable,G01,GVWY,-10457.35,6445,-353
103,stable,G02,GVWY,-10441.25,6417,-395
103,stable,G03,GVWY,-10808.4,6404,-252
103,stable,G04,GVWY,-10234.3,6358,-534
103,stable,Z05,ZIC,3633.75,513,285
103,stable,Z06,ZIC,2628.4,516,192
103,stable,Z07,ZIC,3216.4,526,312
103,stable,Z08,ZIC,2675.9,560,262
103,stable,Z09,ZIC,2407.95,537,241
103,stable,S10,SHVR,-6256.35,5605,47
103,stable,S11,SHVR,-4656.75,5555,-45
103,stable,S12,SHVR,-5488.05,5607,-39
103,stable,S13,SHVR,-5944.25,5561,-75
103,stable,S14,SHVR,-7542.3,5618,-174
103,stable,S15,SNPR,-324.9,1256,58
103,stable,S16,SNPR,-1606.75,1255,-85
103,stable,S17,SNPR,-1254.85,1267,-3
103,stable,S18,SNPR,-1172.9,1278,-2
103,stable,S19,SNPR,-683.95,1269,-1
103,stable,Z20,ZIP,6289.45,3681,-949
103,stable,Z21,ZIP,10627.05,3485,-161
103,stable,Z22,ZIP,11139.1,3682,-62
103,stable,Z23,ZIP,10020.65,3615,-213
103,stable,Z24,ZIP,10773.6,3620,8
103,stable,P25,PRSH,5394.15,4159,457
103,stable,P26,PRSH,4687.0,800,380
103,stable,P27,PRSH,2466.05,277,199
103,stable,P28,PRSH,3768.15,659,317
103,stable,P29,PRSH,8594.7,3020,846
104,stable,G00,GVWY,-11336.4,6402,-326
104,stable,G01,GVWY,-12714.6,6436,-334
104,stable,G02,GVWY,-11638.4,6421,-331
104,stable,G03,GVWY,-11943.4,6422,-326
104,stable,G04,GVWY,-11241.0,6434,-280
104,stable,Z05,ZIC,3802.0,484,240
104,stable,Z06,ZIC,4126.4,563,281
104,stable,Z07,ZIC,3651.2,575,263
104,stable,Z08,ZIC,3343.0,550,200
104,stable,Z09,ZIC,4343.6,551,289
104,stable,S10,SHVR,-8157.0,5614,-260
104,stable,S11,SHVR,-5592.6,5636,-74
104,stable,S12,SHVR,-5851.6,5636,-4
104,stable,S13,SHVR,-4388.0,5675,-75
104,stable,S14,SHVR,-7492.8,5646,-232
104,stable,S15,SNPR,-2057.8,1248,-62
104,stable,S16,SNPR,-843.0,1248,-20
104,stable,S17,SNPR,-352.8,1222,18
104,stable,S18,SNPR,-1522.8,1239,-27
104,stable,S19,SNPR,-1505.0,1275,-55
104,stable,Z20,ZIP,8497.6,3464,-106
104,stable,Z21,ZIP,7482.6,3594,-356
104,stable,Z22,ZIP,5677.6,3777,-691
104,stable,Z23,ZIP,6491.4,3600,-404
104,stable,Z24,ZIP,6869.6,3551,-261
104,stable,P25,PRSH,5458.2,4432,398
104,stable,P26,PRSH,13307.6,2630,854
104,stable,P27,PRSH,10108.4,2664,686
104,stable,P28,PRSH,4152.0,303,245
104,stable,P29,PRSH,9329.6,1495,659
105,stable,G00,GVWY,-9071.25,6401,-379
105,stable,G01,GVWY,-9330.25,6375,-379
105,stable,G02,GVWY,-10589.0,6392,-496
105,stable,G03,GVWY,-9366.75,6431,-417
105,stable,G04,GVWY,-10541.0,6450,-324
105,stable,Z05,ZIC,2593.75,567,249
105,stable,Z06,ZIC,2447.75,513,265
105,stable,Z07,ZIC,2595.75,549,233
105,stable,Z08,ZIC,2351.0,526,220
105,stable,Z09,ZIC,2384.5,538,258
105,stable,S10,SHVR,-5526.5,5546,-70
105,stable,S11,SHVR,-4943.25,5603,-27
105,stable,S12,SHVR,-5389.25,5557,1
105,stable,S13,SHVR,-3943.0,5514,40
105,stable,S14,SHVR,-5749.5,5562,-234
105,stable,S15,SNPR,-1673.0,1226,-84
105,stable,S16,SNPR,-616.0,1212,-4
105,stable,S17,SNPR,-1230.0,1238,-40
105,stable,S18,SNPR,-1694.0,1228,-72
105,stable,S19,SNPR,-1476.25,1241,-59
105,stable,Z20,ZIP,8499.25,3591,-289
105,stable,Z21,ZIP,10814.5,3648,-154
105,stable,Z22,ZIP,9020.75,3497,-131
105,stable,Z23,ZIP,9194.25,3515,7
105,stable,Z24,ZIP,10458.0,3566,-496
105,stable,P25,PRSH,4654.5,1050,510
105,stable,P26,PRSH,3962.75,861,409
105,stable,P27,PRSH,7418.25,2441,827
105,stable,P28,PRSH,3079.5,710,330
105,stable,P29,PRSH,1920.75,239,189
106,stable,G00,GVWY,-7909.6,6416,-104
106,stable,G01,GVWY,-7174.6,6460,-74
106,stable,G02,GVWY,-7502.2,6386,-178
106,stable,G03,GVWY,-6935.8,6449,-297
106,stable,G04,GVWY,-7198.8,6402,-242
106,stable,Z05,ZIC,110.8,569,237
106,stable,Z06,ZIC,859.8,568,282
106,stable,Z07,ZIC,548.2,556,308
106,stable,Z08,ZIC,496.4,554,256
106,stable,Z09,ZIC,779.4,628,306
106,stable,S10,SHVR,-5875.4,5565,119
106,stable,S11,SHVR,-4278.4,5613,-331
106,stable,S12,SHVR,-6314.6,5601,101
106,stable,S13,SHVR,-5403.8,5579,-77
106,stable,S14,SHVR,-5001.0,5552,10
106,stable,S15,SNPR,-1021.6,1253,41
106,stable,S16,SNPR,-872.2,1256,-128
106,stable,S17,SNPR,-1505.2,1254,2
106,stable,S18,SNPR,-1055.0,1255,-5
106,stable,S19,SNPR,-1061.8,1239,3
106,stable,Z20,ZIP,11237.2,3440,-162
106,stable,Z21,ZIP,10619.8,3511,-113
106,stable,Z22,ZIP,14579.0,3604,-980
106,stable,Z23,ZIP,11907.2,3533,-287
106,stable,Z24,ZIP,14172.0,3538,-480
106,stable,P25,PRSH,367.8,287,227
106,stable,P26,PRSH,2036.4,2863,611
106,stable,P27,PRSH,807.6,268,204
106,stable,P28,PRSH,1194.0,866,400
106,stable,P29,PRSH,617.2,443,283
107,stable,G00,GVWY,-8874.6,6432,-192
107,stable,G01,GVWY,-8107.8,6424,-236
107,stable,G02,GVWY,-7494.4,6467,-403
107,stable,G03,GVWY,-8520.8,6487,-251
107,stable,G04,GVWY,-8262.0,6504,-190
107,stable,Z05,ZIC,1164.8,492,226
107,stable,Z06,ZIC,1385.4,572,298
107,stable,Z07,ZIC,1080.6,591,297
107,stable,Z08,ZIC,1048.8,527,271
107,stable,Z09,ZIC,1009.0,565,265
107,stable,S10,SHVR,-5405.4,5647,-293
107,stable,S11,SHVR,-4054.2,5635,-59
107,stable,S12,SHVR,-6350.0,5637,-5
107,stable,S13,SHVR,-5682.0,5591,95
107,stable,S14,SHVR,-5904.6,5574,58
107,stable,S15,SNPR,-981.4,1253,-33
107,stable,S16,SNPR,-1234.0,1240,-50
107,stable,S17,SNPR,-680.0,1255,-35
107,stable,S18,SNPR,-1392.6,1251,-67
107,stable,S19,SNPR,-682.6,1261,-57
107,stable,Z20,ZIP,10803.0,3568,-270
107,stable,Z21,ZIP,12527.2,3601,-551
107,stable,Z22,ZIP,11202.0,3631,-435
107,stable,Z23,ZIP,11963.6,3508,-368
107,stable,Z24,ZIP,11673.2,3556,-596
107,stable,P25,PRSH,3995.0,2688,920
107,stable,P26,PRSH,1373.6,415,247
107,stable,P27,PRSH,1574.8,736,376
107,stable,P28,PRSH,1058.2,246,204
107,stable,P29,PRSH,2527.8,2281,771
108,stable,G00,GVWY,-8686.8,6398,-292
108,stable,G01,GVWY,-10310.45,6375,-313
108,stable,G02,GVWY,-8463.2,6376,-348
108,stable,G03,GVWY,-9470.9,6414,-386
108,stable,G04,GVWY,-9261.55,6353,-307
108,stable,Z05,ZIC,2257.1,544,274
108,stable,Z06,ZIC,2240.55,557,287
108,stable,Z07,ZIC,2225.05,499,277
108,stable,Z08,ZIC,2199.95,521,243
108,stable,Z09,ZIC,1651.5,488,230
108,stable,S10,SHVR,-5827.15,5531,89
108,stable,S11,SHVR,-5482.05,5449,-117
108,stable,S12,SHVR,-5665.6,5476,36
108,stable,S13,SHVR,-5976.4,5584,-76
108,stable,S14,SHVR,-4471.75,5431,5
108,stable,S15,SNPR,-1797.6,1262,-104
108,stable,S16,SNPR,-872.5,1220,-90
108,stable,S17,SNPR,-1014.8,1236,-152
108,stable,S18,SNPR,-2150.7,1212,-38
108,stable,S19,SNPR,-1110.6,1248,36
108,stable,Z20,ZIP,11681.9,3654,-254
108,stable,Z21,ZIP,12281.85,3545,-71
108,stable,Z22,ZIP,11116.8,3662,-168
108,stable,Z23,ZIP,9672.35,3549,-281
108,stable,Z24,ZIP,12228.45,3519,-227
108,stable,P25,PRSH,2920.85,681,329
108,stable,P26,PRSH,3751.15,875,491
108,stable,P27,PRSH,2591.95,343,283
108,stable,P28,PRSH,1969.0,284,220
108,stable,P29,PRSH,2541.8,646,372
109,stable,G00,GVWY,-7749.2,6434,-414
109,stable,G01,GVWY,-8556.4,6404,-98
109,stable,G02,GVWY,-7429.6,6429,-67
109,stable,G03,GVWY,-6317.2,6402,-134
109,stable,G04,GVWY,-9313.6,6350,-252
109,stable,Z05,ZIC,1200.8,522,306
109,stable,Z06,ZIC,977.6,553,307
109,stable,Z07,ZIC,1356.8,576,336
109,stable,Z08,ZIC,1458.4,592,308
109,stable,Z09,ZIC,1104.8,541,261
109,stable,S10,SHVR,-4928.2,5593,-49
109,stable,S11,SHVR,-5502.2,5603,-69
109,stable,S12,SHVR,-7086.0,5562,-30
109,stable,S13,SHVR,-5160.8,5574,24
109,stable,S14,SHVR,-5743.8,5559,-51
109,stable,S15,SNPR,-1084.0,1210,-10
109,stable,S16,SNPR,-1229.2,1242,36
109,stable,S17,SNPR,-1044.4,1243,-103
109,stable,S18,SNPR,-1412.2,1231,-79
109,stable,S19,SNPR,-1255.8,1227,-41
109,stable,Z20,ZIP,13743.2,3655,-971
109,stable,Z21,ZIP,11951.0,3502,-200
109,stable,Z22,ZIP,11710.0,3558,-210
109,stable,Z23,ZIP,12746.8,3526,-254
109,stable,Z24,ZIP,12080.2,3513,-221
109,stable,P25,PRSH,854.8,250,206
109,stable,P26,PRSH,1235.8,512,296
109,stable,P27,PRSH,789.6,240,202
109,stable,P28,PRSH,2733.0,2869,745
109,stable,P29,PRSH,441.0,223,175
110,stable,G00,GVWY,-6445.0,6378,-260
110,stable,G01,GVWY,-6703.65,6337,-393
110,stable,G02,GVWY,-6110.55,6351,-191
110,stable,G03,GVWY,-4248.0,6330,-480
110,stable,G04,GVWY,-6015.4,6316,-268
110,stable,Z05,ZIC,-138.85,539,263
110,stable,Z06,ZIC,349.2,576,284
110,stable,Z07,ZIC,251.15,563,283
110,stable,Z08,ZIC,-449.85,529,303
110,stable,Z09,ZIC,577.55,517,211
110,stable,S10,SHVR,-5946.15,5399,-83
110,stable,S11,SHVR,-4461.6,5494,-212
110,stable,S12,SHVR,-5745.8,5470,4
110,stable,S13,SHVR,-4952.35,5397,-187
110,stable,S14,SHVR,-5043.7,5452,-174
110,stable,S15,SNPR,-846.15,1211,-23
110,stable,S16,SNPR,-1588.2,1216,-24
110,stable,S17,SNPR,-1135.55,1205,-51
110,stable,S18,SNPR,-1225.45,1207,-49
110,stable,S19,SNPR,-325.35,1205,-27
110,stable,Z20,ZIP,11223.8,3452,-44
110,stable,Z21,ZIP,11487.85,3449,-103
110,stable,Z22,ZIP,14027.55,3583,-249
110,stable,Z23,ZIP,10260.7,3524,-126
110,stable,Z24,ZIP,12324.9,3430,-122
110,stable,P25,PRSH,530.3,722,346
110,stable,P26,PRSH,178.65,689,353
110,stable,P27,PRSH,725.15,923,603
110,stable,P28,PRSH,116.85,195,117
110,stable,P29,PRSH,518.9,242,178
111,stable,G00,GVWY,-7145.25,6415,-405
111,stable,G01,GVWY,-7387.0,6444,-440
111,stable,G02,GVWY,-7940.25,6457,-125
111,stable,G03,GVWY,-8720.7,6456,-226
111,stable,G04,GVWY,-7773.95,6459,-11
111,stable,Z05,ZIC,2251.05,589,309
111,stable,Z06,ZIC,1675.1,526,278
111,stable,Z07,ZIC,2053.2,566,296
111,stable,Z08,ZIC,2078.05,569,309
111,stable,Z09,ZIC,1729.65,559,317
111,stable,S10,SHVR,-5648.6,5726,-48
111,stable,S11,SHVR,-7138.1,5702,-118
111,stable,S12,SHVR,-6173.85,5701,-33
111,stable,S13,SHVR,-6280.2,5662,44
111,stable,S14,SHVR,-6575.95,5713,-51
111,stable,S15,SNPR,-1042.9,1268,-42
111,stable,S16,SNPR,-784.5,1248,30
111,stable,S17,SNPR,-1155.55,1261,1
111,stable,S18,SNPR,-1626.45,1277,-181
111,stable,S19,SNPR,-1724.5,1278,-50
111,stable,Z20,ZIP,12535.2,3602,-164
111,stable,Z21,ZIP,11782.1,3530,-22
111,stable,Z22,ZIP,12874.35,3639,-797
111,stable,Z23,ZIP,11350.6,3496,-272
111,stable,Z24,ZIP,13316.65,3533,-263
111,stable,P25,PRSH,2296.05,619,289
111,stable,P26,PRSH,81.2,4954,456
111,stable,P27,PRSH,1818.7,286,246
111,stable,P28,PRSH,554.55,5207,419
111,stable,P29,PRSH,1650.65,301,217
112,stable,G00,GVWY,-5247.8,6402,-372
112,stable,G01,GVWY,-6235.85,6375,-229
112,stable,G02,GVWY,-5992.9,6368,-206
112,stable,G03,GVWY,-5349.05,6369,-257
112,stable,G04,GVWY,-5532.25,6413,-265
112,stable,Z05,ZIC,-752.05,513,243
112,stable,Z06,ZIC,-742.2,542,252
112,stable,Z07,ZIC,-837.55,563,273
112,stable,Z08,ZIC,-305.05,507,203
112,stable,Z09,ZIC,-1069.75,501,285
112,stable,S10,SHVR,-5156.5,5542,30
112,stable,S11,SHVR,-3574.05,5589,-277
112,stable,S12,SHVR,-4006.8,5616,-212
112,stable,S13,SHVR,-5230.5,5570,-30
112,stable,S14,SHVR,-4214.65,5577,-241
112,stable,S15,SNPR,-588.85,1233,-69
112,stable,S16,SNPR,-472.1,1226,-74
112,stable,S17,SNPR,-1885.45,1245,47
112,stable,S18,SNPR,-774.85,1231,-49
112,stable,S19,SNPR,-1424.45,1253,-13
112,stable,Z20,ZIP,10288.35,3471,-121
112,stable,Z21,ZIP,17358.0,3736,-740
112,stable,Z22,ZIP,10489.95,3535,-37
112,stable,Z23,ZIP,13440.15,3675,-249
112,stable,Z24,ZIP,14424.5,3528,-330
112,stable,P25,PRSH,-89.25,239,155
112,stable,P26,PRSH,-621.6,298,256
112,stable,P27,PRSH,-1505.55,2027,813
112,stable,P28,PRSH,-751.6,380,336
112,stable,P29,PRSH,-2395.85,1993,751
113,stable,G00,GVWY,-8674.35,6381,-539
113,stable,G01,GVWY,-10242.3,6376,-222
113,stable,G02,GVWY,-9101.2,6350,-368
113,stable,G03,GVWY,-11135.25,6433,-285
113,stable,G04,GVWY,-8668.15,6455,-191
113,stable,Z05,ZIC,2266.85,565,309
113,stable,Z06,ZIC,2091.8,596,312
113,stable,Z07,ZIC,2483.75,535,295
113,stable,Z08,ZIC,2411.7,536,238
113,stable,Z09,ZIC,2618.5,572,250
113,stable,S10,SHVR,-4478.25,5597,115
113,stable,S11,SHVR,-4859.2,5546,72
113,stable,S12,SHVR,-5488.35,5503,-39
113,stable,S13,SHVR,-6566.25,5609,-45
113,stable,S14,SHVR,-6102.8,5574,-32
113,stable,S15,SNPR,-933.45,1253,-13
113,stable,S16,SNPR,-1781.8,1246,-12
113,stable,S17,SNPR,-653.95,1217,57
113,stable,S18,SNPR,-1245.55,1219,13
113,stable,S19,SNPR,-1137.0,1232,-20
113,stable,Z20,ZIP,9405.55,3639,-933
113,stable,Z21,ZIP,9471.2,3660,-832
113,stable,Z22,ZIP,10294.3,3586,2
113,stable,Z23,ZIP,11483.6,3502,-296
113,stable,Z24,ZIP,10335.35,3589,-121
113,stable,P25,PRSH,1798.8,228,172
113,stable,P26,PRSH,3280.2,720,368
113,stable,P27,PRSH,5233.4,1342,636
113,stable,P28,PRSH,5871.15,1565,711
113,stable,P29,PRSH,2306.4,606,296
114,stable,G00,GVWY,-11009.6,6442,-472
114,stable,G01,GVWY,-7561.1,6376,-82
114,stable,G02,GVWY,-8832.8,6440,-216
114,stable,G03,GVWY,-8640.85,6471,-147
114,stable,G04,GVWY,-9443.65,6407,-323
114,stable,Z05,ZIC,2327.65,571,323
114,stable,Z06,ZIC,2467.85,551,307
114,stable,Z07,ZIC,2248.8,580,336
114,stable,Z08,ZIC,2319.9,550,278
114,stable,Z09,ZIC,2371.25,551,295
114,stable,S10,SHVR,-6051.75,5609,-145
114,stable,S11,SHVR,-6842.4,5584,-88
114,stable,S12,SHVR,-4994.3,5568,74
114,stable,S13,SHVR,-7576.05,5647,-171
114,stable,S14,SHVR,-6283.95,5547,-229
114,stable,S15,SNPR,-1260.2,1262,-64
114,stable,S16,SNPR,-1293.65,1247,-63
114,stable,S17,SNPR,-524.2,1266,-4
114,stable,S18,SNPR,-1937.1,1262,-102
114,stable,S19,SNPR,-1490.1,1260,58
114,stable,Z20,ZIP,9570.45,3537,-41
114,stable,Z21,ZIP,10609.05,3549,-249
114,stable,Z22,ZIP,8482.5,3694,-930
114,stable,Z23,ZIP,8808.6,3480,-808
114,stable,Z24,ZIP,11628.5,3610,-310
114,stable,P25,PRSH,1641.25,237,195
114,stable,P26,PRSH,3767.55,869,421
114,stable,P27,PRSH,6631.75,1891,785
114,stable,P28,PRSH,6228.25,1589,675
114,stable,P29,PRSH,5395.0,1498,640
115,stable,G00,GVWY,-9071.4,6448,-232
115,stable,G01,GVWY,-8602.4,6448,-422
115,stable,G02,GVWY,-8339.3,6363,-249
115,stable,G03,GVWY,-6758.3,6439,-419
115,stable,G04,GVWY,-8764.8,6412,-554
115,stable,Z05,ZIC,1530.5,549,275
115,stable,Z06,ZIC,1205.8,528,264
115,stable,Z07,ZIC,998.9,531,277
115,stable,Z08,ZIC,941.0,594,250
115,stable,Z09,ZIC,1574.9,545,227
115,stable,S10,SHVR,-5885.4,5600,38
115,stable,S11,SHVR,-5293.0,5570,-90
115,stable,S12,SHVR,-5483.6,5578,-158
115,stable,S13,SHVR,-5366.4,5512,148
115,stable,S14,SHVR,-6236.1,5577,-153
115,stable,S15,SNPR,-1170.4,1246,-82
115,stable,S16,SNPR,-720.4,1258,-2
115,stable,S17,SNPR,-1019.9,1221,13
115,stable,S18,SNPR,-1290.7,1241,-51
115,stable,S19,SNPR,-1149.6,1244,-38
115,stable,Z20,ZIP,11566.2,3524,26
115,stable,Z21,ZIP,11336.6,3514,-332
115,stable,Z22,ZIP,12433.8,3596,-306
115,stable,Z23,ZIP,13281.2,3600,-514
115,stable,Z24,ZIP,10364.7,3517,-49
115,stable,P25,PRSH,2109.9,821,427
115,stable,P26,PRSH,1098.6,222,198
115,stable,P27,PRSH,1250.7,247,201
115,stable,P28,PRSH,2559.2,514,496
115,stable,P29,PRSH,3395.3,2935,709
116,stable,G00,GVWY,-9739.35,6429,-229
116,stable,G01,GVWY,-9350.8,6414,-192
116,stable,G02,GVWY,-10095.45,6467,-463
116,stable,G03,GVWY,-9079.0,6396,-300
116,stable,G04,GVWY,-8356.3,6442,-242
116,stable,Z05,ZIC,1765.65,517,231
116,stable,Z06,ZIC,2263.2,614,268
116,stable,Z07,ZIC,2374.25,509,255
116,stable,Z08,ZIC,2521.7,550,278
116,stable,Z09,ZIC,2365.6,542,224
116,stable,S10,SHVR,-4676.2,5652,-28
116,stable,S11,SHVR,-4074.35,5661,31
116,stable,S12,SHVR,-4648.3,5622,-202
116,stable,S13,SHVR,-5524.15,5629,-201
116,stable,S14,SHVR,-5647.2,5642,-88
116,stable,S15,SNPR,-1583.25,1269,-55
116,stable,S16,SNPR,-1821.85,1265,-99
116,stable,S17,SNPR,-532.55,1259,-37
116,stable,S18,SNPR,-996.15,1239,-41
116,stable,S19,SNPR,-1387.85,1269,-59
116,stable,Z20,ZIP,9678.05,3641,-293
116,stable,Z21,ZIP,8143.3,3542,-198
116,stable,Z22,ZIP,9442.0,3642,-320
116,stable,Z23,ZIP,8428.0,3594,-620
116,stable,Z24,ZIP,8607.05,3489,-273
116,stable,P25,PRSH,3097.4,772,356
116,stable,P26,PRSH,5838.9,3236,626
116,stable,P27,PRSH,5375.35,1563,609
116,stable,P28,PRSH,6726.4,3514,816
116,stable,P29,PRSH,1759.5,260,210
117,stable,G00,GVWY,-6358.8,6447,-59
117,stable,G01,GVWY,-9096.2,6389,-191
117,stable,G02,GVWY,-8236.8,6410,-174
117,stable,G03,GVWY,-8573.4,6421,-117
117,stable,G04,GVWY,-7002.2,6427,-141
117,stable,Z05,ZIC,2210.6,570,298
117,stable,Z06,ZIC,1792.6,529,263
117,stable,Z07,ZIC,1304.6,507,303
117,stable,Z08,ZIC,2021.4,545,317
117,stable,Z09,ZIC,1782.0,555,295
117,stable,S10,SHVR,-7058.8,5576,-14
117,stable,S11,SHVR,-5480.8,5522,136
117,stable,S12,SHVR,-5453.4,5548,-22
117,stable,S13,SHVR,-7081.0,5600,-90
117,stable,S14,SHVR,-6626.6,5591,197
117,stable,S15,SNPR,-1484.0,1257,-65
117,stable,S16,SNPR,-602.8,1264,76
117,stable,S17,SNPR,-1788.6,1222,12
117,stable,S18,SNPR,-1261.2,1239,-61
117,stable,S19,SNPR,-1456.6,1241,-43
117,stable,Z20,ZIP,12139.8,3581,-631
117,stable,Z21,ZIP,11560.8,3592,-186
117,stable,Z22,ZIP,10576.4,3375,-113
117,stable,Z23,ZIP,10996.0,3644,-920
117,stable,Z24,ZIP,11073.2,3750,-874
117,stable,P25,PRSH,2001.4,278,242
117,stable,P26,PRSH,2788.0,787,385
117,stable,P27,PRSH,1557.2,278,246
117,stable,P28,PRSH,4022.8,1091,539
117,stable,P29,PRSH,2345.6,667,353
118,stable,G00,GVWY,-8581.4,6388,-162
118,stable,G01,GVWY,-6038.8,6457,-209
118,stable,G02,GVWY,-6558.6,6374,-268
118,stable,G03,GVWY,-7121.8,6495,-179
118,stable,G04,GVWY,-8104.6,6454,-8
118,stable,Z05,ZIC,-259.8,559,261
118,stable,Z06,ZIC,-171.8,589,301
118,stable,Z07,ZIC,487.6,579,283
118,stable,Z08,ZIC,467.0,585,255
118,stable,Z09,ZIC,148.4,578,292
118,stable,S10,SHVR,-4594.4,5589,-57
118,stable,S11,SHVR,-6790.4,5645,103
118,stable,S12,SHVR,-5506.0,5631,-5
118,stable,S13,SHVR,-5911.4,5647,-47
118,stable,S14,SHVR,-6375.6,5676,-28
118,stable,S15,SNPR,-1103.6,1229,37
118,stable,S16,SNPR,-324.8,1241,-119
118,stable,S17,SNPR,-1230.6,1237,-23
118,stable,S18,SNPR,-1100.2,1234,4
118,stable,S19,SNPR,-942.2,1248,-86
118,stable,Z20,ZIP,16420.0,3615,-695
118,stable,Z21,ZIP,15201.8,3431,-381
118,stable,Z22,ZIP,13052.4,3580,-248
118,stable,Z23,ZIP,14235.8,3630,-456
118,stable,Z24,ZIP,13279.8,3566,-336
118,stable,P25,PRSH,-1538.2,4816,594
118,stable,P26,PRSH,682.4,371,247
118,stable,P27,PRSH,-316.2,255,219
118,stable,P28,PRSH,-197.2,282,214
118,stable,P29,PRSH,-390.0,907,455
119,stable,G00,GVWY,-6973.5,6368,-410
119,stable,G01,GVWY,-7520.1,6386,-102
119,stable,G02,GVWY,-6794.85,6427,-307
119,stable,G03,GVWY,-7453.8,6426,-456
119,stable,G04,GVWY,-6416.4,6362,-188
119,stable,Z05,ZIC,578.8,550,296
119,stable,Z06,ZIC,581.55,547,261
119,stable,Z07,ZIC,686.6,514,212
119,stable,Z08,ZIC,576.0,556,260
119,stable,Z09,ZIC,859.6,528,232
119,stable,S10,SHVR,-4953.2,5540,-144
119,stable,S11,SHVR,-5855.7,5556,-114
119,stable,S12,SHVR,-5140.15,5521,-113
119,stable,S13,SHVR,-5829.7,5540,86
119,stable,S14,SHVR,-6456.8,5598,-56
119,stable,S15,SNPR,-1238.3,1240,-6
119,stable,S16,SNPR,-1761.75,1243,55
119,stable,S17,SNPR,-925.75,1243,-45
119,stable,S18,SNPR,-1546.25,1239,5
119,stable,S19,SNPR,-812.6,1252,-72
119,stable,Z20,ZIP,11586.45,3491,-81
119,stable,Z21,ZIP,13434.65,3541,-157
119,stable,Z22,ZIP,14203.35,3485,-743
119,stable,Z23,ZIP,11715.35,3565,-243
119,stable,Z24,ZIP,13684.1,3504,-318
119,stable,P25,PRSH,345.4,254,208
119,stable,P26,PRSH,249.9,664,298
119,stable,P27,PRSH,689.8,1068,496
119,stable,P28,PRSH,910.3,804,386
119,stable,P29,PRSH,1047.8,1234,576
120,stable,G00,GVWY,-7272.0,6424,-348
120,stable,G01,GVWY,-6339.0,6369,-279
120,stable,G02,GVWY,-6185.0,6424,-396
120,stable,G03,GVWY,-7665.0,6423,-345
120,stable,G04,GVWY,-6566.0,6430,-468
120,stable,Z05,ZIC,737.0,521,231
120,stable,Z06,ZIC,583.0,577,231
120,stable,Z07,ZIC,-69.0,484,230
120,stable,Z08,ZIC,375.0,564,294
120,stable,Z09,ZIC,380.0,592,306
120,stable,S10,SHVR,-4760.0,5651,-245
120,stable,S11,SHVR,-5209.0,5620,-186
120,stable,S12,SHVR,-5307.0,5600,38
120,stable,S13,SHVR,-5819.0,5631,25
120,stable,S14,SHVR,-4547.0,5614,-176
120,stable,S15,SNPR,-1481.0,1277,-51
120,stable,S16,SNPR,-1405.0,1240,64
120,stable,S17,SNPR,-770.0,1271,11
120,stable,S18,SNPR,-1287.0,1276,-6
120,stable,S19,SNPR,-1429.0,1274,12
120,stable,Z20,ZIP,11840.0,3614,-386
120,stable,Z21,ZIP,11591.0,3637,-329
120,stable,Z22,ZIP,12424.0,3709,-387
120,stable,Z23,ZIP,12372.0,3613,-355
120,stable,Z24,ZIP,11280.0,3600,-206
120,stable,P25,PRSH,871.0,527,493
120,stable,P26,PRSH,1188.0,1968,636
120,stable,P27,PRSH,1343.0,727,623
120,stable,P28,PRSH,1979.0,3135,611
120,stable,P29,PRSH,167.0,382,256
121,stable,G00,GVWY,-6990.75,6475,-205
121,stable,G01,GVWY,-7312.45,6455,-203
121,stable,G02,GVWY,-7023.95,6451,-393
121,stable,G03,GVWY,-7522.35,6413,-289
121,stable,G04,GVWY,-7908.6,6364,-204
121,stable,Z05,ZIC,-13.6,572,296
121,stable,Z06,ZIC,281.3,556,262
121,stable,Z07,ZIC,230.6,550,284
121,stable,Z08,ZIC,440.3,488,222
121,stable,Z09,ZIC,975.45,533,303
121,stable,S10,SHVR,-5404.25,5587,-235
121,stable,S11,SHVR,-5670.9,5564,74
121,stable,S12,SHVR,-5622.8,5586,-132
121,stable,S13,SHVR,-5252.5,5604,-70
121,stable,S14,SHVR,-4217.75,5593,-5
121,stable,S15,SNPR,-1189.6,1256,-24
121,stable,S16,SNPR,-1582.85,1239,61
121,stable,S17,SNPR,-688.95,1239,7
121,stable,S18,SNPR,-1009.2,1236,-8
121,stable,S19,SNPR,-1077.9,1250,-66
121,stable,Z20,ZIP,12819.0,3548,-260
121,stable,Z21,ZIP,14157.65,3549,-429
121,stable,Z22,ZIP,10514.7,3448,-2
121,stable,Z23,ZIP,15649.0,3668,-640
121,stable,Z24,ZIP,11781.45,3513,-337
121,stable,P25,PRSH,501.4,1766,756
121,stable,P26,PRSH,621.0,496,240
121,stable,P27,PRSH,907.35,377,349
121,stable,P28,PRSH,449.1,744,394
121,stable,P29,PRSH,330.25,239,175
122,stable,G00,GVWY,-11122.5,6406,-310
122,stable,G01,GVWY,-12386.75,6401,-391
122,stable,G02,GVWY,-11471.75,6405,-415
122,stable,G03,GVWY,-12760.5,6362,-394
122,stable,G04,GVWY,-12929.25,6423,-497
122,stable,Z05,ZIC,3394.75,537,259
122,stable,Z06,ZIC,4287.0,548,272
122,stable,Z07,ZIC,4285.75,579,263
122,stable,Z08,ZIC,3520.75,523,203
122,stable,Z09,ZIC,3654.75,549,239
122,stable,S10,SHVR,-5506.25,5493,-37
122,stable,S11,SHVR,-6643.75,5489,-155
122,stable,S12,SHVR,-7734.75,5519,-219
122,stable,S13,SHVR,-5083.25,5537,-21
122,stable,S14,SHVR,-4667.25,5553,-9
122,stable,S15,SNPR,-1858.5,1252,-118
122,stable,S16,SNPR,-2111.5,1254,-106
122,stable,S17,SNPR,-1536.75,1255,-27
122,stable,S18,SNPR,-557.5,1232,78
122,stable,S19,SNPR,-1282.75,1257,5
122,stable,Z20,ZIP,10739.25,3539,-155
122,stable,Z21,ZIP,11203.75,3583,-45
122,stable,Z22,ZIP,8904.25,3701,-131
122,stable,Z23,ZIP,7054.5,3650,-362
122,stable,Z24,ZIP,9528.5,3446,-46
122,stable,P25,PRSH,13326.75,2275,879
122,stable,P26,PRSH,5553.0,700,340
122,stable,P27,PRSH,3253.5,258,198
122,stable,P28,PRSH,6282.75,843,435
122,stable,P29,PRSH,2692.25,229,189
123,stable,G00,GVWY,-6496.0,6478,-160
123,stable,G01,GVWY,-10354.75,6439,-51
123,stable,G02,GVWY,-6465.75,6411,-263
123,stable,G03,GVWY,-5725.0,6452,-380
123,stable,G04,GVWY,-4431.75,6481,-403
123,stable,Z05,ZIC,-722.75,537,257
123,stable,Z06,ZIC,-1002.75,557,297
123,stable,Z07,ZIC,-1109.75,505,257
123,stable,Z08,ZIC,-1335.25,583,263
123,stable,Z09,ZIC,-1439.0,552,268
123,stable,S10,SHVR,-6902.5,5586,206
123,stable,S11,SHVR,-3670.25,5645,-145
123,stable,S12,SHVR,-3558.0,5550,-80
123,stable,S13,SHVR,-5071.25,5539,-29
123,stable,S14,SHVR,-5603.25,5585,155
123,stable,S15,SNPR,-862.75,1271,-63
123,stable,S16,SNPR,-663.0,1262,-48
123,stable,S17,SNPR,-1135.25,1253,-9
123,stable,S18,SNPR,-1966.5,1246,82
123,stable,S19,SNPR,-609.75,1253,-67
123,stable,Z20,ZIP,13986.25,3531,-327
123,stable,Z21,ZIP,15781.75,3569,-501
123,stable,Z22,ZIP,16874.5,3544,-386
123,stable,Z23,ZIP,14242.0,3578,-308
123,stable,Z24,ZIP,19221.5,3644,-702
123,stable,P25,PRSH,-1408.25,481,275
123,stable,P26,PRSH,-1652.75,479,285
123,stable,P27,PRSH,-3723.75,1903,889
123,stable,P28,PRSH,-876.75,633,261
123,stable,P29,PRSH,-1818.0,634,332
124,stable,G00,GVWY,-12375.5,6447,-327
124,stable,G01,GVWY,-11760.0,6454,-338
124,stable,G02,GVWY,-10949.0,6452,-246
124,stable,G03,GVWY,-11682.0,6462,-256
124,stable,G04,GVWY,-11570.0,6454,-384
124,stable,Z05,ZIC,3564.0,566,270
124,stable,Z06,ZIC,4314.5,583,311
124,stable,Z07,ZIC,3590.0,522,256
124,stable,Z08,ZIC,3148.0,522,216
124,stable,Z09,ZIC,3782.5,565,279
124,stable,S10,SHVR,-5122.5,5709,-71
124,stable,S11,SHVR,-5537.5,5663,-25
124,stable,S12,SHVR,-7239.0,5680,-186
124,stable,S13,SHVR,-4467.5,5633,-93
124,stable,S14,SHVR,-4864.0,5660,10
124,stable,S15,SNPR,-240.5,1305,1
124,stable,S16,SNPR,-2036.0,1276,-66
124,stable,S17,SNPR,-2641.5,1297,-83
124,stable,S18,SNPR,-2060.0,1264,-52
124,stable,S19,SNPR,-1114.5,1289,-49
124,stable,Z20,ZIP,1597.0,3602,-1020
124,stable,Z21,ZIP,7573.5,3627,-261
124,stable,Z22,ZIP,6223.5,3523,-309
124,stable,Z23,ZIP,7267.5,3645,-289
124,stable,Z24,ZIP,2074.0,3602,-884
124,stable,P25,PRSH,4697.0,764,318
124,stable,P26,PRSH,8687.0,1566,654
124,stable,P27,PRSH,11291.0,3116,716
124,stable,P28,PRSH,13770.5,1697,979
124,stable,P29,PRSH,12172.5,2429,867
125,stable,G00,GVWY,-4656.25,6441,-431
125,stable,G01,GVWY,-5885.0,6440,-372
125,stable,G02,GVWY,-5942.0,6390,-368
125,stable,G03,GVWY,-4910.0,6400,-356
125,stable,G04,GVWY,-6022.0,6412,-236
125,stable,Z05,ZIC,-435.0,578,256
125,stable,Z06,ZIC,-769.75,549,239
125,stable,Z07,ZIC,-255.25,529,237
125,stable,Z08,ZIC,-789.5,526,250
125,stable,Z09,ZIC,30.25,463,195
125,stable,S10,SHVR,-4526.25,5545,-195
125,stable,S11,SHVR,-4722.75,5519,-57
125,stable,S12,SHVR,-4110.25,5545,-79
125,stable,S13,SHVR,-4752.25,5627,-27
125,stable,S14,SHVR,-5790.5,5660,26
125,stable,S15,SNPR,-1102.0,1254,-8
125,stable,S16,SNPR,-476.75,1235,-21
125,stable,S17,SNPR,-2000.0,1256,56
125,stable,S18,SNPR,-755.25,1247,17
125,stable,S19,SNPR,-950.75,1241,15
125,stable,Z20,ZIP,11502.5,3394,-190
125,stable,Z21,ZIP,18837.25,3557,-829
125,stable,Z22,ZIP,10763.0,3580,-192
125,stable,Z23,ZIP,11805.25,3625,-245
125,stable,Z24,ZIP,12312.5,3530,-266
125,stable,P25,PRSH,-233.25,247,181
125,stable,P26,PRSH,-805.25,451,421
125,stable,P27,PRSH,-2224.0,2794,704
125,stable,P28,PRSH,-767.25,1201,493
125,stable,P29,PRSH,-813.5,2652,686
126,stable,G00,GVWY,-5969.3,6402,-346
126,stable,G01,GVWY,-5799.25,6455,-295
126,stable,G02,GVWY,-5855.65,6415,-403
126,stable,G03,GVWY,-7060.6,6428,-232
126,stable,G04,GVWY,-6107.15,6387,-213
126,stable,Z05,ZIC,162.65,527,243
126,stable,Z06,ZIC,605.3,546,266
126,stable,Z07,ZIC,731.05,529,231
126,stable,Z08,ZIC,200.9,510,258
126,stable,Z09,ZIC,592.1,600,262
126,stable,S10,SHVR,-6287.7,5534,-174
126,stable,S11,SHVR,-7037.2,5592,-104
126,stable,S12,SHVR,-4915.8,5512,104
126,stable,S13,SHVR,-5346.0,5552,-220
126,stable,S14,SHVR,-3808.45,5551,-159
126,stable,S15,SNPR,-1605.65,1259,-23
126,stable,S16,SNPR,-510.35,1261,3
126,stable,S17,SNPR,-934.9,1260,-78
126,stable,S18,SNPR,-1146.35,1249,-17
126,stable,S19,SNPR,-1401.45,1227,1
126,stable,Z20,ZIP,12056.5,3616,-250
126,stable,Z21,ZIP,13775.8,3558,-284
126,stable,Z22,ZIP,10941.5,3500,-230
126,stable,Z23,ZIP,11202.2,3560,-236
126,stable,Z24,ZIP,11975.95,3561,-171
126,stable,P25,PRSH,80.25,725,335
126,stable,P26,PRSH,641.2,1086,544
126,stable,P27,PRSH,603.3,554,286
126,stable,P28,PRSH,503.5,4576,490
126,stable,P29,PRSH,646.5,766,330
127,stable,G00,GVWY,-7070.8,6432,-148
127,stable,G01,GVWY,-4959.0,6454,-310
127,stable,G02,GVWY,-7450.5,6461,-265
127,stable,G03,GVWY,-7902.1,6505,-311
127,stable,G04,GVWY,-6673.7,6413,-237
127,stable,Z05,ZIC,-1192.5,571,335
127,stable,Z06,ZIC,-605.6,540,294
127,stable,Z07,ZIC,-632.7,559,273
127,stable,Z08,ZIC,-457.0,564,290
127,stable,Z09,ZIC,-777.3,577,327
127,stable,S10,SHVR,-5861.5,5643,175
127,stable,S11,SHVR,-5100.1,5561,-31
127,stable,S12,SHVR,-5499.6,5620,-6
127,stable,S13,SHVR,-4929.7,5615,-87
127,stable,S14,SHVR,-4666.9,5613,-39
127,stable,S15,SNPR,-899.2,1260,-22
127,stable,S16,SNPR,-1035.7,1243,-47
127,stable,S17,SNPR,-1497.3,1223,107
127,stable,S18,SNPR,-1550.3,1235,17
127,stable,S19,SNPR,-1330.5,1267,5
127,stable,Z20,ZIP,17274.7,3707,-1013
127,stable,Z21,ZIP,13608.2,3518,-368
127,stable,Z22,ZIP,15636.1,3725,-519
127,stable,Z23,ZIP,14106.8,3598,-302
127,stable,Z24,ZIP,15651.5,3617,-725
127,stable,P25,PRSH,-290.0,270,210
127,stable,P26,PRSH,-577.8,618,292
127,stable,P27,PRSH,-1154.8,1752,952
127,stable,P28,PRSH,-263.3,549,267
127,stable,P29,PRSH,-2621.7,1617,833
128,stable,G00,GVWY,-7351.5,6386,-90
128,stable,G01,GVWY,-10196.95,6423,-437
128,stable,G02,GVWY,-9628.85,6467,-291
128,stable,G03,GVWY,-10786.25,6421,-335
128,stable,G04,GVWY,-9337.6,6364,-316
128,stable,Z05,ZIC,2708.95,539,257
128,stable,Z06,ZIC,2674.95,527,277
128,stable,Z07,ZIC,2382.35,551,281
128,stable,Z08,ZIC,2364.75,513,225
128,stable,Z09,ZIC,2907.3,542,238
128,stable,S10,SHVR,-5979.05,5575,-43
128,stable,S11,SHVR,-6493.65,5603,-159
128,stable,S12,SHVR,-5682.0,5560,-100
128,stable,S13,SHVR,-6059.8,5582,-108
128,stable,S14,SHVR,-5234.9,5638,-194
128,stable,S15,SNPR,-997.75,1233,-25
128,stable,S16,SNPR,-1000.75,1231,-45
128,stable,S17,SNPR,-1421.8,1216,-48
128,stable,S18,SNPR,-407.4,1238,16
128,stable,S19,SNPR,-771.4,1236,36
128,stable,Z20,ZIP,10995.0,3526,-180
128,stable,Z21,ZIP,10192.2,3582,-248
128,stable,Z22,ZIP,8987.05,3761,-577
128,stable,Z23,ZIP,10039.1,3496,-134
128,stable,Z24,ZIP,9439.55,3675,-207
128,stable,P25,PRSH,1765.8,366,188
128,stable,P26,PRSH,5066.15,1893,629
128,stable,P27,PRSH,2404.45,267,227
128,stable,P28,PRSH,7941.5,3216,870
128,stable,P29,PRSH,1691.95,231,197
129,stable,G00,GVWY,-7896.4,6432,-326
129,stable,G01,GVWY,-8609.8,6393,-367
129,stable,G02,GVWY,-6541.6,6391,-409
129,stable,G03,GVWY,-7466.2,6441,-223
129,stable,G04,GVWY,-7843.8,6343,-267
129,stable,Z05,ZIC,855.6,540,274
129,stable,Z06,ZIC,751.8,526,252
129,stable,Z07,ZIC,573.2,589,333
129,stable,Z08,ZIC,474.8,523,247
129,stable,Z09,ZIC,1014.4,537,241
129,stable,S10,SHVR,-4410.2,5647,-83
129,stable,S11,SHVR,-4765.2,5639,57
129,stable,S12,SHVR,-4867.6,5634,16
129,stable,S13,SHVR,-6606.2,5657,-133
129,stable,S14,SHVR,-5060.2,5581,-333
129,stable,S15,SNPR,-1435.0,1246,-10
129,stable,S16,SNPR,-677.2,1271,-73
129,stable,S17,SNPR,-679.8,1269,-77
129,stable,S18,SNPR,-1143.4,1250,-36
129,stable,S19,SNPR,-718.6,1247,1
129,stable,Z20,ZIP,11043.0,3489,-245
129,stable,Z21,ZIP,13854.0,3537,-435
129,stable,Z22,ZIP,12374.6,3608,-356
129,stable,Z23,ZIP,11077.4,3615,-249
129,stable,Z24,ZIP,11264.4,3441,-99
129,stable,P25,PRSH,79.4,4966,406
129,stable,P26,PRSH,961.2,3050,558
129,stable,P27,PRSH,1687.8,606,272
129,stable,P28,PRSH,1896.0,1525,645
129,stable,P29,PRSH,1476.2,806,318
130,stable,G00,GVWY,-6360.95,6425,-143
130,stable,G01,GVWY,-7208.25,6439,-265
130,stable,G02,GVWY,-8860.75,6369,-95
130,stable,G03,GVWY,-8176.75,6373,-155
130,stable,G04,GVWY,-6199.95,6417,-403
130,stable,Z05,ZIC,110.0,518,280
130,stable,Z06,ZIC,1078.0,578,300
130,stable,Z07,ZIC,789.65,543,301
130,stable,Z08,ZIC,772.5,522,210
130,stable,Z09,ZIC,458.1,604,314
130,stable,S10,SHVR,-5731.0,5550,-140
130,stable,S11,SHVR,-6662.9,5572,34
130,stable,S12,SHVR,-5328.2,5496,-68
130,stable,S13,SHVR,-6470.3,5534,98
130,stable,S14,SHVR,-5460.95,5589,-203
130,stable,S15,SNPR,-1493.25,1267,-65
130,stable,S16,SNPR,-837.7,1252,2
130,stable,S17,SNPR,-1319.8,1244,28
130,stable,S18,SNPR,-1023.55,1251,-7
130,stable,S19,SNPR,-1094.25,1251,-25
130,stable,Z20,ZIP,13899.05,3537,-403
130,stable,Z21,ZIP,10667.6,3554,-96
130,stable,Z22,ZIP,15050.45,3519,-607
130,stable,Z23,ZIP,12716.3,3556,-238
130,stable,Z24,ZIP,14854.55,3625,-493
130,stable,P25,PRSH,445.3,254,202
130,stable,P26,PRSH,589.45,273,233
130,stable,P27,PRSH,1149.9,814,406
130,stable,P28,PRSH,880.7,3930,698
130,stable,P29,PRSH,82.6,248,204
131,stable,G00,GVWY,-5986.4,6442,-286
131,stable,G01,GVWY,-6885.8,6461,-377
131,stable,G02,GVWY,-5654.4,6409,-271
131,stable,G03,GVWY,-6643.6,6403,-249
131,stable,G04,GVWY,-6004.6,6438,-304
131,stable,Z05,ZIC,-62.8,564,258
131,stable,Z06,ZIC,-782.0,538,290
131,stable,Z07,ZIC,35.0,561,255
131,stable,Z08,ZIC,-239.0,598,310
131,stable,Z09,ZIC,-147.4,530,304
131,stable,S10,SHVR,-5758.2,5571,-163
131,stable,S11,SHVR,-4292.2,5552,-268
131,stable,S12,SHVR,-5335.8,5644,-132
131,stable,S13,SHVR,-5292.8,5592,-182
131,stable,S14,SHVR,-5906.0,5598,140
131,stable,S15,SNPR,-280.8,1243,-77
131,stable,S16,SNPR,-1586.6,1236,36
131,stable,S17,SNPR,-1160.2,1214,-18
131,stable,S18,SNPR,-614.8,1243,-57
131,stable,S19,SNPR,-1566.0,1260,20
131,stable,Z20,ZIP,15093.2,3630,-402
131,stable,Z21,ZIP,12300.8,3632,-268
131,stable,Z22,ZIP,10610.8,3543,-163
131,stable,Z23,ZIP,15119.4,3608,-514
131,stable,Z24,ZIP,14354.2,3509,-317
131,stable,P25,PRSH,-163.4,291,219
131,stable,P26,PRSH,51.4,794,326
131,stable,P27,PRSH,-432.8,2389,773
131,stable,P28,PRSH,-892.2,1856,732
131,stable,P29,PRSH,-651.4,585,329
132,stable,G00,GVWY,-8180.8,6438,-96
132,stable,G01,GVWY,-6629.6,6448,-512
132,stable,G02,GVWY,-8250.8,6446,-106
132,stable,G03,GVWY,-7897.1,6405,-277
132,stable,G04,GVWY,-7540.1,6449,-137
132,stable,Z05,ZIC,533.4,562,268
132,stable,Z06,ZIC,313.2,510,234
132,stable,Z07,ZIC,217.8,530,296
132,stable,Z08,ZIC,550.0,558,230
132,stable,Z09,ZIC,367.2,524,274
132,stable,S10,SHVR,-4102.4,5566,-48
132,stable,S11,SHVR,-4267.2,5660,-84
132,stable,S12,SHVR,-4171.4,5620,-98
132,stable,S13,SHVR,-4899.2,5612,-174
132,stable,S14,SHVR,-5746.9,5627,187
132,stable,S15,SNPR,-857.8,1254,-66
132,stable,S16,SNPR,-686.4,1268,-88
132,stable,S17,SNPR,-508.7,1265,-79
132,stable,S18,SNPR,-511.4,1270,-108
132,stable,S19,SNPR,-1604.3,1265,9
132,stable,Z20,ZIP,12081.3,3637,-229
132,stable,Z21,ZIP,14863.6,3730,-1058
132,stable,Z22,ZIP,12753.2,3746,-316
132,stable,Z23,ZIP,11581.9,3801,-427
132,stable,Z24,ZIP,10500.2,3572,-276
132,stable,P25,PRSH,978.9,2749,993
132,stable,P26,PRSH,251.6,252,202
132,stable,P27,PRSH,273.9,601,303
132,stable,P28,PRSH,1182.4,1922,908
132,stable,P29,PRSH,251.0,252,200
133,stable,G00,GVWY,-6637.95,6349,-183
133,stable,G01,GVWY,-6717.6,6364,-364
133,stable,G02,GVWY,-6942.4,6438,-156
133,stable,G03,GVWY,-8435.5,6344,-210
133,stable,G04,GVWY,-6286.25,6379,-245
133,stable,Z05,ZIC,264.95,523,243
133,stable,Z06,ZIC,689.05,515,217
133,stable,Z07,ZIC,-84.1,530,246
133,stable,Z08,ZIC,119.6,542,264
133,stable,Z09,ZIC,-221.65,515,259
133,stable,S10,SHVR,-4772.05,5545,43
133,stable,S11,SHVR,-5212.6,5542,-184
133,stable,S12,SHVR,-3190.75,5541,-315
133,stable,S13,SHVR,-6502.65,5489,39
133,stable,S14,SHVR,-6015.75,5569,125
133,stable,S15,SNPR,-1167.25,1245,15
133,stable,S16,SNPR,-1412.05,1241,-37
133,stable,S17,SNPR,-1171.6,1258,-124
133,stable,S18,SNPR,-714.65,1267,59
133,stable,S19,SNPR,-1158.6,1240,16
133,stable,Z20,ZIP,12809.25,3485,-75
133,stable,Z21,ZIP,16271.35,3591,-641
133,stable,Z22,ZIP,12515.5,3494,-210
133,stable,Z23,ZIP,11278.8,3548,-248
133,stable,Z24,ZIP,12501.4,3532,-184
133,stable,P25,PRSH,452.4,352,316
133,stable,P26,PRSH,-52.2,606,292
133,stable,P27,PRSH,149.95,227,183
133,stable,P28,PRSH,-0.35,277,221
133,stable,P29,PRSH,787.05,1271,537
134,stable,G00,GVWY,-6585.65,6369,-397
134,stable,G01,GVWY,-5444.0,6416,-440
134,stable,G02,GVWY,-7131.75,6379,-395
134,stable,G03,GVWY,-7591.75,6391,-335
134,stable,G04,GVWY,-7206.5,6338,-370
134,stable,Z05,ZIC,449.85,543,273
134,stable,Z06,ZIC,925.4,554,252
134,stable,Z07,ZIC,786.8,562,244
134,stable,Z08,ZIC,622.15,509,187
134,stable,Z09,ZIC,544.6,496,228
134,stable,S10,SHVR,-5205.35,5583,-23
134,stable,S11,SHVR,-5935.6,5550,92
134,stable,S12,SHVR,-5641.65,5535,-57
134,stable,S13,SHVR,-4167.6,5628,-228
134,stable,S14,SHVR,-4884.95,5499,-31
134,stable,S15,SNPR,-1839.7,1218,14
134,stable,S16,SNPR,-992.8,1232,-164
134,stable,S17,SNPR,-792.35,1229,-3
134,stable,S18,SNPR,-746.75,1237,-35
134,stable,S19,SNPR,-1433.0,1222,-20
134,stable,Z20,ZIP,14830.5,3584,-570
134,stable,Z21,ZIP,10876.3,3544,-186
134,stable,Z22,ZIP,11604.1,3446,-62
134,stable,Z23,ZIP,10443.0,3464,-20
134,stable,Z24,ZIP,10659.2,3472,-104
134,stable,P25,PRSH,619.8,1052,444
134,stable,P26,PRSH,759.0,872,380
134,stable,P27,PRSH,1484.15,1223,487
134,stable,P28,PRSH,1370.7,3148,626
134,stable,P29,PRSH,513.8,204,144
135,stable,G00,GVWY,-6791.4,6426,-358
135,stable,G01,GVWY,-8361.6,6378,-262
135,stable,G02,GVWY,-5947.6,6410,-332
135,stable,G03,GVWY,-8320.6,6407,-287
135,stable,G04,GVWY,-7577.4,6404,-288
135,stable,Z05,ZIC,536.4,524,258
135,stable,Z06,ZIC,734.2,588,314
135,stable,Z07,ZIC,598.4,579,343
135,stable,Z08,ZIC,1000.8,508,236
135,stable,Z09,ZIC,633.2,554,314
135,stable,S10,SHVR,-6392.6,5580,38
135,stable,S11,SHVR,-4574.8,5589,-111
135,stable,S12,SHVR,-4094.8,5553,-191
135,stable,S13,SHVR,-5356.0,5631,-135
135,stable,S14,SHVR,-5889.2,5586,-34
135,stable,S15,SNPR,-1405.8,1251,9
135,stable,S16,SNPR,-1034.6,1243,-77
135,stable,S17,SNPR,-1609.8,1248,44
135,stable,S18,SNPR,-1082.6,1237,-27
135,stable,S19,SNPR,-1429.6,1258,-2
135,stable,Z20,ZIP,12679.0,3599,-175
135,stable,Z21,ZIP,13607.6,3637,-373
135,stable,Z22,ZIP,11500.0,3564,-220
135,stable,Z23,ZIP,12078.2,3613,-201
135,stable,Z24,ZIP,13467.2,3770,-436
135,stable,P25,PRSH,882.2,282,224
135,stable,P26,PRSH,1086.2,316,274
135,stable,P27,PRSH,1145.4,705,353
135,stable,P28,PRSH,1499.6,751,327
135,stable,P29,PRSH,-369.2,4639,671
136,stable,G00,GVWY,-10257.0,6380,-364
136,stable,G01,GVWY,-9605.0,6390,-278
136,stable,G02,GVWY,-7476.5,6467,-325
136,stable,G03,GVWY,-8731.5,6477,-45
136,stable,G04,GVWY,-9115.5,6439,-293
136,stable,Z05,ZIC,2429.0,580,270
136,stable,Z06,ZIC,2407.5,545,297
136,stable,Z07,ZIC,1978.5,545,247
136,stable,Z08,ZIC,2452.0,572,332
136,stable,Z09,ZIC,2710.0,574,262
136,stable,S10,SHVR,-6178.0,5646,-150
136,stable,S11,SHVR,-5740.0,5712,-24
136,stable,S12,SHVR,-6314.5,5589,-111
136,stable,S13,SHVR,-4697.5,5641,-41
136,stable,S14,SHVR,-6116.0,5654,-122
136,stable,S15,SNPR,-2076.0,1256,-134
136,stable,S16,SNPR,-1342.0,1262,-50
136,stable,S17,SNPR,-687.5,1255,19
136,stable,S18,SNPR,-1158.0,1248,-14
136,stable,S19,SNPR,-1195.0,1228,-58
136,stable,Z20,ZIP,8060.0,3658,-576
136,stable,Z21,ZIP,7811.5,3717,-733
136,stable,Z22,ZIP,11103.0,3632,-338
136,stable,Z23,ZIP,9456.5,3525,-175
136,stable,Z24,ZIP,8832.5,3611,-465
136,stable,P25,PRSH,2007.5,289,229
136,stable,P26,PRSH,7158.5,3079,875
136,stable,P27,PRSH,4438.0,494,468
136,stable,P28,PRSH,5023.0,1220,548
136,stable,P29,PRSH,5574.0,1664,684
137,stable,G00,GVWY,-7669.35,6459,-343
137,stable,G01,GVWY,-7752.7,6500,-166
137,stable,G02,GVWY,-7986.95,6499,-491
137,stable,G03,GVWY,-7990.75,6457,-55
137,stable,G04,GVWY,-9833.7,6476,-266
137,stable,Z05,ZIC,1839.75,587,335
137,stable,Z06,ZIC,1777.45,535,281
137,stable,Z07,ZIC,1446.0,530,260
137,stable,Z08,ZIC,1576.3,532,234
137,stable,Z09,ZIC,1440.45,547,261
137,stable,S10,SHVR,-4182.3,5622,-194
137,stable,S11,SHVR,-6430.85,5695,-173
137,stable,S12,SHVR,-4205.15,5655,-147
137,stable,S13,SHVR,-5722.75,5641,-95
137,stable,S14,SHVR,-3734.25,5635,-205
137,stable,S15,SNPR,-1138.3,1280,-74
137,stable,S16,SNPR,-1161.35,1247,-43
137,stable,S17,SNPR,-1444.95,1265,-91
137,stable,S18,SNPR,-1525.8,1256,-64
137,stable,S19,SNPR,-804.15,1263,-27
137,stable,Z20,ZIP,9571.8,3606,-136
137,stable,Z21,ZIP,9793.35,3665,-777
137,stable,Z22,ZIP,9732.95,3547,-249
137,stable,Z23,ZIP,9411.85,3793,-707
137,stable,Z24,ZIP,8744.15,3555,-53
137,stable,P25,PRSH,3351.35,1053,483
137,stable,P26,PRSH,4494.5,3172,810
137,stable,P27,PRSH,3805.9,3788,722
137,stable,P28,PRSH,1055.3,202,154
137,stable,P29,PRSH,3961.7,3412,746
138,stable,G00,GVWY,-8959.2,6429,-197
138,stable,G01,GVWY,-8644.8,6354,-208
138,stable,G02,GVWY,-8360.0,6368,-340
138,stable,G03,GVWY,-8558.6,6426,-326
138,stable,G04,GVWY,-8767.0,6402,-260
138,stable,Z05,ZIC,2402.2,511,287
138,stable,Z06,ZIC,3138.2,621,357
138,stable,Z07,ZIC,2681.6,516,306
138,stable,Z08,ZIC,2522.8,568,338
138,stable,Z09,ZIC,2471.2,552,302
138,stable,S10,SHVR,-5608.4,5483,-89
138,stable,S11,SHVR,-5821.6,5619,-161
138,stable,S12,SHVR,-6811.0,5482,-240
138,stable,S13,SHVR,-5668.8,5551,-13
138,stable,S14,SHVR,-7162.4,5546,-134
138,stable,S15,SNPR,-1338.6,1248,-6
138,stable,S16,SNPR,-1130.0,1237,-55
138,stable,S17,SNPR,-1191.4,1247,-59
138,stable,S18,SNPR,-737.6,1237,29
138,stable,S19,SNPR,-1109.0,1226,20
138,stable,Z20,ZIP,11516.6,3494,-624
138,stable,Z21,ZIP,10559.6,3539,-239
138,stable,Z22,ZIP,9651.8,3497,-257
138,stable,Z23,ZIP,11061.0,3548,-50
138,stable,Z24,ZIP,10117.0,3564,-100
138,stable,P25,PRSH,1968.8,315,203
138,stable,P26,PRSH,1908.2,275,217
138,stable,P27,PRSH,3104.0,732,360
138,stable,P28,PRSH,5114.2,1271,627
138,stable,P29,PRSH,1647.4,259,179
139,stable,G00,GVWY,-8204.4,6462,-202
139,stable,G01,GVWY,-6946.5,6477,-235
139,stable,G02,GVWY,-6825.2,6456,-166
139,stable,G03,GVWY,-7056.9,6389,-287
139,stable,G04,GVWY,-7708.6,6434,-378
139,stable,Z05,ZIC,-182.0,590,340
139,stable,Z06,ZIC,248.3,555,269
139,stable,Z07,ZIC,-297.3,533,281
139,stable,Z08,ZIC,-128.7,551,289
139,stable,Z09,ZIC,56.6,512,278
139,stable,S10,SHVR,-5856.4,5626,8
139,stable,S11,SHVR,-4910.6,5652,-238
139,stable,S12,SHVR,-4317.8,5678,-154
139,stable,S13,SHVR,-6257.3,5643,-99
139,stable,S14,SHVR,-5224.4,5660,-102
139,stable,S15,SNPR,-1380.8,1254,46
139,stable,S16,SNPR,-605.3,1269,61
139,stable,S17,SNPR,-736.3,1241,-39
139,stable,S18,SNPR,-1401.3,1261,41
139,stable,S19,SNPR,-1594.8,1248,-34
139,stable,Z20,ZIP,12828.1,3541,-147
139,stable,Z21,ZIP,15614.0,3670,-600
139,stable,Z22,ZIP,15432.7,3559,-449
139,stable,Z23,ZIP,13879.9,3525,-263
139,stable,Z24,ZIP,14443.5,3693,-455
139,stable,P25,PRSH,625.8,1186,584
139,stable,P26,PRSH,-293.6,334,282
139,stable,P27,PRSH,-1368.2,4962,434
139,stable,P28,PRSH,-395.2,1024,464
139,stable,P29,PRSH,-110.5,705,355
140,stable,G00,GVWY,-6290.5,6406,-510
140,stable,G01,GVWY,-7035.95,6425,-471
140,stable,G02,GVWY,-5322.65,6413,-497
140,stable,G03,GVWY,-6409.95,6413,-271
140,stable,G04,GVWY,-7235.15,6439,-447
140,stable,Z05,ZIC,78.4,520,232
140,stable,Z06,ZIC,280.25,585,245
140,stable,Z07,ZIC,-244.15,521,253
140,stable,Z08,ZIC,-7.0,548,280
140,stable,Z09,ZIC,-377.1,578,282
140,stable,S10,SHVR,-5399.25,5575,-5
140,stable,S11,SHVR,-6121.05,5619,-49
140,stable,S12,SHVR,-4909.0,5572,-100
140,stable,S13,SHVR,-5939.05,5559,71
140,stable,S14,SHVR,-4952.05,5537,-109
140,stable,S15,SNPR,-917.25,1249,15
140,stable,S16,SNPR,-1066.25,1265,-5
140,stable,S17,SNPR,-545.0,1248,-60
140,stable,S18,SNPR,-1239.3,1254,6
140,stable,S19,SNPR,-1035.95,1241,49
140,stable,Z20,ZIP,15742.55,3631,-441
140,stable,Z21,ZIP,13359.05,3653,-231
140,stable,Z22,ZIP,11996.2,3632,-104
140,stable,Z23,ZIP,11573.05,3659,-131
140,stable,Z24,ZIP,16083.75,3601,-725
140,stable,P25,PRSH,-85.4,1116,528
140,stable,P26,PRSH,-866.2,1806,684
140,stable,P27,PRSH,-404.3,516,346
140,stable,P28,PRSH,88.05,799,369
140,stable,P29,PRSH,-1171.95,1393,689
141,stable,G00,GVWY,-7198.0,6398,-440
141,stable,G01,GVWY,-8419.7,6442,-474
141,stable,G02,GVWY,-8702.0,6386,-380
141,stable,G03,GVWY,-7205.6,6446,-452
141,stable,G04,GVWY,-8391.7,6346,-314
141,stable,Z05,ZIC,1452.9,536,238
141,stable,Z06,ZIC,984.3,520,326
141,stable,Z07,ZIC,1613.85,565,267
141,stable,Z08,ZIC,1697.75,569,265
141,stable,Z09,ZIC,1594.15,575,293
141,stable,S10,SHVR,-5770.4,5532,-8
141,stable,S11,SHVR,-6140.05,5549,-131
141,stable,S12,SHVR,-4594.7,5560,6
141,stable,S13,SHVR,-5459.05,5521,-171
141,stable,S14,SHVR,-5162.9,5492,-38
141,stable,S15,SNPR,-1312.95,1239,-89
141,stable,S16,SNPR,-347.9,1226,-18
141,stable,S17,SNPR,-1259.95,1233,-9
141,stable,S18,SNPR,-1272.85,1225,-87
141,stable,S19,SNPR,-1285.55,1245,-1
141,stable,Z20,ZIP,11303.9,3688,-222
141,stable,Z21,ZIP,10482.85,3543,-53
141,stable,Z22,ZIP,10020.55,3575,-219
141,stable,Z23,ZIP,12276.9,3630,-362
141,stable,Z24,ZIP,9026.2,3560,-76
141,stable,P25,PRSH,2473.7,412,354
141,stable,P26,PRSH,3819.9,1552,638
141,stable,P27,PRSH,1292.15,243,193
141,stable,P28,PRSH,1241.75,285,225
141,stable,P29,PRSH,3654.1,1576,662
142,stable,G00,GVWY,-8028.25,6363,-405
142,stable,G01,GVWY,-6872.75,6365,-375
142,stable,G02,GVWY,-8156.2,6366,-348
142,stable,G03,GVWY,-7819.0,6348,-320
142,stable,G04,GVWY,-7068.35,6283,-39
142,stable,Z05,ZIC,1402.25,549,245
142,stable,Z06,ZIC,1658.8,540,272
142,stable,Z07,ZIC,1007.45,493,213
142,stable,Z08,ZIC,1800.1,532,254
142,stable,Z09,ZIC,1539.0,542,300
142,stable,S10,SHVR,-6304.05,5533,-177
142,stable,S11,SHVR,-6430.7,5472,42
142,stable,S12,SHVR,-5079.8,5468,-92
142,stable,S13,SHVR,-5960.8,5456,-72
142,stable,S14,SHVR,-6032.3,5520,-82
142,stable,S15,SNPR,-775.35,1261,-99
142,stable,S16,SNPR,-640.9,1238,-6
142,stable,S17,SNPR,-1026.45,1243,27
142,stable,S18,SNPR,-1258.75,1243,45
142,stable,S19,SNPR,-1053.35,1209,-39
142,stable,Z20,ZIP,12678.45,3651,-527
142,stable,Z21,ZIP,11037.05,3563,-83
142,stable,Z22,ZIP,11966.15,3575,-109
142,stable,Z23,ZIP,10196.75,3563,-65
142,stable,Z24,ZIP,11716.25,3529,-75
142,stable,P25,PRSH,1952.15,455,411
142,stable,P26,PRSH,1373.25,301,245
142,stable,P27,PRSH,1205.4,226,176
142,stable,P28,PRSH,1932.2,366,328
142,stable,P29,PRSH,1960.55,661,327
143,stable,G00,GVWY,-8058.85,6443,-63
143,stable,G01,GVWY,-9588.3,6450,-134
143,stable,G02,GVWY,-8802.5,6516,-130
143,stable,G03,GVWY,-9245.6,6442,-108
143,stable,G04,GVWY,-8667.0,6488,-80
143,stable,Z05,ZIC,2442.2,562,256
143,stable,Z06,ZIC,3109.05,575,299
143,stable,Z07,ZIC,3342.2,550,296
143,stable,Z08,ZIC,3096.25,581,335
143,stable,Z09,ZIC,2791.35,535,313
143,stable,S10,SHVR,-6416.3,5624,-34
143,stable,S11,SHVR,-5498.65,5661,93
143,stable,S12,SHVR,-5659.85,5663,-103
143,stable,S13,SHVR,-5787.2,5658,-116
143,stable,S14,SHVR,-6128.65,5693,-47
143,stable,S15,SNPR,-915.15,1261,-17
143,stable,S16,SNPR,-2170.25,1225,-75
143,stable,S17,SNPR,-1320.9,1282,18
143,stable,S18,SNPR,-1014.2,1272,-16
143,stable,S19,SNPR,-1474.6,1230,-68
143,stable,Z20,ZIP,6532.15,3617,-763
143,stable,Z21,ZIP,5302.35,3581,-1007
143,stable,Z22,ZIP,8102.95,3701,-239
143,stable,Z23,ZIP,7602.5,3700,-850
143,stable,Z24,ZIP,7878.25,3687,-605
143,stable,P25,PRSH,11417.0,3108,1000
143,stable,P26,PRSH,4810.6,916,448
143,stable,P27,PRSH,2904.8,388,264
143,stable,P28,PRSH,8972.35,2061,833
143,stable,P29,PRSH,2399.55,363,229
144,stable,G00,GVWY,-5806.0,6393,-387
144,stable,G01,GVWY,-4802.0,6362,-380
144,stable,G02,GVWY,-4889.0,6375,-501
144,stable,G03,GVWY,-6340.0,6441,-333
144,stable,G04,GVWY,-5193.0,6422,-368
144,stable,Z05,ZIC,-84.0,487,221
144,stable,Z06,ZIC,-217.0,488,278
144,stable,Z07,ZIC,-347.0,524,286
144,stable,Z08,ZIC,-141.0,500,244
144,stable,Z09,ZIC,-386.0,544,300
144,stable,S10,SHVR,-4212.0,5540,-34
144,stable,S11,SHVR,-4168.0,5533,-17
144,stable,S12,SHVR,-3493.0,5538,-72
144,stable,S13,SHVR,-4883.0,5582,4
144,stable,S14,SHVR,-5068.0,5593,-77
144,stable,S15,SNPR,-1045.0,1272,14
144,stable,S16,SNPR,-1274.0,1253,-29
144,stable,S17,SNPR,-520.0,1260,-58
144,stable,S18,SNPR,-1175.0,1246,18
144,stable,S19,SNPR,-506.0,1244,-100
144,stable,Z20,ZIP,12544.0,3585,-263
144,stable,Z21,ZIP,10940.0,3481,-185
144,stable,Z22,ZIP,9451.0,3575,-233
144,stable,Z23,ZIP,13684.0,3648,-568
144,stable,Z24,ZIP,10468.0,3538,-254
144,stable,P25,PRSH,-50.0,638,236
144,stable,P26,PRSH,-1099.0,3458,688
144,stable,P27,PRSH,2.0,1487,1007
144,stable,P28,PRSH,-151.0,631,283
144,stable,P29,PRSH,120.0,447,207
145,stable,G00,GVWY,-8646.4,6398,-176
145,stable,G01,GVWY,-6490.5,6434,-390
145,stable,G02,GVWY,-6775.65,6425,-201
145,stable,G03,GVWY,-6093.2,6458,-308
145,stable,G04,GVWY,-7689.5,6398,-190
145,stable,Z05,ZIC,315.1,542,274
145,stable,Z06,ZIC,442.1,554,314
145,stable,Z07,ZIC,451.85,551,289
145,stable,Z08,ZIC,344.65,543,261
145,stable,Z09,ZIC,2.9,544,306
145,stable,S10,SHVR,-5721.3,5522,38
145,stable,S11,SHVR,-5410.95,5557,-43
145,stable,S12,SHVR,-7559.8,5598,128
145,stable,S13,SHVR,-5502.4,5566,-76
145,stable,S14,SHVR,-5821.45,5573,-73
145,stable,S15,SNPR,-1087.4,1240,4
145,stable,S16,SNPR,-1245.2,1256,-68
145,stable,S17,SNPR,-949.3,1266,-62
145,stable,S18,SNPR,-1586.45,1233,-33
145,stable,S19,SNPR,-264.75,1237,-55
145,stable,Z20,ZIP,11869.85,3529,-191
145,stable,Z21,ZIP,11940.55,3605,-353
145,stable,Z22,ZIP,12897.8,3638,-368
145,stable,Z23,ZIP,15416.15,3639,-889
145,stable,Z24,ZIP,13549.55,3649,-373
145,stable,P25,PRSH,491.9,534,266
145,stable,P26,PRSH,487.35,265,179
145,stable,P27,PRSH,1670.3,2226,902
145,stable,P28,PRSH,1154.25,649,585
145,stable,P29,PRSH,404.3,550,242
146,stable,G00,GVWY,-6551.25,6423,-265
146,stable,G01,GVWY,-7052.55,6441,-167
146,stable,G02,GVWY,-6340.45,6425,-293
146,stable,G03,GVWY,-6460.7,6372,-218
146,stable,G04,GVWY,-6027.35,6477,-199
146,stable,Z05,ZIC,260.45,527,173
146,stable,Z06,ZIC,-1049.8,570,268
146,stable,Z07,ZIC,-485.95,503,257
146,stable,Z08,ZIC,-737.3,514,258
146,stable,Z09,ZIC,-664.65,573,299
146,stable,S10,SHVR,-4748.9,5568,-66
146,stable,S11,SHVR,-5966.5,5622,-10
146,stable,S12,SHVR,-3896.4,5586,-96
146,stable,S13,SHVR,-4781.0,5564,-160
146,stable,S14,SHVR,-6696.25,5577,-5
146,stable,S15,SNPR,-1518.0,1230,-40
146,stable,S16,SNPR,-2014.05,1231,23
146,stable,S17,SNPR,-577.25,1235,-45
146,stable,S18,SNPR,-852.4,1226,-96
146,stable,S19,SNPR,-1202.55,1209,-27
146,stable,Z20,ZIP,11689.7,3516,-122
146,stable,Z21,ZIP,17828.65,3713,-719
146,stable,Z22,ZIP,13585.0,3668,-380
146,stable,Z23,ZIP,18686.3,3586,-778
146,stable,Z24,ZIP,12220.25,3515,-135
146,stable,P25,PRSH,-731.85,295,251
146,stable,P26,PRSH,-1318.45,1235,607
146,stable,P27,PRSH,-2045.9,2954,834
146,stable,P28,PRSH,-908.9,832,414
146,stable,P29,PRSH,-865.5,760,390
147,stable,G00,GVWY,-11947.0,6394,-350
147,stable,G01,GVWY,-8316.3,6381,-221
147,stable,G02,GVWY,-7330.6,6378,-112
147,stable,G03,GVWY,-9739.8,6416,-356
147,stable,G04,GVWY,-8128.7,6427,-89
147,stable,Z05,ZIC,3385.6,542,282
147,stable,Z06,ZIC,3890.8,564,266
147,stable,Z07,ZIC,3449.1,557,317
147,stable,Z08,ZIC,3228.8,572,246
147,stable,Z09,ZIC,3283.7,557,269
147,stable,S10,SHVR,-5682.1,5603,33
147,stable,S11,SHVR,-6641.7,5541,-109
147,stable,S12,SHVR,-5228.5,5509,145
147,stable,S13,SHVR,-7555.4,5584,-78
147,stable,S14,SHVR,-7037.3,5501,-121
147,stable,S15,SNPR,-1648.9,1247,-93
147,stable,S16,SNPR,-945.9,1273,57
147,stable,S17,SNPR,-1146.2,1244,-24
147,stable,S18,SNPR,-456.2,1232,36
147,stable,S19,SNPR,-1134.6,1222,38
147,stable,Z20,ZIP,9926.7,3661,-251
147,stable,Z21,ZIP,7886.2,3574,-856
147,stable,Z22,ZIP,9922.6,3586,-98
147,stable,Z23,ZIP,9754.1,3483,-393
147,stable,Z24,ZIP,11347.0,3434,-70
147,stable,P25,PRSH,3447.6,584,292
147,stable,P26,PRSH,2457.5,243,185
147,stable,P27,PRSH,4762.1,815,407
147,stable,P28,PRSH,2935.7,361,249
147,stable,P29,PRSH,4096.2,720,374
148,stable,G00,GVWY,-11452.75,6425,-349
148,stable,G01,GVWY,-9601.0,6370,-456
148,stable,G02,GVWY,-9451.0,6444,-368
148,stable,G03,GVWY,-9214.75,6415,-193
148,stable,G04,GVWY,-11534.25,6355,-339
148,stable,Z05,ZIC,2779.75,607,289
148,stable,Z06,ZIC,2905.0,536,268
148,stable,Z07,ZIC,2123.0,506,232
148,stable,Z08,ZIC,2304.0,554,212
148,stable,Z09,ZIC,2218.25,547,267
148,stable,S10,SHVR,-6044.0,5534,-68
148,stable,S11,SHVR,-5720.0,5482,-44
148,stable,S12,SHVR,-5213.0,5508,-8
148,stable,S13,SHVR,-5097.0,5538,-44
148,stable,S14,SHVR,-6718.0,5618,-56
148,stable,S15,SNPR,-1611.75,1267,11
148,stable,S16,SNPR,-1412.75,1263,11
148,stable,S17,SNPR,-1429.25,1273,-15
148,stable,S18,SNPR,-1700.0,1262,-80
148,stable,S19,SNPR,-1327.75,1269,-81
148,stable,Z20,ZIP,9551.5,3628,-762
148,stable,Z21,ZIP,11059.25,3483,-145
148,stable,Z22,ZIP,9879.0,3320,-168
148,stable,Z23,ZIP,11916.5,3584,-122
148,stable,Z24,ZIP,13043.25,3539,-161
148,stable,P25,PRSH,4705.5,1168,534
148,stable,P26,PRSH,3156.0,568,316
148,stable,P27,PRSH,6856.25,1669,639
148,stable,P28,PRSH,2182.25,293,223
148,stable,P29,PRSH,3044.5,664,366
149,stable,G00,GVWY,-7171.5,6440,-446
149,stable,G01,GVWY,-7006.5,6396,-78
149,stable,G02,GVWY,-8842.0,6496,-100
149,stable,G03,GVWY,-8500.25,6479,-51
149,stable,G04,GVWY,-8773.0,6458,-396
149,stable,Z05,ZIC,377.0,602,284
149,stable,Z06,ZIC,535.5,528,246
149,stable,Z07,ZIC,607.75,567,265
149,stable,Z08,ZIC,195.5,498,234
149,stable,Z09,ZIC,693.5,528,226
149,stable,S10,SHVR,-5578.75,5645,67
149,stable,S11,SHVR,-4637.25,5657,-3
149,stable,S12,SHVR,-5424.75,5669,-57
149,stable,S13,SHVR,-6164.25,5643,-55
149,stable,S14,SHVR,-6455.75,5633,59
149,stable,S15,SNPR,-1266.5,1274,-34
149,stable,S16,SNPR,-1013.75,1275,-17
149,stable,S17,SNPR,-959.25,1265,53
149,stable,S18,SNPR,-709.75,1253,15
149,stable,S19,SNPR,-2147.75,1263,-37
149,stable,Z20,ZIP,13073.0,3622,-496
149,stable,Z21,ZIP,14150.0,3656,-476
149,stable,Z22,ZIP,13093.75,3587,-207
149,stable,Z23,ZIP,15871.25,3793,-973
149,stable,Z24,ZIP,14148.25,3621,-341
149,stable,P25,PRSH,180.5,552,314
149,stable,P26,PRSH,152.5,210,170
149,stable,P27,PRSH,870.0,2952,768
149,stable,P28,PRSH,325.25,323,279
149,stable,P29,PRSH,1196.0,3194,708
0,shock_up,G00,GVWY,-13216.5,6402,-150
0,shock_up,G01,GVWY,-14996.25,6443,-295
0,shock_up,G02,GVWY,-16990.4,6434,-336
0,shock_up,G03,GVWY,-11915.65,6471,-131
0,shock_up,G04,GVWY,-11027.25,6421,-215
0,shock_up,Z05,ZIC,5519.95,523,233
0,shock_up,Z06,ZIC,5145.3,480,202
0,shock_up,Z07,ZIC,4707.1,522,174
0,shock_up,Z08,ZIC,5474.35,447,189
0,shock_up,Z09,ZIC,5378.35,497,209
0,shock_up,S10,SHVR,-8606.35,5641,-69
0,shock_up,S11,SHVR,-5437.55,5609,63
0,shock_up,S12,SHVR,-7788.45,5601,-163
0,shock_up,S13,SHVR,-4858.0,5584,-60
0,shock_up,S14,SHVR,-7602.35,5639,-49
0,shock_up,S15,SNPR,-872.4,1268,-16
0,shock_up,S16,SNPR,-380.75,1271,35
0,shock_up,S17,SNPR,-1509.95,1249,-13
0,shock_up,S18,SNPR,-1716.3,1252,-42
0,shock_up,S19,SNPR,-1204.9,1258,-6
0,shock_up,Z20,ZIP,7604.4,3436,-184
0,shock_up,Z21,ZIP,9136.85,3617,-161
0,shock_up,Z22,ZIP,540.35,3581,-711
0,shock_up,Z23,ZIP,6620.7,3406,-182
0,shock_up,Z24,ZIP,1885.9,3640,-634
0,shock_up,P25,PRSH,17553.95,2189,713
0,shock_up,P26,PRSH,9903.25,1023,375
0,shock_up,P27,PRSH,3905.7,192,138
0,shock_up,P28,PRSH,16306.5,2440,650
0,shock_up,P29,PRSH,7879.55,851,357
1,shock_up,G00,GVWY,-11774.0,6408,-180
1,shock_up,G01,GVWY,-8676.8,6380,-184
1,shock_up,G02,GVWY,-11550.4,6424,-192
1,shock_up,G03,GVWY,-9484.4,6409,-237
1,shock_up,G04,GVWY,-9373.0,6429,-125
1,shock_up,Z05,ZIC,4004.0,487,185
1,shock_up,Z06,ZIC,4297.0,465,195
1,shock_up,Z07,ZIC,5083.6,484,218
1,shock_up,Z08,ZIC,5010.8,503,229
1,shock_up,Z09,ZIC,4813.6,509,203
1,shock_up,S10,SHVR,-7330.2,5620,4
1,shock_up,S11,SHVR,-2968.0,5603,85
1,shock_up,S12,SHVR,-6211.2,5603,-21
1,shock_up,S13,SHVR,-8829.8,5646,-134
1,shock_up,S14,SHVR,-6619.6,5605,-13
1,shock_up,S15,SNPR,-1038.6,1279,-13
1,shock_up,S16,SNPR,-1239.2,1261,29
1,shock_up,S17,SNPR,-1886.6,1248,-128
1,shock_up,S18,SNPR,-1385.2,1269,9
1,shock_up,S19,SNPR,-720.0,1242,30
1,shock_up,Z20,ZIP,-6.2,3571,-791
1,shock_up,Z21,ZIP,8655.2,3492,-124
1,shock_up,Z22,ZIP,7104.0,3456,-190
1,shock_up,Z23,ZIP,-232.4,3628,-822
1,shock_up,Z24,ZIP,3927.4,3588,-408
1,shock_up,P25,PRSH,13453.4,3164,672
1,shock_up,P26,PRSH,6647.2,635,321
1,shock_up,P27,PRSH,3166.8,207,149
1,shock_up,P28,PRSH,7469.8,611,429
1,shock_up,P29,PRSH,15291.6,1846,768
2,shock_up,G00,GVWY,-12902.0,6390,-120
2,shock_up,G01,GVWY,-13112.3,6326,-398
2,shock_up,G02,GVWY,-8709.25,6423,-305
2,shock_up,G03,GVWY,-8977.6,6356,-156
2,shock_up,G04,GVWY,-9734.0,6368,-180
2,shock_up,Z05,ZIC,3624.95,543,247
2,shock_up,Z06,ZIC,1922.95,477,207
2,shock_up,Z07,ZIC,3910.15,521,239
2,shock_up,Z08,ZIC,3284.05,507,153
2,shock_up,Z09,ZIC,3738.6,510,216
2,shock_up,S10,SHVR,-4688.45,5575,-37
2,shock_up,S11,SHVR,-5034.6,5594,104
2,shock_up,S12,SHVR,-5892.4,5592,96
2,shock_up,S13,SHVR,-6071.45,5535,43
2,shock_up,S14,SHVR,-8320.1,5570,-6
2,shock_up,S15,SNPR,-1157.5,1260,70
2,shock_up,S16,SNPR,-1901.35,1267,-71
2,shock_up,S17,SNPR,-1197.55,1235,-43
2,shock_up,S18,SNPR,-918.6,1250,44
2,shock_up,S19,SNPR,-790.9,1222,-14
2,shock_up,Z20,ZIP,9970.4,3564,-336
2,shock_up,Z21,ZIP,11060.4,3544,-236
2,shock_up,Z22,ZIP,4969.45,3611,-1063
2,shock_up,Z23,ZIP,9654.5,3506,-150
2,shock_up,Z24,ZIP,9208.05,3579,-207
2,shock_up,P25,PRSH,3797.05,495,173
2,shock_up,P26,PRSH,2219.4,242,144
2,shock_up,P27,PRSH,5565.35,675,351
2,shock_up,P28,PRSH,10589.25,2297,765
2,shock_up,P29,PRSH,5970.5,878,410
3,shock_up,G00,GVWY,-11754.5,6363,-205
3,shock_up,G01,GVWY,-8002.9,6371,-17
3,shock_up,G02,GVWY,-16604.3,6369,-369
3,shock_up,G03,GVWY,-15002.2,6340,-386
3,shock_up,G04,GVWY,-10415.6,6400,-168
3,shock_up,Z05,ZIC,6267.1,511,273
3,shock_up,Z06,ZIC,5598.7,497,261
3,shock_up,Z07,ZIC,5702.3,485,209
3,shock_up,Z08,ZIC,5939.1,525,253
3,shock_up,Z09,ZIC,6023.6,574,238
3,shock_up,S10,SHVR,-8506.9,5507,-167
3,shock_up,S11,SHVR,-3298.8,5530,-54
3,shock_up,S12,SHVR,-7929.5,5519,-55
3,shock_up,S13,SHVR,-11352.7,5541,-261
3,shock_up,S14,SHVR,-7512.1,5535,-123
3,shock_up,S15,SNPR,-766.7,1263,-21
3,shock_up,S16,SNPR,-1074.4,1242,-72
3,shock_up,S17,SNPR,-459.6,1236,12
3,shock_up,S18,SNPR,-1579.9,1249,-17
3,shock_up,S19,SNPR,-848.0,1262,-10
3,shock_up,Z20,ZIP,7804.1,3429,-237
3,shock_up,Z21,ZIP,6970.2,3554,-164
3,shock_up,Z22,ZIP,8209.1,3449,-207
3,shock_up,Z23,ZIP,9830.0,3448,-150
3,shock_up,Z24,ZIP,9475.2,3552,-174
3,shock_up,P25,PRSH,9494.5,1087,455
3,shock_up,P26,PRSH,7193.8,628,264
3,shock_up,P27,PRSH,8625.8,2058,524
3,shock_up,P28,PRSH,2938.1,163,123
3,shock_up,P29,PRSH,4171.1,215,163
4,shock_up,G00,GVWY,-12046.6,6382,-84
4,shock_up,G01,GVWY,-13181.2,6320,-348
4,shock_up,G02,GVWY,-9403.55,6361,-117
4,shock_up,G03,GVWY,-10432.45,6325,-323
4,shock_up,G04,GVWY,-9131.65,6339,-51
4,shock_up,Z05,ZIC,3026.3,452,222
4,shock_up,Z06,ZIC,2052.2,470,208
4,shock_up,Z07,ZIC,2632.25,515,175
4,shock_up,Z08,ZIC,1897.75,487,205
4,shock_up,Z09,ZIC,3297.8,486,212
4,shock_up,S10,SHVR,-6099.15,5545,79
4,shock_up,S11,SHVR,-5741.15,5565,-41
4,shock_up,S12,SHVR,-683.2,5514,112
4,shock_up,S13,SHVR,-2796.15,5473,-341
4,shock_up,S14,SHVR,-6021.65,5487,-51
4,shock_up,S15,SNPR,-813.5,1246,-10
4,shock_up,S16,SNPR,-554.3,1250,-22
4,shock_up,S17,SNPR,-838.75,1269,-5
4,shock_up,S18,SNPR,-689.7,1260,-18
4,shock_up,S19,SNPR,-1101.1,1260,-34
4,shock_up,Z20,ZIP,9962.0,3548,-180
4,shock_up,Z21,ZIP,8565.4,3606,-484
4,shock_up,Z22,ZIP,9845.9,3492,-254
4,shock_up,Z23,ZIP,8323.25,3523,-265
4,shock_up,Z24,ZIP,8874.4,3596,-204
4,shock_up,P25,PRSH,9045.35,2567,589
4,shock_up,P26,PRSH,4446.3,516,482
4,shock_up,P27,PRSH,1988.6,188,144
4,shock_up,P28,PRSH,2469.35,223,169
4,shock_up,P29,PRSH,2820.2,230,168
5,shock_up,G00,GVWY,-11522.6,6402,-172
5,shock_up,G01,GVWY,-8688.45,6421,-189
5,shock_up,G02,GVWY,-11183.75,6399,-215
5,shock_up,G03,GVWY,-8941.65,6427,-113
5,shock_up,G04,GVWY,-10153.8,6404,-156
5,shock_up,Z05,ZIC,1847.1,476,202
5,shock_up,Z06,ZIC,1960.9,466,178
5,shock_up,Z07,ZIC,2714.4,536,228
5,shock_up,Z08,ZIC,1629.35,463,247
5,shock_up,Z09,ZIC,2233.8,546,156
5,shock_up,S10,SHVR,-7947.7,5572,126
5,shock_up,S11,SHVR,-5212.9,5498,-18
5,shock_up,S12,SHVR,-3076.55,5593,9
5,shock_up,S13,SHVR,-5539.8,5602,-56
5,shock_up,S14,SHVR,-5313.55,5615,-111
5,shock_up,S15,SNPR,-683.1,1250,-62
5,shock_up,S16,SNPR,-1386.65,1251,-33
5,shock_up,S17,SNPR,-948.1,1234,-2
5,shock_up,S18,SNPR,-576.75,1245,-95
5,shock_up,S19,SNPR,-1043.6,1240,28
5,shock_up,Z20,ZIP,11069.25,3501,-155
5,shock_up,Z21,ZIP,10910.0,3568,-100
5,shock_up,Z22,ZIP,10232.75,3729,-285
5,shock_up,Z23,ZIP,11499.1,3728,-778
5,shock_up,Z24,ZIP,11729.95,3585,-361
5,shock_up,P25,PRSH,1273.5,178,130
5,shock_up,P26,PRSH,3162.45,921,409
5,shock_up,P27,PRSH,4738.85,1629,497
5,shock_up,P28,PRSH,1870.4,210,168
5,shock_up,P29,PRSH,5934.35,1383,487
6,shock_up,G00,GVWY,-7907.0,6424,-70
6,shock_up,G01,GVWY,-8293.5,6485,-215
6,shock_up,G02,GVWY,-8895.7,6509,-59
6,shock_up,G03,GVWY,-11645.4,6484,-408
6,shock_up,G04,GVWY,-10137.6,6458,48
6,shock_up,Z05,ZIC,3507.6,550,292
6,shock_up,Z06,ZIC,3094.8,522,236
6,shock_up,Z07,ZIC,2544.0,514,240
6,shock_up,Z08,ZIC,3419.5,579,235
6,shock_up,Z09,ZIC,2966.8,514,236
6,shock_up,S10,SHVR,-6953.5,5711,-115
6,shock_up,S11,SHVR,-5206.9,5695,87
6,shock_up,S12,SHVR,-5058.5,5647,55
6,shock_up,S13,SHVR,-6247.4,5704,-118
6,shock_up,S14,SHVR,-6156.7,5681,-79
6,shock_up,S15,SNPR,-1106.5,1255,5
6,shock_up,S16,SNPR,-724.9,1239,17
6,shock_up,S17,SNPR,-1365.5,1269,45
6,shock_up,S18,SNPR,-547.1,1275,-57
6,shock_up,S19,SNPR,-1517.5,1249,5
6,shock_up,Z20,ZIP,9672.7,3707,-411
6,shock_up,Z21,ZIP,12527.0,3626,-240
6,shock_up,Z22,ZIP,11883.6,3610,-68
6,shock_up,Z23,ZIP,9365.7,3537,-511
6,shock_up,Z24,ZIP,6446.2,3792,-1296
6,shock_up,P25,PRSH,2107.8,204,146
6,shock_up,P26,PRSH,2089.3,233,181
6,shock_up,P27,PRSH,6650.5,4019,685
6,shock_up,P28,PRSH,6189.2,1126,504
6,shock_up,P29,PRSH,260.2,4808,614
7,shock_up,G00,GVWY,-9640.25,6409,-85
7,shock_up,G01,GVWY,-10830.25,6405,-185
7,shock_up,G02,GVWY,-8013.75,6353,-195
7,shock_up,G03,GVWY,-11821.95,6395,21
7,shock_up,G04,GVWY,-7320.95,6405,-119
7,shock_up,Z05,ZIC,1759.9,490,238
7,shock_up,Z06,ZIC,673.1,488,242
7,shock_up,Z07,ZIC,1053.3,528,206
7,shock_up,Z08,ZIC,1859.2,510,244
7,shock_up,Z09,ZIC,997.8,514,216
7,shock_up,S10,SHVR,-6158.65,5549,87
7,shock_up,S11,SHVR,-6262.45,5497,31
7,shock_up,S12,SHVR,-7147.6,5592,128
7,shock_up,S13,SHVR,-4420.0,5564,100
7,shock_up,S14,SHVR,-6317.1,5570,18
7,shock_up,S15,SNPR,-1095.3,1250,-6
7,shock_up,S16,SNPR,-590.7,1244,-34
7,shock_up,S17,SNPR,-407.95,1285,-99
7,shock_up,S18,SNPR,-1706.95,1229,61
7,shock_up,S19,SNPR,-1920.1,1254,58
7,shock_up,Z20,ZIP,12731.55,3463,-189
7,shock_up,Z21,ZIP,14090.5,3618,-1090
7,shock_up,Z22,ZIP,11144.55,3503,-69
7,shock_up,Z23,ZIP,11339.1,3438,-158
7,shock_up,Z24,ZIP,15638.15,3593,-957
7,shock_up,P25,PRSH,1014.55,249,171
7,shock_up,P26,PRSH,1428.25,227,165
7,shock_up,P27,PRSH,3892.1,1090,522
7,shock_up,P28,PRSH,4284.65,861,413
7,shock_up,P29,PRSH,1843.0,352,180
8,shock_up,G00,GVWY,-14430.6,6365,-299
8,shock_up,G01,GVWY,-13974.0,6375,-325
8,shock_up,G02,GVWY,-13222.4,6336,-186
8,shock_up,G03,GVWY,-11723.2,6350,-268
8,shock_up,G04,GVWY,-10977.4,6384,-136
8,shock_up,Z05,ZIC,6680.2,499,253
8,shock_up,Z06,ZIC,5645.2,495,213
8,shock_up,Z07,ZIC,5542.4,467,201
8,shock_up,Z08,ZIC,6065.6,492,214
8,shock_up,Z09,ZIC,5872.8,511,197
8,shock_up,S10,SHVR,-5413.4,5535,69
8,shock_up,S11,SHVR,-6495.4,5518,-56
8,shock_up,S12,SHVR,-4189.0,5484,110
8,shock_up,S13,SHVR,-7369.4,5524,-36
8,shock_up,S14,SHVR,-8769.6,5582,-144
8,shock_up,S15,SNPR,-912.4,1252,-6
8,shock_up,S16,SNPR,-350.2,1221,17
8,shock_up,S17,SNPR,-1296.4,1212,-46
8,shock_up,S18,SNPR,-2915.0,1220,-140
8,shock_up,S19,SNPR,-1316.2,1245,17
8,shock_up,Z20,ZIP,8842.6,3465,-161
8,shock_up,Z21,ZIP,5320.2,3442,-292
8,shock_up,Z22,ZIP,7744.6,3474,-136
8,shock_up,Z23,ZIP,7441.8,3436,-188
8,shock_up,Z24,ZIP,4040.6,3574,-366
8,shock_up,P25,PRSH,7110.4,550,246
8,shock_up,P26,PRSH,10623.0,774,350
8,shock_up,P27,PRSH,4795.0,233,185
8,shock_up,P28,PRSH,13154.2,1055,493
8,shock_up,P29,PRSH,4289.6,225,159
9,shock_up,G00,GVWY,-14444.1,6412,-282
9,shock_up,G01,GVWY,-20338.3,6416,-346
9,shock_up,G02,GVWY,-12309.85,6449,-247
9,shock_up,G03,GVWY,-17080.1,6466,-382
9,shock_up,G04,GVWY,-12304.55,6449,-341
9,shock_up,Z05,ZIC,5355.15,461,233
9,shock_up,Z06,ZIC,3876.7,528,174
9,shock_up,Z07,ZIC,4487.35,525,217
9,shock_up,Z08,ZIC,5737.6,528,252
9,shock_up,Z09,ZIC,4614.15,487,173
9,shock_up,S10,SHVR,-3191.8,5628,44
9,shock_up,S11,SHVR,-6052.45,5557,1
9,shock_up,S12,SHVR,-4478.3,5634,94
9,shock_up,S13,SHVR,-6641.45,5591,-139
9,shock_up,S14,SHVR,-6260.45,5561,1
9,shock_up,S15,SNPR,-1136.65,1241,-3
9,shock_up,S16,SNPR,-1209.35,1249,-37
9,shock_up,S17,SNPR,-828.05,1221,9
9,shock_up,S18,SNPR,-1731.65,1227,-103
9,shock_up,S19,SNPR,-349.95,1227,71
9,shock_up,Z20,ZIP,7937.05,3645,-309
9,shock_up,Z21,ZIP,8597.85,3593,-133
9,shock_up,Z22,ZIP,6677.85,3509,-393
9,shock_up,Z23,ZIP,4861.65,3611,-437
9,shock_up,Z24,ZIP,7607.9,3530,-282
9,shock_up,P25,PRSH,9029.2,860,344
9,shock_up,P26,PRSH,5804.8,552,256
9,shock_up,P27,PRSH,14966.2,3104,644
9,shock_up,P28,PRSH,10123.85,761,507
9,shock_up,P29,PRSH,7610.0,708,320
10,shock_up,G00,GVWY,-14167.5,6410,-470
10,shock_up,G01,GVWY,-11502.5,6376,-210
10,shock_up,G02,GVWY,-10703.0,6394,-180
10,shock_up,G03,GVWY,-10373.4,6428,-164
10,shock_up,G04,GVWY,-14387.15,6395,-299
10,shock_up,Z05,ZIC,3754.2,474,212
10,shock_up,Z06,ZIC,3808.45,503,237
10,shock_up,Z07,ZIC,4736.65,527,229
10,shock_up,Z08,ZIC,3831.05,487,233
10,shock_up,Z09,ZIC,4982.65,559,229
10,shock_up,S10,SHVR,-7171.45,5645,-157
10,shock_up,S11,SHVR,-6609.8,5634,-88
10,shock_up,S12,SHVR,-6715.1,5628,-6
10,shock_up,S13,SHVR,-4135.4,5640,-24
10,shock_up,S14,SHVR,-6019.15,5599,1
10,shock_up,S15,SNPR,-1060.45,1245,-57
10,shock_up,S16,SNPR,-1629.75,1247,5
10,shock_up,S17,SNPR,-921.2,1250,28
10,shock_up,S18,SNPR,-855.1,1264,-46
10,shock_up,S19,SNPR,-764.15,1249,61
10,shock_up,Z20,ZIP,7490.75,3523,-245
10,shock_up,Z21,ZIP,7823.2,3650,-268
10,shock_up,Z22,ZIP,8987.3,3598,-122
10,shock_up,Z23,ZIP,4808.85,3651,-499
10,shock_up,Z24,ZIP,8033.35,3455,-389
10,shock_up,P25,PRSH,12397.7,4530,602
10,shock_up,P26,PRSH,13149.75,2209,655
10,shock_up,P27,PRSH,3548.65,239,149
10,shock_up,P28,PRSH,5672.3,374,318
10,shock_up,P29,PRSH,4170.2,430,232
11,shock_up,G00,GVWY,-12969.6,6464,-76
11,shock_up,G01,GVWY,-13715.4,6438,-274
11,shock_up,G02,GVWY,-6932.0,6388,-50
11,shock_up,G03,GVWY,-12768.9,6413,-359
11,shock_up,G04,GVWY,-12552.3,6399,-243
11,shock_up,Z05,ZIC,1857.4,540,194
11,shock_up,Z06,ZIC,3238.5,515,265
11,shock_up,Z07,ZIC,2964.7,485,177
11,shock_up,Z08,ZIC,2973.9,497,219
11,shock_up,Z09,ZIC,3319.0,512,210
11,shock_up,S10,SHVR,-2450.4,5566,136
11,shock_up,S11,SHVR,-3293.2,5576,238
11,shock_up,S12,SHVR,-5222.4,5566,-4
11,shock_up,S13,SHVR,-6414.4,5530,46
11,shock_up,S14,SHVR,-5425.4,5540,56
11,shock_up,S15,SNPR,-1127.3,1271,-13
11,shock_up,S16,SNPR,-1243.3,1273,-43
11,shock_up,S17,SNPR,-987.0,1248,-90
11,shock_up,S18,SNPR,-909.2,1252,38
11,shock_up,S19,SNPR,-647.5,1271,5
11,shock_up,Z20,ZIP,9141.6,3410,-54
11,shock_up,Z21,ZIP,7206.3,3673,-967
11,shock_up,Z22,ZIP,12183.0,3470,-190
11,shock_up,Z23,ZIP,10194.3,3485,-277
11,shock_up,Z24,ZIP,8468.2,3608,-688
11,shock_up,P25,PRSH,7556.1,1865,651
11,shock_up,P26,PRSH,5884.0,694,340
11,shock_up,P27,PRSH,2652.2,240,162
11,shock_up,P28,PRSH,5319.4,350,324
11,shock_up,P29,PRSH,2948.2,232,192
12,shock_up,G00,GVWY,-8450.6,6428,74
12,shock_up,G01,GVWY,-11557.6,6422,-106
12,shock_up,G02,GVWY,-6284.5,6469,-35
12,shock_up,G03,GVWY,-11831.1,6373,-171
12,shock_up,G04,GVWY,-10880.4,6504,-244
12,shock_up,Z05,ZIC,5497.3,501,243
12,shock_up,Z06,ZIC,5800.7,579,267
12,shock_up,Z07,ZIC,4323.1,521,231
12,shock_up,Z08,ZIC,5878.7,501,287
12,shock_up,Z09,ZIC,5594.7,563,277
12,shock_up,S10,SHVR,-5292.9,5575,11
12,shock_up,S11,SHVR,-5918.8,5508,-88
12,shock_up,S12,SHVR,-4046.4,5614,116
12,shock_up,S13,SHVR,-6278.0,5582,-30
12,shock_up,S14,SHVR,-6724.8,5612,-128
12,shock_up,S15,SNPR,-1664.9,1245,-59
12,shock_up,S16,SNPR,-894.9,1217,41
12,shock_up,S17,SNPR,-1531.5,1233,-15
12,shock_up,S18,SNPR,-2098.2,1242,-42
12,shock_up,S19,SNPR,-792.7,1255,43
12,shock_up,Z20,ZIP,8546.4,3570,-176
12,shock_up,Z21,ZIP,5905.6,3624,-404
12,shock_up,Z22,ZIP,7410.6,3400,-204
12,shock_up,Z23,ZIP,4040.6,3556,-604
12,shock_up,Z24,ZIP,-165.8,3568,-798
12,shock_up,P25,PRSH,8247.0,856,370
12,shock_up,P26,PRSH,5078.2,334,242
12,shock_up,P27,PRSH,4351.5,223,205
12,shock_up,P28,PRSH,3899.8,292,188
12,shock_up,P29,PRSH,9066.9,967,419
13,shock_up,G00,GVWY,-10742.9,6428,-238
13,shock_up,G01,GVWY,-7215.05,6385,-141
13,shock_up,G02,GVWY,-10163.2,6396,-264
13,shock_up,G03,GVWY,-10085.25,6399,-165
13,shock_up,G04,GVWY,-10273.15,6441,-403
13,shock_up,Z05,ZIC,1429.25,475,205
13,shock_up,Z06,ZIC,2131.4,474,248
13,shock_up,Z07,ZIC,2281.9,488,198
13,shock_up,Z08,ZIC,1940.55,483,191
13,shock_up,Z09,ZIC,2414.45,581,269
13,shock_up,S10,SHVR,-4836.6,5590,-232
13,shock_up,S11,SHVR,-5411.7,5548,-234
13,shock_up,S12,SHVR,-5331.15,5569,37
13,shock_up,S13,SHVR,-6707.55,5555,-51
13,shock_up,S14,SHVR,-6265.95,5599,41
13,shock_up,S15,SNPR,-757.65,1255,-33
13,shock_up,S16,SNPR,-1387.9,1226,-18
13,shock_up,S17,SNPR,-860.25,1231,-5
13,shock_up,S18,SNPR,-92.7,1238,6
13,shock_up,S19,SNPR,-958.25,1233,15
13,shock_up,Z20,ZIP,9812.75,3499,-45
13,shock_up,Z21,ZIP,10225.15,3581,-337
13,shock_up,Z22,ZIP,11286.1,3400,-38
13,shock_up,Z23,ZIP,11428.95,3559,-101
13,shock_up,Z24,ZIP,10796.5,3552,-370
13,shock_up,P25,PRSH,1491.9,196,138
13,shock_up,P26,PRSH,8756.6,2522,672
13,shock_up,P27,PRSH,2644.85,353,197
13,shock_up,P28,PRSH,1692.15,233,123
13,shock_up,P29,PRSH,3456.8,270,236
14,shock_up,G00,GVWY,-9840.5,6410,-50
14,shock_up,G01,GVWY,-9564.35,6439,-173
14,shock_up,G02,GVWY,-12144.65,6411,-247
14,shock_up,G03,GVWY,-6267.9,6404,18
14,shock_up,G04,GVWY,-11901.7,6422,-106
14,shock_up,Z05,ZIC,2941.05,503,179
14,shock_up,Z06,ZIC,4597.8,538,244
14,shock_up,Z07,ZIC,5029.4,532,232
14,shock_up,Z08,ZIC,5415.75,581,265
14,shock_up,Z09,ZIC,4472.3,486,234
14,shock_up,S10,SHVR,-9591.85,5625,-183
14,shock_up,S11,SHVR,-1989.85,5637,17
14,shock_up,S12,SHVR,-5799.45,5593,-11
14,shock_up,S13,SHVR,-3959.85,5583,197
14,shock_up,S14,SHVR,-3674.5,5642,10
14,shock_up,S15,SNPR,-1557.5,1218,-30
14,shock_up,S16,SNPR,-1282.05,1239,61
14,shock_up,S17,SNPR,-1382.95,1265,-21
14,shock_up,S18,SNPR,-899.5,1236,10
14,shock_up,S19,SNPR,-1333.05,1263,-39
14,shock_up,Z20,ZIP,8705.15,3639,-223
14,shock_up,Z21,ZIP,-2332.15,3647,-877
14,shock_up,Z22,ZIP,2651.95,3551,-539
14,shock_up,Z23,ZIP,4609.9,3638,-598
14,shock_up,Z24,ZIP,4209.05,3693,-421
14,shock_up,P25,PRSH,11342.95,627,441
14,shock_up,P26,PRSH,15389.95,3137,841
14,shock_up,P27,PRSH,2814.7,202,146
14,shock_up,P28,PRSH,5518.5,586,270
14,shock_up,P29,PRSH,5933.65,697,287
15,shock_up,G00,GVWY,-9910.6,6376,-94
15,shock_up,G01,GVWY,-12473.0,6398,-320
15,shock_up,G02,GVWY,-11017.3,6471,-167
15,shock_up,G03,GVWY,-12331.5,6427,-295
15,shock_up,G04,GVWY,-6662.3,6429,-247
15,shock_up,Z05,ZIC,3200.7,431,163
15,shock_up,Z06,ZIC,3755.7,513,193
15,shock_up,Z07,ZIC,4271.1,515,189
15,shock_up,Z08,ZIC,3747.0,526,190
15,shock_up,Z09,ZIC,3325.1,483,229
15,shock_up,S10,SHVR,-8083.1,5551,-19
15,shock_up,S11,SHVR,-6356.0,5558,-100
15,shock_up,S12,SHVR,-4629.0,5604,150
15,shock_up,S13,SHVR,-5275.2,5548,52
15,shock_up,S14,SHVR,-8881.2,5560,-118
15,shock_up,S15,SNPR,-1356.5,1239,55
15,shock_up,S16,SNPR,-1067.1,1253,-29
15,shock_up,S17,SNPR,-1322.8,1266,18
15,shock_up,S18,SNPR,-1252.8,1258,-12
15,shock_up,S19,SNPR,-1088.9,1249,29
15,shock_up,Z20,ZIP,6276.3,3569,-453
15,shock_up,Z21,ZIP,10155.4,3558,-114
15,shock_up,Z22,ZIP,6138.8,3620,-588
15,shock_up,Z23,ZIP,7440.9,3527,-429
15,shock_up,Z24,ZIP,10464.1,3409,-111
15,shock_up,P25,PRSH,10040.1,1913,609
15,shock_up,P26,PRSH,4794.1,597,259
15,shock_up,P27,PRSH,7190.5,937,335
15,shock_up,P28,PRSH,7371.6,1310,454
15,shock_up,P29,PRSH,3262.5,189,145
16,shock_up,G00,GVWY,-7655.3,6374,-66
16,shock_up,G01,GVWY,-14344.5,6338,-390
16,shock_up,G02,GVWY,-10739.75,6327,-225
16,shock_up,G03,GVWY,-9212.4,6380,-268
16,shock_up,G04,GVWY,-12467.5,6384,-370
16,shock_up,Z05,ZIC,4853.2,490,244
16,shock_up,Z06,ZIC,3776.25,505,235
16,shock_up,Z07,ZIC,4290.95,467,209
16,shock_up,Z08,ZIC,3611.65,509,223
16,shock_up,Z09,ZIC,4757.25,509,235
16,shock_up,S10,SHVR,-7745.5,5574,-90
16,shock_up,S11,SHVR,-5237.5,5534,-10
16,shock_up,S12,SHVR,-6279.8,5578,-16
16,shock_up,S13,SHVR,-4761.9,5502,2
16,shock_up,S14,SHVR,-5034.95,5473,211
16,shock_up,S15,SNPR,-1485.65,1253,-23
16,shock_up,S16,SNPR,-2002.65,1245,-143
16,shock_up,S17,SNPR,-1303.5,1242,-10
16,shock_up,S18,SNPR,-880.45,1241,-79
16,shock_up,S19,SNPR,-920.35,1207,3
16,shock_up,Z20,ZIP,9704.9,3680,-282
16,shock_up,Z21,ZIP,8142.05,3599,-169
16,shock_up,Z22,ZIP,9951.65,3581,-457
16,shock_up,Z23,ZIP,10079.25,3593,-85
16,shock_up,Z24,ZIP,8321.95,3541,-231
16,shock_up,P25,PRSH,6409.85,755,327
16,shock_up,P26,PRSH,2303.0,194,140
16,shock_up,P27,PRSH,3890.05,249,191
16,shock_up,P28,PRSH,4060.75,387,185
16,shock_up,P29,PRSH,5725.15,4311,633
17,shock_up,G00,GVWY,-7202.0,6375,-17
17,shock_up,G01,GVWY,-7948.0,6432,-274
17,shock_up,G02,GVWY,-14124.0,6431,-263
17,shock_up,G03,GVWY,-11585.0,6431,-275
17,shock_up,G04,GVWY,-9065.0,6369,-29
17,shock_up,Z05,ZIC,3907.0,543,267
17,shock_up,Z06,ZIC,4102.0,471,213
17,shock_up,Z07,ZIC,4006.0,559,233
17,shock_up,Z08,ZIC,3883.0,480,218
17,shock_up,Z09,ZIC,4096.0,512,162
17,shock_up,S10,SHVR,-4143.0,5524,162
17,shock_up,S11,SHVR,-6656.0,5587,-73
17,shock_up,S12,SHVR,-6696.0,5595,-69
17,shock_up,S13,SHVR,-4004.0,5584,84
17,shock_up,S14,SHVR,-4732.0,5570,144
17,shock_up,S15,SNPR,-889.0,1210,86
17,shock_up,S16,SNPR,-1518.0,1235,-69
17,shock_up,S17,SNPR,-783.0,1243,-31
17,shock_up,S18,SNPR,-1185.0,1240,-56
17,shock_up,S19,SNPR,-693.0,1239,39
17,shock_up,Z20,ZIP,6126.0,3561,-521
17,shock_up,Z21,ZIP,597.0,3619,-1047
17,shock_up,Z22,ZIP,8001.0,3570,-176
17,shock_up,Z23,ZIP,8476.0,3513,-205
17,shock_up,Z24,ZIP,8284.0,3607,-175
17,shock_up,P25,PRSH,11654.0,2189,647
17,shock_up,P26,PRSH,3467.0,235,197
17,shock_up,P27,PRSH,7173.0,424,394
17,shock_up,P28,PRSH,4227.0,377,203
17,shock_up,P29,PRSH,3606.0,224,180
18,shock_up,G00,GVWY,-13905.4,6362,-172
18,shock_up,G01,GVWY,-8512.6,6369,-263
18,shock_up,G02,GVWY,-12744.0,6357,-205
18,shock_up,G03,GVWY,-11156.6,6371,-343
18,shock_up,G04,GVWY,-10047.6,6357,-223
18,shock_up,Z05,ZIC,3411.0,455,195
18,shock_up,Z06,ZIC,4876.0,532,220
18,shock_up,Z07,ZIC,4552.2,480,226
18,shock_up,Z08,ZIC,4639.4,562,222
18,shock_up,Z09,ZIC,4135.2,527,251
18,shock_up,S10,SHVR,-7846.6,5569,-123
18,shock_up,S11,SHVR,-5221.4,5539,13
18,shock_up,S12,SHVR,-1611.6,5534,52
18,shock_up,S13,SHVR,-4939.2,5508,-6
18,shock_up,S14,SHVR,-9927.2,5516,-66
18,shock_up,S15,SNPR,-1287.0,1242,-50
18,shock_up,S16,SNPR,-1169.8,1226,-34
18,shock_up,S17,SNPR,-1517.8,1265,31
18,shock_up,S18,SNPR,-1094.4,1255,-17
18,shock_up,S19,SNPR,-364.6,1233,37
18,shock_up,Z20,ZIP,8249.6,3504,-252
18,shock_up,Z21,ZIP,8269.6,3561,-487
18,shock_up,Z22,ZIP,8945.8,3428,-176
18,shock_up,Z23,ZIP,7520.8,3479,-221
18,shock_up,Z24,ZIP,8109.8,3522,-266
18,shock_up,P25,PRSH,4483.2,1055,411
18,shock_up,P26,PRSH,8013.4,1072,442
18,shock_up,P27,PRSH,7055.6,328,268
18,shock_up,P28,PRSH,5299.8,586,294
18,shock_up,P29,PRSH,3107.0,205,165
19,shock_up,G00,GVWY,-8101.9,6466,-186
19,shock_up,G01,GVWY,-14312.15,6497,-321
19,shock_up,G02,GVWY,-10957.2,6514,-288
19,shock_up,G03,GVWY,-9000.5,6398,90
19,shock_up,G04,GVWY,-13027.4,6430,-216
19,shock_up,Z05,ZIC,4481.3,554,282
19,shock_up,Z06,ZIC,3584.8,480,212
19,shock_up,Z07,ZIC,3606.6,470,224
19,shock_up,Z08,ZIC,4273.3,492,222
19,shock_up,Z09,ZIC,2772.4,508,176
19,shock_up,S10,SHVR,-5330.95,5721,-93
19,shock_up,S11,SHVR,-5843.45,5621,-23
19,shock_up,S12,SHVR,-3884.45,5691,17
19,shock_up,S13,SHVR,-8065.35,5727,-189
19,shock_up,S14,SHVR,-5205.5,5658,-90
19,shock_up,S15,SNPR,-1185.2,1260,52
19,shock_up,S16,SNPR,-1225.55,1261,-37
19,shock_up,S17,SNPR,-1444.25,1283,-95
19,shock_up,S18,SNPR,-1039.5,1250,10
19,shock_up,S19,SNPR,-691.05,1253,73
19,shock_up,Z20,ZIP,2447.45,3639,-937
19,shock_up,Z21,ZIP,6509.0,3674,-440
19,shock_up,Z22,ZIP,5558.6,3678,-316
19,shock_up,Z23,ZIP,7767.05,3367,-153
19,shock_up,Z24,ZIP,4680.5,3660,-610
19,shock_up,P25,PRSH,10884.55,3669,717
19,shock_up,P26,PRSH,9468.8,1536,532
19,shock_up,P27,PRSH,13160.4,1460,756
19,shock_up,P28,PRSH,4713.8,1276,352
19,shock_up,P29,PRSH,4814.45,255,203
20,shock_up,G00,GVWY,-13505.1,6370,-258
20,shock_up,G01,GVWY,-17532.3,6442,-214
20,shock_up,G02,GVWY,-21398.7,6428,-386
20,shock_up,G03,GVWY,-11627.65,6423,-107
20,shock_up,G04,GVWY,-15285.8,6446,-224
20,shock_up,Z05,ZIC,7318.9,500,202
20,shock_up,Z06,ZIC,7559.75,529,205
20,shock_up,Z07,ZIC,8054.65,509,247
20,shock_up,Z08,ZIC,8318.05,535,239
20,shock_up,Z09,ZIC,6261.1,508,178
20,shock_up,S10,SHVR,-8133.1,5592,-58
20,shock_up,S11,SHVR,-6234.95,5611,-121
20,shock_up,S12,SHVR,-5723.25,5587,65
20,shock_up,S13,SHVR,-8685.15,5695,-57
20,shock_up,S14,SHVR,-4050.85,5633,77
20,shock_up,S15,SNPR,-1185.25,1243,-15
20,shock_up,S16,SNPR,-1600.55,1253,-9
20,shock_up,S17,SNPR,-3595.2,1242,-156
20,shock_up,S18,SNPR,-1169.4,1236,-12
20,shock_up,S19,SNPR,-586.05,1243,21
20,shock_up,Z20,ZIP,189.6,3666,-412
20,shock_up,Z21,ZIP,5507.2,3508,-204
20,shock_up,Z22,ZIP,3998.3,3528,-306
20,shock_up,Z23,ZIP,-2908.2,3692,-596
20,shock_up,Z24,ZIP,5121.55,3635,-231
20,shock_up,P25,PRSH,5490.15,199,157
20,shock_up,P26,PRSH,23465.95,2529,741
20,shock_up,P27,PRSH,9742.2,738,276
20,shock_up,P28,PRSH,10851.95,805,301
20,shock_up,P29,PRSH,18245.55,1487,569
21,shock_up,G00,GVWY,-9566.45,6409,-271
21,shock_up,G01,GVWY,-15573.15,6405,-217
21,shock_up,G02,GVWY,-6673.55,6407,-9
21,shock_up,G03,GVWY,-12401.1,6378,-178
21,shock_up,G04,GVWY,-9519.1,6426,-138
21,shock_up,Z05,ZIC,4560.75,509,225
21,shock_up,Z06,ZIC,3646.65,505,187
21,shock_up,Z07,ZIC,5041.0,544,240
21,shock_up,Z08,ZIC,4553.1,538,238
21,shock_up,Z09,ZIC,4456.55,537,229
21,shock_up,S10,SHVR,-3196.45,5589,209
21,shock_up,S11,SHVR,-5871.5,5588,-30
21,shock_up,S12,SHVR,-4978.25,5625,-15
21,shock_up,S13,SHVR,-6306.1,5602,2
21,shock_up,S14,SHVR,-9181.05,5547,-179
21,shock_up,S15,SNPR,-1056.85,1227,17
21,shock_up,S16,SNPR,-679.3,1254,-14
21,shock_up,S17,SNPR,-912.5,1238,10
21,shock_up,S18,SNPR,-1466.15,1251,-97
21,shock_up,S19,SNPR,-1152.0,1220,-60
21,shock_up,Z20,ZIP,9613.4,3484,-128
21,shock_up,Z21,ZIP,7762.4,3444,-128
21,shock_up,Z22,ZIP,-121.3,3436,-934
21,shock_up,Z23,ZIP,6141.65,3509,-273
21,shock_up,Z24,ZIP,5906.2,3576,-604
21,shock_up,P25,PRSH,15365.3,2192,754
21,shock_up,P26,PRSH,7279.15,1223,417
21,shock_up,P27,PRSH,4751.55,489,249
21,shock_up,P28,PRSH,3046.1,206,138
21,shock_up,P29,PRSH,6245.15,819,297
22,shock_up,G00,GVWY,-9959.0,6332,-50
22,shock_up,G01,GVWY,-11997.8,6394,-144
22,shock_up,G02,GVWY,-8489.6,6390,-28
22,shock_up,G03,GVWY,-13655.8,6364,-114
22,shock_up,G04,GVWY,-11385.4,6290,-142
22,shock_up,Z05,ZIC,5870.2,498,196
22,shock_up,Z06,ZIC,4992.5,493,185
22,shock_up,Z07,ZIC,5452.9,515,187
22,shock_up,Z08,ZIC,6401.8,494,204
22,shock_up,Z09,ZIC,4986.7,467,221
22,shock_up,S10,SHVR,-4626.6,5502,92
22,shock_up,S11,SHVR,-7993.2,5490,-86
22,shock_up,S12,SHVR,-11262.2,5482,-326
22,shock_up,S13,SHVR,-4195.5,5479,-5
22,shock_up,S14,SHVR,-5463.0,5446,90
22,shock_up,S15,SNPR,-1330.9,1253,13
22,shock_up,S16,SNPR,-956.2,1212,-36
22,shock_up,S17,SNPR,-1483.1,1217,-53
22,shock_up,S18,SNPR,-1036.3,1235,-49
22,shock_up,S19,SNPR,-1339.3,1203,21
22,shock_up,Z20,ZIP,10426.6,3528,-72
22,shock_up,Z21,ZIP,5259.3,3499,-521
22,shock_up,Z22,ZIP,8038.6,3562,-232
22,shock_up,Z23,ZIP,7290.5,3515,-255
22,shock_up,Z24,ZIP,6010.0,3620,-300
22,shock_up,P25,PRSH,11592.8,1220,424
22,shock_up,P26,PRSH,3192.5,181,125
22,shock_up,P27,PRSH,5601.3,457,209
22,shock_up,P28,PRSH,3924.6,218,168
22,shock_up,P29,PRSH,4668.2,200,166
23,shock_up,G00,GVWY,-10583.35,6431,-43
23,shock_up,G01,GVWY,-12903.9,6440,-322
23,shock_up,G02,GVWY,-15911.6,6456,-208
23,shock_up,G03,GVWY,-7672.1,6460,22
23,shock_up,G04,GVWY,-9835.0,6452,-200
23,shock_up,Z05,ZIC,4289.1,488,238
23,shock_up,Z06,ZIC,5322.25,547,265
23,shock_up,Z07,ZIC,4620.85,525,233
23,shock_up,Z08,ZIC,5336.9,540,282
23,shock_up,Z09,ZIC,4006.4,488,212
23,shock_up,S10,SHVR,-10377.45,5593,-121
23,shock_up,S11,SHVR,-6341.15,5641,73
23,shock_up,S12,SHVR,-8957.85,5621,-33
23,shock_up,S13,SHVR,-6482.65,5633,83
23,shock_up,S14,SHVR,-9779.6,5640,-128
23,shock_up,S15,SNPR,-1737.35,1245,-103
23,shock_up,S16,SNPR,-1971.45,1257,-21
23,shock_up,S17,SNPR,-669.8,1258,36
23,shock_up,S18,SNPR,-1397.2,1254,-16
23,shock_up,S19,SNPR,-1523.7,1268,14
23,shock_up,Z20,ZIP,7961.8,3598,-356
23,shock_up,Z21,ZIP,6352.4,3592,-528
23,shock_up,Z22,ZIP,9917.0,3610,-380
23,shock_up,Z23,ZIP,9870.25,3553,-335
23,shock_up,Z24,ZIP,6212.1,3486,-622
23,shock_up,P25,PRSH,3643.55,219,159
23,shock_up,P26,PRSH,9729.3,1132,474
23,shock_up,P27,PRSH,3076.35,195,143
23,shock_up,P28,PRSH,9263.35,831,383
23,shock_up,P29,PRSH,15945.75,4045,795
24,shock_up,G00,GVWY,-6771.8,6431,89
24,shock_up,G01,GVWY,-7957.4,6507,-133
24,shock_up,G02,GVWY,-7759.0,6463,-5
24,shock_up,G03,GVWY,-12745.2,6443,-119
24,shock_up,G04,GVWY,-13615.0,6502,-210
24,shock_up,Z05,ZIC,3682.4,517,223
24,shock_up,Z06,ZIC,4529.4,500,298
24,shock_up,Z07,ZIC,4147.6,528,232
24,shock_up,Z08,ZIC,3632.0,508,220
24,shock_up,Z09,ZIC,3566.4,490,218
24,shock_up,S10,SHVR,-5190.6,5635,43
24,shock_up,S11,SHVR,-5640.4,5695,127
24,shock_up,S12,SHVR,-3418.4,5661,27
24,shock_up,S13,SHVR,-8235.6,5622,-92
24,shock_up,S14,SHVR,-5264.2,5673,211
24,shock_up,S15,SNPR,-1092.8,1253,29
24,shock_up,S16,SNPR,-1287.4,1246,-18
24,shock_up,S17,SNPR,-781.4,1223,137
24,shock_up,S18,SNPR,-723.2,1242,-54
24,shock_up,S19,SNPR,-907.4,1265,7
24,shock_up,Z20,ZIP,4693.0,3692,-790
24,shock_up,Z21,ZIP,5534.4,3660,-802
24,shock_up,Z22,ZIP,6320.2,3652,-476
24,shock_up,Z23,ZIP,2495.2,3682,-976
24,shock_up,Z24,ZIP,6170.8,3627,-609
24,shock_up,P25,PRSH,2875.0,271,165
24,shock_up,P26,PRSH,4858.2,435,269
24,shock_up,P27,PRSH,13820.6,2976,922
24,shock_up,P28,PRSH,9757.2,1418,684
24,shock_up,P29,PRSH,5258.8,588,326
25,shock_up,G00,GVWY,-13462.55,6431,-193
25,shock_up,G01,GVWY,-13760.55,6443,-373
25,shock_up,G02,GVWY,-17598.05,6433,-563
25,shock_up,G03,GVWY,-10391.9,6382,-74
25,shock_up,G04,GVWY,-11086.0,6416,-280
25,shock_up,Z05,ZIC,4037.55,477,153
25,shock_up,Z06,ZIC,4724.15,495,209
25,shock_up,Z07,ZIC,5673.95,543,197
25,shock_up,Z08,ZIC,4343.25,463,175
25,shock_up,Z09,ZIC,5112.8,506,208
25,shock_up,S10,SHVR,-9240.1,5608,-146
25,shock_up,S11,SHVR,-7160.5,5682,-30
25,shock_up,S12,SHVR,-6199.2,5572,128
25,shock_up,S13,SHVR,-9511.4,5574,-124
25,shock_up,S14,SHVR,-7196.3,5620,-98
25,shock_up,S15,SNPR,-716.95,1235,3
25,shock_up,S16,SNPR,-1242.95,1215,-57
25,shock_up,S17,SNPR,-1027.95,1235,23
25,shock_up,S18,SNPR,-2205.6,1244,-76
25,shock_up,S19,SNPR,-917.65,1223,21
25,shock_up,Z20,ZIP,7916.95,3625,-163
25,shock_up,Z21,ZIP,8727.45,3565,-313
25,shock_up,Z22,ZIP,11037.45,3649,-73
25,shock_up,Z23,ZIP,11449.3,3604,-142
25,shock_up,Z24,ZIP,9113.75,3529,-195
25,shock_up,P25,PRSH,13878.05,1963,623
25,shock_up,P26,PRSH,5634.05,597,243
25,shock_up,P27,PRSH,2491.45,185,127
25,shock_up,P28,PRSH,13911.35,3205,601
25,shock_up,P29,PRSH,3465.8,278,148
26,shock_up,G00,GVWY,-10258.0,6411,-247
26,shock_up,G01,GVWY,-10515.0,6415,-289
26,shock_up,G02,GVWY,-10503.0,6376,-144
26,shock_up,G03,GVWY,-6342.0,6437,-109
26,shock_up,G04,GVWY,-7559.0,6402,-190
26,shock_up,Z05,ZIC,4380.0,510,236
26,shock_up,Z06,ZIC,2568.0,487,193
26,shock_up,Z07,ZIC,2745.0,448,190
26,shock_up,Z08,ZIC,4141.0,497,189
26,shock_up,Z09,ZIC,2701.0,464,194
26,shock_up,S10,SHVR,-7655.0,5620,-68
26,shock_up,S11,SHVR,-5806.0,5563,15
26,shock_up,S12,SHVR,-6591.0,5670,-70
26,shock_up,S13,SHVR,-7318.0,5684,-16
26,shock_up,S14,SHVR,-7895.0,5576,-62
26,shock_up,S15,SNPR,-1151.0,1226,-82
26,shock_up,S16,SNPR,-904.0,1263,-45
26,shock_up,S17,SNPR,-1029.0,1253,-9
26,shock_up,S18,SNPR,-1066.0,1247,11
26,shock_up,S19,SNPR,-525.0,1247,29
26,shock_up,Z20,ZIP,5479.0,3581,-499
26,shock_up,Z21,ZIP,8344.0,3522,-64
26,shock_up,Z22,ZIP,8798.0,3569,-139
26,shock_up,Z23,ZIP,6576.0,3612,-380
26,shock_up,Z24,ZIP,9005.0,3723,-367
26,shock_up,P25,PRSH,7183.0,523,435
26,shock_up,P26,PRSH,3388.0,539,199
26,shock_up,P27,PRSH,4653.0,241,209
26,shock_up,P28,PRSH,9718.0,2965,509
26,shock_up,P29,PRSH,5734.0,841,305
27,shock_up,G00,GVWY,-9215.75,6453,-191
27,shock_up,G01,GVWY,-10477.25,6469,-133
27,shock_up,G02,GVWY,-12753.75,6413,-347
27,shock_up,G03,GVWY,-10463.25,6449,-177
27,shock_up,G04,GVWY,-9249.25,6467,-209
27,shock_up,Z05,ZIC,3901.25,525,241
27,shock_up,Z06,ZIC,3642.0,518,188
27,shock_up,Z07,ZIC,3740.75,549,259
27,shock_up,Z08,ZIC,3381.75,531,271
27,shock_up,Z09,ZIC,3651.25,527,153
27,shock_up,S10,SHVR,-6478.75,5551,-87
27,shock_up,S11,SHVR,-7524.5,5582,-54
27,shock_up,S12,SHVR,-6852.5,5582,-6
27,shock_up,S13,SHVR,-3712.75,5579,89
27,shock_up,S14,SHVR,-7077.75,5605,-19
27,shock_up,S15,SNPR,-630.75,1249,-51
27,shock_up,S16,SNPR,-736.75,1245,-39
27,shock_up,S17,SNPR,-1720.25,1227,99
27,shock_up,S18,SNPR,-1542.25,1223,3
27,shock_up,S19,SNPR,-1136.0,1224,8
27,shock_up,Z20,ZIP,9135.75,3549,-277
27,shock_up,Z21,ZIP,3892.25,3593,-803
27,shock_up,Z22,ZIP,11051.75,3489,-109
27,shock_up,Z23,ZIP,8526.0,3516,-220
27,shock_up,Z24,ZIP,12661.0,3514,-272
27,shock_up,P25,PRSH,11689.5,2794,718
27,shock_up,P26,PRSH,3759.0,662,272
27,shock_up,P27,PRSH,2482.25,305,189
27,shock_up,P28,PRSH,2877.75,213,159
27,shock_up,P29,PRSH,5293.5,606,302
28,shock_up,G00,GVWY,-9403.25,6395,-335
28,shock_up,G01,GVWY,-4862.8,6400,64
28,shock_up,G02,GVWY,-12642.35,6373,-277
28,shock_up,G03,GVWY,-8281.6,6376,-172
28,shock_up,G04,GVWY,-6911.55,6411,-61
28,shock_up,Z05,ZIC,3039.5,546,230
28,shock_up,Z06,ZIC,2493.05,559,271
28,shock_up,Z07,ZIC,2915.3,566,266
28,shock_up,Z08,ZIC,1842.65,503,283
28,shock_up,Z09,ZIC,2345.1,530,262
28,shock_up,S10,SHVR,-6490.2,5552,-64
28,shock_up,S11,SHVR,-5477.2,5540,76
28,shock_up,S12,SHVR,-3447.4,5542,92
28,shock_up,S13,SHVR,-8351.0,5538,-80
28,shock_up,S14,SHVR,-8341.85,5589,-47
28,shock_up,S15,SNPR,-1419.5,1254,-10
28,shock_up,S16,SNPR,-593.3,1254,14
28,shock_up,S17,SNPR,-571.25,1241,-55
28,shock_up,S18,SNPR,-1271.7,1242,-54
28,shock_up,S19,SNPR,-882.9,1270,-18
28,shock_up,Z20,ZIP,13263.05,3499,-189
28,shock_up,Z21,ZIP,9799.25,3673,-905
28,shock_up,Z22,ZIP,9425.95,3651,-171
28,shock_up,Z23,ZIP,11217.6,3628,-28
28,shock_up,Z24,ZIP,10227.8,3702,-224
28,shock_up,P25,PRSH,2019.15,227,153
28,shock_up,P26,PRSH,2082.45,387,179
28,shock_up,P27,PRSH,1885.5,228,170
28,shock_up,P28,PRSH,5289.6,602,472
28,shock_up,P29,PRSH,1982.85,231,167
29,shock_up,G00,GVWY,-9024.15,6407,-193
29,shock_up,G01,GVWY,-11295.65,6373,-263
29,shock_up,G02,GVWY,-9441.65,6499,-163
29,shock_up,G03,GVWY,-8941.8,6462,-216
29,shock_up,G04,GVWY,-10916.35,6429,-157
29,shock_up,Z05,ZIC,3114.1,540,322
29,shock_up,Z06,ZIC,1674.25,517,255
29,shock_up,Z07,ZIC,3097.95,533,209
29,shock_up,Z08,ZIC,1953.5,470,210
29,shock_up,Z09,ZIC,2413.4,502,188
29,shock_up,S10,SHVR,-3783.7,5662,46
29,shock_up,S11,SHVR,-4933.8,5602,124
29,shock_up,S12,SHVR,-3948.85,5687,-7
29,shock_up,S13,SHVR,-8043.1,5656,-62
29,shock_up,S14,SHVR,-5937.1,5598,18
29,shock_up,S15,SNPR,-1015.3,1274,-26
29,shock_up,S16,SNPR,-785.15,1235,-33
29,shock_up,S17,SNPR,-655.3,1268,-46
29,shock_up,S18,SNPR,-539.55,1261,-41
29,shock_up,S19,SNPR,-1105.35,1247,43
29,shock_up,Z20,ZIP,8734.7,3604,-386
29,shock_up,Z21,ZIP,7884.9,3596,-342
29,shock_up,Z22,ZIP,4707.15,3749,-1147
29,shock_up,Z23,ZIP,8289.65,3527,-357
29,shock_up,Z24,ZIP,8322.35,3599,-863
29,shock_up,P25,PRSH,6323.25,3177,695
29,shock_up,P26,PRSH,4486.05,799,371
29,shock_up,P27,PRSH,5735.05,1269,531
29,shock_up,P28,PRSH,5466.25,875,415
29,shock_up,P29,PRSH,8161.8,1958,796
30,shock_up,G00,GVWY,-11492.1,6422,-82
30,shock_up,G01,GVWY,-8492.6,6392,-212
30,shock_up,G02,GVWY,-6616.55,6385,-91
30,shock_up,G03,GVWY,-9592.6,6420,-132
30,shock_up,G04,GVWY,-9502.6,6382,-332
30,shock_up,Z05,ZIC,1665.3,510,226
30,shock_up,Z06,ZIC,1841.15,501,223
30,shock_up,Z07,ZIC,2250.55,509,231
30,shock_up,Z08,ZIC,2157.25,519,205
30,shock_up,Z09,ZIC,1607.45,493,209
30,shock_up,S10,SHVR,-6389.65,5605,7
30,shock_up,S11,SHVR,-5329.95,5659,21
30,shock_up,S12,SHVR,-3982.05,5615,-21
30,shock_up,S13,SHVR,-8867.9,5550,22
30,shock_up,S14,SHVR,-6176.3,5628,-26
30,shock_up,S15,SNPR,-125.55,1245,-151
30,shock_up,S16,SNPR,-509.95,1259,-39
30,shock_up,S17,SNPR,-601.05,1255,-21
30,shock_up,S18,SNPR,-914.95,1239,1
30,shock_up,S19,SNPR,-1184.8,1250,-36
30,shock_up,Z20,ZIP,10466.5,3474,-250
30,shock_up,Z21,ZIP,9632.7,3634,-266
30,shock_up,Z22,ZIP,12555.6,3570,-208
30,shock_up,Z23,ZIP,11091.75,3517,-185
30,shock_up,Z24,ZIP,8813.1,3646,-958
30,shock_up,P25,PRSH,2003.1,298,182
30,shock_up,P26,PRSH,1692.05,203,121
30,shock_up,P27,PRSH,4913.3,776,626
30,shock_up,P28,PRSH,5091.9,1172,478
30,shock_up,P29,PRSH,4375.9,918,438
31,shock_up,G00,GVWY,-9354.95,6417,-151
31,shock_up,G01,GVWY,-13064.8,6392,-244
31,shock_up,G02,GVWY,-8984.7,6432,-206
31,shock_up,G03,GVWY,-8632.6,6396,-188
31,shock_up,G04,GVWY,-13310.65,6375,-357
31,shock_up,Z05,ZIC,5171.85,525,233
31,shock_up,Z06,ZIC,4263.0,510,180
31,shock_up,Z07,ZIC,3470.3,510,174
31,shock_up,Z08,ZIC,4071.3,480,194
31,shock_up,Z09,ZIC,4937.85,463,233
31,shock_up,S10,SHVR,-2671.35,5635,37
31,shock_up,S11,SHVR,-4481.4,5512,8
31,shock_up,S12,SHVR,-6243.2,5606,44
31,shock_up,S13,SHVR,-7581.4,5524,-112
31,shock_up,S14,SHVR,-7473.6,5572,-108
31,shock_up,S15,SNPR,-1661.45,1247,-81
31,shock_up,S16,SNPR,-1157.5,1248,-50
31,shock_up,S17,SNPR,-1355.55,1259,-79
31,shock_up,S18,SNPR,-1150.15,1253,33
31,shock_up,S19,SNPR,-674.9,1240,-42
31,shock_up,Z20,ZIP,8931.3,3578,-306
31,shock_up,Z21,ZIP,8393.65,3631,-43
31,shock_up,Z22,ZIP,9761.1,3516,-162
31,shock_up,Z23,ZIP,6644.2,3652,-324
31,shock_up,Z24,ZIP,6467.05,3425,-211
31,shock_up,P25,PRSH,5426.05,627,309
31,shock_up,P26,PRSH,5825.25,2919,485
31,shock_up,P27,PRSH,4283.95,339,191
31,shock_up,P28,PRSH,7183.75,747,355
31,shock_up,P29,PRSH,2659.05,169,129
32,shock_up,G00,GVWY,-7307.45,6415,-133
32,shock_up,G01,GVWY,-8926.9,6414,-166
32,shock_up,G02,GVWY,-10919.3,6434,-102
32,shock_up,G03,GVWY,-7851.95,6385,-103
32,shock_up,G04,GVWY,-10790.1,6406,-214
32,shock_up,Z05,ZIC,2348.2,470,208
32,shock_up,Z06,ZIC,2311.9,436,146
32,shock_up,Z07,ZIC,3689.7,506,218
32,shock_up,Z08,ZIC,1544.65,449,141
32,shock_up,Z09,ZIC,2683.7,418,178
32,shock_up,S10,SHVR,-1993.2,5522,12
32,shock_up,S11,SHVR,-8463.0,5610,-180
32,shock_up,S12,SHVR,-7339.65,5589,-161
32,shock_up,S13,SHVR,-3842.4,5564,24
32,shock_up,S14,SHVR,-4945.8,5586,208
32,shock_up,S15,SNPR,-281.9,1268,-6
32,shock_up,S16,SNPR,-771.0,1218,-20
32,shock_up,S17,SNPR,-1305.45,1253,27
32,shock_up,S18,SNPR,-784.3,1236,-42
32,shock_up,S19,SNPR,-1208.35,1253,81
32,shock_up,Z20,ZIP,9472.45,3577,-167
32,shock_up,Z21,ZIP,9460.4,3550,-324
32,shock_up,Z22,ZIP,7863.35,3551,-561
32,shock_up,Z23,ZIP,8625.75,3635,-265
32,shock_up,Z24,ZIP,8617.8,3582,-328
32,shock_up,P25,PRSH,2986.1,232,194
32,shock_up,P26,PRSH,5323.9,348,306
32,shock_up,P27,PRSH,6448.05,1149,497
32,shock_up,P28,PRSH,3993.25,4191,305
32,shock_up,P29,PRSH,2400.45,229,173
33,shock_up,G00,GVWY,-13072.75,6421,-295
33,shock_up,G01,GVWY,-10471.0,6448,-240
33,shock_up,G02,GVWY,-13337.1,6394,-418
33,shock_up,G03,GVWY,-13070.55,6381,-199
33,shock_up,G04,GVWY,-9777.95,6415,-191
33,shock_up,Z05,ZIC,5136.55,531,239
33,shock_up,Z06,ZIC,4567.35,529,223
33,shock_up,Z07,ZIC,4590.55,481,179
33,shock_up,Z08,ZIC,3587.7,492,226
33,shock_up,Z09,ZIC,3825.0,538,200
33,shock_up,S10,SHVR,-5992.7,5568,-6
33,shock_up,S11,SHVR,-7088.55,5605,-39
33,shock_up,S12,SHVR,-8637.15,5635,-47
33,shock_up,S13,SHVR,-4445.4,5612,48
33,shock_up,S14,SHVR,-3887.15,5657,33
33,shock_up,S15,SNPR,-1147.15,1273,53
33,shock_up,S16,SNPR,-1203.85,1263,47
33,shock_up,S17,SNPR,-775.7,1266,-46
33,shock_up,S18,SNPR,-952.4,1236,-32
33,shock_up,S19,SNPR,-1297.5,1244,-70
33,shock_up,Z20,ZIP,11841.1,3586,-242
33,shock_up,Z21,ZIP,8898.15,3537,-113
33,shock_up,Z22,ZIP,8638.35,3655,-117
33,shock_up,Z23,ZIP,6824.15,3737,-433
33,shock_up,Z24,ZIP,8830.9,3602,-278
33,shock_up,P25,PRSH,2857.95,195,151
33,shock_up,P26,PRSH,6612.95,939,371
33,shock_up,P27,PRSH,5918.5,726,290
33,shock_up,P28,PRSH,2206.9,200,102
33,shock_up,P29,PRSH,11012.15,4227,567
34,shock_up,G00,GVWY,-8027.0,6422,-40
34,shock_up,G01,GVWY,-9702.0,6406,-100
34,shock_up,G02,GVWY,-12852.0,6446,-120
34,shock_up,G03,GVWY,-8229.85,6373,111
34,shock_up,G04,GVWY,-9746.95,6405,17
34,shock_up,Z05,ZIC,4603.0,526,240
34,shock_up,Z06,ZIC,5294.5,500,210
34,shock_up,Z07,ZIC,5421.3,534,262
34,shock_up,Z08,ZIC,5374.55,497,247
34,shock_up,Z09,ZIC,4537.8,466,212
34,shock_up,S10,SHVR,-6890.2,5570,-68
34,shock_up,S11,SHVR,-6375.25,5503,55
34,shock_up,S12,SHVR,-4183.65,5649,-1
34,shock_up,S13,SHVR,-6431.4,5524,-56
34,shock_up,S14,SHVR,-4616.9,5588,134
34,shock_up,S15,SNPR,-278.45,1245,47
34,shock_up,S16,SNPR,-1266.5,1284,-30
34,shock_up,S17,SNPR,-942.05,1231,-37
34,shock_up,S18,SNPR,-1394.75,1255,-15
34,shock_up,S19,SNPR,-1352.65,1261,-1
34,shock_up,Z20,ZIP,6997.4,3700,-604
34,shock_up,Z21,ZIP,4846.6,3666,-636
34,shock_up,Z22,ZIP,8968.2,3478,-152
34,shock_up,Z23,ZIP,10532.75,3569,-225
34,shock_up,Z24,ZIP,4823.95,3691,-697
34,shock_up,P25,PRSH,3850.8,358,212
34,shock_up,P26,PRSH,2941.45,173,133
34,shock_up,P27,PRSH,4527.0,532,240
34,shock_up,P28,PRSH,6549.75,1595,435
34,shock_up,P29,PRSH,3611.65,273,181
35,shock_up,G00,GVWY,-10864.4,6416,-214
35,shock_up,G01,GVWY,-9475.4,6403,-179
35,shock_up,G02,GVWY,-9820.0,6461,-65
35,shock_up,G03,GVWY,-10750.2,6398,-12
35,shock_up,G04,GVWY,-8422.6,6426,-6
35,shock_up,Z05,ZIC,3628.0,497,205
35,shock_up,Z06,ZIC,3725.8,557,293
35,shock_up,Z07,ZIC,3724.4,513,179
35,shock_up,Z08,ZIC,3621.2,532,252
35,shock_up,Z09,ZIC,3744.8,498,228
35,shock_up,S10,SHVR,-6194.4,5569,-109
35,shock_up,S11,SHVR,-3783.8,5565,107
35,shock_up,S12,SHVR,-6965.4,5515,211
35,shock_up,S13,SHVR,-5459.0,5587,45
35,shock_up,S14,SHVR,-8667.0,5563,165
35,shock_up,S15,SNPR,-1797.4,1217,31
35,shock_up,S16,SNPR,-1204.0,1254,-20
35,shock_up,S17,SNPR,-1238.4,1248,16
35,shock_up,S18,SNPR,-1546.2,1239,43
35,shock_up,S19,SNPR,-1032.4,1244,26
35,shock_up,Z20,ZIP,11490.4,3752,-346
35,shock_up,Z21,ZIP,10289.8,3593,-487
35,shock_up,Z22,ZIP,2360.6,3728,-1044
35,shock_up,Z23,ZIP,10294.6,3486,-124
35,shock_up,Z24,ZIP,4698.0,3651,-1035
35,shock_up,P25,PRSH,3389.6,243,181
35,shock_up,P26,PRSH,8040.2,429,397
35,shock_up,P27,PRSH,5291.0,685,335
35,shock_up,P28,PRSH,10144.6,1655,731
35,shock_up,P29,PRSH,3085.8,208,168
36,shock_up,G00,GVWY,-10698.75,6357,-305
36,shock_up,G01,GVWY,-14356.55,6415,-161
36,shock_up,G02,GVWY,-10477.8,6488,-256
36,shock_up,G03,GVWY,-9218.2,6390,-164
36,shock_up,G04,GVWY,-7915.35,6437,63
36,shock_up,Z05,ZIC,3836.75,493,185
36,shock_up,Z06,ZIC,3009.4,484,228
36,shock_up,Z07,ZIC,3640.25,517,195
36,shock_up,Z08,ZIC,3714.1,494,242
36,shock_up,Z09,ZIC,2958.15,445,173
36,shock_up,S10,SHVR,-5250.75,5593,-25
36,shock_up,S11,SHVR,-7123.65,5579,-83
36,shock_up,S12,SHVR,-6925.75,5635,-25
36,shock_up,S13,SHVR,-6117.65,5569,-43
36,shock_up,S14,SHVR,-4482.5,5562,30
36,shock_up,S15,SNPR,-1325.5,1184,-90
36,shock_up,S16,SNPR,-1282.35,1247,43
36,shock_up,S17,SNPR,-1423.05,1235,29
36,shock_up,S18,SNPR,-1202.65,1245,-83
36,shock_up,S19,SNPR,-1437.75,1227,-5
36,shock_up,Z20,ZIP,7237.0,3566,-460
36,shock_up,Z21,ZIP,6779.7,3608,-686
36,shock_up,Z22,ZIP,11351.25,3563,-265
36,shock_up,Z23,ZIP,9961.15,3567,-227
36,shock_up,Z24,ZIP,9174.55,3537,-179
36,shock_up,P25,PRSH,5699.85,875,387
36,shock_up,P26,PRSH,4394.7,578,294
36,shock_up,P27,PRSH,9000.1,2034,642
36,shock_up,P28,PRSH,4899.7,908,354
36,shock_up,P29,PRSH,3425.2,262,144
37,shock_up,G00,GVWY,-9978.5,6412,-174
37,shock_up,G01,GVWY,-10427.5,6376,-286
37,shock_up,G02,GVWY,-8935.5,6446,-74
37,shock_up,G03,GVWY,-8208.75,6395,-69
37,shock_up,G04,GVWY,-8080.75,6425,-285
37,shock_up,Z05,ZIC,1521.0,468,196
37,shock_up,Z06,ZIC,1438.0,520,196
37,shock_up,Z07,ZIC,2273.5,466,234
37,shock_up,Z08,ZIC,1547.75,491,253
37,shock_up,Z09,ZIC,1615.0,518,236
37,shock_up,S10,SHVR,-7128.25,5533,125
37,shock_up,S11,SHVR,-8623.75,5599,-133
37,shock_up,S12,SHVR,-4230.5,5606,-2
37,shock_up,S13,SHVR,-6477.0,5578,-40
37,shock_up,S14,SHVR,-4765.0,5546,12
37,shock_up,S15,SNPR,-494.75,1263,-9
37,shock_up,S16,SNPR,-221.5,1260,-54
37,shock_up,S17,SNPR,69.75,1251,-83
37,shock_up,S18,SNPR,-165.0,1232,-92
37,shock_up,S19,SNPR,-188.75,1269,-65
37,shock_up,Z20,ZIP,12498.0,3584,-512
37,shock_up,Z21,ZIP,9899.75,3635,-179
37,shock_up,Z22,ZIP,9891.25,3639,-317
37,shock_up,Z23,ZIP,11922.0,3626,-476
37,shock_up,Z24,ZIP,11442.0,3568,-300
37,shock_up,P25,PRSH,5638.5,742,470
37,shock_up,P26,PRSH,1152.75,213,165
37,shock_up,P27,PRSH,1492.0,1568,544
37,shock_up,P28,PRSH,3334.25,943,351
37,shock_up,P29,PRSH,1735.25,741,299
38,shock_up,G00,GVWY,-12402.7,6451,-273
38,shock_up,G01,GVWY,-10286.2,6394,-78
38,shock_up,G02,GVWY,-13058.9,6435,-51
38,shock_up,G03,GVWY,-10282.1,6417,-229
38,shock_up,G04,GVWY,-10943.1,6403,-179
38,shock_up,Z05,ZIC,4273.2,550,218
38,shock_up,Z06,ZIC,4317.6,510,224
38,shock_up,Z07,ZIC,3925.5,487,215
38,shock_up,Z08,ZIC,5633.3,559,247
38,shock_up,Z09,ZIC,4142.3,509,237
38,shock_up,S10,SHVR,-6291.4,5634,-16
38,shock_up,S11,SHVR,-5508.9,5635,19
38,shock_up,S12,SHVR,-5498.3,5649,-77
38,shock_up,S13,SHVR,-7299.1,5689,-49
38,shock_up,S14,SHVR,-10453.1,5605,-169
38,shock_up,S15,SNPR,-1115.0,1244,-70
38,shock_up,S16,SNPR,-1253.9,1257,-31
38,shock_up,S17,SNPR,-2124.4,1250,-116
38,shock_up,S18,SNPR,-2109.8,1242,-12
38,shock_up,S19,SNPR,-1373.1,1235,-29
38,shock_up,Z20,ZIP,9566.8,3598,-248
38,shock_up,Z21,ZIP,10551.6,3654,-456
38,shock_up,Z22,ZIP,7861.9,3495,-269
38,shock_up,Z23,ZIP,7136.8,3612,-328
38,shock_up,Z24,ZIP,10364.5,3577,-235
38,shock_up,P25,PRSH,3655.2,238,178
38,shock_up,P26,PRSH,4181.5,405,205
38,shock_up,P27,PRSH,11007.7,1677,533
38,shock_up,P28,PRSH,2664.4,180,126
38,shock_up,P29,PRSH,9218.7,4649,643
39,shock_up,G00,GVWY,-11932.6,6354,-144
39,shock_up,G01,GVWY,-7828.2,6440,-108
39,shock_up,G02,GVWY,-12119.7,6386,-318
39,shock_up,G03,GVWY,-10451.55,6421,-227
39,shock_up,G04,GVWY,-12161.75,6407,-315
39,shock_up,Z05,ZIC,5696.95,553,283
39,shock_up,Z06,ZIC,4519.15,483,251
39,shock_up,Z07,ZIC,2648.95,485,143
39,shock_up,Z08,ZIC,4384.25,465,245
39,shock_up,Z09,ZIC,3876.15,527,231
39,shock_up,S10,SHVR,-6100.3,5556,98
39,shock_up,S11,SHVR,-8142.15,5547,-171
39,shock_up,S12,SHVR,-6297.6,5550,-84
39,shock_up,S13,SHVR,-7122.85,5531,-169
39,shock_up,S14,SHVR,-4937.9,5532,14
39,shock_up,S15,SNPR,-1291.5,1236,-70
39,shock_up,S16,SNPR,-1825.85,1235,11
39,shock_up,S17,SNPR,-847.15,1235,9
39,shock_up,S18,SNPR,-643.35,1229,1
39,shock_up,S19,SNPR,-1418.2,1226,-28
39,shock_up,Z20,ZIP,9033.35,3501,-141
39,shock_up,Z21,ZIP,10149.75,3491,-25
39,shock_up,Z22,ZIP,10974.15,3495,-9
39,shock_up,Z23,ZIP,9576.95,3617,-117
39,shock_up,Z24,ZIP,4108.75,3501,-785
39,shock_up,P25,PRSH,4599.95,435,223
39,shock_up,P26,PRSH,3846.9,366,206
39,shock_up,P27,PRSH,12895.9,1686,646
39,shock_up,P28,PRSH,3296.5,170,130
39,shock_up,P29,PRSH,3062.05,217,157
40,shock_up,G00,GVWY,-14575.4,6373,-257
40,shock_up,G01,GVWY,-14367.8,6360,-234
40,shock_up,G02,GVWY,-12283.4,6404,-292
40,shock_up,G03,GVWY,-12911.2,6365,-271
40,shock_up,G04,GVWY,-8641.0,6406,-220
40,shock_up,Z05,ZIC,4769.8,512,204
40,shock_up,Z06,ZIC,4983.4,497,207
40,shock_up,Z07,ZIC,3282.2,464,186
40,shock_up,Z08,ZIC,5783.2,567,281
40,shock_up,Z09,ZIC,4406.4,527,207
40,shock_up,S10,SHVR,-6088.0,5570,-50
40,shock_up,S11,SHVR,-7608.6,5644,-98
40,shock_up,S12,SHVR,-4331.0,5590,80
40,shock_up,S13,SHVR,-8188.2,5535,-91
40,shock_up,S14,SHVR,-5144.2,5617,9
40,shock_up,S15,SNPR,-1221.4,1223,-17
40,shock_up,S16,SNPR,-854.6,1232,-68
40,shock_up,S17,SNPR,-992.8,1267,-79
40,shock_up,S18,SNPR,-923.6,1276,32
40,shock_up,S19,SNPR,-1202.4,1237,23
40,shock_up,Z20,ZIP,4789.6,3773,-597
40,shock_up,Z21,ZIP,11325.4,3516,-38
40,shock_up,Z22,ZIP,12736.0,3549,-65
40,shock_up,Z23,ZIP,9319.4,3481,-223
40,shock_up,Z24,ZIP,7699.8,3633,-241
40,shock_up,P25,PRSH,5590.4,605,237
40,shock_up,P26,PRSH,4685.4,664,252
40,shock_up,P27,PRSH,2938.6,202,148
40,shock_up,P28,PRSH,13695.6,3715,733
40,shock_up,P29,PRSH,3375.6,198,138
41,shock_up,G00,GVWY,-12074.2,6362,42
41,shock_up,G01,GVWY,-9759.7,6381,-23
41,shock_up,G02,GVWY,-10067.4,6438,-166
41,shock_up,G03,GVWY,-11577.9,6421,-91
41,shock_up,G04,GVWY,-9985.2,6476,-148
41,shock_up,Z05,ZIC,2331.5,543,245
41,shock_up,Z06,ZIC,2602.6,472,264
41,shock_up,Z07,ZIC,2354.7,519,263
41,shock_up,Z08,ZIC,1441.4,480,206
41,shock_up,Z09,ZIC,1822.8,450,172
41,shock_up,S10,SHVR,-3962.7,5565,-63
41,shock_up,S11,SHVR,-4423.2,5518,12
41,shock_up,S12,SHVR,-4880.9,5603,-21
41,shock_up,S13,SHVR,-5937.4,5604,-126
41,shock_up,S14,SHVR,-7189.9,5599,-21
41,shock_up,S15,SNPR,-570.3,1249,-97
41,shock_up,S16,SNPR,-1021.3,1249,53
41,shock_up,S17,SNPR,-1197.1,1233,-19
41,shock_up,S18,SNPR,-1094.7,1239,-3
41,shock_up,S19,SNPR,-948.4,1238,-16
41,shock_up,Z20,ZIP,12851.3,3667,-303
41,shock_up,Z21,ZIP,10619.4,3540,-144
41,shock_up,Z22,ZIP,11743.9,3613,-719
41,shock_up,Z23,ZIP,13588.0,3504,-130
41,shock_up,Z24,ZIP,12417.8,3604,-638
41,shock_up,P25,PRSH,3432.5,823,435
41,shock_up,P26,PRSH,3430.5,857,355
41,shock_up,P27,PRSH,2107.8,228,162
41,shock_up,P28,PRSH,1721.5,201,165
41,shock_up,P29,PRSH,3181.6,680,314
42,shock_up,G00,GVWY,-10869.8,6491,-157
42,shock_up,G01,GVWY,-10310.8,6480,-332
42,shock_up,G02,GVWY,-9344.8,6382,-162
42,shock_up,G03,GVWY,-10189.6,6447,-179
42,shock_up,G04,GVWY,-6297.6,6432,-74
42,shock_up,Z05,ZIC,1897.8,563,247
42,shock_up,Z06,ZIC,2236.4,458,216
42,shock_up,Z07,ZIC,2700.8,525,257
42,shock_up,Z08,ZIC,1967.8,517,227
42,shock_up,Z09,ZIC,1908.2,477,203
42,shock_up,S10,SHVR,-3936.0,5587,185
42,shock_up,S11,SHVR,-9035.4,5679,-151
42,shock_up,S12,SHVR,-6648.6,5692,-34
42,shock_up,S13,SHVR,-6406.2,5612,-68
42,shock_up,S14,SHVR,-6683.0,5710,150
42,shock_up,S15,SNPR,-1286.4,1258,-46
42,shock_up,S16,SNPR,-976.8,1255,-37
42,shock_up,S17,SNPR,-1429.8,1239,-7
42,shock_up,S18,SNPR,-1732.4,1242,24
42,shock_up,S19,SNPR,-751.8,1264,18
42,shock_up,Z20,ZIP,11229.8,3602,-518
42,shock_up,Z21,ZIP,12733.6,3518,-206
42,shock_up,Z22,ZIP,9099.8,3721,-933
42,shock_up,Z23,ZIP,14110.8,3635,-403
42,shock_up,Z24,ZIP,10949.6,3592,-246
42,shock_up,P25,PRSH,2129.6,242,194
42,shock_up,P26,PRSH,2009.2,5078,558
42,shock_up,P27,PRSH,8132.0,4017,825
42,shock_up,P28,PRSH,2718.2,405,203
42,shock_up,P29,PRSH,2282.2,619,253
43,shock_up,G00,GVWY,-8905.4,6416,-88
43,shock_up,G01,GVWY,-10425.9,6397,-233
43,shock_up,G02,GVWY,-9817.3,6407,-171
43,shock_up,G03,GVWY,-10587.9,6475,-223
43,shock_up,G04,GVWY,-11281.5,6359,-375
43,shock_up,Z05,ZIC,1971.1,481,207
43,shock_up,Z06,ZIC,3358.4,514,178
43,shock_up,Z07,ZIC,3454.9,539,243
43,shock_up,Z08,ZIC,3230.9,485,243
43,shock_up,Z09,ZIC,3348.3,513,181
43,shock_up,S10,SHVR,-10120.5,5647,-285
43,shock_up,S11,SHVR,-8471.6,5650,-42
43,shock_up,S12,SHVR,-7131.4,5620,62
43,shock_up,S13,SHVR,-6056.4,5680,-88
43,shock_up,S14,SHVR,-4219.7,5599,51
43,shock_up,S15,SNPR,-898.7,1235,1
43,shock_up,S16,SNPR,-1166.0,1228,40
43,shock_up,S17,SNPR,-1970.2,1244,-4
43,shock_up,S18,SNPR,-874.1,1239,-77
43,shock_up,S19,SNPR,-936.7,1245,-9
43,shock_up,Z20,ZIP,8142.4,3486,-322
43,shock_up,Z21,ZIP,5018.8,3680,-784
43,shock_up,Z22,ZIP,8451.1,3395,-173
43,shock_up,Z23,ZIP,8926.7,3537,-301
43,shock_up,Z24,ZIP,9045.1,3663,-253
43,shock_up,P25,PRSH,5644.7,675,289
43,shock_up,P26,PRSH,2584.3,339,181
43,shock_up,P27,PRSH,11668.2,1774,684
43,shock_up,P28,PRSH,7873.4,1376,488
43,shock_up,P29,PRSH,9743.4,1616,568
44,shock_up,G00,GVWY,-9721.2,6435,-359
44,shock_up,G01,GVWY,-10360.0,6458,-90
44,shock_up,G02,GVWY,-12653.6,6512,-452
44,shock_up,G03,GVWY,-7682.0,6435,-175
44,shock_up,G04,GVWY,-10203.8,6424,-166
44,shock_up,Z05,ZIC,2687.6,504,222
44,shock_up,Z06,ZIC,2732.0,480,220
44,shock_up,Z07,ZIC,2250.0,522,190
44,shock_up,Z08,ZIC,2976.6,495,197
44,shock_up,Z09,ZIC,2471.2,508,194
44,shock_up,S10,SHVR,-4106.8,5633,-131
44,shock_up,S11,SHVR,-6464.6,5666,18
44,shock_up,S12,SHVR,-6569.2,5613,131
44,shock_up,S13,SHVR,-4963.4,5729,-273
44,shock_up,S14,SHVR,-5500.6,5592,-12
44,shock_up,S15,SNPR,-2069.4,1269,77
44,shock_up,S16,SNPR,-390.2,1279,-69
44,shock_up,S17,SNPR,126.2,1259,-51
44,shock_up,S18,SNPR,-1237.4,1272,-38
44,shock_up,S19,SNPR,-28.2,1267,-109
44,shock_up,Z20,ZIP,11242.6,3558,-178
44,shock_up,Z21,ZIP,10743.0,3635,-305
44,shock_up,Z22,ZIP,10209.0,3712,-200
44,shock_up,Z23,ZIP,8801.2,3621,-241
44,shock_up,Z24,ZIP,10998.0,3542,-130
44,shock_up,P25,PRSH,258.2,4182,404
44,shock_up,P26,PRSH,2322.2,214,164
44,shock_up,P27,PRSH,10486.6,2322,802
44,shock_up,P28,PRSH,3006.4,227,173
44,shock_up,P29,PRSH,1314.2,194,134
45,shock_up,G00,GVWY,-13259.0,6428,-340
45,shock_up,G01,GVWY,-10151.25,6423,-219
45,shock_up,G02,GVWY,-8688.25,6399,-143
45,shock_up,G03,GVWY,-13434.5,6428,-262
45,shock_up,G04,GVWY,-10381.0,6434,-28
45,shock_up,Z05,ZIC,3869.5,474,198
45,shock_up,Z06,ZIC,4274.25,525,215
45,shock_up,Z07,ZIC,4452.75,509,233
45,shock_up,Z08,ZIC,4014.5,508,210
45,shock_up,Z09,ZIC,3281.5,532,202
45,shock_up,S10,SHVR,-6563.5,5566,-198
45,shock_up,S11,SHVR,-2943.5,5614,30
45,shock_up,S12,SHVR,-4911.0,5600,-40
45,shock_up,S13,SHVR,-6361.75,5555,-133
45,shock_up,S14,SHVR,-6141.5,5604,2
45,shock_up,S15,SNPR,-1543.75,1251,-49
45,shock_up,S16,SNPR,-1283.5,1246,10
45,shock_up,S17,SNPR,-1186.25,1271,49
45,shock_up,S18,SNPR,-1668.25,1251,-11
45,shock_up,S19,SNPR,-863.75,1241,-17
45,shock_up,Z20,ZIP,6563.25,3607,-225
45,shock_up,Z21,ZIP,2847.5,3658,-826
45,shock_up,Z22,ZIP,10317.0,3528,-88
45,shock_up,Z23,ZIP,6509.0,3606,-268
45,shock_up,Z24,ZIP,8396.0,3534,-168
45,shock_up,P25,PRSH,5622.25,781,347
45,shock_up,P26,PRSH,5146.25,615,279
45,shock_up,P27,PRSH,5193.5,710,310
45,shock_up,P28,PRSH,8648.25,1061,475
45,shock_up,P29,PRSH,9687.0,416,372
46,shock_up,G00,GVWY,-8625.15,6379,-7
46,shock_up,G01,GVWY,-8272.25,6353,-205
46,shock_up,G02,GVWY,-8058.6,6348,-288
46,shock_up,G03,GVWY,-11552.25,6385,-245
46,shock_up,G04,GVWY,-11199.9,6398,-122
46,shock_up,Z05,ZIC,2298.05,479,189
46,shock_up,Z06,ZIC,2823.15,471,207
46,shock_up,Z07,ZIC,2446.0,492,180
46,shock_up,Z08,ZIC,3053.25,495,265
46,shock_up,Z09,ZIC,2592.35,495,243
46,shock_up,S10,SHVR,-5630.75,5575,-215
46,shock_up,S11,SHVR,-8557.4,5582,28
46,shock_up,S12,SHVR,-4181.15,5661,113
46,shock_up,S13,SHVR,-5366.2,5592,-216
46,shock_up,S14,SHVR,-6710.85,5569,107
46,shock_up,S15,SNPR,-1194.55,1213,-19
46,shock_up,S16,SNPR,-483.85,1251,-33
46,shock_up,S17,SNPR,-597.1,1264,2
46,shock_up,S18,SNPR,-506.3,1240,6
46,shock_up,S19,SNPR,-1129.8,1244,-84
46,shock_up,Z20,ZIP,9428.5,3680,-510
46,shock_up,Z21,ZIP,10264.8,3462,-96
46,shock_up,Z22,ZIP,7451.25,3499,-775
46,shock_up,Z23,ZIP,11578.8,3634,-256
46,shock_up,Z24,ZIP,8056.7,3582,-254
46,shock_up,P25,PRSH,2917.85,545,213
46,shock_up,P26,PRSH,7299.3,1610,734
46,shock_up,P27,PRSH,2673.0,256,220
46,shock_up,P28,PRSH,2093.65,211,137
46,shock_up,P29,PRSH,7529.05,3181,629
47,shock_up,G00,GVWY,-11286.8,6422,-144
47,shock_up,G01,GVWY,-8384.8,6400,-94
47,shock_up,G02,GVWY,-12383.4,6456,-232
47,shock_up,G03,GVWY,-10249.4,6428,58
47,shock_up,G04,GVWY,-10485.2,6412,-216
47,shock_up,Z05,ZIC,3882.2,482,186
47,shock_up,Z06,ZIC,4957.8,492,244
47,shock_up,Z07,ZIC,4566.9,465,247
47,shock_up,Z08,ZIC,3671.0,494,220
47,shock_up,Z09,ZIC,4081.3,475,209
47,shock_up,S10,SHVR,-7480.2,5598,-16
47,shock_up,S11,SHVR,-6496.9,5599,63
47,shock_up,S12,SHVR,-3441.6,5554,-38
47,shock_up,S13,SHVR,-9216.9,5579,-177
47,shock_up,S14,SHVR,-4316.6,5618,22
47,shock_up,S15,SNPR,-1002.2,1214,54
47,shock_up,S16,SNPR,-1400.6,1244,-98
47,shock_up,S17,SNPR,-1305.0,1232,20
47,shock_up,S18,SNPR,-1247.9,1245,143
47,shock_up,S19,SNPR,-1294.7,1239,-81
47,shock_up,Z20,ZIP,8561.4,3448,-138
47,shock_up,Z21,ZIP,9723.6,3666,-282
47,shock_up,Z22,ZIP,10960.0,3672,-240
47,shock_up,Z23,ZIP,9651.6,3524,-292
47,shock_up,Z24,ZIP,5840.4,3680,-558
47,shock_up,P25,PRSH,3659.5,199,145
47,shock_up,P26,PRSH,9747.2,1116,426
47,shock_up,P27,PRSH,2985.5,223,155
47,shock_up,P28,PRSH,3388.0,194,160
47,shock_up,P29,PRSH,4314.0,240,190
48,shock_up,G00,GVWY,-10507.55,6447,-259
48,shock_up,G01,GVWY,-10929.5,6466,-170
48,shock_up,G02,GVWY,-9860.35,6467,-243
48,shock_up,G03,GVWY,-10511.6,6496,-488
48,shock_up,G04,GVWY,-9415.45,6459,-161
48,shock_up,Z05,ZIC,1482.25,489,225
48,shock_up,Z06,ZIC,2031.7,462,206
48,shock_up,Z07,ZIC,2632.65,539,237
48,shock_up,Z08,ZIC,1605.15,507,207
48,shock_up,Z09,ZIC,2232.85,509,213
48,shock_up,S10,SHVR,-4472.25,5661,35
48,shock_up,S11,SHVR,-6523.75,5583,25
48,shock_up,S12,SHVR,-6564.2,5684,-16
48,shock_up,S13,SHVR,-5430.5,5722,50
48,shock_up,S14,SHVR,-5589.35,5651,37
48,shock_up,S15,SNPR,-1300.05,1245,-9
48,shock_up,S16,SNPR,-1298.1,1252,22
48,shock_up,S17,SNPR,-1592.9,1258,18
48,shock_up,S18,SNPR,-457.0,1250,-80
48,shock_up,S19,SNPR,-734.0,1254,-40
48,shock_up,Z20,ZIP,12791.65,3597,-803
48,shock_up,Z21,ZIP,8995.65,3521,-223
48,shock_up,Z22,ZIP,11247.9,3550,-218
48,shock_up,Z23,ZIP,13446.8,3560,-316
48,shock_up,Z24,ZIP,14460.65,3543,-203
48,shock_up,P25,PRSH,1665.65,213,177
48,shock_up,P26,PRSH,1078.3,210,154
48,shock_up,P27,PRSH,2634.3,1732,534
48,shock_up,P28,PRSH,4853.0,3860,560
48,shock_up,P29,PRSH,4546.05,1097,449
49,shock_up,G00,GVWY,-13339.5,6421,-229
49,shock_up,G01,GVWY,-12144.5,6403,-199
49,shock_up,G02,GVWY,-12440.0,6424,-226
49,shock_up,G03,GVWY,-13774.5,6359,-235
49,shock_up,G04,GVWY,-9105.5,6357,-157
49,shock_up,Z05,ZIC,4145.0,510,162
49,shock_up,Z06,ZIC,4984.0,474,216
49,shock_up,Z07,ZIC,4239.0,518,216
49,shock_up,Z08,ZIC,4050.0,490,212
49,shock_up,Z09,ZIC,5240.0,566,234
49,shock_up,S10,SHVR,-5639.0,5568,-112
49,shock_up,S11,SHVR,-6046.5,5609,-57
49,shock_up,S12,SHVR,-6006.5,5621,-81
49,shock_up,S13,SHVR,-8412.0,5556,-106
49,shock_up,S14,SHVR,-4686.0,5566,-68
49,shock_up,S15,SNPR,-1043.0,1256,-18
49,shock_up,S16,SNPR,-627.0,1244,66
49,shock_up,S17,SNPR,-1626.0,1260,-20
49,shock_up,S18,SNPR,-954.5,1243,-7
49,shock_up,S19,SNPR,-850.0,1270,-132
49,shock_up,Z20,ZIP,8214.5,3695,-313
49,shock_up,Z21,ZIP,10411.5,3597,-285
49,shock_up,Z22,ZIP,6819.0,3656,-314
49,shock_up,Z23,ZIP,6197.5,3529,-259
49,shock_up,Z24,ZIP,7202.0,3614,-254
49,shock_up,P25,PRSH,6440.0,898,382
49,shock_up,P26,PRSH,10886.5,3231,713
49,shock_up,P27,PRSH,2210.0,176,108
49,shock_up,P28,PRSH,2994.5,217,147
49,shock_up,P29,PRSH,12376.5,2707,533
50,shock_up,G00,GVWY,-12065.5,6421,-219
50,shock_up,G01,GVWY,-12438.0,6448,-162
50,shock_up,G02,GVWY,-8421.5,6385,-141
50,shock_up,G03,GVWY,-16299.0,6494,-462
50,shock_up,G04,GVWY,-15271.5,6433,-407
50,shock_up,Z05,ZIC,5669.0,528,254
50,shock_up,Z06,ZIC,4663.5,491,237
50,shock_up,Z07,ZIC,4715.5,473,253
50,shock_up,Z08,ZIC,4883.0,478,250
50,shock_up,Z09,ZIC,4304.5,493,199
50,shock_up,S10,SHVR,-5078.5,5619,-67
50,shock_up,S11,SHVR,-7181.5,5563,-21
50,shock_up,S12,SHVR,-2430.5,5599,21
50,shock_up,S13,SHVR,-4940.5,5603,79
50,shock_up,S14,SHVR,-6615.0,5582,-18
50,shock_up,S15,SNPR,-894.0,1246,86
50,shock_up,S16,SNPR,-851.0,1242,22
50,shock_up,S17,SNPR,-1479.5,1259,-23
50,shock_up,S18,SNPR,-933.0,1268,-98
50,shock_up,S19,SNPR,-1031.0,1262,-32
50,shock_up,Z20,ZIP,3987.0,3644,-352
50,shock_up,Z21,ZIP,5200.0,3640,-410
50,shock_up,Z22,ZIP,-902.5,3635,-887
50,shock_up,Z23,ZIP,7430.0,3710,-300
50,shock_up,Z24,ZIP,8607.5,3527,-65
50,shock_up,P25,PRSH,11660.0,1442,556
50,shock_up,P26,PRSH,15921.0,2062,702
50,shock_up,P27,PRSH,12575.0,2176,646
50,shock_up,P28,PRSH,3092.5,209,135
50,shock_up,P29,PRSH,3324.0,204,150
51,shock_up,G00,GVWY,-11915.4,6416,-408
51,shock_up,G01,GVWY,-14298.1,6372,-242
51,shock_up,G02,GVWY,-12947.1,6372,-362
51,shock_up,G03,GVWY,-13733.85,6417,-387
51,shock_up,G04,GVWY,-10223.2,6344,-164
51,shock_up,Z05,ZIC,3669.7,498,214
51,shock_up,Z06,ZIC,4103.4,482,248
51,shock_up,Z07,ZIC,3827.15,513,253
51,shock_up,Z08,ZIC,2983.5,532,170
51,shock_up,Z09,ZIC,3981.45,489,219
51,shock_up,S10,SHVR,-8234.9,5648,22
51,shock_up,S11,SHVR,-6189.8,5572,24
51,shock_up,S12,SHVR,-6669.6,5632,-72
51,shock_up,S13,SHVR,-3157.7,5612,106
51,shock_up,S14,SHVR,-7440.3,5558,-126
51,shock_up,S15,SNPR,-632.0,1260,20
51,shock_up,S16,SNPR,-815.25,1245,-15
51,shock_up,S17,SNPR,-792.3,1256,-46
51,shock_up,S18,SNPR,-1217.45,1265,1
51,shock_up,S19,SNPR,-1535.75,1253,-45
51,shock_up,Z20,ZIP,10481.7,3564,-86
51,shock_up,Z21,ZIP,9618.25,3583,-405
51,shock_up,Z22,ZIP,8708.65,3439,-277
51,shock_up,Z23,ZIP,10705.6,3608,-128
51,shock_up,Z24,ZIP,11994.95,3557,-251
51,shock_up,P25,PRSH,4241.65,723,283
51,shock_up,P26,PRSH,3077.65,207,163
51,shock_up,P27,PRSH,10337.75,2607,605
51,shock_up,P28,PRSH,4977.35,857,297
51,shock_up,P29,PRSH,8399.75,4425,365
52,shock_up,G00,GVWY,-12847.85,6417,-297
52,shock_up,G01,GVWY,-8649.4,6466,-28
52,shock_up,G02,GVWY,-7879.5,6438,-10
52,shock_up,G03,GVWY,-7324.85,6389,-357
52,shock_up,G04,GVWY,-8716.2,6426,-144
52,shock_up,Z05,ZIC,2181.45,439,189
52,shock_up,Z06,ZIC,1878.65,507,213
52,shock_up,Z07,ZIC,2130.9,500,298
52,shock_up,Z08,ZIC,2338.15,505,203
52,shock_up,Z09,ZIC,1124.75,515,235
52,shock_up,S10,SHVR,-3955.7,5604,-94
52,shock_up,S11,SHVR,-4568.9,5626,-18
52,shock_up,S12,SHVR,-5371.15,5655,57
52,shock_up,S13,SHVR,-7391.9,5668,-138
52,shock_up,S14,SHVR,-3888.55,5723,-11
52,shock_up,S15,SNPR,-1608.15,1253,-43
52,shock_up,S16,SNPR,-1095.9,1230,22
52,shock_up,S17,SNPR,-1576.0,1274,-20
52,shock_up,S18,SNPR,-176.7,1266,-74
52,shock_up,S19,SNPR,-333.5,1284,-50
52,shock_up,Z20,ZIP,8027.15,3457,-97
52,shock_up,Z21,ZIP,10734.5,3532,-350
52,shock_up,Z22,ZIP,11661.8,3580,-604
52,shock_up,Z23,ZIP,6863.45,3621,-991
52,shock_up,Z24,ZIP,8842.15,3689,-377
52,shock_up,P25,PRSH,4849.0,1138,520
52,shock_up,P26,PRSH,6579.2,2358,844
52,shock_up,P27,PRSH,3891.4,1278,508
52,shock_up,P28,PRSH,2058.05,225,181
52,shock_up,P29,PRSH,2329.65,859,373
53,shock_up,G00,GVWY,-17725.0,6440,-420
53,shock_up,G01,GVWY,-11169.5,6392,-290
53,shock_up,G02,GVWY,-13401.5,6466,-222
53,shock_up,G03,GVWY,-8448.25,6409,-91
53,shock_up,G04,GVWY,-11621.75,6411,-249
53,shock_up,Z05,ZIC,4071.5,524,226
53,shock_up,Z06,ZIC,3462.25,455,203
53,shock_up,Z07,ZIC,5558.25,515,211
53,shock_up,Z08,ZIC,4009.5,474,218
53,shock_up,Z09,ZIC,3970.0,454,208
53,shock_up,S10,SHVR,-5352.25,5629,45
53,shock_up,S11,SHVR,-6476.0,5612,168
53,shock_up,S12,SHVR,-5056.5,5622,98
53,shock_up,S13,SHVR,-4789.25,5651,53
53,shock_up,S14,SHVR,-4068.75,5655,79
53,shock_up,S15,SNPR,-778.5,1292,-30
53,shock_up,S16,SNPR,-660.25,1249,-7
53,shock_up,S17,SNPR,-1013.75,1253,11
53,shock_up,S18,SNPR,-1464.0,1246,-56
53,shock_up,S19,SNPR,-980.75,1255,7
53,shock_up,Z20,ZIP,1924.0,3642,-764
53,shock_up,Z21,ZIP,8394.5,3608,-102
53,shock_up,Z22,ZIP,3254.5,3622,-782
53,shock_up,Z23,ZIP,5547.5,3654,-486
53,shock_up,Z24,ZIP,4740.25,3631,-493
53,shock_up,P25,PRSH,3912.0,236,184
53,shock_up,P26,PRSH,6585.25,1071,327
53,shock_up,P27,PRSH,12073.75,2219,729
53,shock_up,P28,PRSH,15351.5,1914,742
53,shock_up,P29,PRSH,9585.75,1243,409
54,shock_up,G00,GVWY,-11777.0,6404,-350
54,shock_up,G01,GVWY,-13555.0,6422,-246
54,shock_up,G02,GVWY,-11898.0,6431,-317
54,shock_up,G03,GVWY,-15189.0,6482,-376
54,shock_up,G04,GVWY,-15518.0,6403,-463
54,shock_up,Z05,ZIC,3429.0,428,186
54,shock_up,Z06,ZIC,3703.0,501,187
54,shock_up,Z07,ZIC,3789.0,535,211
54,shock_up,Z08,ZIC,4294.0,565,273
54,shock_up,Z09,ZIC,3815.0,462,200
54,shock_up,S10,SHVR,-3422.0,5556,-80
54,shock_up,S11,SHVR,-7402.0,5614,-232
54,shock_up,S12,SHVR,-7638.0,5618,-240
54,shock_up,S13,SHVR,-7977.0,5663,-211
54,shock_up,S14,SHVR,-8830.0,5670,-130
54,shock_up,S15,SNPR,-1054.0,1226,-54
54,shock_up,S16,SNPR,-1251.0,1238,-74
54,shock_up,S17,SNPR,-673.0,1275,19
54,shock_up,S18,SNPR,-1280.0,1273,-43
54,shock_up,S19,SNPR,-1108.0,1270,2
54,shock_up,Z20,ZIP,8507.0,3562,-282
54,shock_up,Z21,ZIP,11131.0,3462,-110
54,shock_up,Z22,ZIP,9236.0,3602,-100
54,shock_up,Z23,ZIP,10842.0,3529,-137
54,shock_up,Z24,ZIP,9607.0,3490,-86
54,shock_up,P25,PRSH,8566.0,1257,509
54,shock_up,P26,PRSH,9367.0,3109,643
54,shock_up,P27,PRSH,3408.0,268,176
54,shock_up,P28,PRSH,10200.0,3006,586
54,shock_up,P29,PRSH,7853.0,1195,467
55,shock_up,G00,GVWY,-11583.8,6374,-244
55,shock_up,G01,GVWY,-10496.25,6423,-185
55,shock_up,G02,GVWY,-11672.5,6414,-230
55,shock_up,G03,GVWY,-15277.85,6415,-153
55,shock_up,G04,GVWY,-13889.6,6414,-268
55,shock_up,Z05,ZIC,4674.0,530,220
55,shock_up,Z06,ZIC,5982.1,494,238
55,shock_up,Z07,ZIC,5893.3,504,234
55,shock_up,Z08,ZIC,6459.25,533,245
55,shock_up,Z09,ZIC,6481.75,529,235
55,shock_up,S10,SHVR,-5867.45,5625,19
55,shock_up,S11,SHVR,-2764.6,5618,112
55,shock_up,S12,SHVR,-5674.45,5679,39
55,shock_up,S13,SHVR,-10466.55,5609,-119
55,shock_up,S14,SHVR,-8247.15,5615,13
55,shock_up,S15,SNPR,-973.7,1234,-46
55,shock_up,S16,SNPR,-749.6,1216,32
55,shock_up,S17,SNPR,-1398.8,1262,36
55,shock_up,S18,SNPR,-1326.8,1244,-44
55,shock_up,S19,SNPR,-1165.35,1229,-23
55,shock_up,Z20,ZIP,-1003.05,3739,-869
55,shock_up,Z21,ZIP,8147.65,3645,-263
55,shock_up,Z22,ZIP,6445.95,3551,-249
55,shock_up,Z23,ZIP,7682.1,3640,-182
55,shock_up,Z24,ZIP,10302.45,3433,-199
55,shock_up,P25,PRSH,4575.1,228,178
55,shock_up,P26,PRSH,4922.5,208,170
55,shock_up,P27,PRSH,14128.9,4486,642
55,shock_up,P28,PRSH,9796.25,947,365
55,shock_up,P29,PRSH,7818.8,536,244
56,shock_up,G00,GVWY,-10189.2,6440,-228
56,shock_up,G01,GVWY,-7350.0,6466,-300
56,shock_up,G02,GVWY,-9478.4,6410,-116
56,shock_up,G03,GVWY,-8718.65,6407,-201
56,shock_up,G04,GVWY,-6626.0,6404,-180
56,shock_up,Z05,ZIC,2594.5,484,250
56,shock_up,Z06,ZIC,1908.0,522,200
56,shock_up,Z07,ZIC,2223.3,506,222
56,shock_up,Z08,ZIC,2203.8,482,192
56,shock_up,Z09,ZIC,2357.35,543,259
56,shock_up,S10,SHVR,-6120.15,5645,-131
56,shock_up,S11,SHVR,-5925.45,5657,27
56,shock_up,S12,SHVR,-7803.9,5604,-86
56,shock_up,S13,SHVR,-3922.35,5605,21
56,shock_up,S14,SHVR,-6414.65,5607,99
56,shock_up,S15,SNPR,-1400.4,1272,64
56,shock_up,S16,SNPR,-674.1,1252,-34
56,shock_up,S17,SNPR,-1536.8,1264,48
56,shock_up,S18,SNPR,-1028.6,1254,-44
56,shock_up,S19,SNPR,-2001.15,1277,69
56,shock_up,Z20,ZIP,7137.0,3514,-140
56,shock_up,Z21,ZIP,10110.95,3655,-497
56,shock_up,Z22,ZIP,12392.05,3619,-423
56,shock_up,Z23,ZIP,10825.05,3699,-543
56,shock_up,Z24,ZIP,12135.15,3611,-429
56,shock_up,P25,PRSH,1651.8,792,352
56,shock_up,P26,PRSH,4083.95,1109,483
56,shock_up,P27,PRSH,1701.6,214,184
56,shock_up,P28,PRSH,7136.3,2332,602
56,shock_up,P29,PRSH,2005.6,212,164
57,shock_up,G00,GVWY,-8426.75,6415,-135
57,shock_up,G01,GVWY,-8209.9,6440,-82
57,shock_up,G02,GVWY,-11559.35,6457,-143
57,shock_up,G03,GVWY,-13581.55,6429,-319
57,shock_up,G04,GVWY,-11221.2,6454,-336
57,shock_up,Z05,ZIC,3308.75,537,195
57,shock_up,Z06,ZIC,4067.9,478,262
57,shock_up,Z07,ZIC,3166.55,461,199
57,shock_up,Z08,ZIC,2831.55,479,179
57,shock_up,Z09,ZIC,3113.15,503,227
57,shock_up,S10,SHVR,-4737.15,5653,-67
57,shock_up,S11,SHVR,-7222.25,5643,55
57,shock_up,S12,SHVR,-9222.8,5670,-124
57,shock_up,S13,SHVR,-6075.75,5579,-75
57,shock_up,S14,SHVR,-7612.7,5606,-86
57,shock_up,S15,SNPR,-1080.05,1233,31
57,shock_up,S16,SNPR,-997.05,1255,-49
57,shock_up,S17,SNPR,-1239.05,1261,-49
57,shock_up,S18,SNPR,-996.15,1245,-67
57,shock_up,S19,SNPR,-765.1,1222,-78
57,shock_up,Z20,ZIP,11757.9,3542,-158
57,shock_up,Z21,ZIP,8330.25,3615,-315
57,shock_up,Z22,ZIP,7063.1,3630,-882
57,shock_up,Z23,ZIP,8843.5,3404,-170
57,shock_up,Z24,ZIP,10063.75,3543,-225
57,shock_up,P25,PRSH,11011.9,3412,722
57,shock_up,P26,PRSH,9369.75,2145,755
57,shock_up,P27,PRSH,1997.9,204,142
57,shock_up,P28,PRSH,3869.65,553,237
57,shock_up,P29,PRSH,3926.5,610,270
58,shock_up,G00,GVWY,-8878.25,6411,-99
58,shock_up,G01,GVWY,-9484.5,6398,-146
58,shock_up,G02,GVWY,-9138.5,6380,-354
58,shock_up,G03,GVWY,-9625.75,6365,-317
58,shock_up,G04,GVWY,-9664.25,6415,-135
58,shock_up,Z05,ZIC,2158.0,534,296
58,shock_up,Z06,ZIC,1881.25,543,255
58,shock_up,Z07,ZIC,828.75,475,205
58,shock_up,Z08,ZIC,1551.0,518,180
58,shock_up,Z09,ZIC,1867.0,534,188
58,shock_up,S10,SHVR,-5223.5,5554,-58
58,shock_up,S11,SHVR,-3541.5,5596,-38
58,shock_up,S12,SHVR,-6017.0,5520,-128
58,shock_up,S13,SHVR,-6027.0,5636,-116
58,shock_up,S14,SHVR,-8080.75,5521,-77
58,shock_up,S15,SNPR,-917.5,1256,-10
58,shock_up,S16,SNPR,-1726.25,1253,89
58,shock_up,S17,SNPR,-1412.0,1216,-12
58,shock_up,S18,SNPR,-1119.25,1247,9
58,shock_up,S19,SNPR,-2061.75,1223,63
58,shock_up,Z20,ZIP,11061.0,3614,-220
58,shock_up,Z21,ZIP,11363.0,3516,-168
58,shock_up,Z22,ZIP,10904.75,3629,-543
58,shock_up,Z23,ZIP,10737.75,3577,-831
58,shock_up,Z24,ZIP,12149.5,3602,-126
58,shock_up,P25,PRSH,3168.25,1141,423
58,shock_up,P26,PRSH,1176.5,252,202
58,shock_up,P27,PRSH,3738.5,1010,370
58,shock_up,P28,PRSH,7789.25,2545,723
58,shock_up,P29,PRSH,3267.0,600,304
59,shock_up,G00,GVWY,-6775.2,6415,-203
59,shock_up,G01,GVWY,-8664.4,6447,-451
59,shock_up,G02,GVWY,-9726.4,6386,-186
59,shock_up,G03,GVWY,-6672.2,6396,-448
59,shock_up,G04,GVWY,-10822.2,6419,-333
59,shock_up,Z05,ZIC,1781.0,517,245
59,shock_up,Z06,ZIC,1659.0,487,235
59,shock_up,Z07,ZIC,1359.4,476,166
59,shock_up,Z08,ZIC,1786.2,473,243
59,shock_up,Z09,ZIC,1202.0,542,230
59,shock_up,S10,SHVR,-3744.4,5618,74
59,shock_up,S11,SHVR,-7849.6,5628,-94
59,shock_up,S12,SHVR,-6703.6,5604,-54
59,shock_up,S13,SHVR,-5294.6,5676,-144
59,shock_up,S14,SHVR,-6502.8,5564,-142
59,shock_up,S15,SNPR,-1338.4,1257,49
59,shock_up,S16,SNPR,-546.4,1230,-56
59,shock_up,S17,SNPR,-1005.4,1240,44
59,shock_up,S18,SNPR,-1062.2,1248,22
59,shock_up,S19,SNPR,-827.4,1259,9
59,shock_up,Z20,ZIP,9211.4,3565,-219
59,shock_up,Z21,ZIP,12353.4,3537,-149
59,shock_up,Z22,ZIP,10373.2,3741,-557
59,shock_up,Z23,ZIP,10970.8,3566,-138
59,shock_up,Z24,ZIP,9862.2,3508,-372
59,shock_up,P25,PRSH,6125.4,3313,661
59,shock_up,P26,PRSH,2421.4,780,356
59,shock_up,P27,PRSH,1763.4,229,141
59,shock_up,P28,PRSH,3804.8,1345,497
59,shock_up,P29,PRSH,3737.8,1422,482
60,shock_up,G00,GVWY,-9899.15,6473,-109
60,shock_up,G01,GVWY,-9467.15,6395,-269
60,shock_up,G02,GVWY,-9415.5,6376,-350
60,shock_up,G03,GVWY,-8448.25,6413,-75
60,shock_up,G04,GVWY,-9730.95,6319,-77
60,shock_up,Z05,ZIC,2745.6,442,196
60,shock_up,Z06,ZIC,2698.5,528,250
60,shock_up,Z07,ZIC,3194.65,523,239
60,shock_up,Z08,ZIC,2914.4,506,204
60,shock_up,Z09,ZIC,2975.1,490,186
60,shock_up,S10,SHVR,-6101.9,5614,-114
60,shock_up,S11,SHVR,-5343.0,5646,20
60,shock_up,S12,SHVR,-8077.4,5596,16
60,shock_up,S13,SHVR,-9461.8,5550,-88
60,shock_up,S14,SHVR,-5626.6,5668,64
60,shock_up,S15,SNPR,-792.3,1246,-78
60,shock_up,S16,SNPR,-1781.2,1262,48
60,shock_up,S17,SNPR,-797.0,1246,20
60,shock_up,S18,SNPR,-950.1,1248,74
60,shock_up,S19,SNPR,-670.8,1246,-28
60,shock_up,Z20,ZIP,11120.55,3595,-227
60,shock_up,Z21,ZIP,8774.1,3632,-454
60,shock_up,Z22,ZIP,11236.5,3550,-430
60,shock_up,Z23,ZIP,7921.0,3558,-280
60,shock_up,Z24,ZIP,8063.95,3815,-683
60,shock_up,P25,PRSH,2324.4,210,124
60,shock_up,P26,PRSH,3285.25,579,255
60,shock_up,P27,PRSH,2358.85,213,131
60,shock_up,P28,PRSH,7820.45,1745,787
60,shock_up,P29,PRSH,9965.45,1907,627
61,shock_up,G00,GVWY,-7489.0,6412,112
61,shock_up,G01,GVWY,-10139.0,6414,-32
61,shock_up,G02,GVWY,-11190.0,6402,-120
61,shock_up,G03,GVWY,-10338.0,6386,-80
61,shock_up,G04,GVWY,-7305.0,6438,-118
61,shock_up,Z05,ZIC,4277.0,490,178
61,shock_up,Z06,ZIC,3443.0,502,208
61,shock_up,Z07,ZIC,4026.0,579,261
61,shock_up,Z08,ZIC,3829.0,526,272
61,shock_up,Z09,ZIC,3718.0,567,241
61,shock_up,S10,SHVR,-5808.0,5524,-26
61,shock_up,S11,SHVR,-5284.0,5517,-111
61,shock_up,S12,SHVR,-3805.0,5562,-6
61,shock_up,S13,SHVR,-4215.0,5586,-40
61,shock_up,S14,SHVR,-4272.0,5588,46
61,shock_up,S15,SNPR,-1017.0,1245,15
61,shock_up,S16,SNPR,-1721.0,1193,53
61,shock_up,S17,SNPR,-1663.0,1241,51
61,shock_up,S18,SNPR,-1200.0,1203,-33
61,shock_up,S19,SNPR,-1384.0,1234,74
61,shock_up,Z20,ZIP,10194.0,3514,-326
61,shock_up,Z21,ZIP,6414.0,3628,-730
61,shock_up,Z22,ZIP,5173.0,3763,-465
61,shock_up,Z23,ZIP,7678.0,3657,-441
61,shock_up,Z24,ZIP,9844.0,3499,-187
61,shock_up,P25,PRSH,3845.0,562,252
61,shock_up,P26,PRSH,2497.0,204,154
61,shock_up,P27,PRSH,3035.0,242,184
61,shock_up,P28,PRSH,6232.0,1080,410
61,shock_up,P29,PRSH,2957.0,249,175
62,shock_up,G00,GVWY,-11339.0,6442,-160
62,shock_up,G01,GVWY,-9339.9,6383,-243
62,shock_up,G02,GVWY,-9300.6,6450,-182
62,shock_up,G03,GVWY,-12645.2,6442,-414
62,shock_up,G04,GVWY,-12205.0,6440,-380
62,shock_up,Z05,ZIC,3617.4,480,178
62,shock_up,Z06,ZIC,4525.3,459,211
62,shock_up,Z07,ZIC,4194.7,483,179
62,shock_up,Z08,ZIC,3771.3,515,221
62,shock_up,Z09,ZIC,3808.8,506,186
62,shock_up,S10,SHVR,-7267.6,5658,58
62,shock_up,S11,SHVR,-5254.9,5603,17
62,shock_up,S12,SHVR,-3056.9,5587,57
62,shock_up,S13,SHVR,-6003.0,5616,-160
62,shock_up,S14,SHVR,-5082.7,5699,-129
62,shock_up,S15,SNPR,-730.9,1249,-33
62,shock_up,S16,SNPR,-654.3,1247,29
62,shock_up,S17,SNPR,-1543.8,1260,-6
62,shock_up,S18,SNPR,-497.6,1242,-2
62,shock_up,S19,SNPR,-978.3,1241,-101
62,shock_up,Z20,ZIP,7746.7,3527,-171
62,shock_up,Z21,ZIP,6307.7,3493,-131
62,shock_up,Z22,ZIP,3347.4,3784,-762
62,shock_up,Z23,ZIP,6532.6,3512,-358
62,shock_up,Z24,ZIP,4189.2,3524,-246
62,shock_up,P25,PRSH,3473.8,476,176
62,shock_up,P26,PRSH,4372.1,659,257
62,shock_up,P27,PRSH,4000.6,406,272
62,shock_up,P28,PRSH,14040.8,3166,756
62,shock_up,P29,PRSH,12755.0,2444,850
63,shock_up,G00,GVWY,-14278.55,6393,-313
63,shock_up,G01,GVWY,-9472.45,6423,-147
63,shock_up,G02,GVWY,-13494.45,6395,-287
63,shock_up,G03,GVWY,-13527.6,6474,-256
63,shock_up,G04,GVWY,-14819.3,6454,-158
63,shock_up,Z05,ZIC,5474.9,492,194
63,shock_up,Z06,ZIC,6792.0,522,280
63,shock_up,Z07,ZIC,6835.1,508,226
63,shock_up,Z08,ZIC,5537.9,482,194
63,shock_up,Z09,ZIC,5273.45,531,187
63,shock_up,S10,SHVR,-6629.55,5681,-133
63,shock_up,S11,SHVR,-9148.9,5672,-114
63,shock_up,S12,SHVR,-5877.3,5640,122
63,shock_up,S13,SHVR,-10234.85,5617,-111
63,shock_up,S14,SHVR,-6954.15,5665,-109
63,shock_up,S15,SNPR,-933.55,1229,-53
63,shock_up,S16,SNPR,-774.4,1272,56
63,shock_up,S17,SNPR,-1007.7,1256,-22
63,shock_up,S18,SNPR,-1007.1,1256,-6
63,shock_up,S19,SNPR,-1226.8,1242,-48
63,shock_up,Z20,ZIP,6166.45,3581,-173
63,shock_up,Z21,ZIP,4978.35,3647,-359
63,shock_up,Z22,ZIP,2533.95,3635,-423
63,shock_up,Z23,ZIP,5939.75,3579,-275
63,shock_up,Z24,ZIP,8153.25,3553,-265
63,shock_up,P25,PRSH,20328.1,2956,806
63,shock_up,P26,PRSH,13003.5,4746,510
63,shock_up,P27,PRSH,9993.95,723,357
63,shock_up,P28,PRSH,4640.4,200,144
63,shock_up,P29,PRSH,3792.95,181,137
64,shock_up,G00,GVWY,-12930.0,6385,-215
64,shock_up,G01,GVWY,-9961.6,6392,-138
64,shock_up,G02,GVWY,-10108.6,6366,-88
64,shock_up,G03,GVWY,-11954.8,6405,-59
64,shock_up,G04,GVWY,-13580.4,6401,-227
64,shock_up,Z05,ZIC,6504.0,526,240
64,shock_up,Z06,ZIC,4611.0,461,195
64,shock_up,Z07,ZIC,6674.4,535,247
64,shock_up,Z08,ZIC,5580.2,552,256
64,shock_up,Z09,ZIC,5210.2,521,201
64,shock_up,S10,SHVR,-6644.2,5528,-46
64,shock_up,S11,SHVR,-2272.6,5499,67
64,shock_up,S12,SHVR,-2648.4,5541,143
64,shock_up,S13,SHVR,-6915.6,5525,-83
64,shock_up,S14,SHVR,-3388.2,5581,139
64,shock_up,S15,SNPR,-1511.8,1241,-9
64,shock_up,S16,SNPR,-934.6,1234,22
64,shock_up,S17,SNPR,-1870.2,1245,-61
64,shock_up,S18,SNPR,-1364.2,1274,-56
64,shock_up,S19,SNPR,-1134.6,1218,2
64,shock_up,Z20,ZIP,-4882.8,3750,-924
64,shock_up,Z21,ZIP,8548.0,3545,-205
64,shock_up,Z22,ZIP,6230.8,3505,-271
64,shock_up,Z23,ZIP,3906.6,3612,-512
64,shock_up,Z24,ZIP,7802.0,3513,-145
64,shock_up,P25,PRSH,16830.4,1794,642
64,shock_up,P26,PRSH,5627.0,563,245
64,shock_up,P27,PRSH,3720.8,210,144
64,shock_up,P28,PRSH,6490.8,304,274
64,shock_up,P29,PRSH,4021.2,210,156
65,shock_up,G00,GVWY,-8761.15,6391,-127
65,shock_up,G01,GVWY,-12388.25,6419,-265
65,shock_up,G02,GVWY,-12042.55,6449,-199
65,shock_up,G03,GVWY,-11806.1,6412,-178
65,shock_up,G04,GVWY,-11884.8,6390,-144
65,shock_up,Z05,ZIC,4238.3,490,234
65,shock_up,Z06,ZIC,4265.3,496,254
65,shock_up,Z07,ZIC,5787.55,515,239
65,shock_up,Z08,ZIC,4664.5,502,210
65,shock_up,Z09,ZIC,5754.25,559,305
65,shock_up,S10,SHVR,-7662.1,5540,-78
65,shock_up,S11,SHVR,-7164.2,5610,24
65,shock_up,S12,SHVR,-3264.05,5587,311
65,shock_up,S13,SHVR,-2805.65,5557,143
65,shock_up,S14,SHVR,-4468.4,5586,168
65,shock_up,S15,SNPR,-1248.2,1234,24
65,shock_up,S16,SNPR,-826.25,1257,55
65,shock_up,S17,SNPR,-1230.3,1254,-34
65,shock_up,S18,SNPR,-409.95,1241,49
65,shock_up,S19,SNPR,-1576.1,1258,-18
65,shock_up,Z20,ZIP,7651.4,3516,-248
65,shock_up,Z21,ZIP,9161.0,3518,-340
65,shock_up,Z22,ZIP,-2083.1,3678,-1038
65,shock_up,Z23,ZIP,9377.25,3535,-215
65,shock_up,Z24,ZIP,5259.35,3719,-737
65,shock_up,P25,PRSH,3348.65,245,177
65,shock_up,P26,PRSH,3576.9,220,162
65,shock_up,P27,PRSH,5996.1,628,298
65,shock_up,P28,PRSH,16763.4,1944,772
65,shock_up,P29,PRSH,3113.4,188,132
66,shock_up,G00,GVWY,-9858.0,6422,-160
66,shock_up,G01,GVWY,-8946.6,6396,-86
66,shock_up,G02,GVWY,-9691.2,6393,-87
66,shock_up,G03,GVWY,-10872.6,6395,-201
66,shock_up,G04,GVWY,-10972.8,6400,-298
66,shock_up,Z05,ZIC,4048.0,523,235
66,shock_up,Z06,ZIC,3727.8,510,218
66,shock_up,Z07,ZIC,3720.2,520,232
66,shock_up,Z08,ZIC,4367.8,521,243
66,shock_up,Z09,ZIC,3729.2,484,222
66,shock_up,S10,SHVR,-8157.4,5555,-129
66,shock_up,S11,SHVR,-4574.0,5642,80
66,shock_up,S12,SHVR,-5587.8,5567,-33
66,shock_up,S13,SHVR,-5310.6,5603,-21
66,shock_up,S14,SHVR,-6673.0,5603,15
66,shock_up,S15,SNPR,-1230.0,1242,30
66,shock_up,S16,SNPR,-1274.2,1213,73
66,shock_up,S17,SNPR,-1082.4,1242,-64
66,shock_up,S18,SNPR,-783.8,1227,27
66,shock_up,S19,SNPR,-800.4,1226,-74
66,shock_up,Z20,ZIP,10553.4,3517,-31
66,shock_up,Z21,ZIP,11109.0,3549,-195
66,shock_up,Z22,ZIP,8197.6,3650,-334
66,shock_up,Z23,ZIP,4886.0,3676,-900
66,shock_up,Z24,ZIP,7032.2,3609,-303
66,shock_up,P25,PRSH,6085.8,356,298
66,shock_up,P26,PRSH,2362.6,204,176
66,shock_up,P27,PRSH,3068.8,202,148
66,shock_up,P28,PRSH,9601.0,1769,715
66,shock_up,P29,PRSH,2967.4,196,154
67,shock_up,G00,GVWY,-13937.5,6372,-374
67,shock_up,G01,GVWY,-12926.5,6362,-202
67,shock_up,G02,GVWY,-14220.5,6398,-370
67,shock_up,G03,GVWY,-10524.25,6379,-225
67,shock_up,G04,GVWY,-9974.25,6419,-361
67,shock_up,Z05,ZIC,3914.5,536,234
67,shock_up,Z06,ZIC,2323.5,480,190
67,shock_up,Z07,ZIC,3203.25,495,209
67,shock_up,Z08,ZIC,3915.0,534,216
67,shock_up,Z09,ZIC,3837.0,488,152
67,shock_up,S10,SHVR,-6206.0,5586,-8
67,shock_up,S11,SHVR,-5135.75,5561,77
67,shock_up,S12,SHVR,-6366.5,5582,-86
67,shock_up,S13,SHVR,-1282.0,5560,80
67,shock_up,S14,SHVR,-9229.75,5501,-15
67,shock_up,S15,SNPR,-781.25,1247,-81
67,shock_up,S16,SNPR,-819.5,1244,50
67,shock_up,S17,SNPR,-1201.25,1263,-69
67,shock_up,S18,SNPR,-984.5,1254,26
67,shock_up,S19,SNPR,-1071.75,1251,-27
67,shock_up,Z20,ZIP,9380.0,3404,-132
67,shock_up,Z21,ZIP,8603.5,3550,-370
67,shock_up,Z22,ZIP,11912.25,3439,-99
67,shock_up,Z23,ZIP,10197.75,3559,-69
67,shock_up,Z24,ZIP,9103.75,3593,-453
67,shock_up,P25,PRSH,3158.0,210,148
67,shock_up,P26,PRSH,8701.75,2211,567
67,shock_up,P27,PRSH,2646.25,199,149
67,shock_up,P28,PRSH,4548.25,799,257
67,shock_up,P29,PRSH,8673.25,1279,501
68,shock_up,G00,GVWY,-6799.75,6459,75
68,shock_up,G01,GVWY,-9281.5,6498,-50
68,shock_up,G02,GVWY,-10470.0,6458,-4
68,shock_up,G03,GVWY,-8766.5,6394,-258
68,shock_up,G04,GVWY,-10907.25,6459,-191
68,shock_up,Z05,ZIC,2632.5,530,234
68,shock_up,Z06,ZIC,1913.25,543,295
68,shock_up,Z07,ZIC,2457.0,536,212
68,shock_up,Z08,ZIC,2264.0,484,196
68,shock_up,Z09,ZIC,2120.0,514,200
68,shock_up,S10,SHVR,-3731.75,5653,-1
68,shock_up,S11,SHVR,-4903.75,5633,-149
68,shock_up,S12,SHVR,-4391.5,5662,122
68,shock_up,S13,SHVR,-5508.0,5592,0
68,shock_up,S14,SHVR,-6194.25,5681,113
68,shock_up,S15,SNPR,-1443.0,1272,56
68,shock_up,S16,SNPR,-895.0,1248,24
68,shock_up,S17,SNPR,-657.0,1244,-16
68,shock_up,S18,SNPR,-1429.25,1243,37
68,shock_up,S19,SNPR,-2125.75,1267,71
68,shock_up,Z20,ZIP,7603.75,3607,-1011
68,shock_up,Z21,ZIP,11385.0,3560,-204
68,shock_up,Z22,ZIP,7982.0,3640,-940
68,shock_up,Z23,ZIP,9080.75,3521,-491
68,shock_up,Z24,ZIP,8684.5,3584,-794
68,shock_up,P25,PRSH,1586.75,205,145
68,shock_up,P26,PRSH,6747.75,3309,805
68,shock_up,P27,PRSH,3494.75,739,373
68,shock_up,P28,PRSH,3186.0,666,320
68,shock_up,P29,PRSH,7143.25,2767,835
69,shock_up,G00,GVWY,-7670.75,6429,-55
69,shock_up,G01,GVWY,-8746.25,6437,-73
69,shock_up,G02,GVWY,-11679.5,6400,-246
69,shock_up,G03,GVWY,-6548.75,6411,17
69,shock_up,G04,GVWY,-10490.5,6368,-222
69,shock_up,Z05,ZIC,4010.0,502,228
69,shock_up,Z06,ZIC,5080.75,515,227
69,shock_up,Z07,ZIC,5071.0,526,264
69,shock_up,Z08,ZIC,4525.5,494,230
69,shock_up,Z09,ZIC,5451.0,498,220
69,shock_up,S10,SHVR,-8779.25,5521,-77
69,shock_up,S11,SHVR,-8526.5,5558,10
69,shock_up,S12,SHVR,-5248.0,5560,12
69,shock_up,S13,SHVR,-9961.0,5546,-152
69,shock_up,S14,SHVR,-3418.0,5564,64
69,shock_up,S15,SNPR,-814.0,1216,40
69,shock_up,S16,SNPR,-1185.0,1254,4
69,shock_up,S17,SNPR,-1364.25,1243,-69
69,shock_up,S18,SNPR,-989.75,1233,65
69,shock_up,S19,SNPR,-1354.25,1253,-165
69,shock_up,Z20,ZIP,8259.5,3474,-258
69,shock_up,Z21,ZIP,5125.5,3650,-410
69,shock_up,Z22,ZIP,8107.25,3469,-167
69,shock_up,Z23,ZIP,7651.5,3594,-574
69,shock_up,Z24,ZIP,8943.0,3498,-188
69,shock_up,P25,PRSH,5449.25,477,233
69,shock_up,P26,PRSH,5025.0,626,240
69,shock_up,P27,PRSH,5228.25,517,309
69,shock_up,P28,PRSH,2952.75,205,139
69,shock_up,P29,PRSH,6835.25,727,317
70,shock_up,G00,GVWY,-11031.0,6480,-88
70,shock_up,G01,GVWY,-12302.0,6472,-286
70,shock_up,G02,GVWY,-9851.0,6445,-153
70,shock_up,G03,GVWY,-11190.0,6529,-93
70,shock_up,G04,GVWY,-8920.0,6486,-160
70,shock_up,Z05,ZIC,4011.0,573,237
70,shock_up,Z06,ZIC,2320.0,457,145
70,shock_up,Z07,ZIC,2228.0,467,175
70,shock_up,Z08,ZIC,3104.0,488,202
70,shock_up,Z09,ZIC,4473.0,459,209
70,shock_up,S10,SHVR,-1024.0,5702,108
70,shock_up,S11,SHVR,-4388.0,5697,7
70,shock_up,S12,SHVR,-6377.0,5698,-110
70,shock_up,S13,SHVR,-9269.0,5653,-45
70,shock_up,S14,SHVR,-5135.0,5745,-53
70,shock_up,S15,SNPR,-482.0,1254,-44
70,shock_up,S16,SNPR,-462.0,1267,-47
70,shock_up,S17,SNPR,-710.0,1275,-23
70,shock_up,S18,SNPR,-538.0,1251,-3
70,shock_up,S19,SNPR,-1026.0,1253,51
70,shock_up,Z20,ZIP,9518.0,3527,-157
70,shock_up,Z21,ZIP,9398.0,3692,-262
70,shock_up,Z22,ZIP,6197.0,3588,-772
70,shock_up,Z23,ZIP,8376.0,3542,-348
70,shock_up,Z24,ZIP,3299.0,3638,-768
70,shock_up,P25,PRSH,5444.0,1107,477
70,shock_up,P26,PRSH,4367.0,656,284
70,shock_up,P27,PRSH,11178.0,2860,808
70,shock_up,P28,PRSH,2782.0,244,222
70,shock_up,P29,PRSH,6210.0,4625,473
71,shock_up,G00,GVWY,-12778.6,6460,-228
71,shock_up,G01,GVWY,-12249.7,6423,-321
71,shock_up,G02,GVWY,-11218.2,6520,-26
71,shock_up,G03,GVWY,-10393.9,6469,-217
71,shock_up,G04,GVWY,-12763.8,6424,-194
71,shock_up,Z05,ZIC,5490.8,496,254
71,shock_up,Z06,ZIC,4560.4,480,192
71,shock_up,Z07,ZIC,5583.0,488,210
71,shock_up,Z08,ZIC,3614.3,477,159
71,shock_up,Z09,ZIC,4619.2,478,206
71,shock_up,S10,SHVR,-9296.0,5722,-110
71,shock_up,S11,SHVR,-10752.5,5705,-295
71,shock_up,S12,SHVR,-4493.4,5702,78
71,shock_up,S13,SHVR,-2790.6,5774,62
71,shock_up,S14,SHVR,-6965.9,5745,-37
71,shock_up,S15,SNPR,-1028.7,1257,-31
71,shock_up,S16,SNPR,-807.3,1243,-89
71,shock_up,S17,SNPR,-1112.6,1248,-38
71,shock_up,S18,SNPR,-1237.8,1264,-64
71,shock_up,S19,SNPR,-1409.0,1274,-10
71,shock_up,Z20,ZIP,8219.1,3701,-317
71,shock_up,Z21,ZIP,8507.9,3611,-263
71,shock_up,Z22,ZIP,1660.0,3664,-690
71,shock_up,Z23,ZIP,7568.4,3510,-228
71,shock_up,Z24,ZIP,6303.5,3515,-225
71,shock_up,P25,PRSH,14826.5,3155,685
71,shock_up,P26,PRSH,4219.5,231,155
71,shock_up,P27,PRSH,11795.7,3023,611
71,shock_up,P28,PRSH,3288.5,211,145
71,shock_up,P29,PRSH,9857.1,4991,603
72,shock_up,G00,GVWY,-9956.0,6370,-150
72,shock_up,G01,GVWY,-10299.9,6413,-97
72,shock_up,G02,GVWY,-12727.1,6395,-273
72,shock_up,G03,GVWY,-13017.1,6423,-383
72,shock_up,G04,GVWY,-13450.1,6401,-323
72,shock_up,Z05,ZIC,2841.4,508,212
72,shock_up,Z06,ZIC,4741.5,517,255
72,shock_up,Z07,ZIC,3659.1,433,173
72,shock_up,Z08,ZIC,4326.7,489,241
72,shock_up,Z09,ZIC,3641.9,461,167
72,shock_up,S10,SHVR,-7198.3,5691,1
72,shock_up,S11,SHVR,-11403.0,5636,-200
72,shock_up,S12,SHVR,-4261.2,5580,-56
72,shock_up,S13,SHVR,-8078.2,5670,-86
72,shock_up,S14,SHVR,-5699.5,5665,-5
72,shock_up,S15,SNPR,-1146.8,1236,-4
72,shock_up,S16,SNPR,-1287.9,1237,-47
72,shock_up,S17,SNPR,-1135.9,1223,23
72,shock_up,S18,SNPR,-766.9,1239,43
72,shock_up,S19,SNPR,-716.6,1240,-88
72,shock_up,Z20,ZIP,11252.7,3577,-219
72,shock_up,Z21,ZIP,7770.3,3605,-471
72,shock_up,Z22,ZIP,8729.3,3607,-121
72,shock_up,Z23,ZIP,11334.6,3530,-132
72,shock_up,Z24,ZIP,8279.5,3517,-185
72,shock_up,P25,PRSH,9298.3,3927,429
72,shock_up,P26,PRSH,8882.8,4894,494
72,shock_up,P27,PRSH,5883.1,635,293
72,shock_up,P28,PRSH,7001.6,354,308
72,shock_up,P29,PRSH,2826.5,241,135
73,shock_up,G00,GVWY,-8636.75,6371,55
73,shock_up,G01,GVWY,-12349.1,6386,-238
73,shock_up,G02,GVWY,-12002.65,6385,-307
73,shock_up,G03,GVWY,-12255.0,6372,-220
73,shock_up,G04,GVWY,-15356.85,6365,-323
73,shock_up,Z05,ZIC,5794.8,520,264
73,shock_up,Z06,ZIC,6679.5,558,290
73,shock_up,Z07,ZIC,4794.25,545,235
73,shock_up,Z08,ZIC,5733.35,507,233
73,shock_up,Z09,ZIC,3720.2,492,176
73,shock_up,S10,SHVR,-3876.35,5563,27
73,shock_up,S11,SHVR,-4921.1,5598,-98
73,shock_up,S12,SHVR,-7560.6,5492,-68
73,shock_up,S13,SHVR,-8458.7,5556,-46
73,shock_up,S14,SHVR,-4811.95,5571,99
73,shock_up,S15,SNPR,-517.25,1265,45
73,shock_up,S16,SNPR,-1251.1,1238,-38
73,shock_up,S17,SNPR,-493.15,1253,3
73,shock_up,S18,SNPR,-1023.55,1253,11
73,shock_up,S19,SNPR,-365.85,1213,57
73,shock_up,Z20,ZIP,2532.6,3742,-552
73,shock_up,Z21,ZIP,2426.5,3592,-510
73,shock_up,Z22,ZIP,7501.5,3460,-290
73,shock_up,Z23,ZIP,8416.5,3468,-170
73,shock_up,Z24,ZIP,8514.4,3502,-268
73,shock_up,P25,PRSH,4826.55,251,209
73,shock_up,P26,PRSH,3921.6,208,148
73,shock_up,P27,PRSH,5630.9,234,202
73,shock_up,P28,PRSH,18557.05,2845,879
73,shock_up,P29,PRSH,3811.7,210,146
74,shock_up,G00,GVWY,-10676.0,6426,-322
74,shock_up,G01,GVWY,-9328.0,6396,-296
74,shock_up,G02,GVWY,-10410.0,6374,-294
74,shock_up,G03,GVWY,-10069.0,6403,-247
74,shock_up,G04,GVWY,-11056.0,6383,-281
74,shock_up,Z05,ZIC,505.0,479,199
74,shock_up,Z06,ZIC,1695.0,490,182
74,shock_up,Z07,ZIC,2190.0,524,194
74,shock_up,Z08,ZIC,1151.0,488,154
74,shock_up,Z09,ZIC,830.0,477,195
74,shock_up,S10,SHVR,-6576.0,5613,-123
74,shock_up,S11,SHVR,-3234.0,5590,-270
74,shock_up,S12,SHVR,-2572.0,5617,-229
74,shock_up,S13,SHVR,-2367.0,5579,-139
74,shock_up,S14,SHVR,-2883.0,5638,-286
74,shock_up,S15,SNPR,-1019.0,1269,-3
74,shock_up,S16,SNPR,-77.0,1231,-93
74,shock_up,S17,SNPR,-219.0,1259,-79
74,shock_up,S18,SNPR,-592.0,1279,-3
74,shock_up,S19,SNPR,-137.0,1228,-38
74,shock_up,Z20,ZIP,9851.0,3534,-28
74,shock_up,Z21,ZIP,8758.0,3464,-214
74,shock_up,Z22,ZIP,9216.0,3540,-148
74,shock_up,Z23,ZIP,9410.0,3505,-83
74,shock_up,Z24,ZIP,11844.0,3557,-381
74,shock_up,P25,PRSH,2931.0,997,415
74,shock_up,P26,PRSH,2396.0,1641,575
74,shock_up,P27,PRSH,4491.0,1559,553
74,shock_up,P28,PRSH,3809.0,2357,661
74,shock_up,P29,PRSH,2815.0,972,360
75,shock_up,G00,GVWY,-10184.05,6423,-317
75,shock_up,G01,GVWY,-8409.6,6372,-164
75,shock_up,G02,GVWY,-9299.9,6350,-166
75,shock_up,G03,GVWY,-6506.95,6333,-223
75,shock_up,G04,GVWY,-11791.25,6387,-245
75,shock_up,Z05,ZIC,2189.5,470,210
75,shock_up,Z06,ZIC,2408.4,506,236
75,shock_up,Z07,ZIC,1765.7,508,258
75,shock_up,Z08,ZIC,2554.4,478,196
75,shock_up,Z09,ZIC,1727.15,447,151
75,shock_up,S10,SHVR,-5476.25,5463,-65
75,shock_up,S11,SHVR,-4855.1,5582,-74
75,shock_up,S12,SHVR,-7350.75,5611,-75
75,shock_up,S13,SHVR,-4708.15,5621,-11
75,shock_up,S14,SHVR,-6141.3,5558,-142
75,shock_up,S15,SNPR,-1035.5,1250,30
75,shock_up,S16,SNPR,-1279.35,1245,1
75,shock_up,S17,SNPR,-1378.35,1245,41
75,shock_up,S18,SNPR,-1457.35,1269,1
75,shock_up,S19,SNPR,-1266.85,1239,-9
75,shock_up,Z20,ZIP,11354.25,3407,-75
75,shock_up,Z21,ZIP,13173.35,3585,-521
75,shock_up,Z22,ZIP,11119.15,3581,-209
75,shock_up,Z23,ZIP,8948.4,3528,-244
75,shock_up,Z24,ZIP,10149.15,3545,-129
75,shock_up,P25,PRSH,2208.3,246,162
75,shock_up,P26,PRSH,4853.6,948,364
75,shock_up,P27,PRSH,2238.9,526,226
75,shock_up,P28,PRSH,6422.65,3307,601
75,shock_up,P29,PRSH,1539.1,212,154
76,shock_up,G00,GVWY,-12763.0,6403,-405
76,shock_up,G01,GVWY,-11111.0,6403,-77
76,shock_up,G02,GVWY,-13618.0,6410,-178
76,shock_up,G03,GVWY,-12894.0,6419,-307
76,shock_up,G04,GVWY,-10957.0,6395,-197
76,shock_up,Z05,ZIC,5319.0,545,277
76,shock_up,Z06,ZIC,3947.0,499,195
76,shock_up,Z07,ZIC,2624.0,454,146
76,shock_up,Z08,ZIC,4100.0,495,199
76,shock_up,Z09,ZIC,3890.0,445,213
76,shock_up,S10,SHVR,-2505.0,5597,211
76,shock_up,S11,SHVR,-4760.0,5556,-30
76,shock_up,S12,SHVR,-7772.0,5522,-164
76,shock_up,S13,SHVR,-5717.0,5607,-85
76,shock_up,S14,SHVR,-1919.0,5588,16
76,shock_up,S15,SNPR,-1216.0,1250,-26
76,shock_up,S16,SNPR,-709.0,1261,-29
76,shock_up,S17,SNPR,-1172.0,1282,34
76,shock_up,S18,SNPR,-934.0,1251,1
76,shock_up,S19,SNPR,-1274.0,1259,-17
76,shock_up,Z20,ZIP,10418.0,3503,-227
76,shock_up,Z21,ZIP,7514.0,3618,-308
76,shock_up,Z22,ZIP,5450.0,3589,-495
76,shock_up,Z23,ZIP,8955.0,3538,-168
76,shock_up,Z24,ZIP,7828.0,3528,-286
76,shock_up,P25,PRSH,3656.0,261,165
76,shock_up,P26,PRSH,6621.0,519,459
76,shock_up,P27,PRSH,6689.0,980,420
76,shock_up,P28,PRSH,5374.0,567,245
76,shock_up,P29,PRSH,6797.0,756,350
77,shock_up,G00,GVWY,-16962.95,6369,-447
77,shock_up,G01,GVWY,-10772.25,6457,-185
77,shock_up,G02,GVWY,-12019.65,6405,-89
77,shock_up,G03,GVWY,-18057.6,6372,-436
77,shock_up,G04,GVWY,-12129.75,6437,-175
77,shock_up,Z05,ZIC,5922.75,475,235
77,shock_up,Z06,ZIC,6873.3,504,238
77,shock_up,Z07,ZIC,5018.65,533,189
77,shock_up,Z08,ZIC,6182.25,471,225
77,shock_up,Z09,ZIC,6006.35,543,211
77,shock_up,S10,SHVR,-11226.3,5636,-158
77,shock_up,S11,SHVR,-8025.95,5623,-127
77,shock_up,S12,SHVR,-6780.5,5566,-30
77,shock_up,S13,SHVR,-6458.1,5604,14
77,shock_up,S14,SHVR,-10485.35,5541,-191
77,shock_up,S15,SNPR,-1109.5,1250,-10
77,shock_up,S16,SNPR,-1898.9,1226,-54
77,shock_up,S17,SNPR,-1246.25,1245,-45
77,shock_up,S18,SNPR,-1837.7,1264,-82
77,shock_up,S19,SNPR,-1698.4,1256,-84
77,shock_up,Z20,ZIP,9401.35,3537,-209
77,shock_up,Z21,ZIP,7520.9,3606,-186
77,shock_up,Z22,ZIP,10023.45,3441,-63
77,shock_up,Z23,ZIP,9177.95,3591,-133
77,shock_up,Z24,ZIP,2733.4,3548,-416
77,shock_up,P25,PRSH,6389.2,592,232
77,shock_up,P26,PRSH,3339.15,171,139
77,shock_up,P27,PRSH,11459.6,1102,416
77,shock_up,P28,PRSH,6793.85,563,241
77,shock_up,P29,PRSH,21463.0,2920,860
78,shock_up,G00,GVWY,-8330.85,6395,-209
78,shock_up,G01,GVWY,-14136.05,6379,-377
78,shock_up,G02,GVWY,-10928.6,6470,-244
78,shock_up,G03,GVWY,-11716.35,6435,-319
78,shock_up,G04,GVWY,-10815.7,6374,-378
78,shock_up,Z05,ZIC,3859.6,502,204
78,shock_up,Z06,ZIC,4024.75,473,255
78,shock_up,Z07,ZIC,3174.25,505,205
78,shock_up,Z08,ZIC,2531.75,519,195
78,shock_up,Z09,ZIC,2807.75,507,195
78,shock_up,S10,SHVR,-6617.4,5484,-116
78,shock_up,S11,SHVR,-4150.45,5559,67
78,shock_up,S12,SHVR,-6820.45,5595,-53
78,shock_up,S13,SHVR,-5026.95,5491,-23
78,shock_up,S14,SHVR,-5812.7,5594,122
78,shock_up,S15,SNPR,-991.85,1265,-29
78,shock_up,S16,SNPR,-750.8,1234,8
78,shock_up,S17,SNPR,-941.65,1249,-21
78,shock_up,S18,SNPR,-1210.15,1275,-71
78,shock_up,S19,SNPR,-990.55,1257,13
78,shock_up,Z20,ZIP,9942.4,3550,-144
78,shock_up,Z21,ZIP,8486.15,3395,-149
78,shock_up,Z22,ZIP,9088.35,3597,-141
78,shock_up,Z23,ZIP,8998.0,3524,-140
78,shock_up,Z24,ZIP,9938.8,3540,-668
78,shock_up,P25,PRSH,3760.45,219,173
78,shock_up,P26,PRSH,3870.6,380,224
78,shock_up,P27,PRSH,4038.0,410,200
78,shock_up,P28,PRSH,7927.65,1627,701
78,shock_up,P29,PRSH,6310.0,1090,400
79,shock_up,G00,GVWY,-11949.5,6437,-345
79,shock_up,G01,GVWY,-16381.6,6382,-438
79,shock_up,G02,GVWY,-11713.2,6390,-356
79,shock_up,G03,GVWY,-8599.4,6426,-222
79,shock_up,G04,GVWY,-8958.8,6402,-274
79,shock_up,Z05,ZIC,3529.7,507,191
79,shock_up,Z06,ZIC,3702.4,522,242
79,shock_up,Z07,ZIC,3458.9,557,177
79,shock_up,Z08,ZIC,3506.4,424,212
79,shock_up,Z09,ZIC,3300.4,464,212
79,shock_up,S10,SHVR,-3851.6,5584,32
79,shock_up,S11,SHVR,-5057.4,5556,-2
79,shock_up,S12,SHVR,-4926.7,5557,-31
79,shock_up,S13,SHVR,-7682.2,5590,-76
79,shock_up,S14,SHVR,-6478.5,5551,-155
79,shock_up,S15,SNPR,-986.3,1239,-39
79,shock_up,S16,SNPR,-444.0,1242,0
79,shock_up,S17,SNPR,-1370.4,1238,8
79,shock_up,S18,SNPR,-1305.5,1261,-25
79,shock_up,S19,SNPR,-1194.6,1238,-68
79,shock_up,Z20,ZIP,8284.5,3603,-275
79,shock_up,Z21,ZIP,6258.1,3501,-237
79,shock_up,Z22,ZIP,8122.7,3597,-429
79,shock_up,Z23,ZIP,7386.9,3479,-73
79,shock_up,Z24,ZIP,3132.0,3770,-400
79,shock_up,P25,PRSH,4098.8,418,224
79,shock_up,P26,PRSH,10617.3,1129,639
79,shock_up,P27,PRSH,10072.3,2215,609
79,shock_up,P28,PRSH,5723.7,1087,341
79,shock_up,P29,PRSH,9446.5,1207,425
80,shock_up,G00,GVWY,-11151.75,6447,-441
80,shock_up,G01,GVWY,-10833.25,6479,-123
80,shock_up,G02,GVWY,-12292.0,6428,-348
80,shock_up,G03,GVWY,-11183.25,6445,-395
80,shock_up,G04,GVWY,-13506.0,6408,-312
80,shock_up,Z05,ZIC,3505.75,523,241
80,shock_up,Z06,ZIC,2979.0,446,200
80,shock_up,Z07,ZIC,3720.0,514,240
80,shock_up,Z08,ZIC,3228.0,518,228
80,shock_up,Z09,ZIC,2995.5,450,210
80,shock_up,S10,SHVR,-4958.25,5687,-79
80,shock_up,S11,SHVR,-7055.75,5731,-137
80,shock_up,S12,SHVR,-6761.75,5723,-137
80,shock_up,S13,SHVR,-7113.0,5684,28
80,shock_up,S14,SHVR,-7699.75,5687,-85
80,shock_up,S15,SNPR,-1936.25,1271,21
80,shock_up,S16,SNPR,-1340.75,1255,51
80,shock_up,S17,SNPR,-870.5,1282,18
80,shock_up,S18,SNPR,-1425.75,1247,-9
80,shock_up,S19,SNPR,-562.5,1272,10
80,shock_up,Z20,ZIP,9171.75,3713,-359
80,shock_up,Z21,ZIP,10632.5,3578,-362
80,shock_up,Z22,ZIP,9077.25,3715,-213
80,shock_up,Z23,ZIP,11774.25,3629,-369
80,shock_up,Z24,ZIP,8923.0,3602,-368
80,shock_up,P25,PRSH,4990.0,3686,476
80,shock_up,P26,PRSH,2059.5,186,142
80,shock_up,P27,PRSH,11067.5,2936,814
80,shock_up,P28,PRSH,6764.25,4245,547
80,shock_up,P29,PRSH,6611.0,446,392
81,shock_up,G00,GVWY,-10749.5,6470,-230
81,shock_up,G01,GVWY,-12881.6,6516,-124
81,shock_up,G02,GVWY,-10976.75,6473,-335
81,shock_up,G03,GVWY,-10697.1,6540,-314
81,shock_up,G04,GVWY,-8588.35,6505,-139
81,shock_up,Z05,ZIC,2048.25,493,225
81,shock_up,Z06,ZIC,2594.4,532,216
81,shock_up,Z07,ZIC,2861.6,522,224
81,shock_up,Z08,ZIC,2048.8,456,212
81,shock_up,Z09,ZIC,2731.15,501,251
81,shock_up,S10,SHVR,-6095.9,5780,-26
81,shock_up,S11,SHVR,-6567.7,5760,-58
81,shock_up,S12,SHVR,-7766.55,5735,-7
81,shock_up,S13,SHVR,-5504.9,5806,-166
81,shock_up,S14,SHVR,-6585.5,5702,-110
81,shock_up,S15,SNPR,-1110.35,1277,-79
81,shock_up,S16,SNPR,-1599.55,1273,13
81,shock_up,S17,SNPR,-1254.5,1260,-10
81,shock_up,S18,SNPR,-903.65,1281,-81
81,shock_up,S19,SNPR,-961.0,1252,-60
81,shock_up,Z20,ZIP,9111.45,3611,-387
81,shock_up,Z21,ZIP,7427.0,3774,-600
81,shock_up,Z22,ZIP,10147.15,3565,-149
81,shock_up,Z23,ZIP,8697.15,3705,-249
81,shock_up,Z24,ZIP,8302.35,3635,-961
81,shock_up,P25,PRSH,10264.1,2296,814
81,shock_up,P26,PRSH,1477.65,165,121
81,shock_up,P27,PRSH,5631.6,4256,604
81,shock_up,P28,PRSH,11216.1,3524,774
81,shock_up,P29,PRSH,8889.55,2377,587
82,shock_up,G00,GVWY,-9129.5,6467,-115
82,shock_up,G01,GVWY,-9111.3,6419,-293
82,shock_up,G02,GVWY,-13310.0,6498,-260
82,shock_up,G03,GVWY,-11804.9,6493,-319
82,shock_up,G04,GVWY,-12202.7,6419,-257
82,shock_up,Z05,ZIC,5063.6,530,266
82,shock_up,Z06,ZIC,3757.9,509,259
82,shock_up,Z07,ZIC,2751.8,478,178
82,shock_up,Z08,ZIC,3770.9,509,189
82,shock_up,Z09,ZIC,2842.2,526,172
82,shock_up,S10,SHVR,-4288.2,5688,8
82,shock_up,S11,SHVR,-2996.7,5695,-17
82,shock_up,S12,SHVR,-7175.8,5650,-118
82,shock_up,S13,SHVR,-4121.9,5643,-9
82,shock_up,S14,SHVR,-4927.7,5717,-47
82,shock_up,S15,SNPR,-1228.3,1251,77
82,shock_up,S16,SNPR,-999.9,1281,11
82,shock_up,S17,SNPR,-999.4,1270,-34
82,shock_up,S18,SNPR,-873.9,1281,21
82,shock_up,S19,SNPR,-1209.6,1270,-26
82,shock_up,Z20,ZIP,7183.9,3553,-191
82,shock_up,Z21,ZIP,4840.7,3691,-593
82,shock_up,Z22,ZIP,8407.2,3592,-198
82,shock_up,Z23,ZIP,7671.5,3649,-435
82,shock_up,Z24,ZIP,5953.1,3633,-469
82,shock_up,P25,PRSH,8989.9,3001,609
82,shock_up,P26,PRSH,6377.9,1031,399
82,shock_up,P27,PRSH,9295.8,3980,508
82,shock_up,P28,PRSH,3428.0,596,220
82,shock_up,P29,PRSH,4815.2,1522,422
83,shock_up,G00,GVWY,-16260.4,6436,-316
83,shock_up,G01,GVWY,-11774.0,6396,-280
83,shock_up,G02,GVWY,-13709.0,6364,-310
83,shock_up,G03,GVWY,-11268.6,6374,-164
83,shock_up,G04,GVWY,-10707.4,6428,-336
83,shock_up,Z05,ZIC,5561.4,459,271
83,shock_up,Z06,ZIC,3945.2,455,163
83,shock_up,Z07,ZIC,2929.4,474,196
83,shock_up,Z08,ZIC,5117.0,514,230
83,shock_up,Z09,ZIC,5227.6,510,224
83,shock_up,S10,SHVR,-7565.8,5562,-2
83,shock_up,S11,SHVR,-7603.0,5523,-75
83,shock_up,S12,SHVR,-4994.0,5509,15
83,shock_up,S13,SHVR,-5967.0,5604,-100
83,shock_up,S14,SHVR,-4891.6,5480,-54
83,shock_up,S15,SNPR,93.6,1217,89
83,shock_up,S16,SNPR,-1413.2,1220,-28
83,shock_up,S17,SNPR,-1383.6,1258,-44
83,shock_up,S18,SNPR,-920.0,1237,-15
83,shock_up,S19,SNPR,-1474.8,1222,-12
83,shock_up,Z20,ZIP,6844.6,3523,-261
83,shock_up,Z21,ZIP,8467.2,3527,-227
83,shock_up,Z22,ZIP,7713.8,3668,-228
83,shock_up,Z23,ZIP,7236.8,3536,-308
83,shock_up,Z24,ZIP,7705.8,3491,-133
83,shock_up,P25,PRSH,2774.6,187,139
83,shock_up,P26,PRSH,13866.4,2481,621
83,shock_up,P27,PRSH,16128.8,1046,542
83,shock_up,P28,PRSH,3816.0,275,165
83,shock_up,P29,PRSH,3415.4,300,176
84,shock_up,G00,GVWY,-8264.15,6445,-197
84,shock_up,G01,GVWY,-11744.0,6462,-260
84,shock_up,G02,GVWY,-12375.45,6459,-231
84,shock_up,G03,GVWY,-7789.35,6445,-313
84,shock_up,G04,GVWY,-10444.9,6404,-62
84,shock_up,Z05,ZIC,2850.2,488,236
84,shock_up,Z06,ZIC,3374.0,566,260
84,shock_up,Z07,ZIC,3382.05,509,199
84,shock_up,Z08,ZIC,3292.45,579,211
84,shock_up,Z09,ZIC,3062.9,496,242
84,shock_up,S10,SHVR,-3160.2,5596,-36
84,shock_up,S11,SHVR,-6745.35,5605,-133
84,shock_up,S12,SHVR,-7391.7,5682,94
84,shock_up,S13,SHVR,-5990.25,5627,-135
84,shock_up,S14,SHVR,-5944.9,5624,118
84,shock_up,S15,SNPR,-885.2,1240,-56
84,shock_up,S16,SNPR,-1299.7,1250,-6
84,shock_up,S17,SNPR,-1003.3,1238,6
84,shock_up,S18,SNPR,-858.75,1235,-65
84,shock_up,S19,SNPR,-747.0,1240,-60
84,shock_up,Z20,ZIP,8402.75,3635,-415
84,shock_up,Z21,ZIP,5096.5,3614,-850
84,shock_up,Z22,ZIP,9536.25,3477,-105
84,shock_up,Z23,ZIP,9186.25,3573,-265
84,shock_up,Z24,ZIP,7952.35,3495,-187
84,shock_up,P25,PRSH,11159.4,3498,652
84,shock_up,P26,PRSH,5888.45,915,371
84,shock_up,P27,PRSH,2045.5,182,130
84,shock_up,P28,PRSH,2865.7,232,186
84,shock_up,P29,PRSH,6794.7,3452,626
85,shock_up,G00,GVWY,-10095.9,6301,-287
85,shock_up,G01,GVWY,-13161.4,6388,-152
85,shock_up,G02,GVWY,-4837.8,6346,-154
85,shock_up,G03,GVWY,-12266.7,6397,-151
85,shock_up,G04,GVWY,-10001.8,6344,-214
85,shock_up,Z05,ZIC,2414.6,490,168
85,shock_up,Z06,ZIC,3088.1,487,233
85,shock_up,Z07,ZIC,2975.6,508,258
85,shock_up,Z08,ZIC,3712.5,515,225
85,shock_up,Z09,ZIC,3857.7,511,181
85,shock_up,S10,SHVR,-4368.9,5447,103
85,shock_up,S11,SHVR,-7986.4,5522,-62
85,shock_up,S12,SHVR,-4721.0,5496,110
85,shock_up,S13,SHVR,-4698.5,5501,-95
85,shock_up,S14,SHVR,-7541.1,5563,97
85,shock_up,S15,SNPR,-1635.7,1221,49
85,shock_up,S16,SNPR,-716.9,1219,-27
85,shock_up,S17,SNPR,-1953.4,1246,48
85,shock_up,S18,SNPR,-1451.9,1229,13
85,shock_up,S19,SNPR,-119.4,1258,-52
85,shock_up,Z20,ZIP,10755.5,3475,-195
85,shock_up,Z21,ZIP,9017.6,3542,-752
85,shock_up,Z22,ZIP,11558.0,3574,-190
85,shock_up,Z23,ZIP,8528.3,3553,-391
85,shock_up,Z24,ZIP,12409.1,3461,-17
85,shock_up,P25,PRSH,3069.0,544,230
85,shock_up,P26,PRSH,2113.3,195,139
85,shock_up,P27,PRSH,5611.9,821,357
85,shock_up,P28,PRSH,3986.3,659,289
85,shock_up,P29,PRSH,2041.3,193,149
86,shock_up,G00,GVWY,-9148.1,6433,-199
86,shock_up,G01,GVWY,-10115.4,6418,-266
86,shock_up,G02,GVWY,-12566.1,6415,-309
86,shock_up,G03,GVWY,-13417.6,6428,-294
86,shock_up,G04,GVWY,-13403.3,6443,-167
86,shock_up,Z05,ZIC,3666.0,514,200
86,shock_up,Z06,ZIC,4351.8,488,212
86,shock_up,Z07,ZIC,3894.8,474,212
86,shock_up,Z08,ZIC,4040.8,474,212
86,shock_up,Z09,ZIC,4974.4,506,226
86,shock_up,S10,SHVR,-6297.5,5619,25
86,shock_up,S11,SHVR,-6762.0,5582,80
86,shock_up,S12,SHVR,-6904.4,5560,34
86,shock_up,S13,SHVR,-3596.1,5547,-69
86,shock_up,S14,SHVR,-9557.4,5656,-266
86,shock_up,S15,SNPR,-794.9,1275,-31
86,shock_up,S16,SNPR,-1389.8,1250,28
86,shock_up,S17,SNPR,-1008.5,1275,85
86,shock_up,S18,SNPR,-2233.5,1253,-105
86,shock_up,S19,SNPR,-1393.9,1261,-51
86,shock_up,Z20,ZIP,2189.8,3780,-698
86,shock_up,Z21,ZIP,7498.9,3537,-339
86,shock_up,Z22,ZIP,9136.6,3488,-286
86,shock_up,Z23,ZIP,8577.9,3585,-329
86,shock_up,Z24,ZIP,7236.2,3558,-152
86,shock_up,P25,PRSH,7283.2,758,378
86,shock_up,P26,PRSH,11530.0,1448,530
86,shock_up,P27,PRSH,13368.5,2091,705
86,shock_up,P28,PRSH,4951.6,438,214
86,shock_up,P29,PRSH,6034.4,756,396
87,shock_up,G00,GVWY,-9924.5,6358,-82
87,shock_up,G01,GVWY,-10654.5,6356,-342
87,shock_up,G02,GVWY,-9940.25,6405,-251
87,shock_up,G03,GVWY,-11599.75,6399,-301
87,shock_up,G04,GVWY,-10707.75,6363,-149
87,shock_up,Z05,ZIC,3939.0,500,244
87,shock_up,Z06,ZIC,2843.75,463,201
87,shock_up,Z07,ZIC,3229.75,505,185
87,shock_up,Z08,ZIC,3320.75,495,237
87,shock_up,Z09,ZIC,2533.0,444,184
87,shock_up,S10,SHVR,-5344.0,5512,-100
87,shock_up,S11,SHVR,-5147.75,5525,-13
87,shock_up,S12,SHVR,-6060.75,5533,-49
87,shock_up,S13,SHVR,-7685.75,5505,-269
87,shock_up,S14,SHVR,-6434.25,5571,73
87,shock_up,S15,SNPR,-1139.5,1250,18
87,shock_up,S16,SNPR,-388.0,1222,-28
87,shock_up,S17,SNPR,-707.0,1224,-44
87,shock_up,S18,SNPR,-1167.0,1250,-32
87,shock_up,S19,SNPR,-422.0,1228,52
87,shock_up,Z20,ZIP,5997.5,3636,-494
87,shock_up,Z21,ZIP,9547.25,3481,-105
87,shock_up,Z22,ZIP,4949.5,3634,-770
87,shock_up,Z23,ZIP,8125.5,3514,-118
87,shock_up,Z24,ZIP,9036.25,3551,-177
87,shock_up,P25,PRSH,12745.5,786,618
87,shock_up,P26,PRSH,5072.0,752,328
87,shock_up,P27,PRSH,4944.5,758,314
87,shock_up,P28,PRSH,8308.0,1826,588
87,shock_up,P29,PRSH,3246.5,496,198
88,shock_up,G00,GVWY,-8557.9,6431,-133
88,shock_up,G01,GVWY,-9521.2,6422,-74
88,shock_up,G02,GVWY,-10829.5,6399,-265
88,shock_up,G03,GVWY,-12188.8,6458,-226
88,shock_up,G04,GVWY,-10942.4,6414,-128
88,shock_up,Z05,ZIC,3215.1,493,247
88,shock_up,Z06,ZIC,2514.8,508,196
88,shock_up,Z07,ZIC,2942.5,465,225
88,shock_up,Z08,ZIC,3065.5,523,185
88,shock_up,Z09,ZIC,3021.5,547,245
88,shock_up,S10,SHVR,-4994.2,5572,-194
88,shock_up,S11,SHVR,-9711.5,5547,-215
88,shock_up,S12,SHVR,-4249.5,5601,-15
88,shock_up,S13,SHVR,-7355.4,5570,-58
88,shock_up,S14,SHVR,-4302.9,5591,37
88,shock_up,S15,SNPR,-924.0,1230,20
88,shock_up,S16,SNPR,-976.0,1204,-10
88,shock_up,S17,SNPR,-811.8,1238,-76
88,shock_up,S18,SNPR,-1014.8,1226,-106
88,shock_up,S19,SNPR,-1371.5,1267,65
88,shock_up,Z20,ZIP,8258.4,3574,-192
88,shock_up,Z21,ZIP,9298.2,3564,-276
88,shock_up,Z22,ZIP,10729.1,3519,-163
88,shock_up,Z23,ZIP,8889.2,3652,-576
88,shock_up,Z24,ZIP,10135.0,3558,-200
88,shock_up,P25,PRSH,2235.3,195,121
88,shock_up,P26,PRSH,1879.5,195,135
88,shock_up,P27,PRSH,4719.0,746,300
88,shock_up,P28,PRSH,11800.4,3952,728
88,shock_up,P29,PRSH,5430.3,803,331
89,shock_up,G00,GVWY,-12088.2,6508,-282
89,shock_up,G01,GVWY,-11832.3,6481,-273
89,shock_up,G02,GVWY,-10996.7,6441,-117
89,shock_up,G03,GVWY,-9743.5,6467,-325
89,shock_up,G04,GVWY,-8747.5,6437,-265
89,shock_up,Z05,ZIC,3506.0,518,190
89,shock_up,Z06,ZIC,3380.9,531,229
89,shock_up,Z07,ZIC,3278.3,501,163
89,shock_up,Z08,ZIC,3452.4,490,194
89,shock_up,Z09,ZIC,4460.6,522,246
89,shock_up,S10,SHVR,-5040.8,5710,72
89,shock_up,S11,SHVR,-5634.0,5660,-150
89,shock_up,S12,SHVR,-6532.1,5683,-201
89,shock_up,S13,SHVR,-7018.7,5721,-147
89,shock_up,S14,SHVR,-7650.4,5666,-64
89,shock_up,S15,SNPR,-622.4,1244,46
89,shock_up,S16,SNPR,-873.2,1268,-12
89,shock_up,S17,SNPR,-694.7,1277,-27
89,shock_up,S18,SNPR,-1434.9,1271,-29
89,shock_up,S19,SNPR,-988.3,1267,-63
89,shock_up,Z20,ZIP,8397.8,3544,-202
89,shock_up,Z21,ZIP,6004.1,3585,-239
89,shock_up,Z22,ZIP,7368.7,3513,-133
89,shock_up,Z23,ZIP,3461.1,3563,-659
89,shock_up,Z24,ZIP,-232.8,3598,-978
89,shock_up,P25,PRSH,14966.2,2630,832
89,shock_up,P26,PRSH,12437.2,2612,732
89,shock_up,P27,PRSH,5363.6,796,296
89,shock_up,P28,PRSH,9588.1,3093,651
89,shock_up,P29,PRSH,4399.6,3428,436
90,shock_up,G00,GVWY,-12119.4,6376,-212
90,shock_up,G01,GVWY,-9548.8,6395,-109
90,shock_up,G02,GVWY,-9544.2,6409,-81
90,shock_up,G03,GVWY,-9830.4,6436,-42
90,shock_up,G04,GVWY,-13469.4,6425,-87
90,shock_up,Z05,ZIC,5445.6,423,193
90,shock_up,Z06,ZIC,4969.2,554,246
90,shock_up,Z07,ZIC,5082.4,485,257
90,shock_up,Z08,ZIC,5211.4,523,267
90,shock_up,Z09,ZIC,5718.4,522,242
90,shock_up,S10,SHVR,-7177.8,5573,31
90,shock_up,S11,SHVR,-5716.4,5621,93
90,shock_up,S12,SHVR,-8187.4,5540,-22
90,shock_up,S13,SHVR,-13977.4,5542,-192
90,shock_up,S14,SHVR,-2665.4,5556,48
90,shock_up,S15,SNPR,-1272.4,1225,-37
90,shock_up,S16,SNPR,-383.6,1251,-3
90,shock_up,S17,SNPR,-1603.2,1256,-106
90,shock_up,S18,SNPR,-1006.2,1234,-36
90,shock_up,S19,SNPR,-1420.4,1259,13
90,shock_up,Z20,ZIP,9508.2,3644,-284
90,shock_up,Z21,ZIP,8556.0,3620,-390
90,shock_up,Z22,ZIP,4176.6,3613,-827
90,shock_up,Z23,ZIP,6159.8,3686,-556
90,shock_up,Z24,ZIP,11682.2,3660,-104
90,shock_up,P25,PRSH,5771.8,651,319
90,shock_up,P26,PRSH,3281.4,231,147
90,shock_up,P27,PRSH,7460.2,781,411
90,shock_up,P28,PRSH,12460.2,1459,631
90,shock_up,P29,PRSH,3839.4,332,192
91,shock_up,G00,GVWY,-6055.25,6461,-15
91,shock_up,G01,GVWY,-11715.25,6409,-135
91,shock_up,G02,GVWY,-19692.15,6499,-413
91,shock_up,G03,GVWY,-6580.4,6432,12
91,shock_up,G04,GVWY,-9010.5,6416,10
91,shock_up,Z05,ZIC,10171.8,526,296
91,shock_up,Z06,ZIC,7591.4,474,208
91,shock_up,Z07,ZIC,10184.9,526,278
91,shock_up,Z08,ZIC,7231.95,523,209
91,shock_up,Z09,ZIC,8343.5,506,230
91,shock_up,S10,SHVR,-9666.9,5612,-138
91,shock_up,S11,SHVR,-7035.5,5632,-10
91,shock_up,S12,SHVR,-8704.6,5534,-72
91,shock_up,S13,SHVR,-4266.5,5556,50
91,shock_up,S14,SHVR,-2886.75,5577,95
91,shock_up,S15,SNPR,-518.4,1258,12
91,shock_up,S16,SNPR,-1393.05,1225,-11
91,shock_up,S17,SNPR,-2058.15,1235,-33
91,shock_up,S18,SNPR,820.15,1239,93
91,shock_up,S19,SNPR,-405.65,1235,37
91,shock_up,Z20,ZIP,1020.55,3659,-319
91,shock_up,Z21,ZIP,-15770.7,3628,-954
91,shock_up,Z22,ZIP,551.05,3501,-389
91,shock_up,Z23,ZIP,-13708.55,3629,-861
91,shock_up,Z24,ZIP,4792.7,3526,-186
91,shock_up,P25,PRSH,16136.6,1222,512
91,shock_up,P26,PRSH,7581.45,387,219
91,shock_up,P27,PRSH,5175.0,198,140
91,shock_up,P28,PRSH,6528.45,203,179
91,shock_up,P29,PRSH,30821.3,1598,846
92,shock_up,G00,GVWY,-11802.5,6412,-218
92,shock_up,G01,GVWY,-12110.5,6392,-226
92,shock_up,G02,GVWY,-13140.0,6412,-288
92,shock_up,G03,GVWY,-10431.25,6479,-59
92,shock_up,G04,GVWY,-12493.75,6443,-229
92,shock_up,Z05,ZIC,4155.25,489,199
92,shock_up,Z06,ZIC,4976.5,508,222
92,shock_up,Z07,ZIC,3859.5,516,202
92,shock_up,Z08,ZIC,5394.25,535,207
92,shock_up,Z09,ZIC,5456.75,547,249
92,shock_up,S10,SHVR,-7020.25,5577,-143
92,shock_up,S11,SHVR,-4882.75,5569,35
92,shock_up,S12,SHVR,-8401.5,5618,-126
92,shock_up,S13,SHVR,-6433.75,5577,-37
92,shock_up,S14,SHVR,-4887.25,5581,-63
92,shock_up,S15,SNPR,-1449.75,1225,55
92,shock_up,S16,SNPR,-1874.75,1261,-33
92,shock_up,S17,SNPR,-1645.5,1228,-90
92,shock_up,S18,SNPR,-951.25,1253,21
92,shock_up,S19,SNPR,-747.0,1228,76
92,shock_up,Z20,ZIP,9331.25,3539,-177
92,shock_up,Z21,ZIP,12335.25,3561,-213
92,shock_up,Z22,ZIP,9482.25,3519,-121
92,shock_up,Z23,ZIP,6500.25,3533,-249
92,shock_up,Z24,ZIP,9327.0,3648,-304
92,shock_up,P25,PRSH,2435.75,187,133
92,shock_up,P26,PRSH,2736.5,234,162
92,shock_up,P27,PRSH,10342.25,4251,427
92,shock_up,P28,PRSH,4495.0,472,244
92,shock_up,P29,PRSH,7440.5,932,306
93,shock_up,G00,GVWY,-8820.8,6424,-216
93,shock_up,G01,GVWY,-9991.5,6388,-310
93,shock_up,G02,GVWY,-7932.0,6424,0
93,shock_up,G03,GVWY,-13026.5,6388,-370
93,shock_up,G04,GVWY,-12698.05,6411,-271
93,shock_up,Z05,ZIC,3803.0,528,220
93,shock_up,Z06,ZIC,2612.15,475,213
93,shock_up,Z07,ZIC,2539.6,474,152
93,shock_up,Z08,ZIC,3407.75,517,205
93,shock_up,Z09,ZIC,3548.85,501,187
93,shock_up,S10,SHVR,-4932.15,5509,-173
93,shock_up,S11,SHVR,-4149.15,5553,-13
93,shock_up,S12,SHVR,-6434.45,5533,-39
93,shock_up,S13,SHVR,-6126.25,5493,85
93,shock_up,S14,SHVR,-9290.15,5609,-93
93,shock_up,S15,SNPR,-1004.8,1254,24
93,shock_up,S16,SNPR,-1158.25,1267,-15
93,shock_up,S17,SNPR,-1297.4,1246,-8
93,shock_up,S18,SNPR,-1339.5,1252,-30
93,shock_up,S19,SNPR,-886.95,1245,-49
93,shock_up,Z20,ZIP,8268.25,3481,-245
93,shock_up,Z21,ZIP,9776.25,3627,-345
93,shock_up,Z22,ZIP,9324.35,3519,-103
93,shock_up,Z23,ZIP,7416.15,3577,-447
93,shock_up,Z24,ZIP,5768.7,3610,-386
93,shock_up,P25,PRSH,10618.15,3343,693
93,shock_up,P26,PRSH,2984.2,226,164
93,shock_up,P27,PRSH,9854.85,2031,607
93,shock_up,P28,PRSH,2701.2,212,164
93,shock_up,P29,PRSH,6683.35,999,357
94,shock_up,G00,GVWY,-10579.65,6429,-283
94,shock_up,G01,GVWY,-8484.6,6330,-152
94,shock_up,G02,GVWY,-13327.45,6371,-79
94,shock_up,G03,GVWY,-12919.0,6376,-300
94,shock_up,G04,GVWY,-8951.2,6390,-224
94,shock_up,Z05,ZIC,3706.1,476,202
94,shock_up,Z06,ZIC,3846.75,495,225
94,shock_up,Z07,ZIC,3463.05,489,231
94,shock_up,Z08,ZIC,4400.95,477,209
94,shock_up,Z09,ZIC,3686.0,476,200
94,shock_up,S10,SHVR,-6340.95,5565,-69
94,shock_up,S11,SHVR,-5797.4,5452,52
94,shock_up,S12,SHVR,-5160.6,5478,68
94,shock_up,S13,SHVR,-3795.0,5596,20
94,shock_up,S14,SHVR,-5463.8,5538,64
94,shock_up,S15,SNPR,-1000.5,1198,-30
94,shock_up,S16,SNPR,-434.3,1220,-46
94,shock_up,S17,SNPR,-958.5,1226,-10
94,shock_up,S18,SNPR,-1149.55,1215,39
94,shock_up,S19,SNPR,-942.8,1232,-56
94,shock_up,Z20,ZIP,7546.6,3568,-508
94,shock_up,Z21,ZIP,10315.2,3596,-216
94,shock_up,Z22,ZIP,8348.05,3561,-249
94,shock_up,Z23,ZIP,6770.5,3566,-330
94,shock_up,Z24,ZIP,9623.1,3588,-138
94,shock_up,P25,PRSH,3137.35,209,157
94,shock_up,P26,PRSH,3441.65,225,163
94,shock_up,P27,PRSH,10158.25,2215,715
94,shock_up,P28,PRSH,2849.8,204,136
94,shock_up,P29,PRSH,3181.55,199,161
95,shock_up,G00,GVWY,-12140.0,6434,-174
95,shock_up,G01,GVWY,-10823.0,6418,-210
95,shock_up,G02,GVWY,-10313.0,6419,-173
95,shock_up,G03,GVWY,-9997.0,6397,-243
95,shock_up,G04,GVWY,-8639.0,6362,-146
95,shock_up,Z05,ZIC,4921.0,479,239
95,shock_up,Z06,ZIC,4230.0,506,254
95,shock_up,Z07,ZIC,4943.0,528,280
95,shock_up,Z08,ZIC,4196.0,496,222
95,shock_up,Z09,ZIC,5025.0,530,304
95,shock_up,S10,SHVR,-6633.0,5551,-161
95,shock_up,S11,SHVR,-8279.0,5565,5
95,shock_up,S12,SHVR,-4680.0,5528,10
95,shock_up,S13,SHVR,-8657.0,5528,-250
95,shock_up,S14,SHVR,-7976.0,5621,-125
95,shock_up,S15,SNPR,-1673.0,1270,-84
95,shock_up,S16,SNPR,-1367.0,1245,-17
95,shock_up,S17,SNPR,-457.0,1243,-17
95,shock_up,S18,SNPR,-583.0,1252,28
95,shock_up,S19,SNPR,-966.0,1269,3
95,shock_up,Z20,ZIP,10088.0,3629,-61
95,shock_up,Z21,ZIP,12564.0,3468,-48
95,shock_up,Z22,ZIP,3720.0,3509,-795
95,shock_up,Z23,ZIP,10395.0,3527,-197
95,shock_up,Z24,ZIP,7971.0,3601,-259
95,shock_up,P25,PRSH,3169.0,218,146
95,shock_up,P26,PRSH,2960.0,190,150
95,shock_up,P27,PRSH,6017.0,657,305
95,shock_up,P28,PRSH,4807.0,573,233
95,shock_up,P29,PRSH,7748.0,2824,680
96,shock_up,G00,GVWY,-8366.2,6430,-34
96,shock_up,G01,GVWY,-6979.0,6450,10
96,shock_up,G02,GVWY,-6318.8,6364,84
96,shock_up,G03,GVWY,-8423.5,6405,85
96,shock_up,G04,GVWY,-11628.6,6442,-192
96,shock_up,Z05,ZIC,4247.3,515,291
96,shock_up,Z06,ZIC,5019.4,508,238
96,shock_up,Z07,ZIC,5058.8,528,276
96,shock_up,Z08,ZIC,4754.5,509,255
96,shock_up,Z09,ZIC,4365.1,547,217
96,shock_up,S10,SHVR,-8140.0,5596,-20
96,shock_up,S11,SHVR,-7379.7,5619,-229
96,shock_up,S12,SHVR,-6209.9,5633,17
96,shock_up,S13,SHVR,-5372.4,5568,62
96,shock_up,S14,SHVR,-7958.3,5621,-101
96,shock_up,S15,SNPR,-1631.4,1242,12
96,shock_up,S16,SNPR,-1374.1,1223,23
96,shock_up,S17,SNPR,-1058.8,1240,-66
96,shock_up,S18,SNPR,-1473.3,1213,-51
96,shock_up,S19,SNPR,-1275.0,1224,-20
96,shock_up,Z20,ZIP,11179.8,3532,-74
96,shock_up,Z21,ZIP,4145.2,3734,-866
96,shock_up,Z22,ZIP,6451.0,3618,-740
96,shock_up,Z23,ZIP,7831.8,3542,-404
96,shock_up,Z24,ZIP,12047.4,3398,-102
96,shock_up,P25,PRSH,3240.9,4763,453
96,shock_up,P26,PRSH,3093.3,225,161
96,shock_up,P27,PRSH,3798.0,236,200
96,shock_up,P28,PRSH,5075.8,454,236
96,shock_up,P29,PRSH,3635.9,471,203
97,shock_up,G00,GVWY,-12162.45,6485,-371
97,shock_up,G01,GVWY,-13365.85,6469,-83
97,shock_up,G02,GVWY,-13887.7,6398,-186
97,shock_up,G03,GVWY,-10539.15,6499,-257
97,shock_up,G04,GVWY,-15317.8,6416,-364
97,shock_up,Z05,ZIC,4586.9,458,182
97,shock_up,Z06,ZIC,4959.5,514,230
97,shock_up,Z07,ZIC,5196.8,510,224
97,shock_up,Z08,ZIC,3415.35,471,173
97,shock_up,Z09,ZIC,4687.95,505,201
97,shock_up,S10,SHVR,-8250.45,5609,-151
97,shock_up,S11,SHVR,-5473.75,5701,-85
97,shock_up,S12,SHVR,-7410.65,5651,-167
97,shock_up,S13,SHVR,-8513.35,5647,-133
97,shock_up,S14,SHVR,-6228.15,5635,-97
97,shock_up,S15,SNPR,-1235.6,1262,-48
97,shock_up,S16,SNPR,-961.75,1291,35
97,shock_up,S17,SNPR,-1197.5,1262,30
97,shock_up,S18,SNPR,-1547.05,1275,-39
97,shock_up,S19,SNPR,-698.8,1250,56
97,shock_up,Z20,ZIP,9282.7,3588,-174
97,shock_up,Z21,ZIP,9398.2,3594,-124
97,shock_up,Z22,ZIP,7028.6,3586,-212
97,shock_up,Z23,ZIP,7150.75,3569,-315
97,shock_up,Z24,ZIP,6142.4,3666,-468
97,shock_up,P25,PRSH,9883.35,1175,433
97,shock_up,P26,PRSH,3512.2,202,156
97,shock_up,P27,PRSH,14802.25,3279,695
97,shock_up,P28,PRSH,3975.95,4963,241
97,shock_up,P29,PRSH,12529.85,2251,563
98,shock_up,G00,GVWY,-12020.65,6381,-123
98,shock_up,G01,GVWY,-10141.8,6434,-56
98,shock_up,G02,GVWY,-9298.1,6388,38
98,shock_up,G03,GVWY,-8952.55,6495,-121
98,shock_up,G04,GVWY,-11648.2,6388,56
98,shock_up,Z05,ZIC,4963.7,522,234
98,shock_up,Z06,ZIC,5005.3,488,206
98,shock_up,Z07,ZIC,5972.85,495,247
98,shock_up,Z08,ZIC,4863.55,515,201
98,shock_up,Z09,ZIC,5070.95,477,269
98,shock_up,S10,SHVR,-1209.75,5619,195
98,shock_up,S11,SHVR,-9571.75,5571,-205
98,shock_up,S12,SHVR,-3846.8,5590,104
98,shock_up,S13,SHVR,-3174.55,5577,139
98,shock_up,S14,SHVR,-4953.05,5605,109
98,shock_up,S15,SNPR,-876.95,1251,51
98,shock_up,S16,SNPR,-1069.3,1246,-26
98,shock_up,S17,SNPR,-1450.35,1277,-57
98,shock_up,S18,SNPR,-1781.75,1207,-65
98,shock_up,S19,SNPR,-1468.6,1250,-32
98,shock_up,Z20,ZIP,5116.05,3537,-389
98,shock_up,Z21,ZIP,8128.05,3421,-169
98,shock_up,Z22,ZIP,655.3,3666,-694
98,shock_up,Z23,ZIP,1677.1,3520,-738
98,shock_up,Z24,ZIP,805.15,3695,-887
98,shock_up,P25,PRSH,12721.75,1411,625
98,shock_up,P26,PRSH,16475.7,1080,634
98,shock_up,P27,PRSH,3615.15,189,153
98,shock_up,P28,PRSH,3339.4,202,148
98,shock_up,P29,PRSH,3629.4,228,148
99,shock_up,G00,GVWY,-11106.9,6325,-177
99,shock_up,G01,GVWY,-7949.4,6388,-272
99,shock_up,G02,GVWY,-10717.9,6369,-357
99,shock_up,G03,GVWY,-7090.1,6441,-463
99,shock_up,G04,GVWY,-5869.5,6379,-195
99,shock_up,Z05,ZIC,1107.2,502,206
99,shock_up,Z06,ZIC,1174.6,512,238
99,shock_up,Z07,ZIC,131.6,500,188
99,shock_up,Z08,ZIC,2173.8,460,154
99,shock_up,Z09,ZIC,1825.3,539,239
99,shock_up,S10,SHVR,-6127.4,5536,-122
99,shock_up,S11,SHVR,-5616.7,5493,89
99,shock_up,S12,SHVR,-5082.2,5518,34
99,shock_up,S13,SHVR,-7269.4,5540,-102
99,shock_up,S14,SHVR,-6491.4,5550,-2
99,shock_up,S15,SNPR,-256.1,1273,-63
99,shock_up,S16,SNPR,-903.7,1241,-1
99,shock_up,S17,SNPR,-889.1,1245,-43
99,shock_up,S18,SNPR,-538.0,1264,-40
99,shock_up,S19,SNPR,-784.3,1273,-29
99,shock_up,Z20,ZIP,13076.1,3587,-387
99,shock_up,Z21,ZIP,12879.5,3549,-495
99,shock_up,Z22,ZIP,9363.1,3413,-77
99,shock_up,Z23,ZIP,10779.2,3490,-54
99,shock_up,Z24,ZIP,10860.7,3489,-189
99,shock_up,P25,PRSH,1156.6,182,128
99,shock_up,P26,PRSH,3227.7,1437,511
99,shock_up,P27,PRSH,3490.7,319,281
99,shock_up,P28,PRSH,2162.5,817,325
99,shock_up,P29,PRSH,3651.7,2501,611
100,shock_up,G00,GVWY,-7064.05,6389,-121
100,shock_up,G01,GVWY,-9443.15,6433,-123
100,shock_up,G02,GVWY,-12444.25,6369,-285
100,shock_up,G03,GVWY,-11677.2,6364,-24
100,shock_up,G04,GVWY,-14176.0,6416,-220
100,shock_up,Z05,ZIC,4187.0,528,220
100,shock_up,Z06,ZIC,3740.25,485,185
100,shock_up,Z07,ZIC,4770.9,528,258
100,shock_up,Z08,ZIC,3713.4,506,228
100,shock_up,Z09,ZIC,4666.25,523,265
100,shock_up,S10,SHVR,-5714.55,5583,-51
100,shock_up,S11,SHVR,-8498.0,5588,-80
100,shock_up,S12,SHVR,-9133.3,5566,54
100,shock_up,S13,SHVR,-5363.55,5585,-91
100,shock_up,S14,SHVR,-8262.1,5530,-122
100,shock_up,S15,SNPR,-701.5,1238,-30
100,shock_up,S16,SNPR,-1513.8,1244,-36
100,shock_up,S17,SNPR,-734.35,1237,-7
100,shock_up,S18,SNPR,-1020.45,1225,31
100,shock_up,S19,SNPR,-1479.8,1242,-96
100,shock_up,Z20,ZIP,8954.65,3527,-67
100,shock_up,Z21,ZIP,10113.85,3551,-263
100,shock_up,Z22,ZIP,9930.3,3470,-154
100,shock_up,Z23,ZIP,9430.0,3558,-400
100,shock_up,Z24,ZIP,4597.3,3516,-754
100,shock_up,P25,PRSH,9299.75,1075,435
100,shock_up,P26,PRSH,7417.95,903,339
100,shock_up,P27,PRSH,4313.45,513,229
100,shock_up,P28,PRSH,5021.55,635,311
100,shock_up,P29,PRSH,7364.0,786,340
101,shock_up,G00,GVWY,-14964.8,6406,-184
101,shock_up,G01,GVWY,-9474.4,6344,-352
101,shock_up,G02,GVWY,-8535.8,6356,-64
101,shock_up,G03,GVWY,-8472.7,6380,-226
101,shock_up,G04,GVWY,-6540.85,6361,-173
101,shock_up,Z05,ZIC,3252.75,481,195
101,shock_up,Z06,ZIC,3603.3,518,254
101,shock_up,Z07,ZIC,4026.85,467,213
101,shock_up,Z08,ZIC,3615.95,493,211
101,shock_up,Z09,ZIC,4796.05,577,269
101,shock_up,S10,SHVR,-7113.65,5545,-157
101,shock_up,S11,SHVR,-6299.65,5441,-37
101,shock_up,S12,SHVR,-7817.3,5574,-114
101,shock_up,S13,SHVR,-5765.15,5519,53
101,shock_up,S14,SHVR,-3321.35,5543,17
101,shock_up,S15,SNPR,-497.25,1269,15
101,shock_up,S16,SNPR,-672.05,1235,-69
101,shock_up,S17,SNPR,-1252.75,1239,-15
101,shock_up,S18,SNPR,-795.45,1271,-1
101,shock_up,S19,SNPR,-627.35,1289,-43
101,shock_up,Z20,ZIP,8145.45,3737,-359
101,shock_up,Z21,ZIP,8238.7,3580,-274
101,shock_up,Z22,ZIP,10649.9,3478,22
101,shock_up,Z23,ZIP,6905.65,3617,-323
101,shock_up,Z24,ZIP,11484.7,3420,-134
101,shock_up,P25,PRSH,2093.85,191,133
101,shock_up,P26,PRSH,3081.0,232,180
101,shock_up,P27,PRSH,4737.75,585,215
101,shock_up,P28,PRSH,4972.9,576,482
101,shock_up,P29,PRSH,3075.2,394,196
102,shock_up,G00,GVWY,-11241.2,6422,-392
102,shock_up,G01,GVWY,-9691.2,6383,-277
102,shock_up,G02,GVWY,-9910.8,6355,-83
102,shock_up,G03,GVWY,-12707.8,6377,-343
102,shock_up,G04,GVWY,-10728.4,6375,-159
102,shock_up,Z05,ZIC,2988.0,499,195
102,shock_up,Z06,ZIC,3916.0,480,210
102,shock_up,Z07,ZIC,5198.4,564,284
102,shock_up,Z08,ZIC,4394.0,507,205
102,shock_up,Z09,ZIC,4445.4,472,214
102,shock_up,S10,SHVR,-6081.6,5579,-11
102,shock_up,S11,SHVR,-8844.6,5588,-386
102,shock_up,S12,SHVR,-5006.4,5550,36
102,shock_up,S13,SHVR,-8358.2,5583,-177
102,shock_up,S14,SHVR,-2523.4,5579,171
102,shock_up,S15,SNPR,-1260.2,1258,-32
102,shock_up,S16,SNPR,-805.0,1268,70
102,shock_up,S17,SNPR,-1108.0,1237,25
102,shock_up,S18,SNPR,-611.0,1254,50
102,shock_up,S19,SNPR,-983.0,1252,20
102,shock_up,Z20,ZIP,8528.2,3557,-43
102,shock_up,Z21,ZIP,9915.2,3564,-228
102,shock_up,Z22,ZIP,8152.8,3672,-482
102,shock_up,Z23,ZIP,8866.2,3387,-63
102,shock_up,Z24,ZIP,9765.8,3584,-152
102,shock_up,P25,PRSH,10315.4,2006,574
102,shock_up,P26,PRSH,2792.6,187,131
102,shock_up,P27,PRSH,2478.2,184,142
102,shock_up,P28,PRSH,5852.4,758,324
102,shock_up,P29,PRSH,2986.8,221,153
103,shock_up,G00,GVWY,-8054.65,6403,-263
103,shock_up,G01,GVWY,-7953.25,6423,-255
103,shock_up,G02,GVWY,-5803.45,6407,-399
103,shock_up,G03,GVWY,-12670.7,6432,-534
103,shock_up,G04,GVWY,-13109.95,6411,-269
103,shock_up,Z05,ZIC,1563.85,475,147
103,shock_up,Z06,ZIC,1788.2,506,144
103,shock_up,Z07,ZIC,2805.3,526,206
103,shock_up,Z08,ZIC,1629.8,482,216
103,shock_up,Z09,ZIC,2626.9,522,218
103,shock_up,S10,SHVR,-7537.0,5590,-40
103,shock_up,S11,SHVR,-7916.2,5612,-84
103,shock_up,S12,SHVR,-6847.8,5554,-56
103,shock_up,S13,SHVR,-3347.05,5635,-11
103,shock_up,S14,SHVR,-3411.1,5574,-22
103,shock_up,S15,SNPR,-858.4,1244,12
103,shock_up,S16,SNPR,-1126.55,1233,-1
103,shock_up,S17,SNPR,-1321.15,1253,67
103,shock_up,S18,SNPR,-1201.8,1252,-76
103,shock_up,S19,SNPR,-995.3,1252,-26
103,shock_up,Z20,ZIP,8319.15,3611,-167
103,shock_up,Z21,ZIP,11007.15,3515,-107
103,shock_up,Z22,ZIP,8418.2,3534,-596
103,shock_up,Z23,ZIP,10932.65,3539,-157
103,shock_up,Z24,ZIP,8412.6,3692,-248
103,shock_up,P25,PRSH,9552.1,1618,802
103,shock_up,P26,PRSH,2289.2,616,244
103,shock_up,P27,PRSH,1711.45,311,219
103,shock_up,P28,PRSH,7344.65,1919,603
103,shock_up,P29,PRSH,3794.95,931,369
104,shock_up,G00,GVWY,-11245.65,6413,-127
104,shock_up,G01,GVWY,-13413.9,6450,-202
104,shock_up,G02,GVWY,-10274.6,6410,-328
104,shock_up,G03,GVWY,-12422.7,6418,-386
104,shock_up,G04,GVWY,-7321.25,6391,-55
104,shock_up,Z05,ZIC,4237.35,475,193
104,shock_up,Z06,ZIC,4512.35,507,253
104,shock_up,Z07,ZIC,4027.1,484,238
104,shock_up,Z08,ZIC,4075.2,474,196
104,shock_up,Z09,ZIC,3788.35,511,193
104,shock_up,S10,SHVR,-6492.85,5563,37
104,shock_up,S11,SHVR,-6631.6,5622,-168
104,shock_up,S12,SHVR,-4302.3,5620,6
104,shock_up,S13,SHVR,-7841.25,5605,-175
104,shock_up,S14,SHVR,-8590.85,5595,-43
104,shock_up,S15,SNPR,-828.6,1260,-88
104,shock_up,S16,SNPR,-927.15,1261,-17
104,shock_up,S17,SNPR,-1344.9,1268,-2
104,shock_up,S18,SNPR,-1416.5,1252,-110
104,shock_up,S19,SNPR,-1547.35,1243,-13
104,shock_up,Z20,ZIP,5370.5,3566,-470
104,shock_up,Z21,ZIP,9634.0,3554,-20
104,shock_up,Z22,ZIP,11302.2,3612,-204
104,shock_up,Z23,ZIP,7176.9,3568,-238
104,shock_up,Z24,ZIP,10320.35,3629,-287
104,shock_up,P25,PRSH,5985.1,804,338
104,shock_up,P26,PRSH,12560.9,2284,682
104,shock_up,P27,PRSH,6399.65,895,367
104,shock_up,P28,PRSH,3185.25,221,175
104,shock_up,P29,PRSH,3040.05,383,179
105,shock_up,G00,GVWY,-9460.75,6399,-115
105,shock_up,G01,GVWY,-7453.5,6400,-90
105,shock_up,G02,GVWY,-8244.05,6393,-13
105,shock_up,G03,GVWY,-7642.75,6413,85
105,shock_up,G04,GVWY,-12839.7,6386,-262
105,shock_up,Z05,ZIC,5825.05,525,293
105,shock_up,Z06,ZIC,5679.55,511,283
105,shock_up,Z07,ZIC,5112.65,483,269
105,shock_up,Z08,ZIC,5180.5,500,230
105,shock_up,Z09,ZIC,5606.65,537,229
105,shock_up,S10,SHVR,-7066.5,5526,-50
105,shock_up,S11,SHVR,-3535.55,5587,-43
105,shock_up,S12,SHVR,-6382.6,5556,4
105,shock_up,S13,SHVR,-8260.15,5587,-19
105,shock_up,S14,SHVR,-8777.8,5568,-208
105,shock_up,S15,SNPR,-1272.3,1246,-18
105,shock_up,S16,SNPR,-801.55,1273,77
105,shock_up,S17,SNPR,-1450.6,1254,-56
105,shock_up,S18,SNPR,-185.5,1250,50
105,shock_up,S19,SNPR,-750.8,1246,12
105,shock_up,Z20,ZIP,8614.7,3426,-98
105,shock_up,Z21,ZIP,7911.75,3517,-305
105,shock_up,Z22,ZIP,-988.75,3617,-815
105,shock_up,Z23,ZIP,8077.1,3622,-374
105,shock_up,Z24,ZIP,3777.6,3584,-604
105,shock_up,P25,PRSH,3220.0,208,160
105,shock_up,P26,PRSH,3723.1,224,166
105,shock_up,P27,PRSH,6582.0,878,340
105,shock_up,P28,PRSH,10956.4,1664,604
105,shock_up,P29,PRSH,4088.65,245,209
106,shock_up,G00,GVWY,-7964.9,6419,19
106,shock_up,G01,GVWY,-8780.8,6386,-32
106,shock_up,G02,GVWY,-9727.5,6377,-155
106,shock_up,G03,GVWY,-8508.8,6350,-232
106,shock_up,G04,GVWY,-10970.7,6369,-163
106,shock_up,Z05,ZIC,3495.8,510,262
106,shock_up,Z06,ZIC,2273.5,459,205
106,shock_up,Z07,ZIC,3045.5,495,235
106,shock_up,Z08,ZIC,2907.1,495,199
106,shock_up,Z09,ZIC,1378.2,448,148
106,shock_up,S10,SHVR,-7522.3,5505,-77
106,shock_up,S11,SHVR,-6290.8,5520,-12
106,shock_up,S12,SHVR,-7378.0,5482,-190
106,shock_up,S13,SHVR,-5328.5,5537,-185
106,shock_up,S14,SHVR,-8324.9,5521,-91
106,shock_up,S15,SNPR,-694.5,1239,5
106,shock_up,S16,SNPR,-743.4,1230,14
106,shock_up,S17,SNPR,-716.2,1246,-48
106,shock_up,S18,SNPR,-980.4,1252,-16
106,shock_up,S19,SNPR,-1378.6,1236,-34
106,shock_up,Z20,ZIP,11203.9,3491,-49
106,shock_up,Z21,ZIP,9506.0,3436,-150
106,shock_up,Z22,ZIP,9773.7,3553,-177
106,shock_up,Z23,ZIP,10995.0,3628,-220
106,shock_up,Z24,ZIP,5348.6,3614,-876
106,shock_up,P25,PRSH,2263.0,186,110
106,shock_up,P26,PRSH,10569.9,2769,721
106,shock_up,P27,PRSH,2401.3,271,157
106,shock_up,P28,PRSH,6516.1,339,309
106,shock_up,P29,PRSH,4103.3,325,287
107,shock_up,G00,GVWY,-8206.0,6408,120
107,shock_up,G01,GVWY,-4663.75,6363,-315
107,shock_up,G02,GVWY,-8116.15,6397,-23
107,shock_up,G03,GVWY,-8703.15,6403,-123
107,shock_up,G04,GVWY,-7770.95,6409,-119
107,shock_up,Z05,ZIC,1684.8,570,316
107,shock_up,Z06,ZIC,2280.1,528,242
107,shock_up,Z07,ZIC,1934.7,506,214
107,shock_up,Z08,ZIC,1240.1,468,222
107,shock_up,Z09,ZIC,1074.5,526,190
107,shock_up,S10,SHVR,-5647.15,5545,-83
107,shock_up,S11,SHVR,-7443.25,5555,55
107,shock_up,S12,SHVR,-5593.25,5551,95
107,shock_up,S13,SHVR,-8622.45,5579,-69
107,shock_up,S14,SHVR,-8234.4,5568,52
107,shock_up,S15,SNPR,-1591.45,1245,31
107,shock_up,S16,SNPR,-231.4,1244,-28
107,shock_up,S17,SNPR,-1080.65,1237,-33
107,shock_up,S18,SNPR,-2637.65,1259,67
107,shock_up,S19,SNPR,-785.9,1256,2
107,shock_up,Z20,ZIP,12931.05,3685,-279
107,shock_up,Z21,ZIP,11264.45,3609,-431
107,shock_up,Z22,ZIP,12590.25,3523,-415
107,shock_up,Z23,ZIP,11004.5,3446,-190
107,shock_up,Z24,ZIP,13943.9,3554,-662
107,shock_up,P25,PRSH,1172.55,181,151
107,shock_up,P26,PRSH,2881.55,727,311
107,shock_up,P27,PRSH,2226.55,581,291
107,shock_up,P28,PRSH,2492.9,556,238
107,shock_up,P29,PRSH,1205.3,206,146
108,shock_up,G00,GVWY,-8249.0,6406,-90
108,shock_up,G01,GVWY,-11085.9,6413,-209
108,shock_up,G02,GVWY,-8165.3,6457,-153
108,shock_up,G03,GVWY,-9693.5,6419,15
108,shock_up,G04,GVWY,-9343.0,6426,-330
108,shock_up,Z05,ZIC,3034.5,513,235
108,shock_up,Z06,ZIC,3214.7,521,257
108,shock_up,Z07,ZIC,3010.6,518,266
108,shock_up,Z08,ZIC,3411.9,487,249
108,shock_up,Z09,ZIC,2815.2,488,202
108,shock_up,S10,SHVR,-7270.1,5601,19
108,shock_up,S11,SHVR,-9337.3,5513,-73
108,shock_up,S12,SHVR,-6201.7,5599,103
108,shock_up,S13,SHVR,-4253.7,5533,43
108,shock_up,S14,SHVR,-5422.0,5562,-110
108,shock_up,S15,SNPR,-1046.4,1238,26
108,shock_up,S16,SNPR,-1279.3,1249,17
108,shock_up,S17,SNPR,-1224.2,1220,18
108,shock_up,S18,SNPR,-1141.9,1263,21
108,shock_up,S19,SNPR,-1023.0,1260,-60
108,shock_up,Z20,ZIP,10099.2,3576,-368
108,shock_up,Z21,ZIP,6043.9,3651,-671
108,shock_up,Z22,ZIP,8941.7,3607,-603
108,shock_up,Z23,ZIP,11815.4,3554,-56
108,shock_up,Z24,ZIP,10112.5,3615,-335
108,shock_up,P25,PRSH,6546.2,840,342
108,shock_up,P26,PRSH,6175.4,648,434
108,shock_up,P27,PRSH,2842.6,264,186
108,shock_up,P28,PRSH,2300.6,212,166
108,shock_up,P29,PRSH,4842.4,1056,424
109,shock_up,G00,GVWY,-8308.8,6424,-32
109,shock_up,G01,GVWY,-14928.4,6388,-266
109,shock_up,G02,GVWY,-9175.0,6405,-175
109,shock_up,G03,GVWY,-10075.4,6389,-271
109,shock_up,G04,GVWY,-7463.6,6319,-189
109,shock_up,Z05,ZIC,4689.6,505,269
109,shock_up,Z06,ZIC,4631.2,489,243
109,shock_up,Z07,ZIC,3640.8,514,232
109,shock_up,Z08,ZIC,4963.0,492,280
109,shock_up,Z09,ZIC,5428.0,556,230
109,shock_up,S10,SHVR,-6407.2,5584,82
109,shock_up,S11,SHVR,-5437.2,5537,47
109,shock_up,S12,SHVR,-4194.6,5537,111
109,shock_up,S13,SHVR,-7734.4,5565,-121
109,shock_up,S14,SHVR,-6689.2,5590,22
109,shock_up,S15,SNPR,-1640.6,1234,-44
109,shock_up,S16,SNPR,-980.4,1249,39
109,shock_up,S17,SNPR,-876.6,1225,-19
109,shock_up,S18,SNPR,-1123.4,1232,64
109,shock_up,S19,SNPR,-1233.0,1224,-80
109,shock_up,Z20,ZIP,2556.8,3606,-868
109,shock_up,Z21,ZIP,10771.2,3515,-77
109,shock_up,Z22,ZIP,6874.8,3699,-333
109,shock_up,Z23,ZIP,10266.4,3571,-169
109,shock_up,Z24,ZIP,9782.4,3431,-159
109,shock_up,P25,PRSH,4025.0,244,190
109,shock_up,P26,PRSH,3505.0,221,185
109,shock_up,P27,PRSH,6081.6,663,299
109,shock_up,P28,PRSH,2751.6,195,129
109,shock_up,P29,PRSH,5248.4,509,281
110,shock_up,G00,GVWY,-11153.4,6324,-42
110,shock_up,G01,GVWY,-10570.4,6316,-262
110,shock_up,G02,GVWY,-7483.8,6346,-224
110,shock_up,G03,GVWY,-8808.6,6379,-263
110,shock_up,G04,GVWY,-10892.4,6335,-217
110,shock_up,Z05,ZIC,2093.8,474,194
110,shock_up,Z06,ZIC,2808.4,538,242
110,shock_up,Z07,ZIC,1502.2,509,161
110,shock_up,Z08,ZIC,2844.6,499,183
110,shock_up,Z09,ZIC,1911.2,468,186
110,shock_up,S10,SHVR,-6277.6,5532,52
110,shock_up,S11,SHVR,-5531.8,5561,211
110,shock_up,S12,SHVR,-4861.0,5520,-70
110,shock_up,S13,SHVR,-4631.2,5533,-61
110,shock_up,S14,SHVR,-4847.2,5505,-141
110,shock_up,S15,SNPR,-117.2,1261,-41
110,shock_up,S16,SNPR,-1405.2,1248,54
110,shock_up,S17,SNPR,-829.2,1260,-56
110,shock_up,S18,SNPR,-1508.2,1229,-41
110,shock_up,S19,SNPR,-1263.2,1244,34
110,shock_up,Z20,ZIP,12589.6,3502,-272
110,shock_up,Z21,ZIP,9953.6,3549,-167
110,shock_up,Z22,ZIP,8167.8,3543,-241
110,shock_up,Z23,ZIP,8868.6,3629,-697
110,shock_up,Z24,ZIP,10126.0,3460,-220
110,shock_up,P25,PRSH,1494.8,178,114
110,shock_up,P26,PRSH,6834.2,1757,571
110,shock_up,P27,PRSH,2742.4,894,372
110,shock_up,P28,PRSH,4588.4,836,332
110,shock_up,P29,PRSH,4345.6,689,253
111,shock_up,G00,GVWY,-12802.0,6400,-260
111,shock_up,G01,GVWY,-8892.85,6367,-161
111,shock_up,G02,GVWY,-10351.1,6400,-226
111,shock_up,G03,GVWY,-13731.3,6406,-438
111,shock_up,G04,GVWY,-11798.5,6404,-230
111,shock_up,Z05,ZIC,3353.25,547,205
111,shock_up,Z06,ZIC,3156.7,480,182
111,shock_up,Z07,ZIC,2654.1,520,206
111,shock_up,Z08,ZIC,3223.55,517,183
111,shock_up,Z09,ZIC,3545.65,509,189
111,shock_up,S10,SHVR,-3958.2,5544,208
111,shock_up,S11,SHVR,-7389.6,5594,-96
111,shock_up,S12,SHVR,-4059.05,5597,7
111,shock_up,S13,SHVR,-8577.8,5600,-168
111,shock_up,S14,SHVR,-7846.7,5578,-82
111,shock_up,S15,SNPR,-1577.35,1239,49
111,shock_up,S16,SNPR,-1641.1,1256,-26
111,shock_up,S17,SNPR,-564.45,1261,3
111,shock_up,S18,SNPR,-1144.1,1222,-46
111,shock_up,S19,SNPR,-1229.8,1224,52
111,shock_up,Z20,ZIP,7658.25,3645,-575
111,shock_up,Z21,ZIP,12658.3,3474,18
111,shock_up,Z22,ZIP,10833.6,3630,-324
111,shock_up,Z23,ZIP,13226.5,3506,50
111,shock_up,Z24,ZIP,10726.9,3606,-346
111,shock_up,P25,PRSH,8804.45,3747,497
111,shock_up,P26,PRSH,2140.0,208,160
111,shock_up,P27,PRSH,2200.5,234,130
111,shock_up,P28,PRSH,8849.75,1959,575
111,shock_up,P29,PRSH,3159.45,557,237
112,shock_up,G00,GVWY,-5713.0,6407,-37
112,shock_up,G01,GVWY,-12091.0,6380,-180
112,shock_up,G02,GVWY,-9146.0,6412,-274
112,shock_up,G03,GVWY,-8556.0,6379,-17
112,shock_up,G04,GVWY,-9474.0,6456,-128
112,shock_up,Z05,ZIC,4368.0,515,223
112,shock_up,Z06,ZIC,3111.0,471,227
112,shock_up,Z07,ZIC,3320.0,511,245
112,shock_up,Z08,ZIC,2857.0,482,184
112,shock_up,Z09,ZIC,2419.0,515,173
112,shock_up,S10,SHVR,-6462.0,5488,12
112,shock_up,S11,SHVR,-9371.0,5515,29
112,shock_up,S12,SHVR,-2868.0,5527,-73
112,shock_up,S13,SHVR,-7662.0,5572,36
112,shock_up,S14,SHVR,-6768.0,5612,20
112,shock_up,S15,SNPR,-1086.0,1237,19
112,shock_up,S16,SNPR,-1516.0,1223,-9
112,shock_up,S17,SNPR,-1378.0,1245,61
112,shock_up,S18,SNPR,-1171.0,1246,-64
112,shock_up,S19,SNPR,-785.0,1266,0
112,shock_up,Z20,ZIP,11113.0,3598,-254
112,shock_up,Z21,ZIP,10583.0,3587,-593
112,shock_up,Z22,ZIP,9940.0,3530,-280
112,shock_up,Z23,ZIP,10557.0,3494,-456
112,shock_up,Z24,ZIP,10797.0,3530,-136
112,shock_up,P25,PRSH,2685.0,257,177
112,shock_up,P26,PRSH,3109.0,641,263
112,shock_up,P27,PRSH,2445.0,348,196
112,shock_up,P28,PRSH,3310.0,552,270
112,shock_up,P29,PRSH,4379.0,597,303
113,shock_up,G00,GVWY,-8375.4,6392,-228
113,shock_up,G01,GVWY,-11158.0,6451,-235
113,shock_up,G02,GVWY,-9248.0,6398,-140
113,shock_up,G03,GVWY,-8233.4,6407,-3
113,shock_up,G04,GVWY,-10727.4,6441,-233
113,shock_up,Z05,ZIC,3778.2,507,229
113,shock_up,Z06,ZIC,3888.0,532,260
113,shock_up,Z07,ZIC,3444.8,509,211
113,shock_up,Z08,ZIC,4004.4,481,233
113,shock_up,Z09,ZIC,2543.8,453,181
113,shock_up,S10,SHVR,-8827.4,5546,-68
113,shock_up,S11,SHVR,-10674.6,5578,-172
113,shock_up,S12,SHVR,-5590.0,5527,-115
113,shock_up,S13,SHVR,-6305.6,5580,-12
113,shock_up,S14,SHVR,-5219.2,5633,-109
113,shock_up,S15,SNPR,-833.2,1222,-44
113,shock_up,S16,SNPR,-1037.8,1226,-6
113,shock_up,S17,SNPR,-889.4,1258,12
113,shock_up,S18,SNPR,-481.8,1247,-21
113,shock_up,S19,SNPR,-665.4,1242,22
113,shock_up,Z20,ZIP,8274.2,3578,-336
113,shock_up,Z21,ZIP,7502.8,3554,-244
113,shock_up,Z22,ZIP,7065.8,3779,-899
113,shock_up,Z23,ZIP,11139.2,3601,-201
113,shock_up,Z24,ZIP,9411.6,3561,-153
113,shock_up,P25,PRSH,2713.0,217,155
113,shock_up,P26,PRSH,8950.2,1164,784
113,shock_up,P27,PRSH,2456.2,184,144
113,shock_up,P28,PRSH,2173.6,213,147
113,shock_up,P29,PRSH,11040.6,2399,787
114,shock_up,G00,GVWY,-14182.45,6339,-163
114,shock_up,G01,GVWY,-10207.05,6341,-67
114,shock_up,G02,GVWY,-14495.0,6392,-200
114,shock_up,G03,GVWY,-9357.6,6350,-144
114,shock_up,G04,GVWY,-19622.05,6381,-387
114,shock_up,Z05,ZIC,6492.25,501,195
114,shock_up,Z06,ZIC,6122.0,504,180
114,shock_up,Z07,ZIC,6559.05,473,207
114,shock_up,Z08,ZIC,6458.25,527,255
114,shock_up,Z09,ZIC,6950.2,494,208
114,shock_up,S10,SHVR,-874.25,5555,85
114,shock_up,S11,SHVR,-11550.25,5545,-235
114,shock_up,S12,SHVR,-11364.8,5560,-212
114,shock_up,S13,SHVR,-10057.35,5517,-209
114,shock_up,S14,SHVR,-11909.6,5522,-204
114,shock_up,S15,SNPR,-1187.05,1225,-7
114,shock_up,S16,SNPR,-764.15,1233,19
114,shock_up,S17,SNPR,-1644.65,1243,-71
114,shock_up,S18,SNPR,-1355.8,1258,8
114,shock_up,S19,SNPR,-2513.9,1234,-66
114,shock_up,Z20,ZIP,7875.55,3529,-203
114,shock_up,Z21,ZIP,8868.35,3423,-51
114,shock_up,Z22,ZIP,10388.45,3613,-137
114,shock_up,Z23,ZIP,5312.6,3512,-176
114,shock_up,Z24,ZIP,6492.3,3464,-198
114,shock_up,P25,PRSH,9685.7,706,318
114,shock_up,P26,PRSH,17486.9,1442,526
114,shock_up,P27,PRSH,9068.05,659,287
114,shock_up,P28,PRSH,6402.55,243,197
114,shock_up,P29,PRSH,6219.15,239,201
115,shock_up,G00,GVWY,-11226.2,6330,-112
115,shock_up,G01,GVWY,-16198.3,6396,-298
115,shock_up,G02,GVWY,-12520.65,6397,-89
115,shock_up,G03,GVWY,-15769.6,6390,-276
115,shock_up,G04,GVWY,-8119.3,6384,22
115,shock_up,Z05,ZIC,5976.3,568,218
115,shock_up,Z06,ZIC,5547.55,469,203
115,shock_up,Z07,ZIC,6170.95,469,207
115,shock_up,Z08,ZIC,5356.55,519,203
115,shock_up,Z09,ZIC,5215.15,477,199
115,shock_up,S10,SHVR,-3960.35,5531,9
115,shock_up,S11,SHVR,-5633.75,5533,-15
115,shock_up,S12,SHVR,-3913.9,5594,-54
115,shock_up,S13,SHVR,-7768.65,5499,-109
115,shock_up,S14,SHVR,-10794.0,5546,-200
115,shock_up,S15,SNPR,-1786.35,1229,-91
115,shock_up,S16,SNPR,-1043.95,1243,-47
115,shock_up,S17,SNPR,-1592.35,1243,-51
115,shock_up,S18,SNPR,-828.0,1248,0
115,shock_up,S19,SNPR,-1382.1,1240,-26
115,shock_up,Z20,ZIP,6401.4,3576,-176
115,shock_up,Z21,ZIP,6054.3,3606,-342
115,shock_up,Z22,ZIP,5907.9,3650,-246
115,shock_up,Z23,ZIP,4147.7,3592,-358
115,shock_up,Z24,ZIP,3315.5,3706,-370
115,shock_up,P25,PRSH,12518.95,959,487
115,shock_up,P26,PRSH,3601.55,197,143
115,shock_up,P27,PRSH,6625.85,425,221
115,shock_up,P28,PRSH,21238.05,2793,753
115,shock_up,P29,PRSH,4191.7,214,142
116,shock_up,G00,GVWY,-7051.8,6370,-296
116,shock_up,G01,GVWY,-11956.6,6384,-232
116,shock_up,G02,GVWY,-10480.75,6321,-45
116,shock_up,G03,GVWY,-8140.25,6389,25
116,shock_up,G04,GVWY,-8815.3,6414,-206
116,shock_up,Z05,ZIC,1753.25,459,195
116,shock_up,Z06,ZIC,2252.45,509,219
116,shock_up,Z07,ZIC,2283.05,471,211
116,shock_up,Z08,ZIC,2024.45,481,199
116,shock_up,Z09,ZIC,2261.8,506,156
116,shock_up,S10,SHVR,-5719.2,5588,-104
116,shock_up,S11,SHVR,-4518.75,5523,15
116,shock_up,S12,SHVR,-6895.85,5545,113
116,shock_up,S13,SHVR,-4261.4,5572,-88
116,shock_up,S14,SHVR,-8931.15,5551,-233
116,shock_up,S15,SNPR,-723.3,1250,-46
116,shock_up,S16,SNPR,-825.25,1247,-15
116,shock_up,S17,SNPR,-817.6,1262,-32
116,shock_up,S18,SNPR,-677.0,1256,-60
116,shock_up,S19,SNPR,-1218.65,1259,-63
116,shock_up,Z20,ZIP,11001.55,3651,-199
116,shock_up,Z21,ZIP,11983.4,3474,-332
116,shock_up,Z22,ZIP,7774.65,3455,-237
116,shock_up,Z23,ZIP,12613.3,3506,-394
116,shock_up,Z24,ZIP,10007.2,3504,-116
116,shock_up,P25,PRSH,2959.75,621,265
116,shock_up,P26,PRSH,6493.3,1820,506
116,shock_up,P27,PRSH,2537.3,506,246
116,shock_up,P28,PRSH,2484.95,213,169
116,shock_up,P29,PRSH,2935.6,480,252
117,shock_up,G00,GVWY,-9111.0,6426,-100
117,shock_up,G01,GVWY,-9727.0,6442,-216
117,shock_up,G02,GVWY,-10808.5,6361,31
117,shock_up,G03,GVWY,-10277.5,6377,-153
117,shock_up,G04,GVWY,-9228.0,6382,-424
117,shock_up,Z05,ZIC,3029.5,499,231
117,shock_up,Z06,ZIC,1670.0,534,162
117,shock_up,Z07,ZIC,2135.5,451,201
117,shock_up,Z08,ZIC,2497.0,494,224
117,shock_up,Z09,ZIC,1672.5,489,251
117,shock_up,S10,SHVR,-9309.5,5571,-101
117,shock_up,S11,SHVR,-4820.0,5580,-80
117,shock_up,S12,SHVR,-6029.0,5632,156
117,shock_up,S13,SHVR,-4165.0,5596,90
117,shock_up,S14,SHVR,-7622.5,5555,53
117,shock_up,S15,SNPR,-1203.0,1260,-30
117,shock_up,S16,SNPR,-1083.0,1270,54
117,shock_up,S17,SNPR,-1060.5,1231,47
117,shock_up,S18,SNPR,-977.0,1218,-34
117,shock_up,S19,SNPR,-1633.5,1229,27
117,shock_up,Z20,ZIP,10186.5,3543,-627
117,shock_up,Z21,ZIP,13021.5,3469,-345
117,shock_up,Z22,ZIP,10054.0,3504,-372
117,shock_up,Z23,ZIP,12667.5,3455,-219
117,shock_up,Z24,ZIP,13481.5,3487,-149
117,shock_up,P25,PRSH,3567.5,259,219
117,shock_up,P26,PRSH,2019.0,200,144
117,shock_up,P27,PRSH,6267.0,4564,482
117,shock_up,P28,PRSH,1956.5,393,177
117,shock_up,P29,PRSH,2831.5,605,237
118,shock_up,G00,GVWY,-14024.0,6356,-260
118,shock_up,G01,GVWY,-12129.5,6360,-390
118,shock_up,G02,GVWY,-12125.6,6354,-284
118,shock_up,G03,GVWY,-9370.7,6392,-298
118,shock_up,G04,GVWY,-12399.0,6354,-360
118,shock_up,Z05,ZIC,4559.15,485,231
118,shock_up,Z06,ZIC,4096.75,537,195
118,shock_up,Z07,ZIC,3459.45,531,153
118,shock_up,Z08,ZIC,4160.45,461,173
118,shock_up,Z09,ZIC,4288.85,483,229
118,shock_up,S10,SHVR,-4634.65,5501,-1
118,shock_up,S11,SHVR,-8088.5,5490,-210
118,shock_up,S12,SHVR,-3530.95,5543,-43
118,shock_up,S13,SHVR,-6582.85,5579,31
118,shock_up,S14,SHVR,-3770.55,5549,53
118,shock_up,S15,SNPR,-1026.7,1262,-18
118,shock_up,S16,SNPR,-1069.9,1266,14
118,shock_up,S17,SNPR,-1175.65,1253,-61
118,shock_up,S18,SNPR,-1078.65,1233,-1
118,shock_up,S19,SNPR,-1172.2,1258,-28
118,shock_up,Z20,ZIP,8538.65,3655,-199
118,shock_up,Z21,ZIP,7840.85,3681,-271
118,shock_up,Z22,ZIP,9170.95,3567,-97
118,shock_up,Z23,ZIP,10218.7,3496,-82
118,shock_up,Z24,ZIP,8993.6,3538,-116
118,shock_up,P25,PRSH,8364.4,1306,456
118,shock_up,P26,PRSH,3883.75,397,195
118,shock_up,P27,PRSH,2267.3,182,122
118,shock_up,P28,PRSH,2979.6,418,184
118,shock_up,P29,PRSH,9756.45,1649,593
119,shock_up,G00,GVWY,-12602.25,6503,-235
119,shock_up,G01,GVWY,-12904.5,6462,-306
119,shock_up,G02,GVWY,-11948.75,6381,-369
119,shock_up,G03,GVWY,-12506.5,6392,-294
119,shock_up,G04,GVWY,-13900.75,6435,-269
119,shock_up,Z05,ZIC,3183.5,472,150
119,shock_up,Z06,ZIC,5250.75,561,277
119,shock_up,Z07,ZIC,4819.25,527,279
119,shock_up,Z08,ZIC,5407.0,534,248
119,shock_up,Z09,ZIC,4523.0,542,224
119,shock_up,S10,SHVR,-6587.5,5586,-134
119,shock_up,S11,SHVR,-10175.5,5586,-282
119,shock_up,S12,SHVR,-5126.0,5640,44
119,shock_up,S13,SHVR,-5635.75,5599,-41
119,shock_up,S14,SHVR,-4191.0,5604,36
119,shock_up,S15,SNPR,-1005.5,1240,-30
119,shock_up,S16,SNPR,-1249.75,1253,-117
119,shock_up,S17,SNPR,-666.0,1236,4
119,shock_up,S18,SNPR,-1538.75,1255,-45
119,shock_up,S19,SNPR,-981.75,1267,79
119,shock_up,Z20,ZIP,6818.75,3539,-255
119,shock_up,Z21,ZIP,5060.0,3582,-404
119,shock_up,Z22,ZIP,7680.25,3585,-137
119,shock_up,Z23,ZIP,6860.0,3642,-332
119,shock_up,Z24,ZIP,10418.75,3449,-71
119,shock_up,P25,PRSH,10038.25,1391,511
119,shock_up,P26,PRSH,5523.0,722,276
119,shock_up,P27,PRSH,14973.75,2869,629
119,shock_up,P28,PRSH,3618.0,198,160
119,shock_up,P29,PRSH,5590.75,767,293
120,shock_up,G00,GVWY,-14509.0,6341,-449
120,shock_up,G01,GVWY,-10027.0,6392,-146
120,shock_up,G02,GVWY,-12902.0,6371,-205
120,shock_up,G03,GVWY,-11087.0,6348,-100
120,shock_up,G04,GVWY,-13222.0,6378,-282
120,shock_up,Z05,ZIC,4375.0,485,235
120,shock_up,Z06,ZIC,4422.0,495,227
120,shock_up,Z07,ZIC,4417.0,497,245
120,shock_up,Z08,ZIC,4205.0,534,232
120,shock_up,Z09,ZIC,4399.0,474,254
120,shock_up,S10,SHVR,-6202.0,5494,-56
120,shock_up,S11,SHVR,-7278.0,5501,-31
120,shock_up,S12,SHVR,-7411.0,5560,-26
120,shock_up,S13,SHVR,-4372.0,5531,55
120,shock_up,S14,SHVR,-4731.0,5542,-24
120,shock_up,S15,SNPR,-1213.0,1243,-39
120,shock_up,S16,SNPR,-432.0,1234,8
120,shock_up,S17,SNPR,-1577.0,1250,-48
120,shock_up,S18,SNPR,-987.0,1255,-25
120,shock_up,S19,SNPR,-1834.0,1252,-18
120,shock_up,Z20,ZIP,9540.0,3484,-124
120,shock_up,Z21,ZIP,11014.0,3535,-195
120,shock_up,Z22,ZIP,6824.0,3599,-641
120,shock_up,Z23,ZIP,8894.0,3416,-164
120,shock_up,Z24,ZIP,11484.0,3386,-98
120,shock_up,P25,PRSH,6188.0,387,325
120,shock_up,P26,PRSH,8063.0,436,310
120,shock_up,P27,PRSH,6210.0,537,271
120,shock_up,P28,PRSH,2747.0,215,149
120,shock_up,P29,PRSH,4743.0,746,302
121,shock_up,G00,GVWY,-14160.0,6406,-220
121,shock_up,G01,GVWY,-10029.2,6381,-157
121,shock_up,G02,GVWY,-11982.6,6410,-236
121,shock_up,G03,GVWY,-10482.0,6438,-70
121,shock_up,G04,GVWY,-9495.4,6439,-139
121,shock_up,Z05,ZIC,5158.8,577,263
121,shock_up,Z06,ZIC,4702.4,528,284
121,shock_up,Z07,ZIC,3750.8,542,238
121,shock_up,Z08,ZIC,4648.8,546,218
121,shock_up,Z09,ZIC,4505.4,515,229
121,shock_up,S10,SHVR,-3475.6,5539,129
121,shock_up,S11,SHVR,-7386.0,5626,-10
121,shock_up,S12,SHVR,-5918.6,5552,104
121,shock_up,S13,SHVR,-7784.8,5600,2
121,shock_up,S14,SHVR,-8433.4,5649,21
121,shock_up,S15,SNPR,-787.4,1232,-54
121,shock_up,S16,SNPR,-797.0,1247,-35
121,shock_up,S17,SNPR,-1066.6,1263,9
121,shock_up,S18,SNPR,-893.4,1249,-19
121,shock_up,S19,SNPR,-1293.4,1237,1
121,shock_up,Z20,ZIP,8015.4,3671,-501
121,shock_up,Z21,ZIP,4544.0,3837,-895
121,shock_up,Z22,ZIP,11375.0,3468,-170
121,shock_up,Z23,ZIP,3437.4,3583,-1041
121,shock_up,Z24,ZIP,8931.8,3478,-112
121,shock_up,P25,PRSH,16312.6,2422,906
121,shock_up,P26,PRSH,6171.8,730,358
121,shock_up,P27,PRSH,4035.2,603,277
121,shock_up,P28,PRSH,3415.0,251,175
121,shock_up,P29,PRSH,4782.8,367,343
122,shock_up,G00,GVWY,-11460.8,6400,-92
122,shock_up,G01,GVWY,-11942.25,6465,-225
122,shock_up,G02,GVWY,-9731.0,6384,-120
122,shock_up,G03,GVWY,-12329.15,6399,-211
122,shock_up,G04,GVWY,-11142.95,6465,-183
122,shock_up,Z05,ZIC,3233.7,528,278
122,shock_up,Z06,ZIC,3619.3,492,262
122,shock_up,Z07,ZIC,3036.9,492,206
122,shock_up,Z08,ZIC,3631.55,529,267
122,shock_up,Z09,ZIC,3577.6,464,284
122,shock_up,S10,SHVR,-6065.5,5664,-30
122,shock_up,S11,SHVR,-5720.1,5620,86
122,shock_up,S12,SHVR,-3543.05,5673,143
122,shock_up,S13,SHVR,-6316.2,5564,-108
122,shock_up,S14,SHVR,-5870.95,5609,17
122,shock_up,S15,SNPR,-1414.05,1255,-77
122,shock_up,S16,SNPR,-741.0,1230,-60
122,shock_up,S17,SNPR,-1108.3,1238,18
122,shock_up,S18,SNPR,-1084.35,1245,21
122,shock_up,S19,SNPR,-903.7,1226,42
122,shock_up,Z20,ZIP,2978.9,3556,-774
122,shock_up,Z21,ZIP,8860.0,3558,-340
122,shock_up,Z22,ZIP,9699.7,3602,-322
122,shock_up,Z23,ZIP,5093.8,3542,-768
122,shock_up,Z24,ZIP,7979.65,3573,-399
122,shock_up,P25,PRSH,5677.6,938,324
122,shock_up,P26,PRSH,4400.85,447,249
122,shock_up,P27,PRSH,12745.4,2152,756
122,shock_up,P28,PRSH,11240.8,772,472
122,shock_up,P29,PRSH,3176.45,487,213
123,shock_up,G00,GVWY,-13305.25,6361,-425
123,shock_up,G01,GVWY,-12644.25,6375,-305
123,shock_up,G02,GVWY,-14547.85,6393,-461
123,shock_up,G03,GVWY,-13401.05,6423,-293
123,shock_up,G04,GVWY,-9896.7,6370,-242
123,shock_up,Z05,ZIC,4215.8,504,228
123,shock_up,Z06,ZIC,4707.65,501,189
123,shock_up,Z07,ZIC,3457.6,444,196
123,shock_up,Z08,ZIC,4190.05,523,253
123,shock_up,Z09,ZIC,5440.8,526,268
123,shock_up,S10,SHVR,-4369.85,5521,19
123,shock_up,S11,SHVR,-5952.9,5548,126
123,shock_up,S12,SHVR,-7825.05,5575,-173
123,shock_up,S13,SHVR,-6986.95,5531,-7
123,shock_up,S14,SHVR,-5344.25,5519,-45
123,shock_up,S15,SNPR,-1139.3,1232,2
123,shock_up,S16,SNPR,-1511.0,1270,-40
123,shock_up,S17,SNPR,-1072.25,1215,15
123,shock_up,S18,SNPR,-1044.15,1245,41
123,shock_up,S19,SNPR,-1185.8,1232,52
123,shock_up,Z20,ZIP,10955.65,3577,-111
123,shock_up,Z21,ZIP,8954.15,3487,-321
123,shock_up,Z22,ZIP,11478.25,3517,-15
123,shock_up,Z23,ZIP,8202.1,3576,-314
123,shock_up,Z24,ZIP,7264.0,3596,-180
123,shock_up,P25,PRSH,6858.5,696,330
123,shock_up,P26,PRSH,5817.15,585,279
123,shock_up,P27,PRSH,10261.0,1396,480
123,shock_up,P28,PRSH,3572.1,230,166
123,shock_up,P29,PRSH,5537.1,664,246
124,shock_up,G00,GVWY,-16524.2,6474,-326
124,shock_up,G01,GVWY,-17343.6,6398,-338
124,shock_up,G02,GVWY,-17204.3,6471,-279
124,shock_up,G03,GVWY,-18572.4,6484,-472
124,shock_up,G04,GVWY,-15268.9,6475,-317
124,shock_up,Z05,ZIC,5344.1,507,203
124,shock_up,Z06,ZIC,5916.2,544,196
124,shock_up,Z07,ZIC,5977.9,483,187
124,shock_up,Z08,ZIC,6807.0,508,210
124,shock_up,Z09,ZIC,6884.1,519,223
124,shock_up,S10,SHVR,-9200.5,5691,-135
124,shock_up,S11,SHVR,-7071.8,5634,-64
124,shock_up,S12,SHVR,-4596.4,5626,-32
124,shock_up,S13,SHVR,-9598.7,5649,-191
124,shock_up,S14,SHVR,-11513.7,5677,-91
124,shock_up,S15,SNPR,-1521.1,1263,-23
124,shock_up,S16,SNPR,-1426.3,1269,-49
124,shock_up,S17,SNPR,-1418.7,1245,-31
124,shock_up,S18,SNPR,-1694.3,1239,-39
124,shock_up,S19,SNPR,-794.4,1270,18
124,shock_up,Z20,ZIP,2278.2,3576,-444
124,shock_up,Z21,ZIP,5738.2,3598,-174
124,shock_up,Z22,ZIP,3137.8,3556,-296
124,shock_up,Z23,ZIP,5666.2,3578,-234
124,shock_up,Z24,ZIP,3657.0,3526,-290
124,shock_up,P25,PRSH,11012.7,843,341
124,shock_up,P26,PRSH,19238.6,4194,688
124,shock_up,P27,PRSH,23936.4,2208,772
124,shock_up,P28,PRSH,17921.7,2381,591
124,shock_up,P29,PRSH,8640.2,1436,316
125,shock_up,G00,GVWY,-10091.5,6417,-389
125,shock_up,G01,GVWY,-12637.0,6406,-318
125,shock_up,G02,GVWY,-8296.0,6436,-114
125,shock_up,G03,GVWY,-11546.0,6388,-132
125,shock_up,G04,GVWY,-12435.5,6505,-319
125,shock_up,Z05,ZIC,3135.0,466,210
125,shock_up,Z06,ZIC,3031.5,453,195
125,shock_up,Z07,ZIC,3998.5,453,209
125,shock_up,Z08,ZIC,3299.5,485,197
125,shock_up,Z09,ZIC,3047.0,430,188
125,shock_up,S10,SHVR,-8549.5,5611,-159
125,shock_up,S11,SHVR,-10599.0,5592,-260
125,shock_up,S12,SHVR,-4052.5,5547,-55
125,shock_up,S13,SHVR,-8378.5,5603,-57
125,shock_up,S14,SHVR,-2992.0,5560,46
125,shock_up,S15,SNPR,-945.0,1272,-80
125,shock_up,S16,SNPR,-501.5,1227,43
125,shock_up,S17,SNPR,-1117.5,1251,-49
125,shock_up,S18,SNPR,-1565.0,1286,-22
125,shock_up,S19,SNPR,-1333.5,1243,-71
125,shock_up,Z20,ZIP,9988.0,3696,-130
125,shock_up,Z21,ZIP,8945.5,3577,-325
125,shock_up,Z22,ZIP,10702.5,3587,9
125,shock_up,Z23,ZIP,8673.0,3604,-208
125,shock_up,Z24,ZIP,8404.5,3639,-287
125,shock_up,P25,PRSH,7700.5,3855,457
125,shock_up,P26,PRSH,13655.0,1992,700
125,shock_up,P27,PRSH,3688.5,447,209
125,shock_up,P28,PRSH,3653.0,778,278
125,shock_up,P29,PRSH,2328.0,184,154
126,shock_up,G00,GVWY,-12171.6,6334,-194
126,shock_up,G01,GVWY,-15282.8,6408,-282
126,shock_up,G02,GVWY,-8633.8,6370,-92
126,shock_up,G03,GVWY,-12455.4,6406,-216
126,shock_up,G04,GVWY,-16016.2,6370,-198
126,shock_up,Z05,ZIC,5394.0,503,195
126,shock_up,Z06,ZIC,6311.0,519,195
126,shock_up,Z07,ZIC,6469.8,527,197
126,shock_up,Z08,ZIC,8094.0,555,255
126,shock_up,Z09,ZIC,6386.6,509,199
126,shock_up,S10,SHVR,-5708.8,5529,103
126,shock_up,S11,SHVR,-6628.6,5589,-59
126,shock_up,S12,SHVR,-6021.4,5598,-76
126,shock_up,S13,SHVR,-5651.4,5545,-41
126,shock_up,S14,SHVR,-10316.4,5592,-146
126,shock_up,S15,SNPR,-911.4,1244,14
126,shock_up,S16,SNPR,-316.4,1230,-6
126,shock_up,S17,SNPR,-1316.4,1235,-11
126,shock_up,S18,SNPR,357.2,1248,88
126,shock_up,S19,SNPR,-1469.8,1247,-17
126,shock_up,Z20,ZIP,8653.2,3574,-102
126,shock_up,Z21,ZIP,5757.0,3707,-285
126,shock_up,Z22,ZIP,4160.6,3682,-416
126,shock_up,Z23,ZIP,6671.0,3452,-190
126,shock_up,Z24,ZIP,2108.4,3434,-304
126,shock_up,P25,PRSH,14386.2,1268,468
126,shock_up,P26,PRSH,4168.2,187,133
126,shock_up,P27,PRSH,8972.2,698,278
126,shock_up,P28,PRSH,6097.2,259,173
126,shock_up,P29,PRSH,8703.2,603,273
127,shock_up,G00,GVWY,-9725.4,6440,-204
127,shock_up,G01,GVWY,-11024.35,6439,-291
127,shock_up,G02,GVWY,-9349.1,6474,-66
127,shock_up,G03,GVWY,-10756.3,6464,-118
127,shock_up,G04,GVWY,-6630.05,6447,-133
127,shock_up,Z05,ZIC,2279.05,511,233
127,shock_up,Z06,ZIC,2505.9,494,234
127,shock_up,Z07,ZIC,1973.5,500,230
127,shock_up,Z08,ZIC,2683.2,474,232
127,shock_up,Z09,ZIC,3261.85,511,221
127,shock_up,S10,SHVR,-6220.65,5625,11
127,shock_up,S11,SHVR,-7710.3,5674,-58
127,shock_up,S12,SHVR,-4549.2,5678,-12
127,shock_up,S13,SHVR,-4438.5,5690,-30
127,shock_up,S14,SHVR,-5396.65,5599,51
127,shock_up,S15,SNPR,-223.9,1212,-34
127,shock_up,S16,SNPR,-1220.5,1238,-10
127,shock_up,S17,SNPR,-1653.1,1256,34
127,shock_up,S18,SNPR,-496.35,1245,-31
127,shock_up,S19,SNPR,-1560.65,1247,11
127,shock_up,Z20,ZIP,7309.4,3620,-856
127,shock_up,Z21,ZIP,11205.75,3637,-165
127,shock_up,Z22,ZIP,8584.25,3559,-795
127,shock_up,Z23,ZIP,8702.25,3501,-155
127,shock_up,Z24,ZIP,8359.1,3606,-554
127,shock_up,P25,PRSH,1694.75,181,135
127,shock_up,P26,PRSH,5108.35,379,351
127,shock_up,P27,PRSH,8246.3,2310,798
127,shock_up,P28,PRSH,7412.95,2769,687
127,shock_up,P29,PRSH,2248.05,233,213
128,shock_up,G00,GVWY,-12772.4,6456,-216
128,shock_up,G01,GVWY,-13118.7,6489,-83
128,shock_up,G02,GVWY,-12868.4,6494,-176
128,shock_up,G03,GVWY,-10820.0,6480,-230
128,shock_up,G04,GVWY,-14783.4,6534,-326
128,shock_up,Z05,ZIC,4880.6,522,234
128,shock_up,Z06,ZIC,5165.2,522,208
128,shock_up,Z07,ZIC,3405.5,497,145
128,shock_up,Z08,ZIC,6141.8,542,252
128,shock_up,Z09,ZIC,3575.4,518,186
128,shock_up,S10,SHVR,-8886.1,5723,-99
128,shock_up,S11,SHVR,-8843.6,5690,-224
128,shock_up,S12,SHVR,-2536.8,5720,78
128,shock_up,S13,SHVR,-4947.2,5734,-88
128,shock_up,S14,SHVR,-6078.4,5726,-106
128,shock_up,S15,SNPR,-1385.2,1292,-28
128,shock_up,S16,SNPR,-266.4,1256,34
128,shock_up,S17,SNPR,-904.7,1271,27
128,shock_up,S18,SNPR,-1636.7,1263,-73
128,shock_up,S19,SNPR,-984.2,1276,52
128,shock_up,Z20,ZIP,5242.7,3539,-297
128,shock_up,Z21,ZIP,2065.2,3664,-592
128,shock_up,Z22,ZIP,7588.6,3450,-176
128,shock_up,Z23,ZIP,440.7,3651,-697
128,shock_up,Z24,ZIP,2613.6,3632,-596
128,shock_up,P25,PRSH,9042.2,5000,488
128,shock_up,P26,PRSH,7708.7,697,313
128,shock_up,P27,PRSH,15805.1,1155,769
128,shock_up,P28,PRSH,5836.3,463,217
128,shock_up,P29,PRSH,20557.4,2374,926
129,shock_up,G00,GVWY,-11852.75,6349,-323
129,shock_up,G01,GVWY,-12984.25,6383,-401
129,shock_up,G02,GVWY,-9947.0,6410,-264
129,shock_up,G03,GVWY,-10820.25,6335,-245
129,shock_up,G04,GVWY,-7890.5,6390,-122
129,shock_up,Z05,ZIC,3807.75,539,219
129,shock_up,Z06,ZIC,4641.75,523,207
129,shock_up,Z07,ZIC,3596.0,482,188
129,shock_up,Z08,ZIC,4651.25,485,217
129,shock_up,Z09,ZIC,3216.5,520,166
129,shock_up,S10,SHVR,-7551.0,5540,16
129,shock_up,S11,SHVR,-6566.0,5492,-64
129,shock_up,S12,SHVR,-3210.75,5447,29
129,shock_up,S13,SHVR,-4322.5,5544,-18
129,shock_up,S14,SHVR,-11399.5,5504,-98
129,shock_up,S15,SNPR,-555.75,1225,49
129,shock_up,S16,SNPR,-984.25,1235,-9
129,shock_up,S17,SNPR,-1168.5,1222,26
129,shock_up,S18,SNPR,-1539.5,1196,-14
129,shock_up,S19,SNPR,-489.5,1252,22
129,shock_up,Z20,ZIP,8811.0,3428,-152
129,shock_up,Z21,ZIP,5278.25,3573,-411
129,shock_up,Z22,ZIP,9664.25,3569,-115
129,shock_up,Z23,ZIP,10857.25,3455,-27
129,shock_up,Z24,ZIP,8405.5,3514,-166
129,shock_up,P25,PRSH,10328.5,1376,498
129,shock_up,P26,PRSH,3838.0,230,164
129,shock_up,P27,PRSH,4592.5,568,186
129,shock_up,P28,PRSH,3314.75,195,151
129,shock_up,P29,PRSH,5163.25,525,213
130,shock_up,G00,GVWY,-9579.55,6355,-243
130,shock_up,G01,GVWY,-8184.3,6386,22
130,shock_up,G02,GVWY,-9599.7,6364,-202
130,shock_up,G03,GVWY,-7702.35,6369,9
130,shock_up,G04,GVWY,-11803.15,6345,-159
130,shock_up,Z05,ZIC,4811.7,514,262
130,shock_up,Z06,ZIC,3220.05,433,193
130,shock_up,Z07,ZIC,3368.45,527,257
130,shock_up,Z08,ZIC,3535.25,493,285
130,shock_up,Z09,ZIC,4048.5,498,270
130,shock_up,S10,SHVR,-9870.7,5534,-42
130,shock_up,S11,SHVR,-5213.05,5561,47
130,shock_up,S12,SHVR,-5314.1,5480,14
130,shock_up,S13,SHVR,-5066.15,5533,101
130,shock_up,S14,SHVR,-7768.25,5523,-65
130,shock_up,S15,SNPR,-1007.0,1238,-40
130,shock_up,S16,SNPR,-974.6,1232,-56
130,shock_up,S17,SNPR,-677.55,1253,-3
130,shock_up,S18,SNPR,-1174.95,1239,13
130,shock_up,S19,SNPR,-662.65,1253,31
130,shock_up,Z20,ZIP,10309.6,3408,-224
130,shock_up,Z21,ZIP,9260.75,3589,-325
130,shock_up,Z22,ZIP,4914.65,3493,-851
130,shock_up,Z23,ZIP,9908.1,3534,-214
130,shock_up,Z24,ZIP,12734.6,3566,-384
130,shock_up,P25,PRSH,2468.55,197,143
130,shock_up,P26,PRSH,5053.5,782,330
130,shock_up,P27,PRSH,2524.4,260,164
130,shock_up,P28,PRSH,3427.15,245,199
130,shock_up,P29,PRSH,5365.9,702,374
131,shock_up,G00,GVWY,-10490.75,6335,-115
131,shock_up,G01,GVWY,-10758.0,6332,-260
131,shock_up,G02,GVWY,-14156.65,6373,-277
131,shock_up,G03,GVWY,-9163.35,6399,-283
131,shock_up,G04,GVWY,-9587.0,6366,-200
131,shock_up,Z05,ZIC,5095.7,514,266
131,shock_up,Z06,ZIC,5026.25,487,245
131,shock_up,Z07,ZIC,4606.4,518,232
131,shock_up,Z08,ZIC,3827.8,514,224
131,shock_up,Z09,ZIC,4777.9,548,222
131,shock_up,S10,SHVR,-10641.95,5511,-251
131,shock_up,S11,SHVR,-7180.7,5522,-86
131,shock_up,S12,SHVR,-6978.65,5571,-37
131,shock_up,S13,SHVR,-3044.4,5544,168
131,shock_up,S14,SHVR,-10109.2,5546,-36
131,shock_up,S15,SNPR,-731.65,1241,23
131,shock_up,S16,SNPR,-181.75,1245,65
131,shock_up,S17,SNPR,-1467.7,1226,-6
131,shock_up,S18,SNPR,-1343.45,1225,-81
131,shock_up,S19,SNPR,-1143.8,1248,56
131,shock_up,Z20,ZIP,10853.85,3537,-107
131,shock_up,Z21,ZIP,5734.1,3676,-802
131,shock_up,Z22,ZIP,11390.6,3508,-172
131,shock_up,Z23,ZIP,9798.75,3433,-85
131,shock_up,Z24,ZIP,9976.4,3416,-108
131,shock_up,P25,PRSH,3721.2,416,176
131,shock_up,P26,PRSH,8010.4,904,432
131,shock_up,P27,PRSH,2892.2,196,136
131,shock_up,P28,PRSH,3661.55,243,179
131,shock_up,P29,PRSH,6982.05,1077,429
132,shock_up,G00,GVWY,-11724.0,6342,-140
132,shock_up,G01,GVWY,-10165.1,6368,-262
132,shock_up,G02,GVWY,-15130.85,6375,-227
132,shock_up,G03,GVWY,-9782.85,6427,-267
132,shock_up,G04,GVWY,-9936.85,6359,-107
132,shock_up,Z05,ZIC,4257.4,506,208
132,shock_up,Z06,ZIC,4207.75,527,225
132,shock_up,Z07,ZIC,3668.45,505,199
132,shock_up,Z08,ZIC,3574.65,501,203
132,shock_up,Z09,ZIC,3744.15,565,273
132,shock_up,S10,SHVR,-8797.35,5601,-57
132,shock_up,S11,SHVR,-7652.25,5567,-55
132,shock_up,S12,SHVR,-7177.3,5586,-6
132,shock_up,S13,SHVR,-5217.3,5568,54
132,shock_up,S14,SHVR,-6643.25,5559,-115
132,shock_up,S15,SNPR,-1410.7,1268,-54
132,shock_up,S16,SNPR,-706.8,1284,44
132,shock_up,S17,SNPR,-757.6,1244,8
132,shock_up,S18,SNPR,-1257.0,1232,-140
132,shock_up,S19,SNPR,-1364.75,1239,-25
132,shock_up,Z20,ZIP,11252.1,3670,-78
132,shock_up,Z21,ZIP,11970.8,3614,-324
132,shock_up,Z22,ZIP,7411.85,3683,-733
132,shock_up,Z23,ZIP,12146.75,3627,-175
132,shock_up,Z24,ZIP,10960.35,3521,-63
132,shock_up,P25,PRSH,1639.75,179,125
132,shock_up,P26,PRSH,8526.55,1335,501
132,shock_up,P27,PRSH,2828.95,269,169
132,shock_up,P28,PRSH,8994.2,3136,624
132,shock_up,P29,PRSH,2891.0,220,160
133,shock_up,G00,GVWY,-14380.2,6451,-297
133,shock_up,G01,GVWY,-11915.8,6462,-258
133,shock_up,G02,GVWY,-9078.4,6448,-204
133,shock_up,G03,GVWY,-9999.6,6454,-406
133,shock_up,G04,GVWY,-10849.4,6423,-449
133,shock_up,Z05,ZIC,3321.6,544,246
133,shock_up,Z06,ZIC,3433.4,533,219
133,shock_up,Z07,ZIC,2860.0,564,240
133,shock_up,Z08,ZIC,2115.0,447,165
133,shock_up,Z09,ZIC,2193.0,529,225
133,shock_up,S10,SHVR,-8434.6,5680,-46
133,shock_up,S11,SHVR,-5273.4,5677,81
133,shock_up,S12,SHVR,-4415.0,5655,65
133,shock_up,S13,SHVR,-7807.0,5617,-55
133,shock_up,S14,SHVR,-4663.0,5687,-235
133,shock_up,S15,SNPR,-1101.4,1271,1
133,shock_up,S16,SNPR,-438.0,1264,-20
133,shock_up,S17,SNPR,-1336.2,1257,-67
133,shock_up,S18,SNPR,-1466.2,1265,33
133,shock_up,S19,SNPR,-1104.4,1245,-9
133,shock_up,Z20,ZIP,9959.4,3631,-261
133,shock_up,Z21,ZIP,9834.8,3564,-162
133,shock_up,Z22,ZIP,9769.2,3694,-438
133,shock_up,Z23,ZIP,9491.2,3688,-218
133,shock_up,Z24,ZIP,10472.2,3582,-228
133,shock_up,P25,PRSH,10187.6,3189,611
133,shock_up,P26,PRSH,8407.4,3247,579
133,shock_up,P27,PRSH,4427.4,939,399
133,shock_up,P28,PRSH,2596.0,233,145
133,shock_up,P29,PRSH,3252.2,647,257
134,shock_up,G00,GVWY,-11194.8,6412,-302
134,shock_up,G01,GVWY,-13193.4,6421,-371
134,shock_up,G02,GVWY,-10136.2,6471,-173
134,shock_up,G03,GVWY,-7337.2,6471,-283
134,shock_up,G04,GVWY,-9952.8,6408,-302
134,shock_up,Z05,ZIC,3377.0,512,220
134,shock_up,Z06,ZIC,2441.2,593,223
134,shock_up,Z07,ZIC,3599.2,517,233
134,shock_up,Z08,ZIC,2601.8,475,217
134,shock_up,Z09,ZIC,3135.2,471,213
134,shock_up,S10,SHVR,-6839.4,5619,-21
134,shock_up,S11,SHVR,-5031.8,5663,-57
134,shock_up,S12,SHVR,-6242.0,5677,-265
134,shock_up,S13,SHVR,-5786.2,5590,-198
134,shock_up,S14,SHVR,-8335.4,5627,-231
134,shock_up,S15,SNPR,-1171.6,1251,1
134,shock_up,S16,SNPR,-736.8,1253,63
134,shock_up,S17,SNPR,-786.2,1217,-13
134,shock_up,S18,SNPR,-886.0,1270,-60
134,shock_up,S19,SNPR,-1299.8,1264,-12
134,shock_up,Z20,ZIP,7528.6,3602,-306
134,shock_up,Z21,ZIP,8928.2,3634,-342
134,shock_up,Z22,ZIP,9127.4,3627,-289
134,shock_up,Z23,ZIP,6934.8,3708,-268
134,shock_up,Z24,ZIP,9137.6,3531,-141
134,shock_up,P25,PRSH,5512.8,1071,447
134,shock_up,P26,PRSH,4558.6,952,324
134,shock_up,P27,PRSH,8135.4,1532,596
134,shock_up,P28,PRSH,9270.4,2914,706
134,shock_up,P29,PRSH,4533.8,665,297
135,shock_up,G00,GVWY,-11922.8,6456,-294
135,shock_up,G01,GVWY,-13349.4,6490,-492
135,shock_up,G02,GVWY,-8189.2,6422,-236
135,shock_up,G03,GVWY,-10887.2,6428,-346
135,shock_up,G04,GVWY,-11214.0,6432,-410
135,shock_up,Z05,ZIC,2957.3,539,189
135,shock_up,Z06,ZIC,4669.7,539,211
135,shock_up,Z07,ZIC,3194.3,455,219
135,shock_up,Z08,ZIC,4050.3,505,189
135,shock_up,Z09,ZIC,3057.3,561,179
135,shock_up,S10,SHVR,-6120.1,5679,-73
135,shock_up,S11,SHVR,-6384.3,5717,-49
135,shock_up,S12,SHVR,-3810.1,5705,-63
135,shock_up,S13,SHVR,-4673.1,5619,-3
135,shock_up,S14,SHVR,-7423.7,5713,-1
135,shock_up,S15,SNPR,-519.3,1235,1
135,shock_up,S16,SNPR,-956.0,1272,-10
135,shock_up,S17,SNPR,-1156.4,1270,-112
135,shock_up,S18,SNPR,-814.7,1267,49
135,shock_up,S19,SNPR,-1124.7,1251,-21
135,shock_up,Z20,ZIP,8812.6,3560,-132
135,shock_up,Z21,ZIP,7932.8,3548,-196
135,shock_up,Z22,ZIP,10108.9,3575,-143
135,shock_up,Z23,ZIP,8846.0,3424,-230
135,shock_up,Z24,ZIP,11924.8,3580,-76
135,shock_up,P25,PRSH,4982.3,919,329
135,shock_up,P26,PRSH,4758.2,3680,376
135,shock_up,P27,PRSH,6751.7,1419,451
135,shock_up,P28,PRSH,2764.1,411,173
135,shock_up,P29,PRSH,3753.8,4526,414
136,shock_up,G00,GVWY,-8983.0,6429,-185
136,shock_up,G01,GVWY,-12262.0,6453,-283
136,shock_up,G02,GVWY,-11409.0,6414,-262
136,shock_up,G03,GVWY,-9752.0,6399,-91
136,shock_up,G04,GVWY,-9596.0,6371,-175
136,shock_up,Z05,ZIC,3059.0,449,161
136,shock_up,Z06,ZIC,3454.0,500,200
136,shock_up,Z07,ZIC,4049.0,446,182
136,shock_up,Z08,ZIC,4063.0,473,223
136,shock_up,Z09,ZIC,3549.0,457,217
136,shock_up,S10,SHVR,-4667.0,5555,-61
136,shock_up,S11,SHVR,-7230.0,5507,-179
136,shock_up,S12,SHVR,-3934.0,5537,45
136,shock_up,S13,SHVR,-6528.0,5573,-41
136,shock_up,S14,SHVR,-5291.0,5609,-33
136,shock_up,S15,SNPR,-1117.0,1242,-6
136,shock_up,S16,SNPR,-646.0,1265,-79
136,shock_up,S17,SNPR,-1126.0,1248,-28
136,shock_up,S18,SNPR,-1180.0,1233,-35
136,shock_up,S19,SNPR,-750.0,1255,-3
136,shock_up,Z20,ZIP,8764.0,3519,-195
136,shock_up,Z21,ZIP,9198.0,3539,-157
136,shock_up,Z22,ZIP,8673.0,3551,-119
136,shock_up,Z23,ZIP,6569.0,3493,-303
136,shock_up,Z24,ZIP,4569.0,3554,-458
136,shock_up,P25,PRSH,2462.0,195,147
136,shock_up,P26,PRSH,3591.0,213,165
136,shock_up,P27,PRSH,3385.0,240,204
136,shock_up,P28,PRSH,15530.0,2296,912
136,shock_up,P29,PRSH,3107.0,331,165
137,shock_up,G00,GVWY,-10563.5,6384,-86
137,shock_up,G01,GVWY,-10742.25,6397,-273
137,shock_up,G02,GVWY,-12217.0,6410,-124
137,shock_up,G03,GVWY,-10534.0,6404,-240
137,shock_up,G04,GVWY,-14276.0,6386,-216
137,shock_up,Z05,ZIC,4436.0,450,176
137,shock_up,Z06,ZIC,7052.0,546,228
137,shock_up,Z07,ZIC,7481.75,525,223
137,shock_up,Z08,ZIC,5870.25,493,193
137,shock_up,Z09,ZIC,7099.75,487,235
137,shock_up,S10,SHVR,-5500.75,5587,1
137,shock_up,S11,SHVR,-10628.75,5559,-79
137,shock_up,S12,SHVR,-8716.0,5548,-20
137,shock_up,S13,SHVR,-4415.75,5629,-39
137,shock_up,S14,SHVR,-5500.25,5567,95
137,shock_up,S15,SNPR,-374.5,1190,50
137,shock_up,S16,SNPR,79.75,1227,55
137,shock_up,S17,SNPR,-2592.75,1231,-83
137,shock_up,S18,SNPR,-587.75,1217,5
137,shock_up,S19,SNPR,-1236.75,1241,-15
137,shock_up,Z20,ZIP,3174.5,3686,-430
137,shock_up,Z21,ZIP,3667.5,3544,-402
137,shock_up,Z22,ZIP,3703.0,3668,-392
137,shock_up,Z23,ZIP,7352.75,3567,-73
137,shock_up,Z24,ZIP,8405.75,3591,-217
137,shock_up,P25,PRSH,4564.5,210,142
137,shock_up,P26,PRSH,9676.0,728,308
137,shock_up,P27,PRSH,15493.0,2654,612
137,shock_up,P28,PRSH,3937.75,211,131
137,shock_up,P29,PRSH,5114.5,216,170
138,shock_up,G00,GVWY,-13418.6,6383,-329
138,shock_up,G01,GVWY,-12138.0,6375,-425
138,shock_up,G02,GVWY,-14019.0,6409,-325
138,shock_up,G03,GVWY,-11278.2,6447,-423
138,shock_up,G04,GVWY,-11042.0,6369,-135
138,shock_up,Z05,ZIC,3016.6,484,194
138,shock_up,Z06,ZIC,4009.4,490,176
138,shock_up,Z07,ZIC,3092.0,475,195
138,shock_up,Z08,ZIC,3820.0,529,235
138,shock_up,Z09,ZIC,4448.6,513,219
138,shock_up,S10,SHVR,-5211.0,5604,120
138,shock_up,S11,SHVR,-6616.0,5619,15
138,shock_up,S12,SHVR,-9078.2,5586,-128
138,shock_up,S13,SHVR,-6152.2,5632,-8
138,shock_up,S14,SHVR,-5603.8,5546,88
138,shock_up,S15,SNPR,-733.8,1224,-62
138,shock_up,S16,SNPR,-1174.0,1249,-95
138,shock_up,S17,SNPR,-1059.0,1258,50
138,shock_up,S18,SNPR,-1119.8,1243,13
138,shock_up,S19,SNPR,-1364.0,1215,45
138,shock_up,Z20,ZIP,12311.4,3459,-79
138,shock_up,Z21,ZIP,11955.6,3595,-31
138,shock_up,Z22,ZIP,10466.8,3642,-298
138,shock_up,Z23,ZIP,9113.2,3642,-322
138,shock_up,Z24,ZIP,10496.4,3546,-254
138,shock_up,P25,PRSH,9858.4,3584,566
138,shock_up,P26,PRSH,3169.0,209,155
138,shock_up,P27,PRSH,3173.0,227,185
138,shock_up,P28,PRSH,2744.2,198,148
138,shock_up,P29,PRSH,7718.0,948,410
139,shock_up,G00,GVWY,-14989.2,6318,-306
139,shock_up,G01,GVWY,-12854.1,6395,-293
139,shock_up,G02,GVWY,-10491.7,6325,-251
139,shock_up,G03,GVWY,-13616.8,6324,-214
139,shock_up,G04,GVWY,-11116.6,6344,-98
139,shock_up,Z05,ZIC,4452.7,481,231
139,shock_up,Z06,ZIC,4237.5,417,195
139,shock_up,Z07,ZIC,4621.9,475,177
139,shock_up,Z08,ZIC,3431.5,465,195
139,shock_up,Z09,ZIC,4227.3,507,219
139,shock_up,S10,SHVR,-5014.5,5507,-65
139,shock_up,S11,SHVR,-8226.2,5472,-76
139,shock_up,S12,SHVR,-5326.6,5468,-8
139,shock_up,S13,SHVR,-3946.4,5476,58
139,shock_up,S14,SHVR,-7866.4,5526,-82
139,shock_up,S15,SNPR,-821.6,1240,2
139,shock_up,S16,SNPR,-1935.6,1246,-18
139,shock_up,S17,SNPR,-1086.9,1235,-27
139,shock_up,S18,SNPR,-1086.3,1255,1
139,shock_up,S19,SNPR,-1341.4,1246,-62
139,shock_up,Z20,ZIP,11041.2,3476,-254
139,shock_up,Z21,ZIP,7513.0,3518,-300
139,shock_up,Z22,ZIP,9912.3,3367,-211
139,shock_up,Z23,ZIP,10678.0,3414,-80
139,shock_up,Z24,ZIP,8976.6,3430,-192
139,shock_up,P25,PRSH,3322.2,208,146
139,shock_up,P26,PRSH,3505.5,235,165
139,shock_up,P27,PRSH,8139.2,940,356
139,shock_up,P28,PRSH,7359.7,839,301
139,shock_up,P29,PRSH,8921.8,1178,434
140,shock_up,G00,GVWY,-11718.0,6366,-178
140,shock_up,G01,GVWY,-12763.0,6387,-329
140,shock_up,G02,GVWY,-11687.0,6411,-179
140,shock_up,G03,GVWY,-10014.0,6375,7
140,shock_up,G04,GVWY,-11455.0,6420,-262
140,shock_up,Z05,ZIC,3417.0,494,196
140,shock_up,Z06,ZIC,3387.0,518,198
140,shock_up,Z07,ZIC,3074.0,520,244
140,shock_up,Z08,ZIC,4189.0,507,219
140,shock_up,Z09,ZIC,3670.0,471,225
140,shock_up,S10,SHVR,-1629.0,5557,143
140,shock_up,S11,SHVR,-4432.0,5617,145
140,shock_up,S12,SHVR,-3521.0,5592,-48
140,shock_up,S13,SHVR,-10030.0,5529,-35
140,shock_up,S14,SHVR,-4513.0,5541,151
140,shock_up,S15,SNPR,-1085.0,1229,-9
140,shock_up,S16,SNPR,-1025.0,1224,-42
140,shock_up,S17,SNPR,-1394.0,1209,25
140,shock_up,S18,SNPR,-1354.0,1215,15
140,shock_up,S19,SNPR,-900.0,1227,-53
140,shock_up,Z20,ZIP,11435.0,3481,-357
140,shock_up,Z21,ZIP,7500.0,3425,-231
140,shock_up,Z22,ZIP,10374.0,3527,-145
140,shock_up,Z23,ZIP,6611.0,3540,-952
140,shock_up,Z24,ZIP,7134.0,3518,-220
140,shock_up,P25,PRSH,3420.0,210,174
140,shock_up,P26,PRSH,2539.0,212,130
140,shock_up,P27,PRSH,3846.0,499,183
140,shock_up,P28,PRSH,11082.0,1407,617
140,shock_up,P29,PRSH,6128.0,704,326
141,shock_up,G00,GVWY,-14572.9,6413,-321
141,shock_up,G01,GVWY,-16321.5,6461,-505
141,shock_up,G02,GVWY,-11273.3,6413,-227
141,shock_up,G03,GVWY,-13986.6,6442,-124
141,shock_up,G04,GVWY,-13183.3,6399,-297
141,shock_up,Z05,ZIC,3296.3,477,187
141,shock_up,Z06,ZIC,4338.5,533,225
141,shock_up,Z07,ZIC,2471.3,511,157
141,shock_up,Z08,ZIC,5124.7,517,253
141,shock_up,Z09,ZIC,4083.9,541,231
141,shock_up,S10,SHVR,-4595.4,5676,14
141,shock_up,S11,SHVR,-4854.0,5698,90
141,shock_up,S12,SHVR,-9158.6,5718,-344
141,shock_up,S13,SHVR,-6669.1,5721,-179
141,shock_up,S14,SHVR,-8406.0,5658,-130
141,shock_up,S15,SNPR,-755.0,1252,-50
141,shock_up,S16,SNPR,-1335.3,1249,23
141,shock_up,S17,SNPR,-1268.4,1280,14
141,shock_up,S18,SNPR,-1304.6,1258,-44
141,shock_up,S19,SNPR,-1771.4,1258,-6
141,shock_up,Z20,ZIP,8481.9,3635,-499
141,shock_up,Z21,ZIP,11624.0,3630,-180
141,shock_up,Z22,ZIP,11783.7,3507,23
141,shock_up,Z23,ZIP,7532.1,3473,-201
141,shock_up,Z24,ZIP,8488.0,3610,-340
141,shock_up,P25,PRSH,11195.1,1969,539
141,shock_up,P26,PRSH,9999.1,1311,429
141,shock_up,P27,PRSH,4366.2,494,168
141,shock_up,P28,PRSH,6999.9,4111,561
141,shock_up,P29,PRSH,9917.9,1279,471
142,shock_up,G00,GVWY,-9143.6,6364,-172
142,shock_up,G01,GVWY,-7652.05,6395,-211
142,shock_up,G02,GVWY,-8809.45,6423,-139
142,shock_up,G03,GVWY,-7038.2,6414,-224
142,shock_up,G04,GVWY,-9407.65,6379,-3
142,shock_up,Z05,ZIC,904.6,528,232
142,shock_up,Z06,ZIC,1036.2,544,204
142,shock_up,Z07,ZIC,1014.0,576,220
142,shock_up,Z08,ZIC,1007.2,498,264
142,shock_up,Z09,ZIC,986.85,533,267
142,shock_up,S10,SHVR,-6701.0,5506,20
142,shock_up,S11,SHVR,-7719.5,5532,70
142,shock_up,S12,SHVR,-7432.05,5539,-11
142,shock_up,S13,SHVR,-6061.2,5600,116
142,shock_up,S14,SHVR,-5310.65,5565,57
142,shock_up,S15,SNPR,-962.65,1235,-43
142,shock_up,S16,SNPR,-1682.3,1264,34
142,shock_up,S17,SNPR,-489.55,1251,-21
142,shock_up,S18,SNPR,-1234.6,1264,28
142,shock_up,S19,SNPR,-1993.25,1237,65
142,shock_up,Z20,ZIP,13059.55,3523,-79
142,shock_up,Z21,ZIP,15208.4,3684,-1052
142,shock_up,Z22,ZIP,17410.55,3587,-519
142,shock_up,Z23,ZIP,13668.1,3588,-318
142,shock_up,Z24,ZIP,13602.75,3487,-95
142,shock_up,P25,PRSH,506.8,192,136
142,shock_up,P26,PRSH,1193.15,257,153
142,shock_up,P27,PRSH,2039.75,363,205
142,shock_up,P28,PRSH,-247.55,505,279
142,shock_up,P29,PRSH,1432.15,1055,473
143,shock_up,G00,GVWY,-5771.6,6341,-89
143,shock_up,G01,GVWY,-8996.4,6397,-91
143,shock_up,G02,GVWY,-11386.2,6437,-313
143,shock_up,G03,GVWY,-8730.2,6401,-93
143,shock_up,G04,GVWY,-14958.8,6394,-472
143,shock_up,Z05,ZIC,2070.6,498,224
143,shock_up,Z06,ZIC,2721.4,495,211
143,shock_up,Z07,ZIC,2157.2,503,233
143,shock_up,Z08,ZIC,2177.6,488,234
143,shock_up,Z09,ZIC,2010.8,530,212
143,shock_up,S10,SHVR,-5631.4,5607,-101
143,shock_up,S11,SHVR,-4143.8,5517,-57
143,shock_up,S12,SHVR,-4247.6,5545,31
143,shock_up,S13,SHVR,-6606.0,5577,15
143,shock_up,S14,SHVR,-6974.0,5603,-25
143,shock_up,S15,SNPR,-729.2,1251,-73
143,shock_up,S16,SNPR,-1512.2,1272,-28
143,shock_up,S17,SNPR,-1213.8,1275,53
143,shock_up,S18,SNPR,-1062.2,1253,-23
143,shock_up,S19,SNPR,-883.4,1247,-1
143,shock_up,Z20,ZIP,9286.4,3565,-159
143,shock_up,Z21,ZIP,11258.0,3604,-160
143,shock_up,Z22,ZIP,10466.0,3670,-320
143,shock_up,Z23,ZIP,10590.8,3563,-123
143,shock_up,Z24,ZIP,9158.8,3649,-853
143,shock_up,P25,PRSH,3312.2,802,288
143,shock_up,P26,PRSH,7601.0,503,465
143,shock_up,P27,PRSH,4196.0,887,445
143,shock_up,P28,PRSH,2688.6,504,244
143,shock_up,P29,PRSH,3402.2,644,298
144,shock_up,G00,GVWY,-14025.6,6366,-114
144,shock_up,G01,GVWY,-10768.9,6411,-231
144,shock_up,G02,GVWY,-9408.7,6403,-193
144,shock_up,G03,GVWY,-8665.9,6359,-301
144,shock_up,G04,GVWY,-8495.1,6389,-219
144,shock_up,Z05,ZIC,3475.5,517,225
144,shock_up,Z06,ZIC,3455.0,510,240
144,shock_up,Z07,ZIC,3569.6,472,214
144,shock_up,Z08,ZIC,3391.3,503,207
144,shock_up,Z09,ZIC,3794.2,506,278
144,shock_up,S10,SHVR,-6509.3,5539,43
144,shock_up,S11,SHVR,-5009.7,5563,77
144,shock_up,S12,SHVR,-2028.6,5440,86
144,shock_up,S13,SHVR,-9847.7,5565,-53
144,shock_up,S14,SHVR,-6675.9,5517,19
144,shock_up,S15,SNPR,-813.9,1257,-21
144,shock_up,S16,SNPR,-1344.1,1239,-49
144,shock_up,S17,SNPR,-1157.7,1241,-23
144,shock_up,S18,SNPR,-655.5,1241,15
144,shock_up,S19,SNPR,-1306.2,1246,42
144,shock_up,Z20,ZIP,9087.9,3613,-439
144,shock_up,Z21,ZIP,11820.3,3501,-73
144,shock_up,Z22,ZIP,8118.0,3654,-400
144,shock_up,Z23,ZIP,9800.2,3496,-112
144,shock_up,Z24,ZIP,9554.5,3635,-395
144,shock_up,P25,PRSH,6819.9,783,361
144,shock_up,P26,PRSH,3761.7,585,283
144,shock_up,P27,PRSH,2784.6,176,124
144,shock_up,P28,PRSH,2838.2,194,148
144,shock_up,P29,PRSH,5531.9,317,281
145,shock_up,G00,GVWY,-14211.85,6369,-191
145,shock_up,G01,GVWY,-12379.0,6410,-320
145,shock_up,G02,GVWY,-10537.9,6428,-114
145,shock_up,G03,GVWY,-9874.1,6418,-226
145,shock_up,G04,GVWY,-13975.55,6427,-293
145,shock_up,Z05,ZIC,4929.85,499,191
145,shock_up,Z06,ZIC,5024.1,508,206
145,shock_up,Z07,ZIC,4795.45,473,207
145,shock_up,Z08,ZIC,5736.95,531,237
145,shock_up,Z09,ZIC,4896.25,479,195
145,shock_up,S10,SHVR,-4948.7,5522,38
145,shock_up,S11,SHVR,-6340.1,5532,14
145,shock_up,S12,SHVR,-4661.65,5513,-59
145,shock_up,S13,SHVR,-6396.4,5558,16
145,shock_up,S14,SHVR,-8645.65,5565,-199
145,shock_up,S15,SNPR,-439.85,1235,9
145,shock_up,S16,SNPR,-1768.0,1230,-20
145,shock_up,S17,SNPR,-1162.5,1258,10
145,shock_up,S18,SNPR,-986.2,1228,-12
145,shock_up,S19,SNPR,-332.2,1226,28
145,shock_up,Z20,ZIP,7641.4,3446,-56
145,shock_up,Z21,ZIP,2644.0,3660,-440
145,shock_up,Z22,ZIP,4191.15,3463,-231
145,shock_up,Z23,ZIP,754.8,3690,-772
145,shock_up,Z24,ZIP,7718.7,3502,-178
145,shock_up,P25,PRSH,6918.75,669,245
145,shock_up,P26,PRSH,5919.45,589,267
145,shock_up,P27,PRSH,16196.7,1054,662
145,shock_up,P28,PRSH,8523.15,849,329
145,shock_up,P29,PRSH,10418.15,437,409
146,shock_up,G00,GVWY,-12821.4,6444,-352
146,shock_up,G01,GVWY,-8637.3,6429,-189
146,shock_up,G02,GVWY,-7739.8,6424,-284
146,shock_up,G03,GVWY,-11718.5,6491,-205
146,shock_up,G04,GVWY,-10116.8,6454,-254
146,shock_up,Z05,ZIC,2566.2,468,216
146,shock_up,Z06,ZIC,2099.9,497,207
146,shock_up,Z07,ZIC,2942.6,480,178
146,shock_up,Z08,ZIC,1801.7,471,201
146,shock_up,Z09,ZIC,2014.9,453,187
146,shock_up,S10,SHVR,-6701.1,5603,-83
146,shock_up,S11,SHVR,-4122.3,5615,-99
146,shock_up,S12,SHVR,-4969.0,5626,150
146,shock_up,S13,SHVR,-8529.1,5635,-123
146,shock_up,S14,SHVR,-6208.1,5615,-103
146,shock_up,S15,SNPR,-1371.0,1256,70
146,shock_up,S16,SNPR,-663.2,1252,-16
146,shock_up,S17,SNPR,-1247.2,1236,-26
146,shock_up,S18,SNPR,-1005.6,1246,32
146,shock_up,S19,SNPR,-442.8,1264,-54
146,shock_up,Z20,ZIP,10553.7,3669,-209
146,shock_up,Z21,ZIP,10111.0,3694,-310
146,shock_up,Z22,ZIP,10078.1,3629,-227
146,shock_up,Z23,ZIP,9301.3,3555,-81
146,shock_up,Z24,ZIP,7473.1,3701,-1087
146,shock_up,P25,PRSH,8094.1,1923,793
146,shock_up,P26,PRSH,8398.6,4120,738
146,shock_up,P27,PRSH,1970.1,157,113
146,shock_up,P28,PRSH,2427.3,517,209
146,shock_up,P29,PRSH,6618.8,876,524
147,shock_up,G00,GVWY,-12675.0,6399,-125
147,shock_up,G01,GVWY,-8608.4,6416,-166
147,shock_up,G02,GVWY,-11430.6,6337,-159
147,shock_up,G03,GVWY,-11390.2,6398,-238
147,shock_up,G04,GVWY,-8766.8,6401,-147
147,shock_up,Z05,ZIC,5145.0,502,230
147,shock_up,Z06,ZIC,4716.8,521,227
147,shock_up,Z07,ZIC,4678.4,550,256
147,shock_up,Z08,ZIC,4789.4,519,251
147,shock_up,Z09,ZIC,4298.4,508,206
147,shock_up,S10,SHVR,-7483.2,5552,-48
147,shock_up,S11,SHVR,-7184.6,5624,-84
147,shock_up,S12,SHVR,-9936.0,5590,-100
147,shock_up,S13,SHVR,-9543.0,5639,-195
147,shock_up,S14,SHVR,-7012.0,5627,-65
147,shock_up,S15,SNPR,-1617.2,1233,-83
147,shock_up,S16,SNPR,-1028.0,1250,20
147,shock_up,S17,SNPR,-967.2,1226,-28
147,shock_up,S18,SNPR,-622.4,1248,-16
147,shock_up,S19,SNPR,-1324.4,1243,-71
147,shock_up,Z20,ZIP,7815.2,3447,-207
147,shock_up,Z21,ZIP,7972.0,3567,-215
147,shock_up,Z22,ZIP,10042.8,3563,-143
147,shock_up,Z23,ZIP,4725.8,3575,-783
147,shock_up,Z24,ZIP,10591.4,3431,-139
147,shock_up,P25,PRSH,12138.4,1748,686
147,shock_up,P26,PRSH,3750.8,252,182
147,shock_up,P27,PRSH,3002.2,235,153
147,shock_up,P28,PRSH,3103.2,207,133
147,shock_up,P29,PRSH,12266.8,4364,572
148,shock_up,G00,GVWY,-12097.0,6386,-434
148,shock_up,G01,GVWY,-9347.5,6385,-335
148,shock_up,G02,GVWY,-14311.5,6455,-279
148,shock_up,G03,GVWY,-15109.0,6390,-376
148,shock_up,G04,GVWY,-8009.0,6370,48
148,shock_up,Z05,ZIC,4011.5,465,199
148,shock_up,Z06,ZIC,3874.0,484,210
148,shock_up,Z07,ZIC,3307.5,483,147
148,shock_up,Z08,ZIC,4990.0,506,270
148,shock_up,Z09,ZIC,4302.5,485,257
148,shock_up,S10,SHVR,-3224.0,5578,30
148,shock_up,S11,SHVR,-5947.5,5613,37
148,shock_up,S12,SHVR,-8629.0,5530,-154
148,shock_up,S13,SHVR,-2558.0,5576,140
148,shock_up,S14,SHVR,-7648.0,5572,-126
148,shock_up,S15,SNPR,-872.5,1241,71
148,shock_up,S16,SNPR,-772.0,1232,-36
148,shock_up,S17,SNPR,-1222.5,1237,15
148,shock_up,S18,SNPR,-1080.5,1269,-43
148,shock_up,S19,SNPR,-444.5,1231,95
148,shock_up,Z20,ZIP,7428.0,3540,-364
148,shock_up,Z21,ZIP,10349.5,3445,-149
148,shock_up,Z22,ZIP,4542.5,3639,-639
148,shock_up,Z23,ZIP,8918.5,3499,-99
148,shock_up,Z24,ZIP,8771.5,3567,-203
148,shock_up,P25,PRSH,2432.0,170,114
148,shock_up,P26,PRSH,14248.5,2525,729
148,shock_up,P27,PRSH,7536.0,1100,408
148,shock_up,P28,PRSH,3790.0,392,194
148,shock_up,P29,PRSH,2396.0,192,138
149,shock_up,G00,GVWY,-8304.5,6435,-185
149,shock_up,G01,GVWY,-14946.9,6431,-271
149,shock_up,G02,GVWY,-8453.9,6467,-231
149,shock_up,G03,GVWY,-11323.0,6430,-220
149,shock_up,G04,GVWY,-12384.6,6438,-304
149,shock_up,Z05,ZIC,4326.4,464,266
149,shock_up,Z06,ZIC,3215.7,497,193
149,shock_up,Z07,ZIC,4146.4,476,256
149,shock_up,Z08,ZIC,3168.1,489,239
149,shock_up,Z09,ZIC,3134.6,484,194
149,shock_up,S10,SHVR,-6806.7,5625,-43
149,shock_up,S11,SHVR,-6779.4,5632,24
149,shock_up,S12,SHVR,-7843.5,5635,-15
149,shock_up,S13,SHVR,-6113.0,5656,90
149,shock_up,S14,SHVR,-7742.1,5627,-219
149,shock_up,S15,SNPR,-1105.5,1257,-15
149,shock_up,S16,SNPR,-1165.1,1239,-39
149,shock_up,S17,SNPR,-1327.8,1276,-62
149,shock_up,S18,SNPR,-1039.4,1278,14
149,shock_up,S19,SNPR,-916.4,1258,54
149,shock_up,Z20,ZIP,9556.7,3557,-247
149,shock_up,Z21,ZIP,6409.1,3531,-481
149,shock_up,Z22,ZIP,10372.0,3594,-300
149,shock_up,Z23,ZIP,8652.5,3559,-365
149,shock_up,Z24,ZIP,8967.5,3653,-535
149,shock_up,P25,PRSH,5830.6,792,384
149,shock_up,P26,PRSH,10907.5,2521,715
149,shock_up,P27,PRSH,2815.6,226,154
149,shock_up,P28,PRSH,11857.9,2319,741
149,shock_up,P29,PRSH,2810.7,205,153
0,shock_down,G00,GVWY,-7946.0,6356,-440
0,shock_down,G01,GVWY,-4952.75,6409,-515
0,shock_down,G02,GVWY,-7122.25,6419,-345
0,shock_down,G03,GVWY,-7160.3,6464,-518
0,shock_down,G04,GVWY,-7393.0,6432,-320
0,shock_down,Z05,ZIC,688.85,597,301
0,shock_down,Z06,ZIC,222.65,643,329
0,shock_down,Z07,ZIC,521.0,610,280
0,shock_down,Z08,ZIC,142.55,563,323
0,shock_down,Z09,ZIC,323.3,658,378
0,shock_down,S10,SHVR,-5724.0,5534,-40
0,shock_down,S11,SHVR,-5685.0,5576,-180
0,shock_down,S12,SHVR,-5022.7,5562,-82
0,shock_down,S13,SHVR,-6230.15,5575,-99
0,shock_down,S14,SHVR,-7694.05,5615,47
0,shock_down,S15,SNPR,-1425.5,1258,-10
0,shock_down,S16,SNPR,-1610.75,1273,-95
0,shock_down,S17,SNPR,-903.8,1264,12
0,shock_down,S18,SNPR,-1529.1,1262,-26
0,shock_down,S19,SNPR,-1323.2,1258,-72
0,shock_down,Z20,ZIP,13409.7,3502,-278
0,shock_down,Z21,ZIP,10708.2,3518,-228
0,shock_down,Z22,ZIP,14944.55,3565,-657
0,shock_down,Z23,ZIP,14374.55,3665,-377
0,shock_down,Z24,ZIP,14203.45,3653,-303
0,shock_down,P25,PRSH,81.95,331,287
0,shock_down,P26,PRSH,610.8,374,328
0,shock_down,P27,PRSH,-431.2,1554,708
0,shock_down,P28,PRSH,1020.05,1567,753
0,shock_down,P29,PRSH,1782.55,1895,823
1,shock_down,G00,GVWY,-4343.95,6365,-459
1,shock_down,G01,GVWY,-7931.1,6426,-362
1,shock_down,G02,GVWY,-7300.25,6367,-305
1,shock_down,G03,GVWY,-3789.1,6348,-522
1,shock_down,G04,GVWY,-5153.95,6465,-539
1,shock_down,Z05,ZIC,-674.7,598,306
1,shock_down,Z06,ZIC,-515.85,587,263
1,shock_down,Z07,ZIC,-2103.75,541,345
1,shock_down,Z08,ZIC,-690.55,621,329
1,shock_down,Z09,ZIC,-1760.4,580,352
1,shock_down,S10,SHVR,-5245.75,5515,-75
1,shock_down,S11,SHVR,-3690.3,5448,-126
1,shock_down,S12,SHVR,-5259.25,5527,-45
1,shock_down,S13,SHVR,-5851.65,5545,-133
1,shock_down,S14,SHVR,-4774.5,5484,50
1,shock_down,S15,SNPR,-1501.75,1253,-35
1,shock_down,S16,SNPR,-764.6,1246,-52
1,shock_down,S17,SNPR,-1051.95,1253,-79
1,shock_down,S18,SNPR,-814.75,1247,-35
1,shock_down,S19,SNPR,-918.9,1234,-98
1,shock_down,Z20,ZIP,18926.15,3649,-897
1,shock_down,Z21,ZIP,10489.75,3471,-185
1,shock_down,Z22,ZIP,18264.15,3537,-957
1,shock_down,Z23,ZIP,12028.8,3522,-244
1,shock_down,Z24,ZIP,13181.3,3516,-394
1,shock_down,P25,PRSH,-1118.05,2453,1019
1,shock_down,P26,PRSH,16.55,433,391
1,shock_down,P27,PRSH,-1450.95,1149,541
1,shock_down,P28,PRSH,-666.1,2114,758
1,shock_down,P29,PRSH,-4034.95,2545,1081
2,shock_down,G00,GVWY,-5340.5,6376,-390
2,shock_down,G01,GVWY,-6250.25,6389,-601
2,shock_down,G02,GVWY,-7952.5,6328,-518
2,shock_down,G03,GVWY,-4408.5,6324,-430
2,shock_down,G04,GVWY,-7537.75,6311,-499
2,shock_down,Z05,ZIC,949.25,619,305
2,shock_down,Z06,ZIC,379.75,669,359
2,shock_down,Z07,ZIC,1575.75,643,339
2,shock_down,Z08,ZIC,1854.5,660,302
2,shock_down,Z09,ZIC,1335.75,613,323
2,shock_down,S10,SHVR,-6302.25,5421,-21
2,shock_down,S11,SHVR,-3868.25,5443,-205
2,shock_down,S12,SHVR,-2431.5,5508,-86
2,shock_down,S13,SHVR,-6546.5,5386,-54
2,shock_down,S14,SHVR,-6926.0,5432,-96
2,shock_down,S15,SNPR,-1925.25,1217,-53
2,shock_down,S16,SNPR,-1064.0,1208,-36
2,shock_down,S17,SNPR,-2239.25,1235,-77
2,shock_down,S18,SNPR,-1230.5,1202,-2
2,shock_down,S19,SNPR,-1053.5,1216,-106
2,shock_down,Z20,ZIP,10626.25,3517,-175
2,shock_down,Z21,ZIP,8664.75,3571,-65
2,shock_down,Z22,ZIP,10925.75,3493,75
2,shock_down,Z23,ZIP,11566.0,3560,-260
2,shock_down,Z24,ZIP,11449.25,3535,-99
2,shock_down,P25,PRSH,1263.75,1503,703
2,shock_down,P26,PRSH,805.75,307,255
2,shock_down,P27,PRSH,1062.25,421,361
2,shock_down,P28,PRSH,1479.75,479,315
2,shock_down,P29,PRSH,1489.25,753,365
3,shock_down,G00,GVWY,-2336.2,6380,-506
3,shock_down,G01,GVWY,-2765.4,6396,-452
3,shock_down,G02,GVWY,-1699.7,6393,-561
3,shock_down,G03,GVWY,-2941.3,6377,-519
3,shock_down,G04,GVWY,-1220.7,6407,-481
3,shock_down,Z05,ZIC,-1941.7,571,289
3,shock_down,Z06,ZIC,-3318.7,601,369
3,shock_down,Z07,ZIC,-1532.1,547,317
3,shock_down,Z08,ZIC,-1753.4,564,268
3,shock_down,Z09,ZIC,-1628.7,545,289
3,shock_down,S10,SHVR,-2758.3,5563,-229
3,shock_down,S11,SHVR,1707.6,5526,-382
3,shock_down,S12,SHVR,-3990.8,5466,-74
3,shock_down,S13,SHVR,-5006.1,5521,-83
3,shock_down,S14,SHVR,-5228.8,5488,-154
3,shock_down,S15,SNPR,-45.0,1286,-180
3,shock_down,S16,SNPR,-739.7,1245,-111
3,shock_down,S17,SNPR,-684.8,1266,-74
3,shock_down,S18,SNPR,-654.6,1224,-98
3,shock_down,S19,SNPR,-1019.7,1253,-21
3,shock_down,Z20,ZIP,12910.2,3534,-224
3,shock_down,Z21,ZIP,8775.1,3463,-127
3,shock_down,Z22,ZIP,23080.8,3586,-826
3,shock_down,Z23,ZIP,11401.0,3506,-120
3,shock_down,Z24,ZIP,12078.8,3452,-196
3,shock_down,P25,PRSH,-4000.6,878,472
3,shock_down,P26,PRSH,-7460.0,2676,1100
3,shock_down,P27,PRSH,-6181.1,2287,827
3,shock_down,P28,PRSH,-7582.1,2019,1097
3,shock_down,P29,PRSH,-1822.9,365,303
4,shock_down,G00,GVWY,-6579.0,6368,-330
4,shock_down,G01,GVWY,-5399.0,6374,-380
4,shock_down,G02,GVWY,-3778.4,6378,-466
4,shock_down,G03,GVWY,-4613.3,6411,-287
4,shock_down,G04,GVWY,-5837.8,6424,-422
4,shock_down,Z05,ZIC,-1796.2,556,312
4,shock_down,Z06,ZIC,-2674.8,636,398
4,shock_down,Z07,ZIC,-782.3,615,323
4,shock_down,Z08,ZIC,-2248.4,596,344
4,shock_down,Z09,ZIC,-2805.5,593,335
4,shock_down,S10,SHVR,-3659.8,5476,-92
4,shock_down,S11,SHVR,-8876.1,5529,-49
4,shock_down,S12,SHVR,-1979.9,5497,-211
4,shock_down,S13,SHVR,-2151.7,5525,-93
4,shock_down,S14,SHVR,-3518.7,5527,-133
4,shock_down,S15,SNPR,-1149.1,1251,-59
4,shock_down,S16,SNPR,-1233.0,1266,20
4,shock_down,S17,SNPR,-663.6,1244,-14
4,shock_down,S18,SNPR,-925.5,1249,35
4,shock_down,S19,SNPR,-1398.7,1259,-73
4,shock_down,Z20,ZIP,12271.7,3445,-87
4,shock_down,Z21,ZIP,15139.8,3492,-318
4,shock_down,Z22,ZIP,10649.2,3566,-122
4,shock_down,Z23,ZIP,25791.2,3676,-1022
4,shock_down,Z24,ZIP,14445.9,3459,-79
4,shock_down,P25,PRSH,-1721.2,328,292
4,shock_down,P26,PRSH,-5429.4,1930,814
4,shock_down,P27,PRSH,-3771.3,1275,633
4,shock_down,P28,PRSH,-1423.8,336,288
4,shock_down,P29,PRSH,-1872.2,642,352
5,shock_down,G00,GVWY,-4856.0,6400,-470
5,shock_down,G01,GVWY,-6852.0,6395,-509
5,shock_down,G02,GVWY,-8967.0,6379,-261
5,shock_down,G03,GVWY,-9647.0,6447,-431
5,shock_down,G04,GVWY,-7143.0,6420,-310
5,shock_down,Z05,ZIC,392.0,627,329
5,shock_down,Z06,ZIC,501.0,596,368
5,shock_down,Z07,ZIC,1100.0,570,282
5,shock_down,Z08,ZIC,1131.0,614,314
5,shock_down,Z09,ZIC,822.0,606,292
5,shock_down,S10,SHVR,-3787.0,5520,10
5,shock_down,S11,SHVR,-5047.0,5494,-276
5,shock_down,S12,SHVR,-4873.0,5507,-71
5,shock_down,S13,SHVR,-6424.0,5502,-40
5,shock_down,S14,SHVR,-5329.0,5574,-12
5,shock_down,S15,SNPR,-680.0,1251,-23
5,shock_down,S16,SNPR,-1725.0,1273,-49
5,shock_down,S17,SNPR,-1655.0,1216,-82
5,shock_down,S18,SNPR,-1329.0,1240,-48
5,shock_down,S19,SNPR,-1487.0,1239,-53
5,shock_down,Z20,ZIP,10157.0,3450,-82
5,shock_down,Z21,ZIP,17378.0,3654,-926
5,shock_down,Z22,ZIP,8571.0,3557,7
5,shock_down,Z23,ZIP,13347.0,3632,-482
5,shock_down,Z24,ZIP,10659.0,3515,-127
5,shock_down,P25,PRSH,3038.0,997,957
5,shock_down,P26,PRSH,1042.0,319,289
5,shock_down,P27,PRSH,968.0,943,501
5,shock_down,P28,PRSH,679.0,763,379
5,shock_down,P29,PRSH,1105.0,669,425
6,shock_down,G00,GVWY,-5973.25,6355,-273
6,shock_down,G01,GVWY,-190.5,6422,-486
6,shock_down,G02,GVWY,-4556.5,6368,-234
6,shock_down,G03,GVWY,-5207.5,6292,-294
6,shock_down,G04,GVWY,-4926.0,6360,-388
6,shock_down,Z05,ZIC,-3267.75,601,305
6,shock_down,Z06,ZIC,-4849.75,687,401
6,shock_down,Z07,ZIC,-5118.25,657,387
6,shock_down,Z08,ZIC,-4906.5,608,350
6,shock_down,Z09,ZIC,-3256.25,615,335
6,shock_down,S10,SHVR,-6284.5,5490,-150
6,shock_down,S11,SHVR,-5860.75,5503,-27
6,shock_down,S12,SHVR,-5960.75,5503,-51
6,shock_down,S13,SHVR,-1696.25,5517,-121
6,shock_down,S14,SHVR,-6985.75,5495,45
6,shock_down,S15,SNPR,-908.75,1245,-23
6,shock_down,S16,SNPR,-411.0,1224,-8
6,shock_down,S17,SNPR,-355.25,1249,-117
6,shock_down,S18,SNPR,-1272.0,1218,-24
6,shock_down,S19,SNPR,-858.0,1238,-68
6,shock_down,Z20,ZIP,18611.25,3531,-311
6,shock_down,Z21,ZIP,18200.25,3497,-251
6,shock_down,Z22,ZIP,18957.0,3608,-232
6,shock_down,Z23,ZIP,13439.75,3567,-21
6,shock_down,Z24,ZIP,24431.0,3508,-644
6,shock_down,P25,PRSH,-3977.5,760,354
6,shock_down,P26,PRSH,-5223.5,742,402
6,shock_down,P27,PRSH,-2621.5,342,294
6,shock_down,P28,PRSH,-5261.75,791,509
6,shock_down,P29,PRSH,-3315.0,360,312
7,shock_down,G00,GVWY,-4674.4,6458,-416
7,shock_down,G01,GVWY,-6541.2,6356,-378
7,shock_down,G02,GVWY,-6875.0,6450,-360
7,shock_down,G03,GVWY,-1477.8,6410,-392
7,shock_down,G04,GVWY,-5600.2,6396,-208
7,shock_down,Z05,ZIC,-2618.9,595,329
7,shock_down,Z06,ZIC,-1136.8,598,348
7,shock_down,Z07,ZIC,-1165.8,638,318
7,shock_down,Z08,ZIC,-2541.1,621,341
7,shock_down,Z09,ZIC,-1153.8,548,288
7,shock_down,S10,SHVR,-4579.2,5656,-88
7,shock_down,S11,SHVR,-5696.8,5692,-212
7,shock_down,S12,SHVR,-3542.3,5635,-217
7,shock_down,S13,SHVR,-5241.6,5658,-224
7,shock_down,S14,SHVR,-6534.2,5628,-28
7,shock_down,S15,SNPR,-204.7,1235,-153
7,shock_down,S16,SNPR,-1020.8,1228,-92
7,shock_down,S17,SNPR,-531.2,1236,-58
7,shock_down,S18,SNPR,-1312.5,1221,5
7,shock_down,S19,SNPR,-801.2,1272,-28
7,shock_down,Z20,ZIP,16020.7,3685,-207
7,shock_down,Z21,ZIP,19364.1,3583,-311
7,shock_down,Z22,ZIP,21145.1,3575,-591
7,shock_down,Z23,ZIP,16119.8,3550,-308
7,shock_down,Z24,ZIP,14775.5,3675,-195
7,shock_down,P25,PRSH,-4760.9,1149,629
7,shock_down,P26,PRSH,-7563.1,4941,521
7,shock_down,P27,PRSH,-1581.5,681,365
7,shock_down,P28,PRSH,-1330.3,377,313
7,shock_down,P29,PRSH,-7119.4,3332,854
8,shock_down,G00,GVWY,-3503.25,6377,-355
8,shock_down,G01,GVWY,-4885.45,6375,-407
8,shock_down,G02,GVWY,-3800.05,6419,-263
8,shock_down,G03,GVWY,-8359.25,6419,-295
8,shock_down,G04,GVWY,-7412.55,6375,-333
8,shock_down,Z05,ZIC,-812.4,612,316
8,shock_down,Z06,ZIC,-1935.15,655,391
8,shock_down,Z07,ZIC,-1478.85,579,349
8,shock_down,Z08,ZIC,-246.6,568,264
8,shock_down,Z09,ZIC,-1343.15,611,331
8,shock_down,S10,SHVR,-5688.0,5442,-40
8,shock_down,S11,SHVR,-3241.95,5467,-197
8,shock_down,S12,SHVR,-5896.15,5549,11
8,shock_down,S13,SHVR,-4409.35,5501,-141
8,shock_down,S14,SHVR,-3990.5,5548,-210
8,shock_down,S15,SNPR,-1810.0,1244,-100
8,shock_down,S16,SNPR,-1302.9,1264,26
8,shock_down,S17,SNPR,-1139.9,1236,-14
8,shock_down,S18,SNPR,-1026.85,1233,-91
8,shock_down,S19,SNPR,-1990.45,1233,13
8,shock_down,Z20,ZIP,15997.7,3640,-418
8,shock_down,Z21,ZIP,13302.0,3498,-360
8,shock_down,Z22,ZIP,13994.7,3490,-178
8,shock_down,Z23,ZIP,16363.3,3534,-382
8,shock_down,Z24,ZIP,14875.5,3570,-210
8,shock_down,P25,PRSH,-282.75,359,295
8,shock_down,P26,PRSH,-2957.95,1023,563
8,shock_down,P27,PRSH,-345.05,321,277
8,shock_down,P28,PRSH,-565.4,342,296
8,shock_down,P29,PRSH,-4569.7,3468,758
9,shock_down,G00,GVWY,-6744.65,6379,-461
9,shock_down,G01,GVWY,-4239.45,6413,-493
9,shock_down,G02,GVWY,-4618.2,6420,-748
9,shock_down,G03,GVWY,-8832.6,6374,-424
9,shock_down,G04,GVWY,-6840.55,6389,-527
9,shock_down,Z05,ZIC,484.15,609,331
9,shock_down,Z06,ZIC,526.75,599,275
9,shock_down,Z07,ZIC,435.05,605,277
9,shock_down,Z08,ZIC,-490.3,586,298
9,shock_down,Z09,ZIC,-25.7,586,322
9,shock_down,S10,SHVR,-7045.6,5538,-204
9,shock_down,S11,SHVR,-4324.5,5532,-70
9,shock_down,S12,SHVR,-4613.95,5649,-23
9,shock_down,S13,SHVR,-4051.35,5569,-99
9,shock_down,S14,SHVR,-6393.2,5558,-88
9,shock_down,S15,SNPR,-872.15,1249,29
9,shock_down,S16,SNPR,-882.7,1246,-58
9,shock_down,S17,SNPR,-1156.25,1233,-25
9,shock_down,S18,SNPR,-1178.6,1260,-64
9,shock_down,S19,SNPR,-1173.85,1239,-89
9,shock_down,Z20,ZIP,14379.7,3766,-342
9,shock_down,Z21,ZIP,9885.55,3547,-93
9,shock_down,Z22,ZIP,13554.2,3644,-152
9,shock_down,Z23,ZIP,11757.95,3625,-177
9,shock_down,Z24,ZIP,17022.5,3674,-650
9,shock_down,P25,PRSH,-833.05,3461,863
9,shock_down,P26,PRSH,114.3,1026,502
9,shock_down,P27,PRSH,-2919.5,3486,790
9,shock_down,P28,PRSH,-68.35,1609,701
9,shock_down,P29,PRSH,-137.6,606,296
10,shock_down,G00,GVWY,-6649.4,6294,-624
10,shock_down,G01,GVWY,-3582.9,6399,-299
10,shock_down,G02,GVWY,-381.5,6389,-495
10,shock_down,G03,GVWY,-3480.9,6341,-419
10,shock_down,G04,GVWY,-6910.6,6328,-556
10,shock_down,Z05,ZIC,-1169.5,569,335
10,shock_down,Z06,ZIC,-622.9,639,311
10,shock_down,Z07,ZIC,-431.3,613,337
10,shock_down,Z08,ZIC,-364.7,605,343
10,shock_down,Z09,ZIC,-204.4,644,376
10,shock_down,S10,SHVR,-6173.4,5498,-124
10,shock_down,S11,SHVR,-5861.3,5453,-233
10,shock_down,S12,SHVR,-6960.5,5571,-195
10,shock_down,S13,SHVR,-4919.2,5476,-142
10,shock_down,S14,SHVR,-3350.3,5511,-143
10,shock_down,S15,SNPR,-892.1,1239,-61
10,shock_down,S16,SNPR,-1050.8,1230,-128
10,shock_down,S17,SNPR,-1236.5,1233,-35
10,shock_down,S18,SNPR,-1599.3,1237,-93
10,shock_down,S19,SNPR,-1149.9,1217,-49
10,shock_down,Z20,ZIP,12710.7,3465,-213
10,shock_down,Z21,ZIP,12591.1,3559,-229
10,shock_down,Z22,ZIP,12429.7,3505,-163
10,shock_down,Z23,ZIP,11459.4,3538,-106
10,shock_down,Z24,ZIP,11083.2,3562,-208
10,shock_down,P25,PRSH,-713.8,722,342
10,shock_down,P26,PRSH,-3063.7,2017,753
10,shock_down,P27,PRSH,132.1,841,421
10,shock_down,P28,PRSH,-267.0,460,410
10,shock_down,P29,PRSH,762.6,3046,846
11,shock_down,G00,GVWY,-5047.05,6319,-361
11,shock_down,G01,GVWY,-5925.35,6361,-327
11,shock_down,G02,GVWY,-2975.6,6352,-472
11,shock_down,G03,GVWY,-6379.9,6370,-298
11,shock_down,G04,GVWY,-23.25,6335,-545
11,shock_down,Z05,ZIC,-1041.75,655,365
11,shock_down,Z06,ZIC,-1894.5,668,390
11,shock_down,Z07,ZIC,-1585.45,649,371
11,shock_down,Z08,ZIC,-1390.25,663,375
11,shock_down,Z09,ZIC,-245.15,633,337
11,shock_down,S10,SHVR,-5167.7,5468,-114
11,shock_down,S11,SHVR,-3851.7,5482,-234
11,shock_down,S12,SHVR,-3057.15,5439,-123
11,shock_down,S13,SHVR,-2744.4,5454,-228
11,shock_down,S14,SHVR,-5939.05,5479,-81
11,shock_down,S15,SNPR,-1047.45,1231,31
11,shock_down,S16,SNPR,-1568.5,1260,-70
11,shock_down,S17,SNPR,-1656.75,1201,-115
11,shock_down,S18,SNPR,-930.25,1229,-145
11,shock_down,S19,SNPR,-1712.2,1224,-4
11,shock_down,Z20,ZIP,10366.85,3465,-103
11,shock_down,Z21,ZIP,20118.95,3483,-621
11,shock_down,Z22,ZIP,12246.55,3665,-329
11,shock_down,Z23,ZIP,9033.65,3461,-67
11,shock_down,Z24,ZIP,11213.95,3523,-181
11,shock_down,P25,PRSH,-2922.3,1820,754
11,shock_down,P26,PRSH,-803.4,806,432
11,shock_down,P27,PRSH,-103.3,334,294
11,shock_down,P28,PRSH,-3110.2,1440,696
11,shock_down,P29,PRSH,-447.75,563,285
12,shock_down,G00,GVWY,-7984.8,6424,-224
12,shock_down,G01,GVWY,-4570.8,6452,-444
12,shock_down,G02,GVWY,-7155.3,6382,-234
12,shock_down,G03,GVWY,-12867.6,6414,-348
12,shock_down,G04,GVWY,-8041.0,6380,-260
12,shock_down,Z05,ZIC,-750.2,634,344
12,shock_down,Z06,ZIC,-2222.0,634,340
12,shock_down,Z07,ZIC,-518.85,613,357
12,shock_down,Z08,ZIC,-1225.2,654,404
12,shock_down,Z09,ZIC,-458.7,614,374
12,shock_down,S10,SHVR,-6425.2,5552,-56
12,shock_down,S11,SHVR,-4789.65,5611,-107
12,shock_down,S12,SHVR,-5492.7,5646,-186
12,shock_down,S13,SHVR,-6463.8,5678,-24
12,shock_down,S14,SHVR,-3929.0,5618,-140
12,shock_down,S15,SNPR,-1535.35,1221,-33
12,shock_down,S16,SNPR,-1666.5,1246,-30
12,shock_down,S17,SNPR,-1721.05,1257,-59
12,shock_down,S18,SNPR,-831.95,1235,-41
12,shock_down,S19,SNPR,-1265.7,1238,-46
12,shock_down,Z20,ZIP,22035.75,3623,-1135
12,shock_down,Z21,ZIP,15691.45,3681,-269
12,shock_down,Z22,ZIP,13918.95,3667,-299
12,shock_down,Z23,ZIP,15841.65,3539,-373
12,shock_down,Z24,ZIP,18899.55,3543,-751
12,shock_down,P25,PRSH,-148.4,376,268
12,shock_down,P26,PRSH,-1390.35,1335,727
12,shock_down,P27,PRSH,-1222.65,939,573
12,shock_down,P28,PRSH,-410.15,4367,763
12,shock_down,P29,PRSH,-2353.5,1632,810
13,shock_down,G00,GVWY,-8703.4,6347,-521
13,shock_down,G01,GVWY,-7438.8,6370,-572
13,shock_down,G02,GVWY,-8864.8,6322,-102
13,shock_down,G03,GVWY,-5610.6,6367,-419
13,shock_down,G04,GVWY,-5839.8,6299,-467
13,shock_down,Z05,ZIC,1770.4,615,271
13,shock_down,Z06,ZIC,1082.6,596,354
13,shock_down,Z07,ZIC,823.6,599,339
13,shock_down,Z08,ZIC,2132.4,578,316
13,shock_down,Z09,ZIC,1501.4,610,316
13,shock_down,S10,SHVR,-5264.4,5463,-181
13,shock_down,S11,SHVR,-4799.4,5479,-271
13,shock_down,S12,SHVR,-4870.6,5426,6
13,shock_down,S13,SHVR,-5131.8,5440,48
13,shock_down,S14,SHVR,-7539.0,5448,-50
13,shock_down,S15,SNPR,-2036.6,1198,-64
13,shock_down,S16,SNPR,-1199.4,1220,-96
13,shock_down,S17,SNPR,-1997.0,1200,-120
13,shock_down,S18,SNPR,-1577.2,1228,-68
13,shock_down,S19,SNPR,-1230.6,1212,-94
13,shock_down,Z20,ZIP,12466.8,3583,-493
13,shock_down,Z21,ZIP,10994.2,3647,-77
13,shock_down,Z22,ZIP,10523.6,3539,-191
13,shock_down,Z23,ZIP,11190.8,3494,-248
13,shock_down,Z24,ZIP,11060.0,3523,-95
13,shock_down,P25,PRSH,713.0,368,280
13,shock_down,P26,PRSH,1942.0,329,285
13,shock_down,P27,PRSH,1308.8,305,247
13,shock_down,P28,PRSH,2928.4,1693,771
13,shock_down,P29,PRSH,2438.4,1885,811
14,shock_down,G00,GVWY,-6993.1,6344,-262
14,shock_down,G01,GVWY,-4058.9,6376,-378
14,shock_down,G02,GVWY,-5569.95,6401,-239
14,shock_down,G03,GVWY,1709.45,6397,-511
14,shock_down,G04,GVWY,5503.2,6344,-616
14,shock_down,Z05,ZIC,-4336.7,626,326
14,shock_down,Z06,ZIC,-4867.05,651,319
14,shock_down,Z07,ZIC,-4051.3,570,314
14,shock_down,Z08,ZIC,-4399.8,564,324
14,shock_down,Z09,ZIC,-4858.05,569,339
14,shock_down,S10,SHVR,-2988.7,5576,-114
14,shock_down,S11,SHVR,567.95,5555,-221
14,shock_down,S12,SHVR,-5280.4,5604,-48
14,shock_down,S13,SHVR,-2051.7,5572,-214
14,shock_down,S14,SHVR,-692.8,5498,-216
14,shock_down,S15,SNPR,-869.0,1204,-40
14,shock_down,S16,SNPR,-826.3,1238,-26
14,shock_down,S17,SNPR,-349.75,1235,-55
14,shock_down,S18,SNPR,-608.85,1205,-57
14,shock_down,S19,SNPR,-330.0,1210,-60
14,shock_down,Z20,ZIP,14730.4,3482,-232
14,shock_down,Z21,ZIP,16294.65,3593,-207
14,shock_down,Z22,ZIP,22861.55,3613,-629
14,shock_down,Z23,ZIP,22692.1,3614,-618
14,shock_down,Z24,ZIP,13112.25,3499,-135
14,shock_down,P25,PRSH,-7124.15,1239,617
14,shock_down,P26,PRSH,-5559.5,720,410
14,shock_down,P27,PRSH,-3702.6,670,328
14,shock_down,P28,PRSH,-10062.05,2755,839
14,shock_down,P29,PRSH,-17034.75,2225,985
15,shock_down,G00,GVWY,-5522.5,6320,-330
15,shock_down,G01,GVWY,-3849.05,6317,-301
15,shock_down,G02,GVWY,-3379.65,6327,-473
15,shock_down,G03,GVWY,3303.0,6334,-640
15,shock_down,G04,GVWY,-1980.65,6383,-413
15,shock_down,Z05,ZIC,-2902.65,585,347
15,shock_down,Z06,ZIC,-5270.5,644,410
15,shock_down,Z07,ZIC,-4088.45,651,351
15,shock_down,Z08,ZIC,-3841.25,629,355
15,shock_down,Z09,ZIC,-4198.35,601,373
15,shock_down,S10,SHVR,-3875.9,5468,-118
15,shock_down,S11,SHVR,-7172.7,5444,6
15,shock_down,S12,SHVR,-7237.0,5500,-120
15,shock_down,S13,SHVR,-4632.2,5484,-4
15,shock_down,S14,SHVR,-4283.15,5395,-43
15,shock_down,S15,SNPR,-511.7,1228,-54
15,shock_down,S16,SNPR,62.85,1253,-43
15,shock_down,S17,SNPR,-806.65,1233,-93
15,shock_down,S18,SNPR,-705.05,1203,-41
15,shock_down,S19,SNPR,-650.95,1227,-19
15,shock_down,Z20,ZIP,12327.05,3491,-119
15,shock_down,Z21,ZIP,18662.45,3567,-291
15,shock_down,Z22,ZIP,15818.2,3472,-156
15,shock_down,Z23,ZIP,15505.1,3548,-98
15,shock_down,Z24,ZIP,17631.45,3585,-291
15,shock_down,P25,PRSH,-2914.0,634,360
15,shock_down,P26,PRSH,-4021.1,474,358
15,shock_down,P27,PRSH,-3124.75,413,365
15,shock_down,P28,PRSH,-3482.6,360,308
15,shock_down,P29,PRSH,-2882.4,424,332
16,shock_down,G00,GVWY,-1291.15,6409,-517
16,shock_down,G01,GVWY,-2111.05,6383,-319
16,shock_down,G02,GVWY,871.2,6334,-584
16,shock_down,G03,GVWY,-1517.7,6356,-426
16,shock_down,G04,GVWY,-2988.35,6437,-513
16,shock_down,Z05,ZIC,-2754.15,661,323
16,shock_down,Z06,ZIC,-2885.4,678,348
16,shock_down,Z07,ZIC,-2423.7,592,334
16,shock_down,Z08,ZIC,-1991.85,609,257
16,shock_down,Z09,ZIC,-3230.0,626,340
16,shock_down,S10,SHVR,-5293.65,5583,13
16,shock_down,S11,SHVR,-5600.5,5488,-70
16,shock_down,S12,SHVR,-3965.5,5526,-130
16,shock_down,S13,SHVR,-2984.6,5520,-208
16,shock_down,S14,SHVR,-6981.15,5493,-137
16,shock_down,S15,SNPR,-666.65,1221,-67
16,shock_down,S16,SNPR,-119.55,1253,-69
16,shock_down,S17,SNPR,-559.65,1221,-107
16,shock_down,S18,SNPR,-599.15,1215,-57
16,shock_down,S19,SNPR,-802.4,1250,-32
16,shock_down,Z20,ZIP,17764.05,3567,-341
16,shock_down,Z21,ZIP,10397.1,3578,-62
16,shock_down,Z22,ZIP,17539.3,3662,-306
16,shock_down,Z23,ZIP,13202.45,3505,-129
16,shock_down,Z24,ZIP,8192.3,3424,-26
16,shock_down,P25,PRSH,-3016.0,652,620
16,shock_down,P26,PRSH,-3160.6,768,412
16,shock_down,P27,PRSH,-1762.85,309,277
16,shock_down,P28,PRSH,-6468.15,1321,663
16,shock_down,P29,PRSH,-2749.95,695,399
17,shock_down,G00,GVWY,965.0,6390,-440
17,shock_down,G01,GVWY,-4141.6,6384,-224
17,shock_down,G02,GVWY,-6105.35,6441,-199
17,shock_down,G03,GVWY,-3654.9,6342,-406
17,shock_down,G04,GVWY,-85.2,6412,-368
17,shock_down,Z05,ZIC,-3260.7,550,302
17,shock_down,Z06,ZIC,-3335.75,605,325
17,shock_down,Z07,ZIC,-2861.55,623,333
17,shock_down,Z08,ZIC,-3280.9,528,274
17,shock_down,Z09,ZIC,-2463.3,578,278
17,shock_down,S10,SHVR,-397.3,5506,-322
17,shock_down,S11,SHVR,-3700.85,5497,-69
17,shock_down,S12,SHVR,-7097.35,5535,-119
17,shock_down,S13,SHVR,-6752.8,5496,-32
17,shock_down,S14,SHVR,-52.4,5554,-256
17,shock_down,S15,SNPR,-996.75,1249,-75
17,shock_down,S16,SNPR,-979.7,1222,-38
17,shock_down,S17,SNPR,-171.5,1246,-70
17,shock_down,S18,SNPR,-1038.6,1212,-44
17,shock_down,S19,SNPR,-1441.45,1239,27
17,shock_down,Z20,ZIP,10354.8,3436,-68
17,shock_down,Z21,ZIP,23129.4,3570,-744
17,shock_down,Z22,ZIP,16389.1,3606,-346
17,shock_down,Z23,ZIP,17314.5,3610,-330
17,shock_down,Z24,ZIP,11416.0,3474,-120
17,shock_down,P25,PRSH,-4496.75,979,465
17,shock_down,P26,PRSH,-5063.5,1024,550
17,shock_down,P27,PRSH,-5491.1,880,506
17,shock_down,P28,PRSH,-6358.3,1484,658
17,shock_down,P29,PRSH,-3681.5,472,430
18,shock_down,G00,GVWY,-3046.5,6272,-510
18,shock_down,G01,GVWY,3004.55,6323,-529
18,shock_down,G02,GVWY,-3058.5,6274,-430
18,shock_down,G03,GVWY,2943.05,6305,-439
18,shock_down,G04,GVWY,-4356.7,6274,-294
18,shock_down,Z05,ZIC,-2890.75,581,285
18,shock_down,Z06,ZIC,-2351.9,580,262
18,shock_down,Z07,ZIC,-3430.15,591,317
18,shock_down,Z08,ZIC,-2092.05,623,279
18,shock_down,Z09,ZIC,-2849.5,564,290
18,shock_down,S10,SHVR,-5771.3,5424,-146
18,shock_down,S11,SHVR,-2002.7,5432,-54
18,shock_down,S12,SHVR,-8970.3,5354,34
18,shock_down,S13,SHVR,-5419.9,5432,-98
18,shock_down,S14,SHVR,-2857.8,5464,-96
18,shock_down,S15,SNPR,-753.95,1251,-59
18,shock_down,S16,SNPR,-777.35,1235,-67
18,shock_down,S17,SNPR,-928.65,1223,27
18,shock_down,S18,SNPR,-995.65,1245,-13
18,shock_down,S19,SNPR,-483.35,1225,-67
18,shock_down,Z20,ZIP,13884.5,3506,-230
18,shock_down,Z21,ZIP,9728.3,3420,6
18,shock_down,Z22,ZIP,15858.0,3456,-160
18,shock_down,Z23,ZIP,13842.8,3402,-204
18,shock_down,Z24,ZIP,18539.55,3543,-429
18,shock_down,P25,PRSH,-9239.7,1644,766
18,shock_down,P26,PRSH,-4298.5,704,370
18,shock_down,P27,PRSH,-1616.75,293,225
18,shock_down,P28,PRSH,-4294.65,1189,547
18,shock_down,P29,PRSH,-2645.35,341,293
19,shock_down,G00,GVWY,-3458.4,6370,-422
19,shock_down,G01,GVWY,-3183.2,6394,-436
19,shock_down,G02,GVWY,-3823.6,6423,-463
19,shock_down,G03,GVWY,-2171.2,6434,-366
19,shock_down,G04,GVWY,-7967.4,6429,-367
19,shock_down,Z05,ZIC,-2045.6,594,312
19,shock_down,Z06,ZIC,-2726.4,604,288
19,shock_down,Z07,ZIC,-2298.4,615,283
19,shock_down,Z08,ZIC,-2598.2,617,319
19,shock_down,Z09,ZIC,-3317.6,625,357
19,shock_down,S10,SHVR,-4809.0,5571,-185
19,shock_down,S11,SHVR,-6354.6,5588,-28
19,shock_down,S12,SHVR,-6166.6,5604,82
19,shock_down,S13,SHVR,-1649.6,5575,-33
19,shock_down,S14,SHVR,-4450.4,5500,-62
19,shock_down,S15,SNPR,-588.8,1250,-24
19,shock_down,S16,SNPR,-837.0,1251,-5
19,shock_down,S17,SNPR,-1344.0,1233,35
19,shock_down,S18,SNPR,-673.2,1248,-76
19,shock_down,S19,SNPR,-640.0,1207,5
19,shock_down,Z20,ZIP,13882.8,3473,-51
19,shock_down,Z21,ZIP,13268.4,3587,-203
19,shock_down,Z22,ZIP,15534.2,3419,-359
19,shock_down,Z23,ZIP,25048.2,3809,-849
19,shock_down,Z24,ZIP,18838.4,3796,-488
19,shock_down,P25,PRSH,-5518.0,1091,895
19,shock_down,P26,PRSH,-2173.6,332,272
19,shock_down,P27,PRSH,-3374.6,606,362
19,shock_down,P28,PRSH,-6852.0,4835,455
19,shock_down,P29,PRSH,-6174.8,1226,646
20,shock_down,G00,GVWY,-7505.6,6364,-398
20,shock_down,G01,GVWY,-7219.0,6372,-550
20,shock_down,G02,GVWY,-9926.0,6390,-290
20,shock_down,G03,GVWY,-7343.0,6330,-410
20,shock_down,G04,GVWY,-4287.6,6359,-393
20,shock_down,Z05,ZIC,-304.6,656,372
20,shock_down,Z06,ZIC,488.6,589,283
20,shock_down,Z07,ZIC,232.8,599,309
20,shock_down,Z08,ZIC,514.0,586,320
20,shock_down,Z09,ZIC,502.2,611,361
20,shock_down,S10,SHVR,-5140.2,5502,-106
20,shock_down,S11,SHVR,-6609.8,5479,-29
20,shock_down,S12,SHVR,-5408.8,5555,-39
20,shock_down,S13,SHVR,-6138.2,5456,-86
20,shock_down,S14,SHVR,-4289.8,5510,-144
20,shock_down,S15,SNPR,-1355.4,1245,-17
20,shock_down,S16,SNPR,-796.6,1249,-53
20,shock_down,S17,SNPR,-1049.2,1238,4
20,shock_down,S18,SNPR,-2127.4,1258,-32
20,shock_down,S19,SNPR,-595.0,1224,-10
20,shock_down,Z20,ZIP,13588.6,3419,-397
20,shock_down,Z21,ZIP,10041.6,3395,-57
20,shock_down,Z22,ZIP,18146.4,3543,-803
20,shock_down,Z23,ZIP,11536.6,3518,-162
20,shock_down,Z24,ZIP,13071.0,3472,-130
20,shock_down,P25,PRSH,995.2,401,341
20,shock_down,P26,PRSH,897.0,715,385
20,shock_down,P27,PRSH,410.8,857,429
20,shock_down,P28,PRSH,901.8,1109,579
20,shock_down,P29,PRSH,45.4,1143,607
21,shock_down,G00,GVWY,-5657.25,6333,-391
21,shock_down,G01,GVWY,-4652.0,6338,-488
21,shock_down,G02,GVWY,-4652.0,6388,-464
21,shock_down,G03,GVWY,-4160.5,6392,-346
21,shock_down,G04,GVWY,-6426.75,6437,-317
21,shock_down,Z05,ZIC,-2313.25,607,345
21,shock_down,Z06,ZIC,-1646.25,641,345
21,shock_down,Z07,ZIC,-1344.5,630,386
21,shock_down,Z08,ZIC,-1256.5,622,354
21,shock_down,Z09,ZIC,-1299.5,620,354
21,shock_down,S10,SHVR,-9389.0,5522,72
21,shock_down,S11,SHVR,-7639.75,5533,15
21,shock_down,S12,SHVR,-6301.0,5548,-52
21,shock_down,S13,SHVR,-4062.25,5509,-175
21,shock_down,S14,SHVR,-5406.5,5578,-190
21,shock_down,S15,SNPR,-908.0,1242,-60
21,shock_down,S16,SNPR,-954.5,1224,-54
21,shock_down,S17,SNPR,-1039.0,1220,-36
21,shock_down,S18,SNPR,-1350.75,1215,-25
21,shock_down,S19,SNPR,-1042.75,1235,-65
21,shock_down,Z20,ZIP,19210.0,3460,-404
21,shock_down,Z21,ZIP,19741.75,3505,-419
21,shock_down,Z22,ZIP,14411.5,3506,-146
21,shock_down,Z23,ZIP,12448.75,3389,-111
21,shock_down,Z24,ZIP,14388.75,3571,-183
21,shock_down,P25,PRSH,-1434.5,798,414
21,shock_down,P26,PRSH,-3309.0,4760,496
21,shock_down,P27,PRSH,-623.0,482,328
21,shock_down,P28,PRSH,-890.5,678,334
21,shock_down,P29,PRSH,-738.25,401,353
22,shock_down,G00,GVWY,-7406.0,6378,-420
22,shock_down,G01,GVWY,-9290.5,6336,-190
22,shock_down,G02,GVWY,-7904.15,6385,-169
22,shock_down,G03,GVWY,-6909.25,6421,-595
22,shock_down,G04,GVWY,-8514.15,6427,-349
22,shock_down,Z05,ZIC,918.8,618,368
22,shock_down,Z06,ZIC,-8.2,694,408
22,shock_down,Z07,ZIC,82.85,645,391
22,shock_down,Z08,ZIC,237.85,615,391
22,shock_down,Z09,ZIC,-375.2,636,388
22,shock_down,S10,SHVR,-7331.4,5498,-44
22,shock_down,S11,SHVR,-5448.95,5613,-77
22,shock_down,S12,SHVR,-5310.35,5537,39
22,shock_down,S13,SHVR,-5079.8,5588,-8
22,shock_down,S14,SHVR,-6637.1,5516,-126
22,shock_down,S15,SNPR,-1750.1,1246,-86
22,shock_down,S16,SNPR,-1681.6,1246,-16
22,shock_down,S17,SNPR,-1619.3,1266,-78
22,shock_down,S18,SNPR,-1818.6,1224,24
22,shock_down,S19,SNPR,-851.25,1275,5
22,shock_down,Z20,ZIP,12335.5,3502,-230
22,shock_down,Z21,ZIP,16261.1,3610,-454
22,shock_down,Z22,ZIP,15125.0,3588,-360
22,shock_down,Z23,ZIP,16877.45,3749,-733
22,shock_down,Z24,ZIP,14492.0,3634,-620
22,shock_down,P25,PRSH,894.35,429,341
22,shock_down,P26,PRSH,664.15,517,349
22,shock_down,P27,PRSH,1292.1,472,426
22,shock_down,P28,PRSH,-1332.4,1152,716
22,shock_down,P29,PRSH,625.45,1165,647
23,shock_down,G00,GVWY,-8221.2,6371,-387
23,shock_down,G01,GVWY,-6088.2,6389,-557
23,shock_down,G02,GVWY,-9904.2,6364,-432
23,shock_down,G03,GVWY,-8479.6,6339,-301
23,shock_down,G04,GVWY,-6679.4,6356,-404
23,shock_down,Z05,ZIC,1505.0,549,325
23,shock_down,Z06,ZIC,1392.2,605,327
23,shock_down,Z07,ZIC,2034.2,627,367
23,shock_down,Z08,ZIC,2242.6,713,391
23,shock_down,Z09,ZIC,2168.2,628,372
23,shock_down,S10,SHVR,-3109.6,5498,54
23,shock_down,S11,SHVR,-5607.2,5495,-227
23,shock_down,S12,SHVR,-7142.6,5517,-21
23,shock_down,S13,SHVR,-8090.2,5493,-7
23,shock_down,S14,SHVR,-5600.2,5504,-132
23,shock_down,S15,SNPR,-2136.0,1265,-105
23,shock_down,S16,SNPR,-1730.8,1263,-43
23,shock_down,S17,SNPR,-1565.6,1247,-61
23,shock_down,S18,SNPR,-1634.0,1242,-10
23,shock_down,S19,SNPR,-1617.4,1235,-59
23,shock_down,Z20,ZIP,10031.2,3457,-123
23,shock_down,Z21,ZIP,11013.2,3449,-133
23,shock_down,Z22,ZIP,11291.6,3585,-279
23,shock_down,Z23,ZIP,14130.6,3666,-724
23,shock_down,Z24,ZIP,12400.4,3528,-196
23,shock_down,P25,PRSH,1117.2,349,297
23,shock_down,P26,PRSH,1505.8,896,498
23,shock_down,P27,PRSH,1832.8,890,518
23,shock_down,P28,PRSH,2195.8,367,323
23,shock_down,P29,PRSH,3695.4,1405,659
24,shock_down,G00,GVWY,-4271.8,6380,-278
24,shock_down,G01,GVWY,-2122.6,6366,-576
24,shock_down,G02,GVWY,-2940.2,6392,-462
24,shock_down,G03,GVWY,-7365.3,6307,-333
24,shock_down,G04,GVWY,-4865.7,6381,-467
24,shock_down,Z05,ZIC,-1110.6,570,304
24,shock_down,Z06,ZIC,-1097.6,632,294
24,shock_down,Z07,ZIC,-1609.1,599,299
24,shock_down,Z08,ZIC,-2199.5,635,385
24,shock_down,Z09,ZIC,-2070.4,626,316
24,shock_down,S10,SHVR,-1963.8,5474,-268
24,shock_down,S11,SHVR,-5155.6,5480,-86
24,shock_down,S12,SHVR,-6781.8,5490,-68
24,shock_down,S13,SHVR,-3640.7,5503,-187
24,shock_down,S14,SHVR,-3329.6,5526,-146
24,shock_down,S15,SNPR,-1219.9,1249,-109
24,shock_down,S16,SNPR,-1076.7,1235,-77
24,shock_down,S17,SNPR,-894.0,1248,-70
24,shock_down,S18,SNPR,-690.3,1247,-43
24,shock_down,S19,SNPR,-1137.8,1242,-8
24,shock_down,Z20,ZIP,11618.8,3658,-192
24,shock_down,Z21,ZIP,17209.4,3652,-356
24,shock_down,Z22,ZIP,13174.7,3467,-113
24,shock_down,Z23,ZIP,17014.0,3598,-510
24,shock_down,Z24,ZIP,10934.5,3411,-95
24,shock_down,P25,PRSH,-405.8,284,212
24,shock_down,P26,PRSH,-2026.3,1983,747
24,shock_down,P27,PRSH,-7614.4,2114,1046
24,shock_down,P28,PRSH,-1211.2,628,348
24,shock_down,P29,PRSH,-1443.9,803,381
25,shock_down,G00,GVWY,-7993.5,6359,-99
25,shock_down,G01,GVWY,-6269.0,6436,-344
25,shock_down,G02,GVWY,-6546.0,6426,-352
25,shock_down,G03,GVWY,-3384.0,6392,-432
25,shock_down,G04,GVWY,-4098.5,6371,-439
25,shock_down,Z05,ZIC,-1025.0,646,354
25,shock_down,Z06,ZIC,-1656.5,621,393
25,shock_down,Z07,ZIC,-1516.5,657,381
25,shock_down,Z08,ZIC,-1964.0,676,458
25,shock_down,Z09,ZIC,-1536.0,592,368
25,shock_down,S10,SHVR,-3996.5,5539,-129
25,shock_down,S11,SHVR,-6379.5,5505,-49
25,shock_down,S12,SHVR,-7647.5,5521,-101
25,shock_down,S13,SHVR,-9866.0,5542,18
25,shock_down,S14,SHVR,-3358.0,5506,-64
25,shock_down,S15,SNPR,-1323.0,1246,-86
25,shock_down,S16,SNPR,-1209.5,1243,19
25,shock_down,S17,SNPR,-1451.5,1257,-55
25,shock_down,S18,SNPR,-696.5,1243,-69
25,shock_down,S19,SNPR,-1833.5,1265,-115
25,shock_down,Z20,ZIP,11316.0,3556,-42
25,shock_down,Z21,ZIP,20384.5,3689,-895
25,shock_down,Z22,ZIP,18863.0,3672,-368
25,shock_down,Z23,ZIP,15666.0,3634,-144
25,shock_down,Z24,ZIP,17565.5,3683,-467
25,shock_down,P25,PRSH,-2322.5,763,457
25,shock_down,P26,PRSH,-821.5,527,315
25,shock_down,P27,PRSH,-2882.0,854,572
25,shock_down,P28,PRSH,-2540.0,716,452
25,shock_down,P29,PRSH,-183.5,411,367
26,shock_down,G00,GVWY,-8694.05,6361,-309
26,shock_down,G01,GVWY,-9489.7,6398,-366
26,shock_down,G02,GVWY,-4927.15,6371,-447
26,shock_down,G03,GVWY,-5984.7,6344,-506
26,shock_down,G04,GVWY,-4739.15,6393,-587
26,shock_down,Z05,ZIC,-282.2,512,304
26,shock_down,Z06,ZIC,63.7,636,346
26,shock_down,Z07,ZIC,-1250.45,569,359
26,shock_down,Z08,ZIC,602.7,602,306
26,shock_down,Z09,ZIC,-413.4,592,308
26,shock_down,S10,SHVR,-5982.3,5474,-74
26,shock_down,S11,SHVR,-3100.15,5357,-207
26,shock_down,S12,SHVR,-900.85,5455,-153
26,shock_down,S13,SHVR,-5360.95,5413,-31
26,shock_down,S14,SHVR,-3693.4,5416,-12
26,shock_down,S15,SNPR,-1534.05,1231,-89
26,shock_down,S16,SNPR,-1117.7,1232,-86
26,shock_down,S17,SNPR,-1269.6,1244,-108
26,shock_down,S18,SNPR,-1617.25,1221,-125
26,shock_down,S19,SNPR,-1437.65,1243,-117
26,shock_down,Z20,ZIP,9947.8,3478,-56
26,shock_down,Z21,ZIP,16487.5,3574,-910
26,shock_down,Z22,ZIP,10187.1,3452,-202
26,shock_down,Z23,ZIP,15204.5,3570,-510
26,shock_down,Z24,ZIP,10709.9,3616,-38
26,shock_down,P25,PRSH,75.2,586,336
26,shock_down,P26,PRSH,1923.1,1006,798
26,shock_down,P27,PRSH,-734.05,743,391
26,shock_down,P28,PRSH,-1543.0,1972,1040
26,shock_down,P29,PRSH,-831.45,717,679
27,shock_down,G00,GVWY,-2629.0,6270,-260
27,shock_down,G01,GVWY,-1829.3,6356,-606
27,shock_down,G02,GVWY,-5189.2,6328,-464
27,shock_down,G03,GVWY,-5687.85,6327,-317
27,shock_down,G04,GVWY,-2710.3,6322,-406
27,shock_down,Z05,ZIC,-1276.6,602,348
27,shock_down,Z06,ZIC,-849.1,580,298
27,shock_down,Z07,ZIC,-1694.6,570,328
27,shock_down,Z08,ZIC,-889.9,596,322
27,shock_down,Z09,ZIC,-590.65,619,287
27,shock_down,S10,SHVR,-7800.35,5475,-47
27,shock_down,S11,SHVR,-4570.9,5476,-58
27,shock_down,S12,SHVR,-6333.7,5476,26
27,shock_down,S13,SHVR,-7511.85,5477,63
27,shock_down,S14,SHVR,-4578.95,5511,-179
27,shock_down,S15,SNPR,-1102.5,1234,-110
27,shock_down,S16,SNPR,-1277.05,1245,-1
27,shock_down,S17,SNPR,-992.55,1253,-51
27,shock_down,S18,SNPR,-889.55,1261,-91
27,shock_down,S19,SNPR,-1775.75,1219,-95
27,shock_down,Z20,ZIP,20216.5,3574,-590
27,shock_down,Z21,ZIP,13826.45,3487,-171
27,shock_down,Z22,ZIP,13422.4,3586,-332
27,shock_down,Z23,ZIP,9506.1,3528,-138
27,shock_down,Z24,ZIP,12166.45,3597,-271
27,shock_down,P25,PRSH,-260.95,305,261
27,shock_down,P26,PRSH,-2943.45,1475,751
27,shock_down,P27,PRSH,-2679.35,1161,613
27,shock_down,P28,PRSH,-871.05,685,359
27,shock_down,P29,PRSH,-459.0,812,440
28,shock_down,G00,GVWY,-7543.4,6336,-224
28,shock_down,G01,GVWY,-6216.2,6353,-477
28,shock_down,G02,GVWY,-6826.2,6368,-342
28,shock_down,G03,GVWY,-5166.0,6379,-205
28,shock_down,G04,GVWY,-6306.2,6368,-412
28,shock_down,Z05,ZIC,252.8,591,323
28,shock_down,Z06,ZIC,-41.4,668,396
28,shock_down,Z07,ZIC,262.2,658,352
28,shock_down,Z08,ZIC,-608.8,640,382
28,shock_down,Z09,ZIC,-275.2,624,418
28,shock_down,S10,SHVR,-5639.0,5498,-140
28,shock_down,S11,SHVR,-2899.6,5462,-96
28,shock_down,S12,SHVR,-5954.8,5530,72
28,shock_down,S13,SHVR,-4528.2,5403,-167
28,shock_down,S14,SHVR,-8950.2,5515,-67
28,shock_down,S15,SNPR,-1241.6,1252,-26
28,shock_down,S16,SNPR,-999.4,1229,-39
28,shock_down,S17,SNPR,-1198.0,1239,-25
28,shock_down,S18,SNPR,-1991.2,1241,3
28,shock_down,S19,SNPR,-1630.6,1221,-71
28,shock_down,Z20,ZIP,16459.2,3563,-373
28,shock_down,Z21,ZIP,10027.6,3489,-139
28,shock_down,Z22,ZIP,16531.0,3521,-735
28,shock_down,Z23,ZIP,11398.2,3592,-138
28,shock_down,Z24,ZIP,13017.8,3459,-97
28,shock_down,P25,PRSH,274.4,402,334
28,shock_down,P26,PRSH,1054.6,703,391
28,shock_down,P27,PRSH,509.6,401,321
28,shock_down,P28,PRSH,-802.0,624,410
28,shock_down,P29,PRSH,51.6,314,256
29,shock_down,G00,GVWY,-7170.5,6367,-219
29,shock_down,G01,GVWY,-5566.5,6431,-343
29,shock_down,G02,GVWY,-2939.0,6440,-564
29,shock_down,G03,GVWY,-7122.0,6286,-298
29,shock_down,G04,GVWY,-2068.5,6443,-409
29,shock_down,Z05,ZIC,-1466.0,588,292
29,shock_down,Z06,ZIC,-1451.0,556,340
29,shock_down,Z07,ZIC,-1572.0,594,338
29,shock_down,Z08,ZIC,-2420.0,594,376
29,shock_down,Z09,ZIC,-2619.5,569,295
29,shock_down,S10,SHVR,-4028.5,5569,-67
29,shock_down,S11,SHVR,-1882.0,5588,-214
29,shock_down,S12,SHVR,-6142.0,5600,-24
29,shock_down,S13,SHVR,-4365.5,5603,-137
29,shock_down,S14,SHVR,-3111.0,5486,-156
29,shock_down,S15,SNPR,-928.5,1245,63
29,shock_down,S16,SNPR,-1558.0,1248,-48
29,shock_down,S17,SNPR,-1176.0,1240,-22
29,shock_down,S18,SNPR,-1263.0,1246,12
29,shock_down,S19,SNPR,-969.0,1266,-82
29,shock_down,Z20,ZIP,14264.5,3569,-189
29,shock_down,Z21,ZIP,11252.0,3482,-128
29,shock_down,Z22,ZIP,24750.0,3720,-784
29,shock_down,Z23,ZIP,24035.5,3665,-947
29,shock_down,Z24,ZIP,11972.0,3482,-88
29,shock_down,P25,PRSH,-2874.0,896,436
29,shock_down,P26,PRSH,-6969.0,2678,1076
29,shock_down,P27,PRSH,-2527.5,841,491
29,shock_down,P28,PRSH,-10560.5,4743,571
29,shock_down,P29,PRSH,-966.0,348,280
30,shock_down,G00,GVWY,-3175.4,6366,-588
30,shock_down,G01,GVWY,-3601.2,6444,-544
30,shock_down,G02,GVWY,-2971.4,6388,-508
30,shock_down,G03,GVWY,-2450.3,6428,-386
30,shock_down,G04,GVWY,-2790.05,6437,-491
30,shock_down,Z05,ZIC,-1717.4,574,292
30,shock_down,Z06,ZIC,-1689.3,598,334
30,shock_down,Z07,ZIC,-2451.6,662,348
30,shock_down,Z08,ZIC,-1633.2,584,316
30,shock_down,Z09,ZIC,-1672.45,573,321
30,shock_down,S10,SHVR,-4687.1,5550,-62
30,shock_down,S11,SHVR,-4837.8,5586,-136
30,shock_down,S12,SHVR,-1746.45,5613,-119
30,shock_down,S13,SHVR,-1968.45,5593,-279
30,shock_down,S14,SHVR,-4467.85,5591,-267
30,shock_down,S15,SNPR,-1077.25,1231,-15
30,shock_down,S16,SNPR,-721.9,1234,2
30,shock_down,S17,SNPR,-895.3,1232,-26
30,shock_down,S18,SNPR,-521.8,1256,44
30,shock_down,S19,SNPR,-450.1,1268,-122
30,shock_down,Z20,ZIP,16871.6,3664,-368
30,shock_down,Z21,ZIP,16003.55,3519,-239
30,shock_down,Z22,ZIP,16013.1,3568,-278
30,shock_down,Z23,ZIP,10460.4,3606,-132
30,shock_down,Z24,ZIP,13739.0,3500,-240
30,shock_down,P25,PRSH,-5845.6,2402,1048
30,shock_down,P26,PRSH,-7533.85,4603,533
30,shock_down,P27,PRSH,-1145.0,470,320
30,shock_down,P28,PRSH,-2292.9,632,322
30,shock_down,P29,PRSH,-8640.55,4285,799
31,shock_down,G00,GVWY,-6562.15,6333,-491
31,shock_down,G01,GVWY,-5650.9,6358,-546
31,shock_down,G02,GVWY,-4359.55,6369,-527
31,shock_down,G03,GVWY,-5433.7,6420,-478
31,shock_down,G04,GVWY,-6315.7,6380,-538
31,shock_down,Z05,ZIC,-577.4,632,324
31,shock_down,Z06,ZIC,-530.45,617,327
31,shock_down,Z07,ZIC,-846.55,619,313
31,shock_down,Z08,ZIC,-265.4,628,344
31,shock_down,Z09,ZIC,135.5,628,270
31,shock_down,S10,SHVR,-5779.65,5445,-41
31,shock_down,S11,SHVR,-5864.5,5482,-70
31,shock_down,S12,SHVR,-5545.85,5531,-289
31,shock_down,S13,SHVR,-240.4,5446,-176
31,shock_down,S14,SHVR,-6164.05,5559,43
31,shock_down,S15,SNPR,-1251.4,1226,4
31,shock_down,S16,SNPR,-1147.6,1254,-24
31,shock_down,S17,SNPR,-468.8,1222,-12
31,shock_down,S18,SNPR,-2039.7,1226,-58
31,shock_down,S19,SNPR,-731.9,1250,-66
31,shock_down,Z20,ZIP,14074.95,3679,-317
31,shock_down,Z21,ZIP,11920.75,3581,-125
31,shock_down,Z22,ZIP,13547.0,3502,-220
31,shock_down,Z23,ZIP,14191.95,3725,-717
31,shock_down,Z24,ZIP,11633.55,3529,7
31,shock_down,P25,PRSH,-655.85,2089,871
31,shock_down,P26,PRSH,-267.05,869,443
31,shock_down,P27,PRSH,-2195.2,1234,572
31,shock_down,P28,PRSH,-1400.2,914,512
31,shock_down,P29,PRSH,-695.15,997,549
32,shock_down,G00,GVWY,-6279.35,6373,-547
32,shock_down,G01,GVWY,-6833.05,6405,-361
32,shock_down,G02,GVWY,-4903.85,6425,-397
32,shock_down,G03,GVWY,-9945.0,6422,-300
32,shock_down,G04,GVWY,-6115.0,6438,-440
32,shock_down,Z05,ZIC,-40.2,658,396
32,shock_down,Z06,ZIC,-1857.65,649,387
32,shock_down,Z07,ZIC,-933.3,610,354
32,shock_down,Z08,ZIC,274.1,610,322
32,shock_down,Z09,ZIC,-437.5,620,330
32,shock_down,S10,SHVR,-4333.95,5597,-119
32,shock_down,S11,SHVR,-3616.4,5502,-68
32,shock_down,S12,SHVR,-3077.9,5536,-98
32,shock_down,S13,SHVR,-2988.95,5591,-99
32,shock_down,S14,SHVR,-5941.7,5630,-74
32,shock_down,S15,SNPR,-1022.45,1279,-89
32,shock_down,S16,SNPR,-2124.9,1250,-58
32,shock_down,S17,SNPR,-1251.8,1242,-56
32,shock_down,S18,SNPR,-1509.3,1228,-126
32,shock_down,S19,SNPR,-1295.6,1256,-32
32,shock_down,Z20,ZIP,13011.15,3503,-177
32,shock_down,Z21,ZIP,11531.95,3597,-141
32,shock_down,Z22,ZIP,12617.35,3533,-233
32,shock_down,Z23,ZIP,12750.65,3539,-247
32,shock_down,Z24,ZIP,21846.6,3730,-1188
32,shock_down,P25,PRSH,-1611.85,2037,1023
32,shock_down,P26,PRSH,1138.7,338,294
32,shock_down,P27,PRSH,-1.15,325,277
32,shock_down,P28,PRSH,-2172.3,1128,634
32,shock_down,P29,PRSH,-4418.75,4317,785
33,shock_down,G00,GVWY,-5452.4,6376,-268
33,shock_down,G01,GVWY,-3353.4,6402,-348
33,shock_down,G02,GVWY,-4020.6,6400,-472
33,shock_down,G03,GVWY,-6342.8,6364,-386
33,shock_down,G04,GVWY,956.5,6419,-595
33,shock_down,Z05,ZIC,-3367.5,601,355
33,shock_down,Z06,ZIC,-3111.2,610,346
33,shock_down,Z07,ZIC,-2279.9,595,347
33,shock_down,Z08,ZIC,-2950.2,582,346
33,shock_down,Z09,ZIC,-1917.1,603,323
33,shock_down,S10,SHVR,-5497.0,5642,20
33,shock_down,S11,SHVR,-316.6,5620,-152
33,shock_down,S12,SHVR,-6573.8,5606,-26
33,shock_down,S13,SHVR,-1688.2,5574,-194
33,shock_down,S14,SHVR,-7605.0,5576,-20
33,shock_down,S15,SNPR,-1041.0,1262,-10
33,shock_down,S16,SNPR,-619.4,1280,2
33,shock_down,S17,SNPR,-456.8,1256,-156
33,shock_down,S18,SNPR,-717.3,1249,-71
33,shock_down,S19,SNPR,-1104.7,1265,-39
33,shock_down,Z20,ZIP,14795.8,3570,-254
33,shock_down,Z21,ZIP,12008.3,3589,-159
33,shock_down,Z22,ZIP,17567.2,3696,-286
33,shock_down,Z23,ZIP,13122.0,3594,-180
33,shock_down,Z24,ZIP,21560.6,3696,-558
33,shock_down,P25,PRSH,-2680.8,374,314
33,shock_down,P26,PRSH,-2178.7,693,331
33,shock_down,P27,PRSH,-9247.4,3378,922
33,shock_down,P28,PRSH,-4263.2,5314,266
33,shock_down,P29,PRSH,-1344.6,520,488
34,shock_down,G00,GVWY,-7152.5,6387,-315
34,shock_down,G01,GVWY,-8370.8,6400,-288
34,shock_down,G02,GVWY,-6455.3,6469,-453
34,shock_down,G03,GVWY,-6877.7,6399,-267
34,shock_down,G04,GVWY,-5067.3,6369,-623
34,shock_down,Z05,ZIC,320.9,619,349
34,shock_down,Z06,ZIC,879.4,600,314
34,shock_down,Z07,ZIC,-546.4,642,406
34,shock_down,Z08,ZIC,-263.8,556,342
34,shock_down,Z09,ZIC,-1249.9,609,331
34,shock_down,S10,SHVR,-5501.2,5534,-112
34,shock_down,S11,SHVR,-6229.0,5570,-190
34,shock_down,S12,SHVR,-5313.7,5487,-107
34,shock_down,S13,SHVR,-5911.9,5481,-29
34,shock_down,S14,SHVR,-5958.3,5459,-23
34,shock_down,S15,SNPR,-2048.1,1255,-51
34,shock_down,S16,SNPR,-917.5,1237,-95
34,shock_down,S17,SNPR,-1631.8,1258,-48
34,shock_down,S18,SNPR,-1775.1,1239,-131
34,shock_down,S19,SNPR,-1473.2,1256,-82
34,shock_down,Z20,ZIP,15916.2,3604,-408
34,shock_down,Z21,ZIP,14157.4,3516,-256
34,shock_down,Z22,ZIP,14259.7,3499,-263
34,shock_down,Z23,ZIP,14007.4,3432,-106
34,shock_down,Z24,ZIP,14089.5,3471,-115
34,shock_down,P25,PRSH,319.5,305,265
34,shock_down,P26,PRSH,-683.0,664,390
34,shock_down,P27,PRSH,-600.2,852,468
34,shock_down,P28,PRSH,858.3,1397,703
34,shock_down,P29,PRSH,857.4,332,294
35,shock_down,G00,GVWY,1894.0,6394,-570
35,shock_down,G01,GVWY,-1082.8,6394,-514
35,shock_down,G02,GVWY,-3318.7,6419,-461
35,shock_down,G03,GVWY,-1833.1,6425,-563
35,shock_down,G04,GVWY,-992.2,6340,-526
35,shock_down,Z05,ZIC,-3054.7,565,339
35,shock_down,Z06,ZIC,-2354.2,570,294
35,shock_down,Z07,ZIC,-2636.2,576,294
35,shock_down,Z08,ZIC,-3845.1,609,357
35,shock_down,Z09,ZIC,-2787.9,645,333
35,shock_down,S10,SHVR,-2168.1,5587,-173
35,shock_down,S11,SHVR,405.0,5568,-340
35,shock_down,S12,SHVR,686.9,5497,-223
35,shock_down,S13,SHVR,-6027.3,5549,-119
35,shock_down,S14,SHVR,-3751.9,5571,-77
35,shock_down,S15,SNPR,-711.6,1234,-58
35,shock_down,S16,SNPR,-89.6,1248,-68
35,shock_down,S17,SNPR,-621.3,1229,-89
35,shock_down,S18,SNPR,-402.6,1242,-78
35,shock_down,S19,SNPR,-581.4,1236,-52
35,shock_down,Z20,ZIP,10565.1,3473,-37
35,shock_down,Z21,ZIP,16026.8,3610,-306
35,shock_down,Z22,ZIP,9822.7,3503,-169
35,shock_down,Z23,ZIP,18381.2,3556,-434
35,shock_down,Z24,ZIP,10725.8,3560,-86
35,shock_down,P25,PRSH,-11741.1,2591,1127
35,shock_down,P26,PRSH,-4810.1,1101,577
35,shock_down,P27,PRSH,-8655.2,2336,874
35,shock_down,P28,PRSH,-2488.8,330,296
35,shock_down,P29,PRSH,-2762.5,395,355
36,shock_down,G00,GVWY,-2880.0,6378,-484
36,shock_down,G01,GVWY,-2233.0,6334,-404
36,shock_down,G02,GVWY,-7919.0,6322,-614
36,shock_down,G03,GVWY,-3679.5,6353,-295
36,shock_down,G04,GVWY,-4953.0,6336,-402
36,shock_down,Z05,ZIC,-1379.0,604,344
36,shock_down,Z06,ZIC,-89.5,627,293
36,shock_down,Z07,ZIC,-1234.0,668,348
36,shock_down,Z08,ZIC,-934.5,617,343
36,shock_down,Z09,ZIC,-974.0,654,320
36,shock_down,S10,SHVR,-4577.0,5516,-104
36,shock_down,S11,SHVR,825.5,5425,-277
36,shock_down,S12,SHVR,-4195.0,5496,-160
36,shock_down,S13,SHVR,-9095.5,5507,-23
36,shock_down,S14,SHVR,-3936.0,5488,-160
36,shock_down,S15,SNPR,-580.5,1255,-135
36,shock_down,S16,SNPR,-1501.0,1238,-44
36,shock_down,S17,SNPR,-930.5,1231,-47
36,shock_down,S18,SNPR,-966.0,1202,24
36,shock_down,S19,SNPR,-697.0,1212,-114
36,shock_down,Z20,ZIP,11252.0,3518,-86
36,shock_down,Z21,ZIP,11009.0,3630,-98
36,shock_down,Z22,ZIP,14061.0,3600,-160
36,shock_down,Z23,ZIP,12887.0,3682,-210
36,shock_down,Z24,ZIP,13503.0,3574,-290
36,shock_down,P25,PRSH,-470.5,347,297
36,shock_down,P26,PRSH,-5601.5,1575,759
36,shock_down,P27,PRSH,-719.5,663,293
36,shock_down,P28,PRSH,-500.5,371,347
36,shock_down,P29,PRSH,-1223.5,1221,605
37,shock_down,G00,GVWY,-10892.6,6389,-151
37,shock_down,G01,GVWY,-5714.4,6392,-514
37,shock_down,G02,GVWY,-6986.0,6375,-355
37,shock_down,G03,GVWY,-5915.4,6425,-509
37,shock_down,G04,GVWY,-6242.2,6411,-527
37,shock_down,Z05,ZIC,1174.8,553,243
37,shock_down,Z06,ZIC,1096.4,591,309
37,shock_down,Z07,ZIC,1125.0,670,320
37,shock_down,Z08,ZIC,485.8,591,303
37,shock_down,Z09,ZIC,658.6,533,291
37,shock_down,S10,SHVR,-6676.0,5579,-125
37,shock_down,S11,SHVR,-2736.4,5533,-199
37,shock_down,S12,SHVR,-5932.6,5610,134
37,shock_down,S13,SHVR,-4006.6,5620,-336
37,shock_down,S14,SHVR,-5446.0,5578,-40
37,shock_down,S15,SNPR,-1213.0,1241,-45
37,shock_down,S16,SNPR,-1248.2,1256,-102
37,shock_down,S17,SNPR,-1170.4,1223,-59
37,shock_down,S18,SNPR,-1465.4,1251,-9
37,shock_down,S19,SNPR,-1377.0,1248,-20
37,shock_down,Z20,ZIP,7827.2,3615,-23
37,shock_down,Z21,ZIP,15065.6,3675,-459
37,shock_down,Z22,ZIP,10148.0,3617,-295
37,shock_down,Z23,ZIP,10194.0,3595,-245
37,shock_down,Z24,ZIP,16783.2,3598,-608
37,shock_down,P25,PRSH,-1514.0,3112,800
37,shock_down,P26,PRSH,2971.4,1486,624
37,shock_down,P27,PRSH,-24.8,4971,547
37,shock_down,P28,PRSH,226.8,1427,613
37,shock_down,P29,PRSH,1709.8,435,353
38,shock_down,G00,GVWY,-94.1,6376,-438
38,shock_down,G01,GVWY,-5966.45,6325,-411
38,shock_down,G02,GVWY,-891.0,6414,-480
38,shock_down,G03,GVWY,-1735.0,6386,-460
38,shock_down,G04,GVWY,-4294.2,6326,-416
38,shock_down,Z05,ZIC,-2402.8,658,376
38,shock_down,Z06,ZIC,-1716.2,574,344
38,shock_down,Z07,ZIC,-1105.2,574,284
38,shock_down,Z08,ZIC,-2537.85,621,377
38,shock_down,Z09,ZIC,-1793.75,659,355
38,shock_down,S10,SHVR,-4552.0,5542,-200
38,shock_down,S11,SHVR,-5498.4,5468,-72
38,shock_down,S12,SHVR,-2798.75,5435,-145
38,shock_down,S13,SHVR,-6361.95,5433,-1
38,shock_down,S14,SHVR,-2988.7,5494,-186
38,shock_down,S15,SNPR,-611.05,1261,-79
38,shock_down,S16,SNPR,-642.6,1206,52
38,shock_down,S17,SNPR,-973.0,1224,-40
38,shock_down,S18,SNPR,-1523.45,1219,9
38,shock_down,S19,SNPR,-1271.35,1217,-33
38,shock_down,Z20,ZIP,12463.45,3547,-109
38,shock_down,Z21,ZIP,9350.4,3486,12
38,shock_down,Z22,ZIP,11036.15,3503,-163
38,shock_down,Z23,ZIP,11286.95,3589,-99
38,shock_down,Z24,ZIP,20732.2,3650,-804
38,shock_down,P25,PRSH,-1234.2,520,444
38,shock_down,P26,PRSH,-1555.2,294,244
38,shock_down,P27,PRSH,-1517.75,453,335
38,shock_down,P28,PRSH,-1841.5,766,370
38,shock_down,P29,PRSH,-7307.65,2975,833
39,shock_down,G00,GVWY,-5464.7,6436,-358
39,shock_down,G01,GVWY,-6552.25,6419,-365
39,shock_down,G02,GVWY,-3731.35,6443,-359
39,shock_down,G03,GVWY,-1096.2,6432,-428
39,shock_down,G04,GVWY,-6196.9,6474,-246
39,shock_down,Z05,ZIC,-4043.45,617,367
39,shock_down,Z06,ZIC,-2849.4,622,364
39,shock_down,Z07,ZIC,-3530.85,657,351
39,shock_down,Z08,ZIC,-4519.55,695,373
39,shock_down,Z09,ZIC,-4413.2,660,392
39,shock_down,S10,SHVR,-2168.85,5587,-109
39,shock_down,S11,SHVR,-3489.0,5562,-80
39,shock_down,S12,SHVR,-3414.6,5570,-64
39,shock_down,S13,SHVR,-5651.5,5618,70
39,shock_down,S14,SHVR,-7680.8,5516,-12
39,shock_down,S15,SNPR,-1837.75,1247,25
39,shock_down,S16,SNPR,-844.45,1237,-13
39,shock_down,S17,SNPR,-816.95,1239,-63
39,shock_down,S18,SNPR,-1347.05,1237,-37
39,shock_down,S19,SNPR,-594.35,1227,-59
39,shock_down,Z20,ZIP,23159.45,3559,-687
39,shock_down,Z21,ZIP,12044.75,3557,-105
39,shock_down,Z22,ZIP,18867.65,3539,-359
39,shock_down,Z23,ZIP,21121.5,3624,-410
39,shock_down,Z24,ZIP,22283.85,3607,-591
39,shock_down,P25,PRSH,-5374.5,620,410
39,shock_down,P26,PRSH,-11888.7,3628,902
39,shock_down,P27,PRSH,-3187.2,680,392
39,shock_down,P28,PRSH,-2557.7,396,362
39,shock_down,P29,PRSH,-2498.25,339,255
40,shock_down,G00,GVWY,-6077.4,6420,-234
40,shock_down,G01,GVWY,-3099.6,6445,-381
40,shock_down,G02,GVWY,-1423.4,6415,-559
40,shock_down,G03,GVWY,-6917.2,6470,-282
40,shock_down,G04,GVWY,-8000.4,6410,-414
40,shock_down,Z05,ZIC,-1958.6,643,389
40,shock_down,Z06,ZIC,-2143.2,657,383
40,shock_down,Z07,ZIC,-1514.4,612,366
40,shock_down,Z08,ZIC,-1914.6,623,339
40,shock_down,Z09,ZIC,-2409.2,656,358
40,shock_down,S10,SHVR,-6016.2,5651,-217
40,shock_down,S11,SHVR,-8140.8,5597,147
40,shock_down,S12,SHVR,-3258.6,5571,-341
40,shock_down,S13,SHVR,-1756.6,5608,-146
40,shock_down,S14,SHVR,-5982.4,5595,-119
40,shock_down,S15,SNPR,-688.0,1234,-70
40,shock_down,S16,SNPR,-1291.6,1241,-21
40,shock_down,S17,SNPR,-936.4,1233,-109
40,shock_down,S18,SNPR,-982.6,1244,44
40,shock_down,S19,SNPR,-1095.2,1256,18
40,shock_down,Z20,ZIP,17423.8,3597,-367
40,shock_down,Z21,ZIP,15417.4,3618,-266
40,shock_down,Z22,ZIP,12498.6,3546,-134
40,shock_down,Z23,ZIP,22485.2,3588,-958
40,shock_down,Z24,ZIP,18274.2,3669,-423
40,shock_down,P25,PRSH,-2003.0,825,445
40,shock_down,P26,PRSH,-4287.2,3048,938
40,shock_down,P27,PRSH,-1586.4,618,376
40,shock_down,P28,PRSH,-3006.0,656,400
40,shock_down,P29,PRSH,-7908.0,4561,735
41,shock_down,G00,GVWY,-2308.0,6390,-540
41,shock_down,G01,GVWY,-5092.0,6408,-590
41,shock_down,G02,GVWY,-5427.0,6420,-508
41,shock_down,G03,GVWY,-4043.0,6368,-306
41,shock_down,G04,GVWY,-2413.0,6414,-496
41,shock_down,Z05,ZIC,-1309.5,567,301
41,shock_down,Z06,ZIC,-1336.0,624,360
41,shock_down,Z07,ZIC,-1326.0,596,278
41,shock_down,Z08,ZIC,-1377.5,527,339
41,shock_down,Z09,ZIC,-2502.0,574,334
41,shock_down,S10,SHVR,-1487.5,5597,-217
41,shock_down,S11,SHVR,-1981.5,5477,-175
41,shock_down,S12,SHVR,-4417.0,5430,-86
41,shock_down,S13,SHVR,-3735.5,5501,-255
41,shock_down,S14,SHVR,-6273.5,5517,15
41,shock_down,S15,SNPR,-612.0,1232,-48
41,shock_down,S16,SNPR,-896.5,1245,-115
41,shock_down,S17,SNPR,-637.0,1244,36
41,shock_down,S18,SNPR,-700.5,1245,-93
41,shock_down,S19,SNPR,-120.5,1267,-157
41,shock_down,Z20,ZIP,15802.5,3557,-499
41,shock_down,Z21,ZIP,12644.0,3498,-250
41,shock_down,Z22,ZIP,10910.0,3582,-168
41,shock_down,Z23,ZIP,12589.5,3567,-201
41,shock_down,Z24,ZIP,11397.5,3441,-125
41,shock_down,P25,PRSH,-1182.0,426,336
41,shock_down,P26,PRSH,-1083.5,259,223
41,shock_down,P27,PRSH,-2100.5,979,475
41,shock_down,P28,PRSH,-5103.0,1392,874
41,shock_down,P29,PRSH,-5189.5,1559,1179
42,shock_down,G00,GVWY,-1204.6,6336,-384
42,shock_down,G01,GVWY,-3532.9,6330,-366
42,shock_down,G02,GVWY,815.3,6378,-538
42,shock_down,G03,GVWY,-1785.05,6345,-337
42,shock_down,G04,GVWY,-329.35,6373,-579
42,shock_down,Z05,ZIC,-2019.5,654,310
42,shock_down,Z06,ZIC,-2365.6,610,316
42,shock_down,Z07,ZIC,-3272.6,616,336
42,shock_down,Z08,ZIC,-2847.65,591,339
42,shock_down,Z09,ZIC,-2983.4,628,324
42,shock_down,S10,SHVR,-4682.05,5455,-137
42,shock_down,S11,SHVR,-1049.7,5540,-338
42,shock_down,S12,SHVR,-3502.75,5555,-55
42,shock_down,S13,SHVR,1027.1,5564,-326
42,shock_down,S14,SHVR,-3679.55,5549,-87
42,shock_down,S15,SNPR,-432.5,1238,-130
42,shock_down,S16,SNPR,-753.75,1257,-35
42,shock_down,S17,SNPR,-832.6,1264,-104
42,shock_down,S18,SNPR,-1069.1,1258,-54
42,shock_down,S19,SNPR,-876.45,1249,7
42,shock_down,Z20,ZIP,14542.0,3562,-200
42,shock_down,Z21,ZIP,12570.9,3494,-154
42,shock_down,Z22,ZIP,11134.5,3350,-50
42,shock_down,Z23,ZIP,11450.05,3525,-163
42,shock_down,Z24,ZIP,12709.15,3557,-169
42,shock_down,P25,PRSH,-4963.95,4511,457
42,shock_down,P26,PRSH,-5866.55,1669,713
42,shock_down,P27,PRSH,-2105.05,359,303
42,shock_down,P28,PRSH,-4573.65,973,459
42,shock_down,P29,PRSH,-6597.95,975,517
43,shock_down,G00,GVWY,-4978.0,6329,-465
43,shock_down,G01,GVWY,-8452.8,6320,-466
43,shock_down,G02,GVWY,-4705.6,6297,-387
43,shock_down,G03,GVWY,-7168.4,6332,-378
43,shock_down,G04,GVWY,-7972.8,6358,-566
43,shock_down,Z05,ZIC,525.0,625,315
43,shock_down,Z06,ZIC,976.2,554,294
43,shock_down,Z07,ZIC,850.2,609,329
43,shock_down,Z08,ZIC,965.2,567,339
43,shock_down,Z09,ZIC,1211.8,586,316
43,shock_down,S10,SHVR,-9357.4,5538,-48
43,shock_down,S11,SHVR,-5161.6,5468,-172
43,shock_down,S12,SHVR,-5069.2,5528,-104
43,shock_down,S13,SHVR,-4793.4,5478,-18
43,shock_down,S14,SHVR,-4801.4,5481,-153
43,shock_down,S15,SNPR,-793.6,1228,-92
43,shock_down,S16,SNPR,-943.8,1225,-1
43,shock_down,S17,SNPR,-1278.4,1225,-43
43,shock_down,S18,SNPR,-1003.4,1214,-8
43,shock_down,S19,SNPR,-1231.4,1217,-83
43,shock_down,Z20,ZIP,11765.4,3410,-52
43,shock_down,Z21,ZIP,9856.2,3579,-111
43,shock_down,Z22,ZIP,12783.6,3513,-463
43,shock_down,Z23,ZIP,12454.8,3431,-179
43,shock_down,Z24,ZIP,13501.8,3600,-174
43,shock_down,P25,PRSH,572.4,1067,533
43,shock_down,P26,PRSH,1499.2,807,389
43,shock_down,P27,PRSH,120.2,2940,824
43,shock_down,P28,PRSH,381.6,370,292
43,shock_down,P29,PRSH,553.4,282,238
44,shock_down,G00,GVWY,-5293.0,6432,-400
44,shock_down,G01,GVWY,-8335.65,6353,-321
44,shock_down,G02,GVWY,-8332.8,6384,-532
44,shock_down,G03,GVWY,-8409.85,6433,-589
44,shock_down,G04,GVWY,-5000.45,6397,-413
44,shock_down,Z05,ZIC,1215.85,637,329
44,shock_down,Z06,ZIC,-247.5,582,310
44,shock_down,Z07,ZIC,135.2,594,268
44,shock_down,Z08,ZIC,-733.5,646,330
44,shock_down,Z09,ZIC,789.25,647,285
44,shock_down,S10,SHVR,-5632.0,5520,-140
44,shock_down,S11,SHVR,-4747.0,5618,-180
44,shock_down,S12,SHVR,-4215.15,5583,9
44,shock_down,S13,SHVR,-5328.95,5547,-183
44,shock_down,S14,SHVR,-3020.15,5597,-51
44,shock_down,S15,SNPR,-2167.95,1251,-123
44,shock_down,S16,SNPR,-628.4,1246,44
44,shock_down,S17,SNPR,-960.45,1245,-93
44,shock_down,S18,SNPR,-2176.9,1250,-146
44,shock_down,S19,SNPR,-1989.1,1246,-114
44,shock_down,Z20,ZIP,11581.85,3587,-111
44,shock_down,Z21,ZIP,13092.6,3556,-576
44,shock_down,Z22,ZIP,15100.75,3619,-625
44,shock_down,Z23,ZIP,10676.7,3522,-22
44,shock_down,Z24,ZIP,15932.0,3564,-760
44,shock_down,P25,PRSH,-107.55,2399,933
44,shock_down,P26,PRSH,-1636.55,2727,893
44,shock_down,P27,PRSH,483.55,1483,647
44,shock_down,P28,PRSH,-728.0,1244,600
44,shock_down,P29,PRSH,1600.0,1878,640
45,shock_down,G00,GVWY,-7595.3,6401,-351
45,shock_down,G01,GVWY,-7398.9,6383,-353
45,shock_down,G02,GVWY,-10189.1,6353,-387
45,shock_down,G03,GVWY,-6019.8,6406,-306
45,shock_down,G04,GVWY,-9880.2,6382,-424
45,shock_down,Z05,ZIC,2003.7,607,359
45,shock_down,Z06,ZIC,2139.5,643,335
45,shock_down,Z07,ZIC,2351.9,619,353
45,shock_down,Z08,ZIC,2904.4,634,358
45,shock_down,Z09,ZIC,2396.2,574,314
45,shock_down,S10,SHVR,-6859.8,5520,-36
45,shock_down,S11,SHVR,-6379.1,5423,-27
45,shock_down,S12,SHVR,-7786.8,5544,-66
45,shock_down,S13,SHVR,-9025.7,5555,41
45,shock_down,S14,SHVR,-8041.8,5508,-26
45,shock_down,S15,SNPR,-2180.1,1237,-87
45,shock_down,S16,SNPR,-1618.9,1217,-23
45,shock_down,S17,SNPR,-2944.6,1260,-172
45,shock_down,S18,SNPR,-1634.9,1227,-33
45,shock_down,S19,SNPR,-1124.4,1240,-48
45,shock_down,Z20,ZIP,10850.1,3519,27
45,shock_down,Z21,ZIP,12156.3,3615,-379
45,shock_down,Z22,ZIP,12708.4,3542,-662
45,shock_down,Z23,ZIP,12619.7,3533,-241
45,shock_down,Z24,ZIP,12201.8,3652,-194
45,shock_down,P25,PRSH,3695.7,359,309
45,shock_down,P26,PRSH,3981.8,1152,576
45,shock_down,P27,PRSH,2773.8,338,276
45,shock_down,P28,PRSH,2726.4,958,528
45,shock_down,P29,PRSH,2658.0,402,310
46,shock_down,G00,GVWY,-1265.4,6348,-332
46,shock_down,G01,GVWY,-607.0,6344,-420
46,shock_down,G02,GVWY,791.2,6354,-604
46,shock_down,G03,GVWY,-2614.4,6315,-387
46,shock_down,G04,GVWY,-1973.0,6358,-470
46,shock_down,Z05,ZIC,-3155.4,562,268
46,shock_down,Z06,ZIC,-4869.6,607,347
46,shock_down,Z07,ZIC,-4263.8,636,346
46,shock_down,Z08,ZIC,-3827.2,619,339
46,shock_down,Z09,ZIC,-3668.0,580,330
46,shock_down,S10,SHVR,-2758.8,5522,-194
46,shock_down,S11,SHVR,-6316.4,5426,-82
46,shock_down,S12,SHVR,-3873.2,5480,-196
46,shock_down,S13,SHVR,-4119.2,5499,-41
46,shock_down,S14,SHVR,-3337.8,5486,-264
46,shock_down,S15,SNPR,298.4,1238,-118
46,shock_down,S16,SNPR,-1170.6,1258,2
46,shock_down,S17,SNPR,-1046.6,1241,17
46,shock_down,S18,SNPR,-1162.8,1244,-4
46,shock_down,S19,SNPR,-308.8,1255,-69
46,shock_down,Z20,ZIP,23147.0,3651,-585
46,shock_down,Z21,ZIP,12753.2,3524,-134
46,shock_down,Z22,ZIP,29636.6,3647,-907
46,shock_down,Z23,ZIP,11707.2,3616,-124
46,shock_down,Z24,ZIP,14484.6,3464,-242
46,shock_down,P25,PRSH,-9598.2,1545,769
46,shock_down,P26,PRSH,-9561.2,1249,639
46,shock_down,P27,PRSH,-6070.2,1329,629
46,shock_down,P28,PRSH,-10450.2,1568,1064
46,shock_down,P29,PRSH,-3899.2,348,284
47,shock_down,G00,GVWY,-2887.0,6345,-405
47,shock_down,G01,GVWY,-3257.0,6411,-425
47,shock_down,G02,GVWY,-4032.0,6425,-285
47,shock_down,G03,GVWY,-3367.2,6377,-401
47,shock_down,G04,GVWY,-5642.4,6398,-392
47,shock_down,Z05,ZIC,-3205.0,645,365
47,shock_down,Z06,ZIC,-2878.4,549,293
47,shock_down,Z07,ZIC,-2936.4,606,328
47,shock_down,Z08,ZIC,-2299.6,637,307
47,shock_down,Z09,ZIC,-2770.2,632,334
47,shock_down,S10,SHVR,-2621.8,5515,-139
47,shock_down,S11,SHVR,-4757.6,5488,2
47,shock_down,S12,SHVR,-4921.8,5495,-119
47,shock_down,S13,SHVR,-3545.0,5457,-155
47,shock_down,S14,SHVR,769.0,5550,-280
47,shock_down,S15,SNPR,-690.8,1243,-89
47,shock_down,S16,SNPR,-502.2,1230,-16
47,shock_down,S17,SNPR,-995.0,1247,-75
47,shock_down,S18,SNPR,-928.6,1209,-43
47,shock_down,S19,SNPR,-1185.0,1231,-5
47,shock_down,Z20,ZIP,17729.8,3527,-461
47,shock_down,Z21,ZIP,23391.4,3644,-818
47,shock_down,Z22,ZIP,11856.6,3449,-67
47,shock_down,Z23,ZIP,19514.6,3584,-552
47,shock_down,Z24,ZIP,9974.2,3523,-109
47,shock_down,P25,PRSH,-6734.0,954,940
47,shock_down,P26,PRSH,-2613.6,333,297
47,shock_down,P27,PRSH,-6836.2,1296,674
47,shock_down,P28,PRSH,-2183.2,366,314
47,shock_down,P29,PRSH,-9344.0,2470,880
48,shock_down,G00,GVWY,-5558.6,6357,-257
48,shock_down,G01,GVWY,-5865.6,6376,-382
48,shock_down,G02,GVWY,-8677.4,6418,-418
48,shock_down,G03,GVWY,-9224.8,6384,-476
48,shock_down,G04,GVWY,-5866.0,6344,-340
48,shock_down,Z05,ZIC,1162.4,579,333
48,shock_down,Z06,ZIC,-32.4,650,432
48,shock_down,Z07,ZIC,2276.4,633,373
48,shock_down,Z08,ZIC,1324.0,592,310
48,shock_down,Z09,ZIC,1631.8,607,341
48,shock_down,S10,SHVR,-4503.0,5525,-125
48,shock_down,S11,SHVR,-5811.6,5499,-17
48,shock_down,S12,SHVR,-7295.0,5486,-110
48,shock_down,S13,SHVR,-5862.2,5475,-29
48,shock_down,S14,SHVR,-3405.6,5568,-322
48,shock_down,S15,SNPR,-850.8,1255,49
48,shock_down,S16,SNPR,-2149.4,1238,-118
48,shock_down,S17,SNPR,-1164.6,1243,-17
48,shock_down,S18,SNPR,-739.6,1230,-22
48,shock_down,S19,SNPR,-1314.8,1261,-21
48,shock_down,Z20,ZIP,10945.4,3527,-207
48,shock_down,Z21,ZIP,12831.0,3558,-330
48,shock_down,Z22,ZIP,10056.8,3561,-309
48,shock_down,Z23,ZIP,10787.2,3518,-166
48,shock_down,Z24,ZIP,10016.2,3565,-181
48,shock_down,P25,PRSH,1698.2,335,249
48,shock_down,P26,PRSH,987.8,294,236
48,shock_down,P27,PRSH,2833.8,1840,856
48,shock_down,P28,PRSH,1117.4,336,278
48,shock_down,P29,PRSH,1560.2,369,299
49,shock_down,G00,GVWY,-5472.25,6357,-645
49,shock_down,G01,GVWY,-5764.25,6395,-601
49,shock_down,G02,GVWY,-5598.25,6363,-513
49,shock_down,G03,GVWY,-5222.25,6393,-641
49,shock_down,G04,GVWY,-5758.0,6422,-504
49,shock_down,Z05,ZIC,284.25,601,353
49,shock_down,Z06,ZIC,336.5,566,286
49,shock_down,Z07,ZIC,248.0,556,272
49,shock_down,Z08,ZIC,184.5,632,334
49,shock_down,Z09,ZIC,-556.25,569,355
49,shock_down,S10,SHVR,-6339.0,5448,-44
49,shock_down,S11,SHVR,-2436.0,5482,-252
49,shock_down,S12,SHVR,-3358.5,5436,-238
49,shock_down,S13,SHVR,-4426.25,5453,-1
49,shock_down,S14,SHVR,-6874.5,5482,162
49,shock_down,S15,SNPR,-1995.5,1246,-158
49,shock_down,S16,SNPR,-741.75,1263,-95
49,shock_down,S17,SNPR,-1188.75,1245,-35
49,shock_down,S18,SNPR,-1204.0,1266,-68
49,shock_down,S19,SNPR,-1447.0,1274,-144
49,shock_down,Z20,ZIP,10245.5,3498,-142
49,shock_down,Z21,ZIP,9754.75,3507,-149
49,shock_down,Z22,ZIP,13075.75,3549,-305
49,shock_down,Z23,ZIP,9863.0,3530,-136
49,shock_down,Z24,ZIP,14992.5,3670,-698
49,shock_down,P25,PRSH,1989.25,1301,901
49,shock_down,P26,PRSH,567.75,289,227
49,shock_down,P27,PRSH,270.0,1226,524
49,shock_down,P28,PRSH,63.25,1917,1125
49,shock_down,P29,PRSH,-2437.0,1700,700
50,shock_down,G00,GVWY,-8693.25,6353,-673
50,shock_down,G01,GVWY,-7906.75,6343,-635
50,shock_down,G02,GVWY,-5270.75,6301,-495
50,shock_down,G03,GVWY,-7471.25,6345,-497
50,shock_down,G04,GVWY,-9629.5,6356,-430
50,shock_down,Z05,ZIC,1762.5,610,394
50,shock_down,Z06,ZIC,820.75,597,279
50,shock_down,Z07,ZIC,1049.0,622,280
50,shock_down,Z08,ZIC,1887.0,582,348
50,shock_down,Z09,ZIC,1347.75,559,307
50,shock_down,S10,SHVR,-3128.25,5485,-133
50,shock_down,S11,SHVR,-6373.0,5454,-312
50,shock_down,S12,SHVR,-6695.5,5476,-190
50,shock_down,S13,SHVR,-7264.5,5482,-226
50,shock_down,S14,SHVR,-6346.0,5482,-116
50,shock_down,S15,SNPR,-1365.0,1256,-40
50,shock_down,S16,SNPR,-2366.5,1262,-130
50,shock_down,S17,SNPR,-804.75,1227,-11
50,shock_down,S18,SNPR,-2073.25,1239,-109
50,shock_down,S19,SNPR,-2000.0,1236,-60
50,shock_down,Z20,ZIP,11110.0,3552,16
50,shock_down,Z21,ZIP,9429.5,3578,-102
50,shock_down,Z22,ZIP,12971.25,3643,-175
50,shock_down,Z23,ZIP,11169.75,3569,-141
50,shock_down,Z24,ZIP,10810.0,3420,-20
50,shock_down,P25,PRSH,2469.0,380,340
50,shock_down,P26,PRSH,4120.75,2081,899
50,shock_down,P27,PRSH,1681.25,325,257
50,shock_down,P28,PRSH,2035.25,895,457
50,shock_down,P29,PRSH,5581.75,1949,783
51,shock_down,G00,GVWY,-8916.25,6469,-299
51,shock_down,G01,GVWY,-8503.25,6381,-479
51,shock_down,G02,GVWY,-9745.75,6393,-285
51,shock_down,G03,GVWY,-10638.75,6393,-509
51,shock_down,G04,GVWY,-11854.0,6394,-216
51,shock_down,Z05,ZIC,1197.0,670,388
51,shock_down,Z06,ZIC,2250.75,601,385
51,shock_down,Z07,ZIC,492.25,655,403
51,shock_down,Z08,ZIC,615.25,625,351
51,shock_down,Z09,ZIC,1891.5,592,322
51,shock_down,S10,SHVR,-4325.25,5615,-3
51,shock_down,S11,SHVR,-4826.5,5572,-98
51,shock_down,S12,SHVR,-4991.5,5580,-182
51,shock_down,S13,SHVR,-6745.75,5657,-101
51,shock_down,S14,SHVR,-5138.25,5659,-47
51,shock_down,S15,SNPR,-2140.75,1213,-161
51,shock_down,S16,SNPR,-1558.5,1264,-54
51,shock_down,S17,SNPR,-2046.75,1245,-101
51,shock_down,S18,SNPR,-1812.0,1234,-68
51,shock_down,S19,SNPR,-2188.75,1241,-77
51,shock_down,Z20,ZIP,12683.25,3591,-149
51,shock_down,Z21,ZIP,13426.75,3757,-667
51,shock_down,Z22,ZIP,16956.25,3773,-713
51,shock_down,Z23,ZIP,16263.5,3680,-790
51,shock_down,Z24,ZIP,10460.5,3644,-38
51,shock_down,P25,PRSH,816.5,1196,674
51,shock_down,P26,PRSH,273.0,4012,888
51,shock_down,P27,PRSH,4789.0,1778,772
51,shock_down,P28,PRSH,2406.0,418,344
51,shock_down,P29,PRSH,1737.5,678,378
52,shock_down,G00,GVWY,-5700.8,6300,-82
52,shock_down,G01,GVWY,-3499.2,6307,-553
52,shock_down,G02,GVWY,-5846.8,6380,-272
52,shock_down,G03,GVWY,-2699.6,6321,-469
52,shock_down,G04,GVWY,-3531.2,6285,-533
52,shock_down,Z05,ZIC,-38.8,575,263
52,shock_down,Z06,ZIC,-1130.0,594,320
52,shock_down,Z07,ZIC,-1478.2,602,292
52,shock_down,Z08,ZIC,-1101.4,603,309
52,shock_down,Z09,ZIC,-1454.6,597,331
52,shock_down,S10,SHVR,-3286.4,5438,-276
52,shock_down,S11,SHVR,-6668.0,5418,50
52,shock_down,S12,SHVR,-5338.2,5436,-88
52,shock_down,S13,SHVR,-2652.4,5480,-396
52,shock_down,S14,SHVR,-3145.2,5433,-153
52,shock_down,S15,SNPR,-1178.2,1238,-78
52,shock_down,S16,SNPR,-1409.2,1244,-48
52,shock_down,S17,SNPR,-795.4,1206,-56
52,shock_down,S18,SNPR,-1154.0,1212,0
52,shock_down,S19,SNPR,-668.8,1244,18
52,shock_down,Z20,ZIP,13506.8,3587,-213
52,shock_down,Z21,ZIP,16925.6,3567,-681
52,shock_down,Z22,ZIP,14662.2,3495,-227
52,shock_down,Z23,ZIP,9853.8,3522,-128
52,shock_down,Z24,ZIP,10445.4,3441,-19
52,shock_down,P25,PRSH,-5131.4,2959,859
52,shock_down,P26,PRSH,-332.0,495,455
52,shock_down,P27,PRSH,-1752.8,833,483
52,shock_down,P28,PRSH,-2087.0,837,505
52,shock_down,P29,PRSH,-908.8,327,253
53,shock_down,G00,GVWY,-2914.2,6386,-312
53,shock_down,G01,GVWY,-3290.0,6362,-520
53,shock_down,G02,GVWY,-3990.4,6366,-454
53,shock_down,G03,GVWY,-2719.4,6404,-484
53,shock_down,G04,GVWY,-5087.9,6381,-519
53,shock_down,Z05,ZIC,-830.4,610,266
53,shock_down,Z06,ZIC,-1789.5,623,315
53,shock_down,Z07,ZIC,-1848.5,609,345
53,shock_down,Z08,ZIC,-2430.1,601,349
53,shock_down,Z09,ZIC,-1476.0,594,330
53,shock_down,S10,SHVR,-1716.5,5565,-235
53,shock_down,S11,SHVR,-2405.7,5459,-277
53,shock_down,S12,SHVR,-5963.7,5523,-177
53,shock_down,S13,SHVR,-4732.8,5426,-28
53,shock_down,S14,SHVR,-3052.1,5519,-321
53,shock_down,S15,SNPR,-1290.6,1240,4
53,shock_down,S16,SNPR,-943.5,1233,-65
53,shock_down,S17,SNPR,-1271.1,1251,-101
53,shock_down,S18,SNPR,-253.8,1252,-98
53,shock_down,S19,SNPR,-523.5,1269,-45
53,shock_down,Z20,ZIP,15276.1,3593,-389
53,shock_down,Z21,ZIP,13411.3,3507,-267
53,shock_down,Z22,ZIP,12849.7,3559,-273
53,shock_down,Z23,ZIP,13627.7,3519,-183
53,shock_down,Z24,ZIP,8376.2,3450,-98
53,shock_down,P25,PRSH,-5465.8,1762,1112
53,shock_down,P26,PRSH,-2312.9,815,461
53,shock_down,P27,PRSH,-1384.2,634,378
53,shock_down,P28,PRSH,-3278.7,2583,783
53,shock_down,P29,PRSH,-596.2,404,368
54,shock_down,G00,GVWY,4049.0,6333,-515
54,shock_down,G01,GVWY,-3546.8,6326,-392
54,shock_down,G02,GVWY,-2172.8,6309,-357
54,shock_down,G03,GVWY,-3743.2,6384,-288
54,shock_down,G04,GVWY,-3883.8,6394,-302
54,shock_down,Z05,ZIC,-5276.2,624,372
54,shock_down,Z06,ZIC,-5107.0,657,345
54,shock_down,Z07,ZIC,-4184.2,579,327
54,shock_down,Z08,ZIC,-4341.4,532,284
54,shock_down,Z09,ZIC,-3879.8,596,278
54,shock_down,S10,SHVR,-1907.8,5485,-127
54,shock_down,S11,SHVR,2466.6,5553,-291
54,shock_down,S12,SHVR,874.4,5535,-409
54,shock_down,S13,SHVR,1008.2,5531,-347
54,shock_down,S14,SHVR,1439.0,5599,-285
54,shock_down,S15,SNPR,412.0,1240,-120
54,shock_down,S16,SNPR,375.6,1267,-91
54,shock_down,S17,SNPR,100.0,1234,-110
54,shock_down,S18,SNPR,-539.6,1250,-24
54,shock_down,S19,SNPR,-444.0,1249,-75
54,shock_down,Z20,ZIP,10912.4,3633,-129
54,shock_down,Z21,ZIP,11408.0,3543,-85
54,shock_down,Z22,ZIP,14317.8,3528,-158
54,shock_down,Z23,ZIP,18055.6,3626,-376
54,shock_down,Z24,ZIP,17154.4,3495,-259
54,shock_down,P25,PRSH,-13353.4,2910,874
54,shock_down,P26,PRSH,-8698.0,3632,790
54,shock_down,P27,PRSH,-9474.6,1310,636
54,shock_down,P28,PRSH,-5472.4,456,404
54,shock_down,P29,PRSH,-3966.2,385,337
55,shock_down,G00,GVWY,-4914.8,6506,-296
55,shock_down,G01,GVWY,-9178.2,6479,-349
55,shock_down,G02,GVWY,-7114.8,6442,-326
55,shock_down,G03,GVWY,-5915.0,6537,-335
55,shock_down,G04,GVWY,-6576.4,6494,-348
55,shock_down,Z05,ZIC,-1462.8,614,394
55,shock_down,Z06,ZIC,-628.6,666,378
55,shock_down,Z07,ZIC,-820.8,661,429
55,shock_down,Z08,ZIC,-852.2,686,396
55,shock_down,Z09,ZIC,-1190.2,645,341
55,shock_down,S10,SHVR,-7290.6,5708,-102
55,shock_down,S11,SHVR,-3274.8,5653,-11
55,shock_down,S12,SHVR,-10918.4,5792,122
55,shock_down,S13,SHVR,-7104.6,5686,18
55,shock_down,S14,SHVR,-5051.0,5761,-85
55,shock_down,S15,SNPR,-1306.4,1265,-53
55,shock_down,S16,SNPR,-1279.2,1257,-69
55,shock_down,S17,SNPR,-1198.2,1262,46
55,shock_down,S18,SNPR,-1465.8,1253,29
55,shock_down,S19,SNPR,-922.8,1257,-11
55,shock_down,Z20,ZIP,19435.4,3659,-887
55,shock_down,Z21,ZIP,15647.4,3654,-602
55,shock_down,Z22,ZIP,20332.0,3696,-840
55,shock_down,Z23,ZIP,10951.0,3532,-150
55,shock_down,Z24,ZIP,23555.6,3700,-918
55,shock_down,P25,PRSH,-349.4,350,292
55,shock_down,P26,PRSH,-3708.0,1856,1010
55,shock_down,P27,PRSH,-886.8,1478,744
55,shock_down,P28,PRSH,-4448.0,4549,805
55,shock_down,P29,PRSH,-1480.6,5190,308
56,shock_down,G00,GVWY,1121.45,6385,-413
56,shock_down,G01,GVWY,5396.5,6420,-570
56,shock_down,G02,GVWY,518.9,6326,-386
56,shock_down,G03,GVWY,-5076.75,6393,-285
56,shock_down,G04,GVWY,-1650.8,6368,-248
56,shock_down,Z05,ZIC,-5344.55,643,347
56,shock_down,Z06,ZIC,-6161.15,671,391
56,shock_down,Z07,ZIC,-5467.75,643,355
56,shock_down,Z08,ZIC,-4925.9,616,346
56,shock_down,Z09,ZIC,-5009.3,596,322
56,shock_down,S10,SHVR,-3226.9,5546,-114
56,shock_down,S11,SHVR,-2699.65,5521,-199
56,shock_down,S12,SHVR,-4702.3,5524,-198
56,shock_down,S13,SHVR,948.75,5483,-355
56,shock_down,S14,SHVR,-3383.25,5475,-215
56,shock_down,S15,SNPR,-305.45,1237,-107
56,shock_down,S16,SNPR,-147.0,1230,-80
56,shock_down,S17,SNPR,-503.6,1230,-56
56,shock_down,S18,SNPR,-1110.45,1219,13
56,shock_down,S19,SNPR,525.3,1240,-122
56,shock_down,Z20,ZIP,16145.8,3600,-272
56,shock_down,Z21,ZIP,14899.65,3575,-181
56,shock_down,Z22,ZIP,23228.65,3561,-521
56,shock_down,Z23,ZIP,12985.65,3561,-181
56,shock_down,Z24,ZIP,16668.4,3544,-176
56,shock_down,P25,PRSH,-15526.15,1789,1111
56,shock_down,P26,PRSH,-4033.1,330,274
56,shock_down,P27,PRSH,-4303.2,378,328
56,shock_down,P28,PRSH,-11916.7,2540,718
56,shock_down,P29,PRSH,-4897.7,768,398
57,shock_down,G00,GVWY,-6198.25,6409,-421
57,shock_down,G01,GVWY,-3449.25,6389,-421
57,shock_down,G02,GVWY,-4062.25,6407,-497
57,shock_down,G03,GVWY,-3110.0,6414,-420
57,shock_down,G04,GVWY,-8832.75,6369,-107
57,shock_down,Z05,ZIC,-1369.5,626,350
57,shock_down,Z06,ZIC,-776.75,625,345
57,shock_down,Z07,ZIC,-719.0,594,348
57,shock_down,Z08,ZIC,-1892.5,658,394
57,shock_down,Z09,ZIC,-376.75,643,357
57,shock_down,S10,SHVR,-5918.0,5518,-84
57,shock_down,S11,SHVR,-5040.75,5545,-163
57,shock_down,S12,SHVR,-5839.5,5646,-66
57,shock_down,S13,SHVR,-3280.75,5537,-99
57,shock_down,S14,SHVR,-4905.5,5524,-18
57,shock_down,S15,SNPR,-1617.0,1254,-116
57,shock_down,S16,SNPR,-1542.0,1204,-24
57,shock_down,S17,SNPR,-591.75,1261,-23
57,shock_down,S18,SNPR,-1251.0,1272,-108
57,shock_down,S19,SNPR,-1154.25,1223,-49
57,shock_down,Z20,ZIP,9672.75,3555,-49
57,shock_down,Z21,ZIP,11652.0,3562,0
57,shock_down,Z22,ZIP,19691.5,3608,-750
57,shock_down,Z23,ZIP,17052.0,3590,-216
57,shock_down,Z24,ZIP,18255.0,3476,-452
57,shock_down,P25,PRSH,-2555.25,799,463
57,shock_down,P26,PRSH,-7429.25,4253,767
57,shock_down,P27,PRSH,-480.25,343,295
57,shock_down,P28,PRSH,-1379.5,440,318
57,shock_down,P29,PRSH,-824.25,343,295
58,shock_down,G00,GVWY,-6988.5,6346,-330
58,shock_down,G01,GVWY,-4652.35,6399,-383
58,shock_down,G02,GVWY,-2550.3,6400,-414
58,shock_down,G03,GVWY,-6777.95,6345,-111
58,shock_down,G04,GVWY,458.75,6323,-545
58,shock_down,Z05,ZIC,-2191.15,617,353
58,shock_down,Z06,ZIC,-2706.45,651,399
58,shock_down,Z07,ZIC,-2958.5,630,370
58,shock_down,Z08,ZIC,-1464.1,600,362
58,shock_down,Z09,ZIC,-1439.9,648,318
58,shock_down,S10,SHVR,-1185.7,5540,-226
58,shock_down,S11,SHVR,-7769.45,5559,-141
58,shock_down,S12,SHVR,-7746.7,5480,-66
58,shock_down,S13,SHVR,-3903.4,5522,-112
58,shock_down,S14,SHVR,-3683.95,5485,-211
58,shock_down,S15,SNPR,-798.85,1243,-93
58,shock_down,S16,SNPR,-754.95,1255,-51
58,shock_down,S17,SNPR,-734.7,1230,-26
58,shock_down,S18,SNPR,-1319.9,1248,-82
58,shock_down,S19,SNPR,-1267.35,1239,-3
58,shock_down,Z20,ZIP,13236.25,3523,-195
58,shock_down,Z21,ZIP,11931.75,3495,-165
58,shock_down,Z22,ZIP,17108.9,3574,-458
58,shock_down,Z23,ZIP,9416.25,3463,5
58,shock_down,Z24,ZIP,21254.15,3605,-653
58,shock_down,P25,PRSH,-1918.65,445,403
58,shock_down,P26,PRSH,-1998.1,610,342
58,shock_down,P27,PRSH,-2149.7,372,334
58,shock_down,P28,PRSH,-1112.25,329,295
58,shock_down,P29,PRSH,-3436.4,1794,968
59,shock_down,G00,GVWY,-2377.4,6397,-557
59,shock_down,G01,GVWY,-4377.6,6416,-518
59,shock_down,G02,GVWY,-6378.2,6382,-456
59,shock_down,G03,GVWY,-5267.4,6315,-317
59,shock_down,G04,GVWY,-4630.6,6389,-383
59,shock_down,Z05,ZIC,-462.4,579,313
59,shock_down,Z06,ZIC,-589.6,591,317
59,shock_down,Z07,ZIC,428.4,607,327
59,shock_down,Z08,ZIC,-907.2,566,334
59,shock_down,Z09,ZIC,-722.2,608,304
59,shock_down,S10,SHVR,-4927.6,5634,-298
59,shock_down,S11,SHVR,-3176.8,5582,-184
59,shock_down,S12,SHVR,-3853.2,5611,-81
59,shock_down,S13,SHVR,-5820.2,5518,-176
59,shock_down,S14,SHVR,-2835.4,5574,-182
59,shock_down,S15,SNPR,-1620.0,1248,-180
59,shock_down,S16,SNPR,-178.8,1253,-89
59,shock_down,S17,SNPR,-1187.2,1270,-66
59,shock_down,S18,SNPR,-1117.0,1232,0
59,shock_down,S19,SNPR,-536.2,1261,-51
59,shock_down,Z20,ZIP,17383.2,3577,-939
59,shock_down,Z21,ZIP,12221.6,3577,-167
59,shock_down,Z22,ZIP,8351.0,3593,35
59,shock_down,Z23,ZIP,8668.4,3433,17
59,shock_down,Z24,ZIP,9691.8,3561,-81
59,shock_down,P25,PRSH,-2826.2,2405,959
59,shock_down,P26,PRSH,947.2,472,436
59,shock_down,P27,PRSH,-2005.8,3571,791
59,shock_down,P28,PRSH,-195.4,880,468
59,shock_down,P29,PRSH,294.2,365,291
60,shock_down,G00,GVWY,-5044.4,6398,-324
60,shock_down,G01,GVWY,-2978.0,6344,-410
60,shock_down,G02,GVWY,-2347.8,6358,-438
60,shock_down,G03,GVWY,-3304.6,6379,-241
60,shock_down,G04,GVWY,-4082.0,6351,-515
60,shock_down,Z05,ZIC,-3624.2,625,383
60,shock_down,Z06,ZIC,-3124.2,650,348
60,shock_down,Z07,ZIC,-3669.0,547,305
60,shock_down,Z08,ZIC,-3582.0,645,365
60,shock_down,Z09,ZIC,-3487.0,549,315
60,shock_down,S10,SHVR,-5015.2,5594,-62
60,shock_down,S11,SHVR,-3847.6,5546,-66
60,shock_down,S12,SHVR,-1990.8,5532,-128
60,shock_down,S13,SHVR,-2651.6,5514,-116
60,shock_down,S14,SHVR,-4695.8,5566,-168
60,shock_down,S15,SNPR,-724.4,1225,-29
60,shock_down,S16,SNPR,-527.6,1241,-61
60,shock_down,S17,SNPR,-379.2,1215,-27
60,shock_down,S18,SNPR,-1199.2,1251,-67
60,shock_down,S19,SNPR,-1264.6,1269,-91
60,shock_down,Z20,ZIP,12127.6,3505,-79
60,shock_down,Z21,ZIP,12179.4,3549,69
60,shock_down,Z22,ZIP,12526.2,3563,-123
60,shock_down,Z23,ZIP,22820.2,3541,-523
60,shock_down,Z24,ZIP,22553.2,3578,-648
60,shock_down,P25,PRSH,-1804.0,321,275
60,shock_down,P26,PRSH,-3327.4,383,341
60,shock_down,P27,PRSH,-2097.2,332,298
60,shock_down,P28,PRSH,-12584.8,2205,967
60,shock_down,P29,PRSH,-2270.4,359,301
61,shock_down,G00,GVWY,-4519.1,6347,-401
61,shock_down,G01,GVWY,-10245.3,6407,-273
61,shock_down,G02,GVWY,-9166.8,6358,-168
61,shock_down,G03,GVWY,-8443.5,6385,-295
61,shock_down,G04,GVWY,-7215.4,6390,-494
61,shock_down,Z05,ZIC,97.4,644,384
61,shock_down,Z06,ZIC,857.4,638,334
61,shock_down,Z07,ZIC,1681.0,582,340
61,shock_down,Z08,ZIC,282.1,597,311
61,shock_down,Z09,ZIC,25.2,626,392
61,shock_down,S10,SHVR,-3545.1,5587,-231
61,shock_down,S11,SHVR,-1677.5,5567,-125
61,shock_down,S12,SHVR,-3447.4,5508,-104
61,shock_down,S13,SHVR,-7376.2,5654,-252
61,shock_down,S14,SHVR,-6086.7,5565,-197
61,shock_down,S15,SNPR,-586.4,1234,-4
61,shock_down,S16,SNPR,-873.3,1261,-43
61,shock_down,S17,SNPR,-1064.9,1249,1
61,shock_down,S18,SNPR,-1539.9,1247,-79
61,shock_down,S19,SNPR,-1125.8,1232,42
61,shock_down,Z20,ZIP,10584.5,3507,-55
61,shock_down,Z21,ZIP,14711.1,3677,-299
61,shock_down,Z22,ZIP,15681.3,3611,-937
61,shock_down,Z23,ZIP,12160.3,3519,-157
61,shock_down,Z24,ZIP,12236.4,3450,-116
61,shock_down,P25,PRSH,1263.6,326,256
61,shock_down,P26,PRSH,450.8,358,288
61,shock_down,P27,PRSH,-2619.9,4057,571
61,shock_down,P28,PRSH,1332.5,699,375
61,shock_down,P29,PRSH,-1129.6,2036,864
62,shock_down,G00,GVWY,-981.25,6369,-393
62,shock_down,G01,GVWY,-6200.0,6398,-376
62,shock_down,G02,GVWY,-570.25,6413,-389
62,shock_down,G03,GVWY,-5095.25,6347,-333
62,shock_down,G04,GVWY,-1503.5,6416,-402
62,shock_down,Z05,ZIC,-4317.0,628,356
62,shock_down,Z06,ZIC,-4920.75,615,373
62,shock_down,Z07,ZIC,-4224.75,627,381
62,shock_down,Z08,ZIC,-4496.25,655,339
62,shock_down,Z09,ZIC,-4661.25,661,391
62,shock_down,S10,SHVR,-5196.75,5553,-59
62,shock_down,S11,SHVR,-5011.25,5625,-41
62,shock_down,S12,SHVR,-424.75,5539,-231
62,shock_down,S13,SHVR,-5461.0,5530,-56
62,shock_down,S14,SHVR,-4153.75,5575,-139
62,shock_down,S15,SNPR,-558.25,1245,-33
62,shock_down,S16,SNPR,-1228.0,1234,16
62,shock_down,S17,SNPR,-1692.25,1205,-9
62,shock_down,S18,SNPR,-738.25,1233,-81
62,shock_down,S19,SNPR,-137.25,1255,-85
62,shock_down,Z20,ZIP,14838.5,3500,-174
62,shock_down,Z21,ZIP,24947.0,3574,-552
62,shock_down,Z22,ZIP,15179.5,3570,-110
62,shock_down,Z23,ZIP,23331.5,3510,-526
62,shock_down,Z24,ZIP,15739.75,3447,-181
62,shock_down,P25,PRSH,-4572.0,614,352
62,shock_down,P26,PRSH,-4721.75,367,321
62,shock_down,P27,PRSH,-4017.25,399,299
62,shock_down,P28,PRSH,-7571.25,997,511
62,shock_down,P29,PRSH,-10437.25,1559,763
63,shock_down,G00,GVWY,-8148.05,6427,-311
63,shock_down,G01,GVWY,-3580.3,6372,-526
63,shock_down,G02,GVWY,-2709.7,6414,-354
63,shock_down,G03,GVWY,-3400.55,6403,-481
63,shock_down,G04,GVWY,-5312.25,6383,-255
63,shock_down,Z05,ZIC,-737.8,576,264
63,shock_down,Z06,ZIC,-2218.3,606,334
63,shock_down,Z07,ZIC,-1676.55,641,359
63,shock_down,Z08,ZIC,-2219.7,584,366
63,shock_down,Z09,ZIC,-1119.4,630,352
63,shock_down,S10,SHVR,-3907.65,5559,-143
63,shock_down,S11,SHVR,-3696.95,5447,-69
63,shock_down,S12,SHVR,-4910.35,5465,-157
63,shock_down,S13,SHVR,-5685.6,5508,-92
63,shock_down,S14,SHVR,-6115.6,5440,-72
63,shock_down,S15,SNPR,-991.15,1243,-173
63,shock_down,S16,SNPR,-1323.35,1241,-37
63,shock_down,S17,SNPR,-906.45,1233,-19
63,shock_down,S18,SNPR,-1659.6,1232,8
63,shock_down,S19,SNPR,-814.7,1260,-54
63,shock_down,Z20,ZIP,14059.3,3576,-254
63,shock_down,Z21,ZIP,12700.75,3479,-215
63,shock_down,Z22,ZIP,13687.7,3448,-346
63,shock_down,Z23,ZIP,16642.25,3541,-465
63,shock_down,Z24,ZIP,14560.55,3567,-259
63,shock_down,P25,PRSH,-1363.75,333,275
63,shock_down,P26,PRSH,-806.9,394,322
63,shock_down,P27,PRSH,-760.05,437,389
63,shock_down,P28,PRSH,-4048.2,2840,976
63,shock_down,P29,PRSH,-2125.1,920,498
64,shock_down,G00,GVWY,-5689.8,6336,-388
64,shock_down,G01,GVWY,-7420.3,6350,-378
64,shock_down,G02,GVWY,-8366.95,6337,-407
64,shock_down,G03,GVWY,-6817.85,6407,-541
64,shock_down,G04,GVWY,-8422.05,6367,-433
64,shock_down,Z05,ZIC,1560.15,583,279
64,shock_down,Z06,ZIC,1613.75,605,335
64,shock_down,Z07,ZIC,1579.8,594,308
64,shock_down,Z08,ZIC,1273.0,590,320
64,shock_down,Z09,ZIC,1192.5,626,310
64,shock_down,S10,SHVR,-4615.75,5535,-155
64,shock_down,S11,SHVR,-5301.8,5552,-128
64,shock_down,S12,SHVR,-3793.95,5493,-107
64,shock_down,S13,SHVR,-4209.8,5538,-108
64,shock_down,S14,SHVR,-7018.1,5486,-86
64,shock_down,S15,SNPR,-1694.1,1250,-126
64,shock_down,S16,SNPR,-1576.95,1265,-67
64,shock_down,S17,SNPR,-1937.45,1257,-97
64,shock_down,S18,SNPR,-1838.7,1258,-102
64,shock_down,S19,SNPR,-1605.5,1254,-50
64,shock_down,Z20,ZIP,11121.9,3600,-146
64,shock_down,Z21,ZIP,10498.05,3535,-127
64,shock_down,Z22,ZIP,9853.25,3533,-15
64,shock_down,Z23,ZIP,13612.9,3710,-386
64,shock_down,Z24,ZIP,10623.6,3546,-44
64,shock_down,P25,PRSH,1807.5,434,290
64,shock_down,P26,PRSH,1901.4,362,304
64,shock_down,P27,PRSH,2251.35,4785,291
64,shock_down,P28,PRSH,1031.95,2941,987
64,shock_down,P29,PRSH,1186.35,689,351
65,shock_down,G00,GVWY,-3811.2,6382,-368
65,shock_down,G01,GVWY,-791.95,6337,-543
65,shock_down,G02,GVWY,-5094.5,6374,-370
65,shock_down,G03,GVWY,-4042.8,6364,-412
65,shock_down,G04,GVWY,-5507.25,6393,-485
65,shock_down,Z05,ZIC,-1712.55,601,313
65,shock_down,Z06,ZIC,-976.95,593,357
65,shock_down,Z07,ZIC,-811.95,603,257
65,shock_down,Z08,ZIC,-1402.45,601,327
65,shock_down,Z09,ZIC,-1126.1,632,346
65,shock_down,S10,SHVR,-4124.5,5528,-130
65,shock_down,S11,SHVR,-1555.05,5515,-277
65,shock_down,S12,SHVR,-9324.65,5547,39
65,shock_down,S13,SHVR,-4929.25,5525,-185
65,shock_down,S14,SHVR,-4468.5,5520,-130
65,shock_down,S15,SNPR,-659.2,1226,-88
65,shock_down,S16,SNPR,-1222.65,1225,-61
65,shock_down,S17,SNPR,-1263.15,1237,29
65,shock_down,S18,SNPR,-1335.6,1256,-64
65,shock_down,S19,SNPR,-892.15,1247,-71
65,shock_down,Z20,ZIP,11818.65,3569,-119
65,shock_down,Z21,ZIP,14373.25,3593,-375
65,shock_down,Z22,ZIP,8159.2,3538,-92
65,shock_down,Z23,ZIP,11493.9,3600,-234
65,shock_down,Z24,ZIP,22333.15,3691,-849
65,shock_down,P25,PRSH,-146.75,395,345
65,shock_down,P26,PRSH,-2935.7,3910,782
65,shock_down,P27,PRSH,-4263.25,1331,675
65,shock_down,P28,PRSH,-2826.75,2605,805
65,shock_down,P29,PRSH,-919.0,816,400
66,shock_down,G00,GVWY,-6257.5,6427,-329
66,shock_down,G01,GVWY,-100.0,6350,-424
66,shock_down,G02,GVWY,-6909.5,6347,-223
66,shock_down,G03,GVWY,-7635.5,6391,-229
66,shock_down,G04,GVWY,-3916.0,6394,-360
66,shock_down,Z05,ZIC,-870.5,599,339
66,shock_down,Z06,ZIC,-2110.0,610,354
66,shock_down,Z07,ZIC,-1672.5,625,317
66,shock_down,Z08,ZIC,-783.0,570,292
66,shock_down,Z09,ZIC,-1405.5,635,375
66,shock_down,S10,SHVR,-3517.5,5491,-71
66,shock_down,S11,SHVR,-6240.5,5473,41
66,shock_down,S12,SHVR,-7814.0,5478,8
66,shock_down,S13,SHVR,-3827.0,5534,-62
66,shock_down,S14,SHVR,-5684.0,5492,-20
66,shock_down,S15,SNPR,-720.5,1213,-99
66,shock_down,S16,SNPR,-1101.5,1247,-141
66,shock_down,S17,SNPR,-1352.5,1251,19
66,shock_down,S18,SNPR,-1201.0,1240,-4
66,shock_down,S19,SNPR,-1307.5,1231,-121
66,shock_down,Z20,ZIP,13112.5,3501,-237
66,shock_down,Z21,ZIP,14721.5,3565,-161
66,shock_down,Z22,ZIP,14452.0,3518,-276
66,shock_down,Z23,ZIP,11694.5,3537,-105
66,shock_down,Z24,ZIP,19779.5,3561,-605
66,shock_down,P25,PRSH,-1870.0,366,292
66,shock_down,P26,PRSH,-780.0,278,248
66,shock_down,P27,PRSH,-2637.0,792,428
66,shock_down,P28,PRSH,-1447.5,569,359
66,shock_down,P29,PRSH,-1687.0,612,328
67,shock_down,G00,GVWY,-8271.4,6349,-439
67,shock_down,G01,GVWY,-3409.2,6415,-337
67,shock_down,G02,GVWY,-8519.8,6423,-293
67,shock_down,G03,GVWY,-9938.2,6410,-382
67,shock_down,G04,GVWY,-6803.0,6395,-385
67,shock_down,Z05,ZIC,381.2,658,412
67,shock_down,Z06,ZIC,-38.8,641,347
67,shock_down,Z07,ZIC,384.0,667,395
67,shock_down,Z08,ZIC,303.8,626,388
67,shock_down,Z09,ZIC,118.8,651,393
67,shock_down,S10,SHVR,-3849.4,5491,-99
67,shock_down,S11,SHVR,-6528.2,5463,133
67,shock_down,S12,SHVR,-7179.6,5494,-6
67,shock_down,S13,SHVR,-8091.6,5538,24
67,shock_down,S14,SHVR,-6392.4,5512,46
67,shock_down,S15,SNPR,-1807.4,1228,-64
67,shock_down,S16,SNPR,-1751.4,1250,-14
67,shock_down,S17,SNPR,-870.6,1238,-86
67,shock_down,S18,SNPR,-1297.8,1216,-18
67,shock_down,S19,SNPR,-216.8,1228,12
67,shock_down,Z20,ZIP,16617.0,3590,-760
67,shock_down,Z21,ZIP,15429.8,3575,-317
67,shock_down,Z22,ZIP,15182.8,3552,-222
67,shock_down,Z23,ZIP,9456.2,3545,-63
67,shock_down,Z24,ZIP,17333.8,3613,-767
67,shock_down,P25,PRSH,-128.6,631,379
67,shock_down,P26,PRSH,196.4,474,344
67,shock_down,P27,PRSH,834.8,565,543
67,shock_down,P28,PRSH,189.4,370,334
67,shock_down,P29,PRSH,282.8,418,358
68,shock_down,G00,GVWY,-8030.3,6329,-339
68,shock_down,G01,GVWY,-10613.9,6357,-357
68,shock_down,G02,GVWY,-8524.1,6363,-543
68,shock_down,G03,GVWY,-8807.9,6331,-417
68,shock_down,G04,GVWY,-4102.5,6397,-445
68,shock_down,Z05,ZIC,689.5,607,305
68,shock_down,Z06,ZIC,723.2,528,266
68,shock_down,Z07,ZIC,-255.3,549,311
68,shock_down,Z08,ZIC,498.3,613,319
68,shock_down,Z09,ZIC,1472.5,615,315
68,shock_down,S10,SHVR,-6169.6,5490,-318
68,shock_down,S11,SHVR,-4407.1,5483,7
68,shock_down,S12,SHVR,-3275.8,5468,-144
68,shock_down,S13,SHVR,-7013.2,5448,-176
68,shock_down,S14,SHVR,-3715.3,5477,91
68,shock_down,S15,SNPR,-848.0,1254,-60
68,shock_down,S16,SNPR,-2027.7,1263,-111
68,shock_down,S17,SNPR,-2132.8,1238,-84
68,shock_down,S18,SNPR,-1595.6,1248,-68
68,shock_down,S19,SNPR,-1242.8,1234,-14
68,shock_down,Z20,ZIP,12090.6,3710,-342
68,shock_down,Z21,ZIP,10316.4,3552,-148
68,shock_down,Z22,ZIP,12102.9,3613,-563
68,shock_down,Z23,ZIP,11575.9,3475,-153
68,shock_down,Z24,ZIP,14087.9,3479,-113
68,shock_down,P25,PRSH,6125.6,2574,978
68,shock_down,P26,PRSH,605.0,640,340
68,shock_down,P27,PRSH,1158.7,323,281
68,shock_down,P28,PRSH,444.1,297,253
68,shock_down,P29,PRSH,1754.3,1675,799
69,shock_down,G00,GVWY,-4851.8,6406,-304
69,shock_down,G01,GVWY,-2478.5,6432,-570
69,shock_down,G02,GVWY,-6836.75,6387,-195
69,shock_down,G03,GVWY,-7147.1,6434,-358
69,shock_down,G04,GVWY,-968.2,6434,-496
69,shock_down,Z05,ZIC,-1511.05,559,331
69,shock_down,Z06,ZIC,-473.15,623,293
69,shock_down,Z07,ZIC,-1441.1,640,302
69,shock_down,Z08,ZIC,-1103.45,629,299
69,shock_down,Z09,ZIC,-1628.8,596,316
69,shock_down,S10,SHVR,-4912.0,5610,-300
69,shock_down,S11,SHVR,-6802.15,5603,-7
69,shock_down,S12,SHVR,-3478.5,5592,-90
69,shock_down,S13,SHVR,-2245.6,5618,-248
69,shock_down,S14,SHVR,-2833.75,5587,-175
69,shock_down,S15,SNPR,-1352.6,1256,32
69,shock_down,S16,SNPR,-1180.85,1261,-53
69,shock_down,S17,SNPR,-591.3,1248,-34
69,shock_down,S18,SNPR,-1201.9,1240,-82
69,shock_down,S19,SNPR,-566.9,1260,-2
69,shock_down,Z20,ZIP,19218.35,3617,-617
69,shock_down,Z21,ZIP,12086.75,3541,-205
69,shock_down,Z22,ZIP,12624.3,3678,-86
69,shock_down,Z23,ZIP,11219.65,3671,-163
69,shock_down,Z24,ZIP,16427.15,3547,-613
69,shock_down,P25,PRSH,-3719.4,1516,648
69,shock_down,P26,PRSH,-2108.85,5435,67
69,shock_down,P27,PRSH,-815.65,299,223
69,shock_down,P28,PRSH,-4258.75,2711,885
69,shock_down,P29,PRSH,-5174.75,2227,1045
70,shock_down,G00,GVWY,-2985.4,6356,-508
70,shock_down,G01,GVWY,-2116.05,6407,-371
70,shock_down,G02,GVWY,-3346.1,6404,-442
70,shock_down,G03,GVWY,-4834.6,6406,-392
70,shock_down,G04,GVWY,-4822.1,6346,-382
70,shock_down,Z05,ZIC,-1556.75,655,355
70,shock_down,Z06,ZIC,-2451.65,657,397
70,shock_down,Z07,ZIC,-2119.7,614,386
70,shock_down,Z08,ZIC,-1088.55,645,359
70,shock_down,Z09,ZIC,-1856.85,641,353
70,shock_down,S10,SHVR,-7053.75,5577,-145
70,shock_down,S11,SHVR,-1586.35,5567,-237
70,shock_down,S12,SHVR,-3580.4,5530,-28
70,shock_down,S13,SHVR,-4100.15,5495,-73
70,shock_down,S14,SHVR,-4431.55,5495,-181
70,shock_down,S15,SNPR,-1011.5,1248,-50
70,shock_down,S16,SNPR,-1312.25,1239,-75
70,shock_down,S17,SNPR,-1390.4,1216,-68
70,shock_down,S18,SNPR,-1144.35,1191,-97
70,shock_down,S19,SNPR,-1311.6,1250,-72
70,shock_down,Z20,ZIP,19515.55,3667,-659
70,shock_down,Z21,ZIP,10346.8,3496,-4
70,shock_down,Z22,ZIP,11606.55,3555,-119
70,shock_down,Z23,ZIP,14318.35,3465,-263
70,shock_down,Z24,ZIP,13452.2,3634,-236
70,shock_down,P25,PRSH,-1788.75,745,395
70,shock_down,P26,PRSH,-5677.9,2266,842
70,shock_down,P27,PRSH,-2879.25,799,445
70,shock_down,P28,PRSH,-690.6,456,328
70,shock_down,P29,PRSH,-2678.95,703,431
71,shock_down,G00,GVWY,-4969.5,6343,-365
71,shock_down,G01,GVWY,-3859.0,6396,-380
71,shock_down,G02,GVWY,-3520.8,6348,-488
71,shock_down,G03,GVWY,-4227.3,6371,-523
71,shock_down,G04,GVWY,-5014.4,6356,-354
71,shock_down,Z05,ZIC,-2798.7,679,373
71,shock_down,Z06,ZIC,-1735.9,573,311
71,shock_down,Z07,ZIC,-1622.5,641,395
71,shock_down,Z08,ZIC,-2770.1,593,369
71,shock_down,Z09,ZIC,-994.1,637,329
71,shock_down,S10,SHVR,-3653.6,5514,24
71,shock_down,S11,SHVR,-3614.9,5501,-249
71,shock_down,S12,SHVR,-1559.5,5465,-275
71,shock_down,S13,SHVR,-6194.4,5490,-94
71,shock_down,S14,SHVR,-5135.8,5502,-58
71,shock_down,S15,SNPR,-990.0,1266,-40
71,shock_down,S16,SNPR,-816.4,1236,-104
71,shock_down,S17,SNPR,-1021.6,1238,4
71,shock_down,S18,SNPR,-1577.8,1260,-38
71,shock_down,S19,SNPR,-916.6,1256,-36
71,shock_down,Z20,ZIP,10480.6,3486,-4
71,shock_down,Z21,ZIP,14063.1,3553,-179
71,shock_down,Z22,ZIP,12670.5,3531,-135
71,shock_down,Z23,ZIP,13952.4,3550,-176
71,shock_down,Z24,ZIP,12718.6,3442,-154
71,shock_down,P25,PRSH,-1080.0,334,290
71,shock_down,P26,PRSH,-1051.4,518,486
71,shock_down,P27,PRSH,-1072.2,314,268
71,shock_down,P28,PRSH,-1277.1,375,319
71,shock_down,P29,PRSH,-1947.8,438,382
72,shock_down,G00,GVWY,-1799.4,6374,-596
72,shock_down,G01,GVWY,-3260.1,6331,-569
72,shock_down,G02,GVWY,-6323.0,6392,-510
72,shock_down,G03,GVWY,-5108.0,6366,-550
72,shock_down,G04,GVWY,-2954.8,6376,-542
72,shock_down,Z05,ZIC,-1073.8,602,348
72,shock_down,Z06,ZIC,-497.2,614,312
72,shock_down,Z07,ZIC,-535.5,603,325
72,shock_down,Z08,ZIC,-12.8,606,358
72,shock_down,Z09,ZIC,-1690.2,626,342
72,shock_down,S10,SHVR,-4389.5,5417,-105
72,shock_down,S11,SHVR,-4032.6,5506,-144
72,shock_down,S12,SHVR,-2672.1,5565,-369
72,shock_down,S13,SHVR,-3915.6,5468,-314
72,shock_down,S14,SHVR,-5964.7,5543,-153
72,shock_down,S15,SNPR,-1313.3,1235,-17
72,shock_down,S16,SNPR,-1459.6,1262,-44
72,shock_down,S17,SNPR,-539.9,1241,-41
72,shock_down,S18,SNPR,-1024.6,1228,-24
72,shock_down,S19,SNPR,-807.3,1253,-57
72,shock_down,Z20,ZIP,10639.5,3495,-85
72,shock_down,Z21,ZIP,11344.1,3601,-101
72,shock_down,Z22,ZIP,10707.5,3527,-195
72,shock_down,Z23,ZIP,14179.9,3599,-279
72,shock_down,Z24,ZIP,15622.4,3652,-314
72,shock_down,P25,PRSH,-2673.2,1180,642
72,shock_down,P26,PRSH,-4114.8,2104,868
72,shock_down,P27,PRSH,194.2,316,268
72,shock_down,P28,PRSH,-1864.5,1159,585
72,shock_down,P29,PRSH,-3311.5,2785,815
73,shock_down,G00,GVWY,-6789.5,6298,-442
73,shock_down,G01,GVWY,-5353.75,6293,-417
73,shock_down,G02,GVWY,-9730.0,6414,-468
73,shock_down,G03,GVWY,-7886.75,6353,-365
73,shock_down,G04,GVWY,-7438.0,6336,-584
73,shock_down,Z05,ZIC,412.0,606,336
73,shock_down,Z06,ZIC,1388.0,594,304
73,shock_down,Z07,ZIC,90.75,569,341
73,shock_down,Z08,ZIC,1295.25,603,295
73,shock_down,Z09,ZIC,964.0,548,280
73,shock_down,S10,SHVR,-6803.5,5442,66
73,shock_down,S11,SHVR,-4161.5,5452,-26
73,shock_down,S12,SHVR,-5611.25,5505,-143
73,shock_down,S13,SHVR,-3419.5,5460,-142
73,shock_down,S14,SHVR,-4986.5,5400,-114
73,shock_down,S15,SNPR,-1379.75,1229,-57
73,shock_down,S16,SNPR,-1347.75,1217,23
73,shock_down,S17,SNPR,-2380.75,1225,-157
73,shock_down,S18,SNPR,-2142.75,1229,-145
73,shock_down,S19,SNPR,-1312.0,1210,-12
73,shock_down,Z20,ZIP,12259.0,3494,-128
73,shock_down,Z21,ZIP,16422.25,3551,-649
73,shock_down,Z22,ZIP,14608.5,3488,-162
73,shock_down,Z23,ZIP,13770.25,3525,-217
73,shock_down,Z24,ZIP,11659.5,3472,-82
73,shock_down,P25,PRSH,1455.25,885,459
73,shock_down,P26,PRSH,-368.25,675,641
73,shock_down,P27,PRSH,-1655.5,1678,766
73,shock_down,P28,PRSH,-195.5,618,322
73,shock_down,P29,PRSH,321.5,358,314
74,shock_down,G00,GVWY,-3513.3,6347,-243
74,shock_down,G01,GVWY,-690.7,6395,-537
74,shock_down,G02,GVWY,-4254.6,6400,-486
74,shock_down,G03,GVWY,2383.6,6392,-464
74,shock_down,G04,GVWY,-4247.6,6364,-376
74,shock_down,Z05,ZIC,-4089.1,577,349
74,shock_down,Z06,ZIC,-4000.9,635,371
74,shock_down,Z07,ZIC,-2420.1,585,269
74,shock_down,Z08,ZIC,-3885.3,625,337
74,shock_down,Z09,ZIC,-3296.5,609,315
74,shock_down,S10,SHVR,-1316.6,5516,-156
74,shock_down,S11,SHVR,-1688.1,5611,-201
74,shock_down,S12,SHVR,-5072.4,5608,-114
74,shock_down,S13,SHVR,-3236.7,5587,-127
74,shock_down,S14,SHVR,-1111.1,5585,-81
74,shock_down,S15,SNPR,143.6,1252,-114
74,shock_down,S16,SNPR,-250.7,1259,-117
74,shock_down,S17,SNPR,-1260.4,1242,-24
74,shock_down,S18,SNPR,-348.6,1244,-26
74,shock_down,S19,SNPR,-1326.8,1266,-28
74,shock_down,Z20,ZIP,11299.9,3511,-71
74,shock_down,Z21,ZIP,10461.5,3487,-105
74,shock_down,Z22,ZIP,11660.7,3605,-243
74,shock_down,Z23,ZIP,20607.2,3676,-578
74,shock_down,Z24,ZIP,15972.5,3459,-275
74,shock_down,P25,PRSH,-8043.8,1460,882
74,shock_down,P26,PRSH,-4136.2,812,418
74,shock_down,P27,PRSH,-3502.2,692,358
74,shock_down,P28,PRSH,-3724.6,748,404
74,shock_down,P29,PRSH,-6789.2,4548,588
75,shock_down,G00,GVWY,-9579.1,6444,-214
75,shock_down,G01,GVWY,-5800.95,6423,-333
75,shock_down,G02,GVWY,-2679.95,6475,-353
75,shock_down,G03,GVWY,-8729.15,6389,-221
75,shock_down,G04,GVWY,-6879.55,6443,-297
75,shock_down,Z05,ZIC,-386.85,591,341
75,shock_down,Z06,ZIC,-762.95,681,407
75,shock_down,Z07,ZIC,-458.3,566,378
75,shock_down,Z08,ZIC,-341.9,660,394
75,shock_down,Z09,ZIC,-842.4,630,384
75,shock_down,S10,SHVR,-5396.0,5586,-60
75,shock_down,S11,SHVR,-8902.05,5593,-87
75,shock_down,S12,SHVR,-6596.75,5615,-105
75,shock_down,S13,SHVR,-4351.1,5656,-194
75,shock_down,S14,SHVR,-4432.3,5652,-262
75,shock_down,S15,SNPR,-480.6,1258,-4
75,shock_down,S16,SNPR,-1321.45,1253,-63
75,shock_down,S17,SNPR,-1128.9,1256,-26
75,shock_down,S18,SNPR,-892.05,1265,-67
75,shock_down,S19,SNPR,-740.7,1262,-78
75,shock_down,Z20,ZIP,17827.55,3663,-723
75,shock_down,Z21,ZIP,8832.55,3503,-103
75,shock_down,Z22,ZIP,12362.05,3525,-213
75,shock_down,Z23,ZIP,17929.25,3639,-785
75,shock_down,Z24,ZIP,19031.85,3707,-921
75,shock_down,P25,PRSH,-4739.5,3554,790
75,shock_down,P26,PRSH,-1111.0,726,440
75,shock_down,P27,PRSH,-166.9,812,414
75,shock_down,P28,PRSH,1716.5,536,510
75,shock_down,P29,PRSH,-383.7,2862,1002
76,shock_down,G00,GVWY,-6191.0,6308,-340
76,shock_down,G01,GVWY,-10569.05,6349,-413
76,shock_down,G02,GVWY,-9270.5,6362,-330
76,shock_down,G03,GVWY,-8368.45,6345,-517
76,shock_down,G04,GVWY,-6314.85,6343,-521
76,shock_down,Z05,ZIC,1574.1,614,346
76,shock_down,Z06,ZIC,1635.15,571,319
76,shock_down,Z07,ZIC,836.3,562,318
76,shock_down,Z08,ZIC,857.2,606,352
76,shock_down,Z09,ZIC,850.6,638,356
76,shock_down,S10,SHVR,-6466.55,5499,57
76,shock_down,S11,SHVR,-4670.6,5502,104
76,shock_down,S12,SHVR,-6321.8,5464,-108
76,shock_down,S13,SHVR,-4073.85,5469,-161
76,shock_down,S14,SHVR,-3784.3,5472,-58
76,shock_down,S15,SNPR,-2453.3,1268,-118
76,shock_down,S16,SNPR,-1515.2,1226,-12
76,shock_down,S17,SNPR,-1568.6,1244,-16
76,shock_down,S18,SNPR,-1052.85,1235,-41
76,shock_down,S19,SNPR,-2212.8,1218,-108
76,shock_down,Z20,ZIP,10329.1,3402,-134
76,shock_down,Z21,ZIP,14276.8,3688,-332
76,shock_down,Z22,ZIP,12320.15,3549,-221
76,shock_down,Z23,ZIP,10156.2,3482,-168
76,shock_down,Z24,ZIP,12368.4,3626,-656
76,shock_down,P25,PRSH,2274.15,645,399
76,shock_down,P26,PRSH,922.85,721,401
76,shock_down,P27,PRSH,1270.2,1110,472
76,shock_down,P28,PRSH,813.25,675,345
76,shock_down,P29,PRSH,4946.55,745,703
77,shock_down,G00,GVWY,-4706.5,6334,-550
77,shock_down,G01,GVWY,-7446.55,6343,-349
77,shock_down,G02,GVWY,-7531.05,6361,-419
77,shock_down,G03,GVWY,-2722.95,6363,-601
77,shock_down,G04,GVWY,-7356.05,6423,-619
77,shock_down,Z05,ZIC,210.55,659,329
77,shock_down,Z06,ZIC,313.05,597,339
77,shock_down,Z07,ZIC,-374.55,597,331
77,shock_down,Z08,ZIC,350.95,629,361
77,shock_down,Z09,ZIC,574.0,612,360
77,shock_down,S10,SHVR,-3471.55,5497,-89
77,shock_down,S11,SHVR,-8898.1,5478,102
77,shock_down,S12,SHVR,-6471.55,5583,-89
77,shock_down,S13,SHVR,-4285.4,5482,-312
77,shock_down,S14,SHVR,-4524.4,5492,-292
77,shock_down,S15,SNPR,-1232.75,1257,-5
77,shock_down,S16,SNPR,-1190.35,1227,-53
77,shock_down,S17,SNPR,-1069.45,1203,-51
77,shock_down,S18,SNPR,-1835.85,1251,-23
77,shock_down,S19,SNPR,-2038.15,1223,-97
77,shock_down,Z20,ZIP,10513.4,3492,-148
77,shock_down,Z21,ZIP,9970.65,3601,-273
77,shock_down,Z22,ZIP,12084.7,3582,-194
77,shock_down,Z23,ZIP,12121.4,3496,-108
77,shock_down,Z24,ZIP,11833.35,3617,-407
77,shock_down,P25,PRSH,3572.25,805,695
77,shock_down,P26,PRSH,742.45,1021,531
77,shock_down,P27,PRSH,2629.8,1214,624
77,shock_down,P28,PRSH,324.65,1237,627
77,shock_down,P29,PRSH,709.45,367,291
78,shock_down,G00,GVWY,-7848.25,6463,-415
78,shock_down,G01,GVWY,-5208.75,6443,-457
78,shock_down,G02,GVWY,-1978.0,6432,-440
78,shock_down,G03,GVWY,-4993.0,6442,-324
78,shock_down,G04,GVWY,-3348.0,6422,-260
78,shock_down,Z05,ZIC,-254.75,617,291
78,shock_down,Z06,ZIC,80.75,601,321
78,shock_down,Z07,ZIC,-621.5,600,318
78,shock_down,Z08,ZIC,467.75,631,385
78,shock_down,Z09,ZIC,76.5,580,310
78,shock_down,S10,SHVR,-5324.0,5606,-204
78,shock_down,S11,SHVR,-4641.25,5665,-171
78,shock_down,S12,SHVR,-9714.75,5641,19
78,shock_down,S13,SHVR,-5517.25,5681,-67
78,shock_down,S14,SHVR,-4641.75,5647,-161
78,shock_down,S15,SNPR,-917.25,1253,-59
78,shock_down,S16,SNPR,-1285.0,1238,-8
78,shock_down,S17,SNPR,-950.5,1256,-122
78,shock_down,S18,SNPR,-879.5,1258,-74
78,shock_down,S19,SNPR,-552.75,1253,-1
78,shock_down,Z20,ZIP,16620.25,3623,-669
78,shock_down,Z21,ZIP,14824.75,3609,-539
78,shock_down,Z22,ZIP,15661.0,3546,-480
78,shock_down,Z23,ZIP,10674.0,3590,-48
78,shock_down,Z24,ZIP,11596.25,3581,-133
78,shock_down,P25,PRSH,-38.75,853,451
78,shock_down,P26,PRSH,-1888.5,3906,698
78,shock_down,P27,PRSH,-3924.0,2968,588
78,shock_down,P28,PRSH,665.75,1797,745
78,shock_down,P29,PRSH,-3346.0,4970,356
79,shock_down,G00,GVWY,-520.0,6390,-638
79,shock_down,G01,GVWY,-7444.0,6404,-308
79,shock_down,G02,GVWY,-2759.0,6372,-400
79,shock_down,G03,GVWY,-5638.5,6383,-379
79,shock_down,G04,GVWY,-5414.0,6360,-436
79,shock_down,Z05,ZIC,-1217.5,635,315
79,shock_down,Z06,ZIC,-2183.5,607,311
79,shock_down,Z07,ZIC,-1185.5,589,271
79,shock_down,Z08,ZIC,-2128.5,549,313
79,shock_down,Z09,ZIC,-1548.0,594,304
79,shock_down,S10,SHVR,-4926.0,5530,-70
79,shock_down,S11,SHVR,-4379.5,5501,-101
79,shock_down,S12,SHVR,-4634.0,5484,-88
79,shock_down,S13,SHVR,-5744.5,5501,-197
79,shock_down,S14,SHVR,-5662.0,5492,-30
79,shock_down,S15,SNPR,-530.0,1244,-44
79,shock_down,S16,SNPR,-962.5,1269,5
79,shock_down,S17,SNPR,-563.0,1232,-64
79,shock_down,S18,SNPR,-923.5,1263,-109
79,shock_down,S19,SNPR,-728.0,1244,-146
79,shock_down,Z20,ZIP,15566.0,3598,-402
79,shock_down,Z21,ZIP,12396.5,3635,-191
79,shock_down,Z22,ZIP,19690.0,3646,-800
79,shock_down,Z23,ZIP,10107.5,3589,-161
79,shock_down,Z24,ZIP,12966.5,3567,-187
79,shock_down,P25,PRSH,-4630.0,2568,1194
79,shock_down,P26,PRSH,-408.0,314,220
79,shock_down,P27,PRSH,-2384.0,838,482
79,shock_down,P28,PRSH,-1813.5,1627,851
79,shock_down,P29,PRSH,-1109.5,393,359
80,shock_down,G00,GVWY,-3283.4,6424,-544
80,shock_down,G01,GVWY,1102.4,6392,-436
80,shock_down,G02,GVWY,-4316.0,6348,-300
80,shock_down,G03,GVWY,-225.6,6410,-546
80,shock_down,G04,GVWY,-2728.0,6413,-535
80,shock_down,Z05,ZIC,-1750.6,607,339
80,shock_down,Z06,ZIC,-2208.6,579,349
80,shock_down,Z07,ZIC,-682.4,561,241
80,shock_down,Z08,ZIC,-1826.2,614,308
80,shock_down,Z09,ZIC,-2680.4,582,346
80,shock_down,S10,SHVR,-2570.0,5498,-100
80,shock_down,S11,SHVR,-4162.2,5523,-187
80,shock_down,S12,SHVR,-1286.4,5521,-239
80,shock_down,S13,SHVR,-2693.0,5546,-300
80,shock_down,S14,SHVR,-2038.8,5517,-213
80,shock_down,S15,SNPR,-168.4,1232,-64
80,shock_down,S16,SNPR,-735.6,1225,-51
80,shock_down,S17,SNPR,-558.8,1232,-58
80,shock_down,S18,SNPR,-444.2,1266,-92
80,shock_down,S19,SNPR,-723.0,1226,-90
80,shock_down,Z20,ZIP,12310.8,3633,-247
80,shock_down,Z21,ZIP,12480.0,3531,-215
80,shock_down,Z22,ZIP,10786.8,3588,-162
80,shock_down,Z23,ZIP,17440.2,3567,-493
80,shock_down,Z24,ZIP,10932.2,3538,-88
80,shock_down,P25,PRSH,-6713.0,2193,805
80,shock_down,P26,PRSH,-11588.6,3045,969
80,shock_down,P27,PRSH,-6014.0,2849,745
80,shock_down,P28,PRSH,-1074.2,379,313
80,shock_down,P29,PRSH,-2551.4,806,416
81,shock_down,G00,GVWY,-9537.55,6439,-403
81,shock_down,G01,GVWY,-7104.7,6324,-262
81,shock_down,G02,GVWY,-9312.6,6482,-276
81,shock_down,G03,GVWY,-7704.05,6421,-573
81,shock_down,G04,GVWY,-9124.85,6439,-321
81,shock_down,Z05,ZIC,223.6,582,376
81,shock_down,Z06,ZIC,580.7,626,342
81,shock_down,Z07,ZIC,1520.35,631,371
81,shock_down,Z08,ZIC,380.15,613,379
81,shock_down,Z09,ZIC,590.05,657,373
81,shock_down,S10,SHVR,-6069.35,5477,89
81,shock_down,S11,SHVR,-5363.75,5519,-35
81,shock_down,S12,SHVR,-5677.25,5559,-5
81,shock_down,S13,SHVR,-4433.25,5599,-165
81,shock_down,S14,SHVR,-4657.45,5559,-237
81,shock_down,S15,SNPR,-1892.45,1227,3
81,shock_down,S16,SNPR,-1798.7,1242,-62
81,shock_down,S17,SNPR,-818.6,1244,-16
81,shock_down,S18,SNPR,-2005.7,1264,-2
81,shock_down,S19,SNPR,-784.9,1256,-14
81,shock_down,Z20,ZIP,9296.95,3511,-33
81,shock_down,Z21,ZIP,18552.6,3604,-924
81,shock_down,Z22,ZIP,14467.75,3727,-545
81,shock_down,Z23,ZIP,12278.1,3552,-274
81,shock_down,Z24,ZIP,14341.05,3623,-387
81,shock_down,P25,PRSH,613.65,2003,929
81,shock_down,P26,PRSH,1281.1,344,286
81,shock_down,P27,PRSH,863.9,1006,574
81,shock_down,P28,PRSH,1254.1,434,326
81,shock_down,P29,PRSH,1584.35,493,351
82,shock_down,G00,GVWY,-6266.6,6470,-316
82,shock_down,G01,GVWY,-7800.7,6500,-382
82,shock_down,G02,GVWY,-9599.6,6490,-296
82,shock_down,G03,GVWY,-4271.35,6501,-421
82,shock_down,G04,GVWY,-5472.15,6487,-329
82,shock_down,Z05,ZIC,-1325.1,640,354
82,shock_down,Z06,ZIC,-2092.65,623,381
82,shock_down,Z07,ZIC,-29.0,618,320
82,shock_down,Z08,ZIC,-1421.3,678,382
82,shock_down,Z09,ZIC,-2075.0,628,400
82,shock_down,S10,SHVR,-2969.65,5717,-59
82,shock_down,S11,SHVR,-4826.25,5727,-55
82,shock_down,S12,SHVR,-6215.8,5716,-128
82,shock_down,S13,SHVR,-2066.95,5751,-257
82,shock_down,S14,SHVR,-3327.35,5691,-361
82,shock_down,S15,SNPR,-819.45,1287,-7
82,shock_down,S16,SNPR,-576.85,1279,-11
82,shock_down,S17,SNPR,-1229.9,1272,-114
82,shock_down,S18,SNPR,-734.3,1272,-18
82,shock_down,S19,SNPR,-1088.55,1281,-93
82,shock_down,Z20,ZIP,16365.5,3682,-510
82,shock_down,Z21,ZIP,21258.7,3694,-938
82,shock_down,Z22,ZIP,12584.55,3553,-107
82,shock_down,Z23,ZIP,14374.95,3653,-303
82,shock_down,Z24,ZIP,15781.7,3698,-518
82,shock_down,P25,PRSH,-8374.9,3268,926
82,shock_down,P26,PRSH,-4214.7,5260,358
82,shock_down,P27,PRSH,-2576.5,3630,950
82,shock_down,P28,PRSH,177.75,1509,785
82,shock_down,P29,PRSH,-205.7,336,278
83,shock_down,G00,GVWY,1604.0,6452,-580
83,shock_down,G01,GVWY,-4725.1,6356,-562
83,shock_down,G02,GVWY,-4382.95,6419,-339
83,shock_down,G03,GVWY,1014.35,6471,-533
83,shock_down,G04,GVWY,-5415.75,6423,-335
83,shock_down,Z05,ZIC,-2308.5,616,330
83,shock_down,Z06,ZIC,-1679.9,584,282
83,shock_down,Z07,ZIC,-2042.7,614,326
83,shock_down,Z08,ZIC,-2266.75,587,325
83,shock_down,Z09,ZIC,-1720.15,573,317
83,shock_down,S10,SHVR,-2134.55,5645,-251
83,shock_down,S11,SHVR,-2393.1,5656,-142
83,shock_down,S12,SHVR,-8024.35,5601,53
83,shock_down,S13,SHVR,-3241.5,5672,-170
83,shock_down,S14,SHVR,-6045.25,5633,-45
83,shock_down,S15,SNPR,-1520.45,1265,-49
83,shock_down,S16,SNPR,-477.3,1266,-166
83,shock_down,S17,SNPR,-536.1,1246,-62
83,shock_down,S18,SNPR,-743.95,1223,-59
83,shock_down,S19,SNPR,-898.4,1254,12
83,shock_down,Z20,ZIP,17670.6,3690,-428
83,shock_down,Z21,ZIP,13971.0,3564,-220
83,shock_down,Z22,ZIP,15553.85,3665,-263
83,shock_down,Z23,ZIP,17684.25,3531,-355
83,shock_down,Z24,ZIP,12522.85,3559,-163
83,shock_down,P25,PRSH,-2342.65,5569,7
83,shock_down,P26,PRSH,-6099.5,834,810
83,shock_down,P27,PRSH,-2007.9,562,342
83,shock_down,P28,PRSH,-8056.95,3513,881
83,shock_down,P29,PRSH,-8556.55,2181,889
84,shock_down,G00,GVWY,1957.8,6300,-416
84,shock_down,G01,GVWY,2415.35,6347,-567
84,shock_down,G02,GVWY,-2293.2,6252,-436
84,shock_down,G03,GVWY,1749.8,6322,-616
84,shock_down,G04,GVWY,1063.9,6340,-558
84,shock_down,Z05,ZIC,-5104.65,599,393
84,shock_down,Z06,ZIC,-2954.1,574,282
84,shock_down,Z07,ZIC,-3592.9,580,318
84,shock_down,Z08,ZIC,-2810.6,538,312
84,shock_down,Z09,ZIC,-2884.6,612,312
84,shock_down,S10,SHVR,-2416.3,5456,-154
84,shock_down,S11,SHVR,-4594.9,5414,-162
84,shock_down,S12,SHVR,-3928.5,5456,-190
84,shock_down,S13,SHVR,-4192.15,5463,-57
84,shock_down,S14,SHVR,-2990.2,5462,-156
84,shock_down,S15,SNPR,-936.8,1248,-4
84,shock_down,S16,SNPR,-1114.65,1229,-27
84,shock_down,S17,SNPR,-1413.1,1244,2
84,shock_down,S18,SNPR,-317.35,1243,-93
84,shock_down,S19,SNPR,-605.05,1227,-99
84,shock_down,Z20,ZIP,9679.7,3436,-54
84,shock_down,Z21,ZIP,9583.9,3482,-58
84,shock_down,Z22,ZIP,15838.85,3571,-357
84,shock_down,Z23,ZIP,11790.75,3503,-35
84,shock_down,Z24,ZIP,11717.8,3562,-116
84,shock_down,P25,PRSH,-7300.65,1699,713
84,shock_down,P26,PRSH,-2142.1,354,302
84,shock_down,P27,PRSH,-5042.75,1171,755
84,shock_down,P28,PRSH,-4635.25,805,405
84,shock_down,P29,PRSH,-2234.8,298,236
85,shock_down,G00,GVWY,-6814.2,6362,-118
85,shock_down,G01,GVWY,-5564.0,6368,-520
85,shock_down,G02,GVWY,-7385.3,6371,-417
85,shock_down,G03,GVWY,-4305.4,6378,-406
85,shock_down,G04,GVWY,-3647.2,6390,-528
85,shock_down,Z05,ZIC,-1541.4,662,374
85,shock_down,Z06,ZIC,-1135.5,627,385
85,shock_down,Z07,ZIC,-1383.7,659,327
85,shock_down,Z08,ZIC,-500.9,599,329
85,shock_down,Z09,ZIC,-1175.2,564,322
85,shock_down,S10,SHVR,-6185.9,5505,-41
85,shock_down,S11,SHVR,-2304.6,5520,-154
85,shock_down,S12,SHVR,-3382.5,5493,-55
85,shock_down,S13,SHVR,-3727.5,5431,-55
85,shock_down,S14,SHVR,-5339.6,5530,-204
85,shock_down,S15,SNPR,-1314.5,1231,-15
85,shock_down,S16,SNPR,-855.6,1226,-54
85,shock_down,S17,SNPR,-1029.0,1220,-50
85,shock_down,S18,SNPR,-1027.2,1246,-118
85,shock_down,S19,SNPR,-1205.8,1230,-22
85,shock_down,Z20,ZIP,15111.3,3669,-303
85,shock_down,Z21,ZIP,12170.6,3582,-116
85,shock_down,Z22,ZIP,13007.8,3492,-228
85,shock_down,Z23,ZIP,13100.4,3536,-134
85,shock_down,Z24,ZIP,14023.0,3656,-370
85,shock_down,P25,PRSH,-2897.6,1266,586
85,shock_down,P26,PRSH,-203.6,664,376
85,shock_down,P27,PRSH,-1239.2,304,242
85,shock_down,P28,PRSH,-954.4,320,264
85,shock_down,P29,PRSH,-1491.7,1497,617
86,shock_down,G00,GVWY,-3965.25,6399,-385
86,shock_down,G01,GVWY,-5105.0,6398,-400
86,shock_down,G02,GVWY,-2653.5,6360,-470
86,shock_down,G03,GVWY,-5745.05,6365,-373
86,shock_down,G04,GVWY,-6543.3,6354,-458
86,shock_down,Z05,ZIC,-2076.65,639,351
86,shock_down,Z06,ZIC,-1114.35,579,269
86,shock_down,Z07,ZIC,-1094.3,596,322
86,shock_down,Z08,ZIC,-1046.75,625,305
86,shock_down,Z09,ZIC,-2014.4,576,316
86,shock_down,S10,SHVR,-3591.0,5562,-280
86,shock_down,S11,SHVR,-3931.7,5496,18
86,shock_down,S12,SHVR,-2482.15,5613,-159
86,shock_down,S13,SHVR,-4008.45,5583,-117
86,shock_down,S14,SHVR,-3151.95,5579,-307
86,shock_down,S15,SNPR,-1146.8,1238,-68
86,shock_down,S16,SNPR,-902.75,1245,45
86,shock_down,S17,SNPR,-1054.65,1259,-69
86,shock_down,S18,SNPR,-519.05,1263,-73
86,shock_down,S19,SNPR,-1050.4,1260,-44
86,shock_down,Z20,ZIP,16294.75,3739,-345
86,shock_down,Z21,ZIP,12263.65,3429,-111
86,shock_down,Z22,ZIP,11582.55,3603,-57
86,shock_down,Z23,ZIP,11840.0,3670,-220
86,shock_down,Z24,ZIP,11655.8,3476,-132
86,shock_down,P25,PRSH,-4073.8,2928,792
86,shock_down,P26,PRSH,-1407.7,684,338
86,shock_down,P27,PRSH,-1215.9,772,386
86,shock_down,P28,PRSH,-471.25,349,275
86,shock_down,P29,PRSH,-1232.55,3727,537
87,shock_down,G00,GVWY,-5175.5,6366,-470
87,shock_down,G01,GVWY,-2725.25,6399,-525
87,shock_down,G02,GVWY,-6597.65,6287,-377
87,shock_down,G03,GVWY,-1762.0,6392,-440
87,shock_down,G04,GVWY,-3170.1,6346,-518
87,shock_down,Z05,ZIC,-2031.8,646,356
87,shock_down,Z06,ZIC,318.15,593,267
87,shock_down,Z07,ZIC,-1416.6,570,292
87,shock_down,Z08,ZIC,-1445.0,582,320
87,shock_down,Z09,ZIC,-971.9,588,298
87,shock_down,S10,SHVR,-5874.95,5527,-51
87,shock_down,S11,SHVR,-6574.7,5458,-106
87,shock_down,S12,SHVR,-3152.6,5472,-288
87,shock_down,S13,SHVR,-3983.95,5487,-211
87,shock_down,S14,SHVR,-1359.9,5430,-262
87,shock_down,S15,SNPR,-486.65,1229,-117
87,shock_down,S16,SNPR,-625.85,1237,-53
87,shock_down,S17,SNPR,-1482.4,1232,8
87,shock_down,S18,SNPR,-1327.85,1229,-133
87,shock_down,S19,SNPR,-898.15,1251,-127
87,shock_down,Z20,ZIP,11436.85,3539,-127
87,shock_down,Z21,ZIP,16626.6,3602,-272
87,shock_down,Z22,ZIP,13640.3,3470,-6
87,shock_down,Z23,ZIP,10877.75,3389,-105
87,shock_down,Z24,ZIP,15206.5,3624,-190
87,shock_down,P25,PRSH,-2110.6,1144,552
87,shock_down,P26,PRSH,-842.45,283,219
87,shock_down,P27,PRSH,-359.65,285,223
87,shock_down,P28,PRSH,-3468.1,1988,782
87,shock_down,P29,PRSH,-8236.1,2160,922
88,shock_down,G00,GVWY,-5735.2,6397,-441
88,shock_down,G01,GVWY,-10001.6,6435,-473
88,shock_down,G02,GVWY,-8508.4,6405,-227
88,shock_down,G03,GVWY,-6301.6,6398,-468
88,shock_down,G04,GVWY,-5184.4,6404,-362
88,shock_down,Z05,ZIC,388.2,611,331
88,shock_down,Z06,ZIC,593.6,608,338
88,shock_down,Z07,ZIC,178.8,605,349
88,shock_down,Z08,ZIC,636.6,621,313
88,shock_down,Z09,ZIC,496.8,615,319
88,shock_down,S10,SHVR,-9240.2,5572,4
88,shock_down,S11,SHVR,-6765.8,5565,-49
88,shock_down,S12,SHVR,-4276.2,5553,-131
88,shock_down,S13,SHVR,-5636.8,5574,-104
88,shock_down,S14,SHVR,-2680.4,5580,-172
88,shock_down,S15,SNPR,-1088.8,1244,-44
88,shock_down,S16,SNPR,-1802.0,1244,10
88,shock_down,S17,SNPR,-1468.0,1231,-35
88,shock_down,S18,SNPR,-1058.6,1254,22
88,shock_down,S19,SNPR,-1083.6,1239,-3
88,shock_down,Z20,ZIP,10693.8,3515,-121
88,shock_down,Z21,ZIP,18305.4,3673,-1043
88,shock_down,Z22,ZIP,15875.6,3629,-417
88,shock_down,Z23,ZIP,11316.2,3501,-129
88,shock_down,Z24,ZIP,13584.0,3637,-375
88,shock_down,P25,PRSH,510.6,315,253
88,shock_down,P26,PRSH,293.0,1648,840
88,shock_down,P27,PRSH,1077.6,415,363
88,shock_down,P28,PRSH,-981.6,495,457
88,shock_down,P29,PRSH,-603.8,2587,861
89,shock_down,G00,GVWY,-3725.9,6392,-374
89,shock_down,G01,GVWY,-1023.65,6391,-559
89,shock_down,G02,GVWY,61.2,6366,-588
89,shock_down,G03,GVWY,-4747.4,6406,-264
89,shock_down,G04,GVWY,-5030.65,6359,-299
89,shock_down,Z05,ZIC,-2819.8,636,312
89,shock_down,Z06,ZIC,-2573.0,650,360
89,shock_down,Z07,ZIC,-1618.4,640,336
89,shock_down,Z08,ZIC,-2901.05,681,397
89,shock_down,Z09,ZIC,-2667.6,560,304
89,shock_down,S10,SHVR,-2033.6,5514,-176
89,shock_down,S11,SHVR,-3953.4,5460,-204
89,shock_down,S12,SHVR,-5498.95,5509,-77
89,shock_down,S13,SHVR,-4886.7,5516,-22
89,shock_down,S14,SHVR,-1774.65,5529,-219
89,shock_down,S15,SNPR,-637.75,1247,-45
89,shock_down,S16,SNPR,-878.15,1245,-9
89,shock_down,S17,SNPR,-363.0,1244,-60
89,shock_down,S18,SNPR,-956.95,1231,3
89,shock_down,S19,SNPR,-912.35,1247,19
89,shock_down,Z20,ZIP,11103.3,3496,-162
89,shock_down,Z21,ZIP,25620.85,3599,-949
89,shock_down,Z22,ZIP,9988.6,3490,-64
89,shock_down,Z23,ZIP,15977.0,3598,-300
89,shock_down,Z24,ZIP,11334.5,3476,-110
89,shock_down,P25,PRSH,-1818.7,332,278
89,shock_down,P26,PRSH,-1157.0,338,260
89,shock_down,P27,PRSH,-3861.45,587,553
89,shock_down,P28,PRSH,-11347.95,3259,1083
89,shock_down,P29,PRSH,-3290.0,758,440
90,shock_down,G00,GVWY,-8067.4,6439,-209
90,shock_down,G01,GVWY,-8362.0,6426,-390
90,shock_down,G02,GVWY,-5300.2,6482,-612
90,shock_down,G03,GVWY,-3716.8,6408,-368
90,shock_down,G04,GVWY,-8244.6,6438,-296
90,shock_down,Z05,ZIC,-541.2,639,303
90,shock_down,Z06,ZIC,-254.2,556,328
90,shock_down,Z07,ZIC,-519.0,654,350
90,shock_down,Z08,ZIC,342.6,636,376
90,shock_down,Z09,ZIC,-326.8,586,322
90,shock_down,S10,SHVR,-6097.0,5545,-35
90,shock_down,S11,SHVR,-455.2,5593,-187
90,shock_down,S12,SHVR,-1265.8,5576,-238
90,shock_down,S13,SHVR,-4497.2,5602,-2
90,shock_down,S14,SHVR,-1991.8,5585,-263
90,shock_down,S15,SNPR,-1255.6,1225,-11
90,shock_down,S16,SNPR,-1239.0,1231,-45
90,shock_down,S17,SNPR,-1199.6,1225,-61
90,shock_down,S18,SNPR,-1115.2,1265,-27
90,shock_down,S19,SNPR,-1517.8,1245,-93
90,shock_down,Z20,ZIP,10658.4,3513,-211
90,shock_down,Z21,ZIP,17264.8,3698,-612
90,shock_down,Z22,ZIP,9903.0,3508,-270
90,shock_down,Z23,ZIP,12261.2,3651,-363
90,shock_down,Z24,ZIP,13764.2,3726,-248
90,shock_down,P25,PRSH,562.0,632,340
90,shock_down,P26,PRSH,-2688.4,2146,1276
90,shock_down,P27,PRSH,-5365.2,4763,503
90,shock_down,P28,PRSH,373.0,386,320
90,shock_down,P29,PRSH,512.8,417,313
91,shock_down,G00,GVWY,-845.2,6496,-496
91,shock_down,G01,GVWY,-5485.0,6432,-440
91,shock_down,G02,GVWY,-2808.7,6459,-361
91,shock_down,G03,GVWY,-2548.2,6450,-446
91,shock_down,G04,GVWY,-2397.3,6469,-359
91,shock_down,Z05,ZIC,-895.3,613,311
91,shock_down,Z06,ZIC,-2869.2,662,384
91,shock_down,Z07,ZIC,-2342.9,633,353
91,shock_down,Z08,ZIC,-1616.6,672,332
91,shock_down,Z09,ZIC,-2312.7,609,359
91,shock_down,S10,SHVR,-3254.8,5742,-174
91,shock_down,S11,SHVR,-3696.2,5698,-136
91,shock_down,S12,SHVR,-1648.8,5678,-194
91,shock_down,S13,SHVR,-4226.4,5754,-102
91,shock_down,S14,SHVR,-2802.1,5631,-283
91,shock_down,S15,SNPR,-521.5,1233,-65
91,shock_down,S16,SNPR,-320.2,1250,-176
91,shock_down,S17,SNPR,-1372.0,1252,60
91,shock_down,S18,SNPR,-847.3,1285,-79
91,shock_down,S19,SNPR,-217.0,1272,-190
91,shock_down,Z20,ZIP,12366.6,3634,-132
91,shock_down,Z21,ZIP,10319.9,3689,-133
91,shock_down,Z22,ZIP,13126.7,3587,-159
91,shock_down,Z23,ZIP,23987.2,3614,-934
91,shock_down,Z24,ZIP,16131.5,3673,-305
91,shock_down,P25,PRSH,-5869.3,4823,431
91,shock_down,P26,PRSH,-4996.7,4367,699
91,shock_down,P27,PRSH,-3915.6,1030,542
91,shock_down,P28,PRSH,-7251.1,4467,547
91,shock_down,P29,PRSH,-8757.5,2907,1045
92,shock_down,G00,GVWY,-6243.0,6379,-295
92,shock_down,G01,GVWY,-6446.8,6353,-209
92,shock_down,G02,GVWY,-9209.6,6379,-273
92,shock_down,G03,GVWY,-6614.8,6352,-334
92,shock_down,G04,GVWY,-5116.6,6313,-303
92,shock_down,Z05,ZIC,178.6,703,403
92,shock_down,Z06,ZIC,150.8,610,354
92,shock_down,Z07,ZIC,712.4,617,357
92,shock_down,Z08,ZIC,-150.8,691,381
92,shock_down,Z09,ZIC,-807.4,637,373
92,shock_down,S10,SHVR,-7478.4,5522,-72
92,shock_down,S11,SHVR,-5909.6,5545,-33
92,shock_down,S12,SHVR,-7045.4,5527,-157
92,shock_down,S13,SHVR,-4651.2,5541,-311
92,shock_down,S14,SHVR,-3175.6,5547,-353
92,shock_down,S15,SNPR,-1204.6,1256,-28
92,shock_down,S16,SNPR,-1186.4,1261,-77
92,shock_down,S17,SNPR,-1329.4,1231,-27
92,shock_down,S18,SNPR,-1438.6,1264,-88
92,shock_down,S19,SNPR,-344.6,1253,-23
92,shock_down,Z20,ZIP,10498.0,3485,95
92,shock_down,Z21,ZIP,15398.8,3396,-126
92,shock_down,Z22,ZIP,13321.2,3350,-104
92,shock_down,Z23,ZIP,12963.0,3531,-325
92,shock_down,Z24,ZIP,18948.4,3691,-783
92,shock_down,P25,PRSH,-15.8,362,296
92,shock_down,P26,PRSH,-24.6,322,252
92,shock_down,P27,PRSH,-341.0,316,270
92,shock_down,P28,PRSH,-1432.0,1455,775
92,shock_down,P29,PRSH,-277.4,338,298
93,shock_down,G00,GVWY,-679.75,6389,-565
93,shock_down,G01,GVWY,-2919.75,6357,-513
93,shock_down,G02,GVWY,-4469.75,6391,-453
93,shock_down,G03,GVWY,-2225.0,6398,-536
93,shock_down,G04,GVWY,-3485.5,6376,-290
93,shock_down,Z05,ZIC,-1389.25,579,309
93,shock_down,Z06,ZIC,-2364.0,606,324
93,shock_down,Z07,ZIC,-833.5,546,282
93,shock_down,Z08,ZIC,-1770.25,609,281
93,shock_down,Z09,ZIC,-2103.25,583,317
93,shock_down,S10,SHVR,-4315.75,5511,-77
93,shock_down,S11,SHVR,-2578.0,5516,-176
93,shock_down,S12,SHVR,-2899.75,5557,-321
93,shock_down,S13,SHVR,-6070.0,5498,-56
93,shock_down,S14,SHVR,-8096.0,5552,-104
93,shock_down,S15,SNPR,-990.75,1227,-25
93,shock_down,S16,SNPR,-1223.0,1248,-40
93,shock_down,S17,SNPR,-693.75,1237,11
93,shock_down,S18,SNPR,-779.5,1226,-66
93,shock_down,S19,SNPR,-765.5,1252,-146
93,shock_down,Z20,ZIP,14254.75,3413,-231
93,shock_down,Z21,ZIP,16027.25,3489,-285
93,shock_down,Z22,ZIP,12986.75,3555,-211
93,shock_down,Z23,ZIP,13791.5,3424,-310
93,shock_down,Z24,ZIP,11218.25,3479,-141
93,shock_down,P25,PRSH,-1431.75,325,279
93,shock_down,P26,PRSH,-3402.5,3362,802
93,shock_down,P27,PRSH,-7290.75,1915,799
93,shock_down,P28,PRSH,-3737.0,1944,776
93,shock_down,P29,PRSH,-429.25,301,253
94,shock_down,G00,GVWY,-1001.2,6354,-464
94,shock_down,G01,GVWY,-515.2,6301,-579
94,shock_down,G02,GVWY,-4882.2,6367,-229
94,shock_down,G03,GVWY,-1312.6,6337,-527
94,shock_down,G04,GVWY,-2405.2,6354,-494
94,shock_down,Z05,ZIC,-2139.2,617,351
94,shock_down,Z06,ZIC,-2361.8,573,319
94,shock_down,Z07,ZIC,-3004.2,570,316
94,shock_down,Z08,ZIC,-2158.4,595,317
94,shock_down,Z09,ZIC,-2602.2,629,311
94,shock_down,S10,SHVR,-2649.8,5515,-131
94,shock_down,S11,SHVR,-2557.6,5513,-167
94,shock_down,S12,SHVR,-5828.0,5441,-5
94,shock_down,S13,SHVR,-5781.8,5504,-96
94,shock_down,S14,SHVR,-4610.4,5455,-153
94,shock_down,S15,SNPR,-1155.2,1240,-84
94,shock_down,S16,SNPR,-1431.4,1233,-63
94,shock_down,S17,SNPR,-1151.2,1228,-84
94,shock_down,S18,SNPR,-351.2,1245,-139
94,shock_down,S19,SNPR,-1634.2,1235,-69
94,shock_down,Z20,ZIP,14422.6,3532,-228
94,shock_down,Z21,ZIP,14198.0,3533,-205
94,shock_down,Z22,ZIP,17340.6,3530,-488
94,shock_down,Z23,ZIP,11849.4,3434,-12
94,shock_down,Z24,ZIP,11261.4,3376,38
94,shock_down,P25,PRSH,-2619.4,925,427
94,shock_down,P26,PRSH,-6425.0,1219,645
94,shock_down,P27,PRSH,-5290.6,1424,738
94,shock_down,P28,PRSH,-1741.4,314,272
94,shock_down,P29,PRSH,-1696.8,412,374
95,shock_down,G00,GVWY,-3824.6,6340,-394
95,shock_down,G01,GVWY,-5360.4,6411,-381
95,shock_down,G02,GVWY,-5128.4,6376,-496
95,shock_down,G03,GVWY,-1708.8,6385,-707
95,shock_down,G04,GVWY,-3359.8,6370,-562
95,shock_down,Z05,ZIC,-1527.2,589,307
95,shock_down,Z06,ZIC,-1196.0,605,335
95,shock_down,Z07,ZIC,-2154.2,649,347
95,shock_down,Z08,ZIC,-1853.6,643,341
95,shock_down,Z09,ZIC,-2939.6,579,341
95,shock_down,S10,SHVR,-4660.4,5559,9
95,shock_down,S11,SHVR,-2874.6,5541,-179
95,shock_down,S12,SHVR,-4271.6,5534,-104
95,shock_down,S13,SHVR,-4929.0,5520,-230
95,shock_down,S14,SHVR,-681.6,5560,-274
95,shock_down,S15,SNPR,-1237.4,1239,-41
95,shock_down,S16,SNPR,-1096.4,1266,-136
95,shock_down,S17,SNPR,-1124.2,1267,-63
95,shock_down,S18,SNPR,-1391.4,1250,44
95,shock_down,S19,SNPR,-641.8,1244,-22
95,shock_down,Z20,ZIP,13513.0,3495,-95
95,shock_down,Z21,ZIP,15502.2,3650,-422
95,shock_down,Z22,ZIP,13862.4,3620,-144
95,shock_down,Z23,ZIP,11273.4,3538,-134
95,shock_down,Z24,ZIP,18137.6,3623,-541
95,shock_down,P25,PRSH,-1652.2,363,287
95,shock_down,P26,PRSH,-5569.6,2281,891
95,shock_down,P27,PRSH,-5984.0,2697,885
95,shock_down,P28,PRSH,-1336.0,527,325
95,shock_down,P29,PRSH,-4326.4,1507,719
96,shock_down,G00,GVWY,-4321.0,6437,-391
96,shock_down,G01,GVWY,-5009.0,6430,-466
96,shock_down,G02,GVWY,-5384.0,6474,-318
96,shock_down,G03,GVWY,-7139.0,6402,-296
96,shock_down,G04,GVWY,-10225.0,6453,-223
96,shock_down,Z05,ZIC,-1437.0,616,360
96,shock_down,Z06,ZIC,-635.0,641,327
96,shock_down,Z07,ZIC,-593.0,609,353
96,shock_down,Z08,ZIC,-1148.0,613,329
96,shock_down,Z09,ZIC,-1027.0,630,384
96,shock_down,S10,SHVR,-7339.0,5652,-174
96,shock_down,S11,SHVR,-5550.0,5689,-263
96,shock_down,S12,SHVR,-5019.0,5601,-47
96,shock_down,S13,SHVR,-8590.0,5559,87
96,shock_down,S14,SHVR,-2942.0,5611,-91
96,shock_down,S15,SNPR,-1736.0,1249,59
96,shock_down,S16,SNPR,-1032.0,1251,-57
96,shock_down,S17,SNPR,-1830.0,1233,-159
96,shock_down,S18,SNPR,-699.0,1245,45
96,shock_down,S19,SNPR,-1349.0,1262,-144
96,shock_down,Z20,ZIP,15722.0,3646,-470
96,shock_down,Z21,ZIP,21572.0,3633,-683
96,shock_down,Z22,ZIP,11197.0,3528,-24
96,shock_down,Z23,ZIP,15387.0,3655,-343
96,shock_down,Z24,ZIP,12741.0,3572,-348
96,shock_down,P25,PRSH,579.0,1070,580
96,shock_down,P26,PRSH,202.0,290,250
96,shock_down,P27,PRSH,-2680.0,4690,496
96,shock_down,P28,PRSH,90.0,334,288
96,shock_down,P29,PRSH,-1389.0,3903,865
97,shock_down,G00,GVWY,-6692.55,6365,-269
97,shock_down,G01,GVWY,-5178.25,6401,-175
97,shock_down,G02,GVWY,-657.6,6392,-308
97,shock_down,G03,GVWY,3856.7,6358,-534
97,shock_down,G04,GVWY,1703.5,6406,-510
97,shock_down,Z05,ZIC,-5122.5,662,370
97,shock_down,Z06,ZIC,-3858.1,588,302
97,shock_down,Z07,ZIC,-5312.8,656,356
97,shock_down,Z08,ZIC,-4252.25,583,345
97,shock_down,Z09,ZIC,-4303.2,588,304
97,shock_down,S10,SHVR,-4873.85,5499,17
97,shock_down,S11,SHVR,-9424.5,5504,70
97,shock_down,S12,SHVR,-1134.2,5452,-176
97,shock_down,S13,SHVR,-9876.55,5447,151
97,shock_down,S14,SHVR,-7065.95,5495,-101
97,shock_down,S15,SNPR,-161.0,1208,-120
97,shock_down,S16,SNPR,-874.25,1243,-95
97,shock_down,S17,SNPR,-845.25,1247,-35
97,shock_down,S18,SNPR,-1540.5,1220,10
97,shock_down,S19,SNPR,-898.85,1229,-43
97,shock_down,Z20,ZIP,14295.35,3549,-207
97,shock_down,Z21,ZIP,15549.55,3543,-151
97,shock_down,Z22,ZIP,34745.15,3585,-1003
97,shock_down,Z23,ZIP,13389.05,3513,-121
97,shock_down,Z24,ZIP,12162.5,3676,-90
97,shock_down,P25,PRSH,-3736.05,367,301
97,shock_down,P26,PRSH,-2959.25,339,305
97,shock_down,P27,PRSH,-8794.1,1478,682
97,shock_down,P28,PRSH,-2924.15,357,303
97,shock_down,P29,PRSH,-3859.25,449,405
98,shock_down,G00,GVWY,-4658.75,6453,-375
98,shock_down,G01,GVWY,-8522.55,6419,-267
98,shock_down,G02,GVWY,-4531.0,6426,-460
98,shock_down,G03,GVWY,-5336.75,6429,-335
98,shock_down,G04,GVWY,-8188.75,6435,-375
98,shock_down,Z05,ZIC,-1686.8,672,368
98,shock_down,Z06,ZIC,-775.7,616,342
98,shock_down,Z07,ZIC,-1051.1,638,326
98,shock_down,Z08,ZIC,-859.75,569,305
98,shock_down,Z09,ZIC,-2038.5,696,410
98,shock_down,S10,SHVR,-6794.4,5662,-36
98,shock_down,S11,SHVR,-6146.2,5598,-188
98,shock_down,S12,SHVR,-6318.8,5664,-32
98,shock_down,S13,SHVR,-3376.75,5631,-215
98,shock_down,S14,SHVR,-3951.3,5592,-82
98,shock_down,S15,SNPR,-869.85,1249,-9
98,shock_down,S16,SNPR,-823.5,1246,-10
98,shock_down,S17,SNPR,-1093.5,1242,-90
98,shock_down,S18,SNPR,-1036.5,1232,-10
98,shock_down,S19,SNPR,-1515.55,1257,-47
98,shock_down,Z20,ZIP,15775.25,3683,-315
98,shock_down,Z21,ZIP,14806.0,3716,-380
98,shock_down,Z22,ZIP,16070.9,3496,-334
98,shock_down,Z23,ZIP,17237.55,3609,-553
98,shock_down,Z24,ZIP,14895.95,3591,-337
98,shock_down,P25,PRSH,-1066.7,896,502
98,shock_down,P26,PRSH,-490.4,432,364
98,shock_down,P27,PRSH,-1096.45,2137,847
98,shock_down,P28,PRSH,-1572.2,698,452
98,shock_down,P29,PRSH,-4368.45,5083,467
99,shock_down,G00,GVWY,-1240.15,6337,-471
99,shock_down,G01,GVWY,855.05,6325,-483
99,shock_down,G02,GVWY,-506.05,6353,-577
99,shock_down,G03,GVWY,1355.3,6336,-678
99,shock_down,G04,GVWY,856.15,6353,-489
99,shock_down,Z05,ZIC,-1915.9,654,314
99,shock_down,Z06,ZIC,-4813.65,601,359
99,shock_down,Z07,ZIC,-1828.7,534,282
99,shock_down,Z08,ZIC,-1983.65,577,279
99,shock_down,Z09,ZIC,-3395.3,596,338
99,shock_down,S10,SHVR,-3386.65,5535,-81
99,shock_down,S11,SHVR,-2961.15,5509,-51
99,shock_down,S12,SHVR,-9330.3,5550,78
99,shock_down,S13,SHVR,-3427.6,5466,-164
99,shock_down,S14,SHVR,-1786.85,5515,-329
99,shock_down,S15,SNPR,-461.85,1243,-49
99,shock_down,S16,SNPR,-840.45,1255,-113
99,shock_down,S17,SNPR,-763.15,1253,-31
99,shock_down,S18,SNPR,-1458.25,1245,55
99,shock_down,S19,SNPR,-1141.7,1260,-78
99,shock_down,Z20,ZIP,13273.55,3457,-233
99,shock_down,Z21,ZIP,13473.2,3556,-132
99,shock_down,Z22,ZIP,10767.15,3435,-129
99,shock_down,Z23,ZIP,9757.5,3394,-30
99,shock_down,Z24,ZIP,15095.25,3481,-195
99,shock_down,P25,PRSH,-3821.85,801,451
99,shock_down,P26,PRSH,-7258.75,3431,765
99,shock_down,P27,PRSH,-2031.5,588,310
99,shock_down,P28,PRSH,-6715.25,1351,675
99,shock_down,P29,PRSH,-1878.55,315,273
100,shock_down,G00,GVWY,-4187.75,6387,-525
100,shock_down,G01,GVWY,-6311.25,6373,-395
100,shock_down,G02,GVWY,-364.95,6359,-593
100,shock_down,G03,GVWY,-9084.35,6401,-429
100,shock_down,G04,GVWY,-7225.1,6364,-414
100,shock_down,Z05,ZIC,-1205.4,604,284
100,shock_down,Z06,ZIC,-792.75,515,255
100,shock_down,Z07,ZIC,217.4,584,276
100,shock_down,Z08,ZIC,-868.75,641,355
100,shock_down,Z09,ZIC,-429.25,589,265
100,shock_down,S10,SHVR,-6510.5,5580,90
100,shock_down,S11,SHVR,-7344.25,5507,45
100,shock_down,S12,SHVR,-3922.7,5540,-98
100,shock_down,S13,SHVR,-1212.75,5509,-145
100,shock_down,S14,SHVR,-6106.15,5601,-41
100,shock_down,S15,SNPR,-1019.15,1239,-81
100,shock_down,S16,SNPR,-1065.8,1216,-72
100,shock_down,S17,SNPR,-1180.25,1245,-75
100,shock_down,S18,SNPR,-923.3,1248,-22
100,shock_down,S19,SNPR,-1377.85,1265,-99
100,shock_down,Z20,ZIP,10697.75,3467,5
100,shock_down,Z21,ZIP,17985.05,3591,-833
100,shock_down,Z22,ZIP,18451.3,3584,-838
100,shock_down,Z23,ZIP,9593.7,3364,-2
100,shock_down,Z24,ZIP,8729.6,3444,-16
100,shock_down,P25,PRSH,-1563.85,2419,881
100,shock_down,P26,PRSH,-985.8,794,448
100,shock_down,P27,PRSH,-116.0,354,320
100,shock_down,P28,PRSH,-35.8,624,588
100,shock_down,P29,PRSH,-570.1,4148,766
101,shock_down,G00,GVWY,-7578.0,6359,-191
101,shock_down,G01,GVWY,-8854.0,6393,-287
101,shock_down,G02,GVWY,-5530.0,6396,-444
101,shock_down,G03,GVWY,-9317.0,6385,-313
101,shock_down,G04,GVWY,-6602.0,6432,-426
101,shock_down,Z05,ZIC,1291.0,626,374
101,shock_down,Z06,ZIC,421.0,656,368
101,shock_down,Z07,ZIC,1343.0,622,286
101,shock_down,Z08,ZIC,1447.0,638,332
101,shock_down,Z09,ZIC,1549.0,638,352
101,shock_down,S10,SHVR,-3980.0,5506,10
101,shock_down,S11,SHVR,-5406.0,5480,4
101,shock_down,S12,SHVR,-5988.0,5477,39
101,shock_down,S13,SHVR,-7801.0,5541,45
101,shock_down,S14,SHVR,-5470.0,5495,-159
101,shock_down,S15,SNPR,-1485.0,1238,-36
101,shock_down,S16,SNPR,-1934.0,1242,-134
101,shock_down,S17,SNPR,-2384.0,1259,-83
101,shock_down,S18,SNPR,-1262.0,1220,-52
101,shock_down,S19,SNPR,-1628.0,1242,-42
101,shock_down,Z20,ZIP,10852.0,3471,-245
101,shock_down,Z21,ZIP,14287.0,3540,-548
101,shock_down,Z22,ZIP,11407.0,3494,-168
101,shock_down,Z23,ZIP,11125.0,3481,-425
101,shock_down,Z24,ZIP,14493.0,3589,-907
101,shock_down,P25,PRSH,3657.0,1066,956
101,shock_down,P26,PRSH,1153.0,327,255
101,shock_down,P27,PRSH,1189.0,482,362
101,shock_down,P28,PRSH,2075.0,461,409
101,shock_down,P29,PRSH,-596.0,592,550
102,shock_down,G00,GVWY,-7380.3,6271,-277
102,shock_down,G01,GVWY,-3656.9,6323,-391
102,shock_down,G02,GVWY,-7078.9,6295,-191
102,shock_down,G03,GVWY,-7348.4,6300,-346
102,shock_down,G04,GVWY,-4860.1,6297,-429
102,shock_down,Z05,ZIC,-1380.3,593,363
102,shock_down,Z06,ZIC,-883.5,641,345
102,shock_down,Z07,ZIC,-1404.4,624,364
102,shock_down,Z08,ZIC,-933.9,607,339
102,shock_down,Z09,ZIC,-1590.3,619,373
102,shock_down,S10,SHVR,-6644.3,5423,3
102,shock_down,S11,SHVR,-4438.3,5463,-107
102,shock_down,S12,SHVR,-3808.5,5423,-65
102,shock_down,S13,SHVR,-5565.4,5434,-96
102,shock_down,S14,SHVR,-6075.1,5463,11
102,shock_down,S15,SNPR,-1131.7,1225,37
102,shock_down,S16,SNPR,-1201.6,1244,-84
102,shock_down,S17,SNPR,-1679.6,1240,-64
102,shock_down,S18,SNPR,-757.6,1260,-44
102,shock_down,S19,SNPR,-929.5,1241,-65
102,shock_down,Z20,ZIP,12175.6,3634,-166
102,shock_down,Z21,ZIP,17101.6,3464,-316
102,shock_down,Z22,ZIP,12797.9,3431,-169
102,shock_down,Z23,ZIP,15901.0,3552,-430
102,shock_down,Z24,ZIP,16572.0,3580,-340
102,shock_down,P25,PRSH,-954.7,347,287
102,shock_down,P26,PRSH,-2241.6,668,386
102,shock_down,P27,PRSH,-70.0,408,360
102,shock_down,P28,PRSH,-758.3,461,303
102,shock_down,P29,PRSH,-886.1,385,331
103,shock_down,G00,GVWY,-4183.6,6348,-488
103,shock_down,G01,GVWY,-7076.4,6353,-497
103,shock_down,G02,GVWY,-7240.4,6398,-492
103,shock_down,G03,GVWY,-7087.6,6379,-503
103,shock_down,G04,GVWY,-9783.4,6373,-217
103,shock_down,Z05,ZIC,1749.6,579,293
103,shock_down,Z06,ZIC,1409.8,543,259
103,shock_down,Z07,ZIC,920.4,655,377
103,shock_down,Z08,ZIC,1047.0,532,260
103,shock_down,Z09,ZIC,1019.4,606,362
103,shock_down,S10,SHVR,-1011.2,5472,-186
103,shock_down,S11,SHVR,-5046.4,5490,-82
103,shock_down,S12,SHVR,-4712.6,5494,-218
103,shock_down,S13,SHVR,-3247.2,5494,-296
103,shock_down,S14,SHVR,-8639.0,5490,60
103,shock_down,S15,SNPR,-1930.2,1214,-136
103,shock_down,S16,SNPR,-1534.0,1215,-85
103,shock_down,S17,SNPR,-1269.8,1225,-19
103,shock_down,S18,SNPR,-1225.8,1218,-34
103,shock_down,S19,SNPR,-1273.2,1205,-11
103,shock_down,Z20,ZIP,10108.4,3689,-183
103,shock_down,Z21,ZIP,10019.2,3468,-144
103,shock_down,Z22,ZIP,11848.2,3477,-9
103,shock_down,Z23,ZIP,11664.2,3566,-364
103,shock_down,Z24,ZIP,12857.0,3585,-405
103,shock_down,P25,PRSH,1219.0,339,275
103,shock_down,P26,PRSH,843.8,612,364
103,shock_down,P27,PRSH,349.2,1661,721
103,shock_down,P28,PRSH,-650.6,3019,957
103,shock_down,P29,PRSH,2012.0,379,335
104,shock_down,G00,GVWY,-1937.4,6382,-424
104,shock_down,G01,GVWY,-4401.6,6395,-301
104,shock_down,G02,GVWY,-1230.4,6435,-479
104,shock_down,G03,GVWY,-6053.4,6400,-334
104,shock_down,G04,GVWY,-1079.4,6372,-414
104,shock_down,Z05,ZIC,-1693.8,573,287
104,shock_down,Z06,ZIC,-1472.6,647,319
104,shock_down,Z07,ZIC,-1930.8,565,287
104,shock_down,Z08,ZIC,-2293.2,583,283
104,shock_down,Z09,ZIC,-2002.6,617,319
104,shock_down,S10,SHVR,-6000.2,5581,-97
104,shock_down,S11,SHVR,-4905.4,5521,-99
104,shock_down,S12,SHVR,-1629.8,5510,-258
104,shock_down,S13,SHVR,-4279.8,5534,-198
104,shock_down,S14,SHVR,-3853.4,5516,-114
104,shock_down,S15,SNPR,-1295.0,1218,-40
104,shock_down,S16,SNPR,-344.0,1217,-55
104,shock_down,S17,SNPR,-1099.4,1220,-144
104,shock_down,S18,SNPR,-378.4,1225,-99
104,shock_down,S19,SNPR,-636.0,1227,-45
104,shock_down,Z20,ZIP,10887.0,3391,-115
104,shock_down,Z21,ZIP,12100.0,3424,-240
104,shock_down,Z22,ZIP,11058.6,3498,-254
104,shock_down,Z23,ZIP,19465.8,3614,-662
104,shock_down,Z24,ZIP,15449.4,3443,-291
104,shock_down,P25,PRSH,-7255.8,3174,852
104,shock_down,P26,PRSH,-2316.4,1020,566
104,shock_down,P27,PRSH,-6201.2,2604,1088
104,shock_down,P28,PRSH,-1876.8,447,297
104,shock_down,P29,PRSH,-590.2,389,263
105,shock_down,G00,GVWY,-5479.2,6391,-491
105,shock_down,G01,GVWY,-2396.8,6345,-469
105,shock_down,G02,GVWY,-8453.0,6314,-350
105,shock_down,G03,GVWY,-7775.8,6370,-484
105,shock_down,G04,GVWY,-4226.6,6375,-283
105,shock_down,Z05,ZIC,-1058.6,598,322
105,shock_down,Z06,ZIC,-1144.6,553,307
105,shock_down,Z07,ZIC,-773.8,655,361
105,shock_down,Z08,ZIC,-555.0,594,300
105,shock_down,Z09,ZIC,-1011.0,629,325
105,shock_down,S10,SHVR,-4987.4,5485,-137
105,shock_down,S11,SHVR,-2401.4,5522,-202
105,shock_down,S12,SHVR,-3520.8,5438,-84
105,shock_down,S13,SHVR,-2664.2,5412,-266
105,shock_down,S14,SHVR,-6266.6,5518,-138
105,shock_down,S15,SNPR,-714.0,1249,-35
105,shock_down,S16,SNPR,-1074.8,1243,-89
105,shock_down,S17,SNPR,-999.0,1224,-70
105,shock_down,S18,SNPR,-1427.0,1240,30
105,shock_down,S19,SNPR,-841.0,1257,65
105,shock_down,Z20,ZIP,15063.6,3584,-192
105,shock_down,Z21,ZIP,12671.4,3554,-268
105,shock_down,Z22,ZIP,11673.2,3453,-129
105,shock_down,Z23,ZIP,10699.4,3477,-233
105,shock_down,Z24,ZIP,15237.8,3576,-256
105,shock_down,P25,PRSH,696.4,623,587
105,shock_down,P26,PRSH,-1698.8,719,371
105,shock_down,P27,PRSH,-4343.6,1358,682
105,shock_down,P28,PRSH,79.4,323,267
105,shock_down,P29,PRSH,-1257.8,852,476
106,shock_down,G00,GVWY,-7644.2,6377,-299
106,shock_down,G01,GVWY,-2153.2,6404,-554
106,shock_down,G02,GVWY,-3627.8,6437,-581
106,shock_down,G03,GVWY,-7499.4,6416,-428
106,shock_down,G04,GVWY,-3881.2,6358,-614
106,shock_down,Z05,ZIC,97.0,618,310
106,shock_down,Z06,ZIC,-253.0,510,260
106,shock_down,Z07,ZIC,-46.2,628,366
106,shock_down,Z08,ZIC,-485.4,596,292
106,shock_down,Z09,ZIC,-31.0,606,360
106,shock_down,S10,SHVR,-2038.0,5472,-100
106,shock_down,S11,SHVR,-1362.4,5497,-173
106,shock_down,S12,SHVR,-3966.2,5461,-89
106,shock_down,S13,SHVR,-2831.4,5432,-18
106,shock_down,S14,SHVR,-6905.6,5557,-167
106,shock_down,S15,SNPR,-829.4,1267,-43
106,shock_down,S16,SNPR,-893.0,1208,-110
106,shock_down,S17,SNPR,-1221.2,1237,-99
106,shock_down,S18,SNPR,-1279.2,1243,-39
106,shock_down,S19,SNPR,-1327.2,1248,-34
106,shock_down,Z20,ZIP,13695.0,3568,-350
106,shock_down,Z21,ZIP,10334.0,3465,-215
106,shock_down,Z22,ZIP,10135.8,3610,-54
106,shock_down,Z23,ZIP,9816.8,3433,-99
106,shock_down,Z24,ZIP,13337.4,3611,-367
106,shock_down,P25,PRSH,-2444.2,527,491
106,shock_down,P26,PRSH,-3514.0,2930,660
106,shock_down,P27,PRSH,-1748.2,642,406
106,shock_down,P28,PRSH,-359.0,2477,745
106,shock_down,P29,PRSH,-89.0,742,430
107,shock_down,G00,GVWY,-2577.0,6382,-540
107,shock_down,G01,GVWY,-5030.15,6311,-409
107,shock_down,G02,GVWY,-2803.2,6382,-552
107,shock_down,G03,GVWY,-5169.25,6413,-655
107,shock_down,G04,GVWY,-4787.45,6387,-467
107,shock_down,Z05,ZIC,-1058.75,549,295
107,shock_down,Z06,ZIC,-2116.15,563,311
107,shock_down,Z07,ZIC,-288.3,648,302
107,shock_down,Z08,ZIC,-1140.95,615,303
107,shock_down,Z09,ZIC,-1741.3,558,302
107,shock_down,S10,SHVR,-4904.55,5437,-233
107,shock_down,S11,SHVR,-1017.5,5486,-310
107,shock_down,S12,SHVR,-3165.15,5501,31
107,shock_down,S13,SHVR,-3921.65,5449,-219
107,shock_down,S14,SHVR,-4819.65,5417,-119
107,shock_down,S15,SNPR,-1470.4,1244,-64
107,shock_down,S16,SNPR,-965.95,1215,-137
107,shock_down,S17,SNPR,-732.7,1252,-102
107,shock_down,S18,SNPR,-1084.1,1252,-26
107,shock_down,S19,SNPR,-1344.6,1240,-176
107,shock_down,Z20,ZIP,16538.35,3625,-499
107,shock_down,Z21,ZIP,10574.6,3558,-84
107,shock_down,Z22,ZIP,11187.15,3575,-191
107,shock_down,Z23,ZIP,11265.95,3597,-183
107,shock_down,Z24,ZIP,15137.7,3644,-458
107,shock_down,P25,PRSH,-1171.1,362,274
107,shock_down,P26,PRSH,-2921.0,822,800
107,shock_down,P27,PRSH,-2836.9,2568,826
107,shock_down,P28,PRSH,-4074.7,1924,938
107,shock_down,P29,PRSH,-1718.45,1405,893
108,shock_down,G00,GVWY,-2081.8,6312,-318
108,shock_down,G01,GVWY,193.4,6278,-436
108,shock_down,G02,GVWY,-2001.2,6360,-452
108,shock_down,G03,GVWY,6807.4,6328,-706
108,shock_down,G04,GVWY,-695.0,6388,-540
108,shock_down,Z05,ZIC,-3557.1,673,329
108,shock_down,Z06,ZIC,-3878.7,599,313
108,shock_down,Z07,ZIC,-3238.4,602,296
108,shock_down,Z08,ZIC,-3637.6,606,324
108,shock_down,Z09,ZIC,-2890.0,564,310
108,shock_down,S10,SHVR,-881.5,5515,-155
108,shock_down,S11,SHVR,1203.3,5485,-257
108,shock_down,S12,SHVR,-5444.6,5488,-56
108,shock_down,S13,SHVR,-2746.4,5466,-134
108,shock_down,S14,SHVR,-4383.9,5517,-29
108,shock_down,S15,SNPR,-1002.6,1234,4
108,shock_down,S16,SNPR,-620.5,1241,-65
108,shock_down,S17,SNPR,-527.4,1246,-64
108,shock_down,S18,SNPR,-108.4,1272,-84
108,shock_down,S19,SNPR,-141.3,1249,-213
108,shock_down,Z20,ZIP,15752.6,3560,-254
108,shock_down,Z21,ZIP,12710.0,3522,-140
108,shock_down,Z22,ZIP,11206.6,3516,-84
108,shock_down,Z23,ZIP,11073.9,3645,-91
108,shock_down,Z24,ZIP,11237.0,3430,60
108,shock_down,P25,PRSH,-3640.7,319,253
108,shock_down,P26,PRSH,-2632.6,312,264
108,shock_down,P27,PRSH,-5654.1,833,459
108,shock_down,P28,PRSH,-15808.4,2820,1086
108,shock_down,P29,PRSH,-2890.9,317,281
109,shock_down,G00,GVWY,-3169.0,6394,-460
109,shock_down,G01,GVWY,-6750.7,6430,-458
109,shock_down,G02,GVWY,-1497.0,6406,-540
109,shock_down,G03,GVWY,-4975.75,6411,-375
109,shock_down,G04,GVWY,-4912.3,6382,-422
109,shock_down,Z05,ZIC,-708.85,603,331
109,shock_down,Z06,ZIC,490.0,608,280
109,shock_down,Z07,ZIC,-128.05,585,343
109,shock_down,Z08,ZIC,-1068.75,629,365
109,shock_down,Z09,ZIC,-90.4,548,304
109,shock_down,S10,SHVR,-6978.45,5549,-73
109,shock_down,S11,SHVR,-4466.15,5441,-191
109,shock_down,S12,SHVR,-5571.1,5546,-14
109,shock_down,S13,SHVR,-1601.4,5520,-16
109,shock_down,S14,SHVR,-4113.55,5495,-107
109,shock_down,S15,SNPR,-1216.2,1232,-88
109,shock_down,S16,SNPR,-1247.4,1248,-56
109,shock_down,S17,SNPR,-1035.35,1243,-99
109,shock_down,S18,SNPR,-1336.15,1267,-151
109,shock_down,S19,SNPR,-990.25,1251,-85
109,shock_down,Z20,ZIP,9930.2,3458,-72
109,shock_down,Z21,ZIP,12208.85,3595,-351
109,shock_down,Z22,ZIP,11849.15,3713,-249
109,shock_down,Z23,ZIP,9899.6,3550,-176
109,shock_down,Z24,ZIP,18124.4,3632,-844
109,shock_down,P25,PRSH,-5409.9,3072,954
109,shock_down,P26,PRSH,-252.9,354,294
109,shock_down,P27,PRSH,-294.7,406,362
109,shock_down,P28,PRSH,-1986.7,2850,1122
109,shock_down,P29,PRSH,-571.95,335,297
110,shock_down,G00,GVWY,-10235.8,6410,-192
110,shock_down,G01,GVWY,-13516.35,6369,-309
110,shock_down,G02,GVWY,-10462.9,6416,-326
110,shock_down,G03,GVWY,-13438.95,6461,-473
110,shock_down,G04,GVWY,-9415.35,6429,-289
110,shock_down,Z05,ZIC,3680.0,590,300
110,shock_down,Z06,ZIC,3986.95,615,333
110,shock_down,Z07,ZIC,3556.85,631,319
110,shock_down,Z08,ZIC,4065.1,628,374
110,shock_down,Z09,ZIC,5485.8,654,392
110,shock_down,S10,SHVR,-7840.6,5562,-84
110,shock_down,S11,SHVR,-3998.95,5511,27
110,shock_down,S12,SHVR,-3418.3,5518,-42
110,shock_down,S13,SHVR,-4322.65,5561,-231
110,shock_down,S14,SHVR,-5403.55,5551,-37
110,shock_down,S15,SNPR,-2274.15,1261,-81
110,shock_down,S16,SNPR,-1380.3,1258,-22
110,shock_down,S17,SNPR,-2901.2,1250,-148
110,shock_down,S18,SNPR,-2121.05,1275,-27
110,shock_down,S19,SNPR,-464.95,1239,47
110,shock_down,Z20,ZIP,9429.25,3563,-405
110,shock_down,Z21,ZIP,9691.95,3529,-227
110,shock_down,Z22,ZIP,9538.05,3571,-493
110,shock_down,Z23,ZIP,9136.75,3663,-455
110,shock_down,Z24,ZIP,9473.1,3542,-126
110,shock_down,P25,PRSH,3693.65,677,411
110,shock_down,P26,PRSH,4702.35,423,369
110,shock_down,P27,PRSH,3317.15,321,261
110,shock_down,P28,PRSH,4700.75,507,485
110,shock_down,P29,PRSH,7089.0,1020,580
111,shock_down,G00,GVWY,-7725.2,6404,-252
111,shock_down,G01,GVWY,-8533.25,6411,-425
111,shock_down,G02,GVWY,-10099.25,6379,-385
111,shock_down,G03,GVWY,-10212.1,6380,-526
111,shock_down,G04,GVWY,-10163.25,6423,-425
111,shock_down,Z05,ZIC,2136.55,677,343
111,shock_down,Z06,ZIC,717.5,642,350
111,shock_down,Z07,ZIC,1765.25,611,405
111,shock_down,Z08,ZIC,2185.0,642,380
111,shock_down,Z09,ZIC,2404.2,650,352
111,shock_down,S10,SHVR,-4057.35,5565,-271
111,shock_down,S11,SHVR,-4322.05,5549,-333
111,shock_down,S12,SHVR,-5230.75,5511,-75
111,shock_down,S13,SHVR,-5376.9,5542,-94
111,shock_down,S14,SHVR,-3874.5,5578,-150
111,shock_down,S15,SNPR,-1588.1,1252,-126
111,shock_down,S16,SNPR,-2275.35,1245,-91
111,shock_down,S17,SNPR,-996.35,1239,-11
111,shock_down,S18,SNPR,-792.95,1239,-47
111,shock_down,S19,SNPR,-1807.8,1242,-68
111,shock_down,Z20,ZIP,11343.05,3493,-267
111,shock_down,Z21,ZIP,9812.45,3419,-183
111,shock_down,Z22,ZIP,13038.4,3586,-276
111,shock_down,Z23,ZIP,10350.7,3482,-358
111,shock_down,Z24,ZIP,11705.95,3581,-273
111,shock_down,P25,PRSH,2487.8,812,468
111,shock_down,P26,PRSH,2407.65,2105,889
111,shock_down,P27,PRSH,3014.75,1013,555
111,shock_down,P28,PRSH,1932.85,861,481
111,shock_down,P29,PRSH,2411.95,487,347
112,shock_down,G00,GVWY,-6078.8,6404,-316
112,shock_down,G01,GVWY,-6035.85,6389,-347
112,shock_down,G02,GVWY,-2739.2,6334,-324
112,shock_down,G03,GVWY,-5414.3,6368,-306
112,shock_down,G04,GVWY,-5474.6,6362,-532
112,shock_down,Z05,ZIC,-2669.35,607,363
112,shock_down,Z06,ZIC,-852.4,640,352
112,shock_down,Z07,ZIC,-1983.2,644,376
112,shock_down,Z08,ZIC,-1995.4,622,332
112,shock_down,Z09,ZIC,-1693.75,591,295
112,shock_down,S10,SHVR,-4045.55,5519,-161
112,shock_down,S11,SHVR,-2068.45,5571,-319
112,shock_down,S12,SHVR,-4493.45,5527,-99
112,shock_down,S13,SHVR,-4319.15,5509,-113
112,shock_down,S14,SHVR,353.6,5506,-88
112,shock_down,S15,SNPR,-774.2,1256,-64
112,shock_down,S16,SNPR,-1177.5,1244,-30
112,shock_down,S17,SNPR,-1560.45,1229,-99
112,shock_down,S18,SNPR,-668.1,1266,-102
112,shock_down,S19,SNPR,-1320.05,1241,49
112,shock_down,Z20,ZIP,13855.4,3572,-92
112,shock_down,Z21,ZIP,19190.45,3481,-381
112,shock_down,Z22,ZIP,11116.45,3535,-121
112,shock_down,Z23,ZIP,15739.45,3483,-261
112,shock_down,Z24,ZIP,12565.85,3469,-173
112,shock_down,P25,PRSH,-8776.65,4623,537
112,shock_down,P26,PRSH,-943.65,357,297
112,shock_down,P27,PRSH,-1288.55,603,399
112,shock_down,P28,PRSH,-1955.3,706,414
112,shock_down,P29,PRSH,-2553.2,680,416
113,shock_down,G00,GVWY,-1690.75,6343,-425
113,shock_down,G01,GVWY,-4919.05,6381,-323
113,shock_down,G02,GVWY,-2169.6,6360,-256
113,shock_down,G03,GVWY,-4351.3,6340,-358
113,shock_down,G04,GVWY,-5913.35,6311,-221
113,shock_down,Z05,ZIC,-3474.05,647,397
113,shock_down,Z06,ZIC,-2937.85,607,369
113,shock_down,Z07,ZIC,-2538.75,619,335
113,shock_down,Z08,ZIC,-3032.65,621,321
113,shock_down,Z09,ZIC,-2829.35,647,379
113,shock_down,S10,SHVR,-6681.95,5533,-57
113,shock_down,S11,SHVR,-4170.0,5506,-80
113,shock_down,S12,SHVR,-7460.55,5525,-73
113,shock_down,S13,SHVR,-6389.25,5517,-15
113,shock_down,S14,SHVR,-5241.15,5535,-229
113,shock_down,S15,SNPR,-473.35,1235,-81
113,shock_down,S16,SNPR,-1444.1,1268,-26
113,shock_down,S17,SNPR,-764.1,1246,-126
113,shock_down,S18,SNPR,-899.9,1262,-94
113,shock_down,S19,SNPR,-1573.3,1262,22
113,shock_down,Z20,ZIP,26313.35,3577,-859
113,shock_down,Z21,ZIP,17561.5,3596,-510
113,shock_down,Z22,ZIP,15283.9,3560,-206
113,shock_down,Z23,ZIP,15046.1,3492,-254
113,shock_down,Z24,ZIP,12730.6,3484,-124
113,shock_down,P25,PRSH,-2871.35,747,419
113,shock_down,P26,PRSH,-6577.3,2140,902
113,shock_down,P27,PRSH,-3723.45,849,453
113,shock_down,P28,PRSH,-1601.3,432,302
113,shock_down,P29,PRSH,-1519.4,360,296
114,shock_down,G00,GVWY,-4657.65,6413,-549
114,shock_down,G01,GVWY,-2295.4,6336,-484
114,shock_down,G02,GVWY,-3220.3,6348,-558
114,shock_down,G03,GVWY,-4442.05,6321,-493
114,shock_down,G04,GVWY,-6457.85,6397,-341
114,shock_down,Z05,ZIC,-1189.1,570,314
114,shock_down,Z06,ZIC,-1094.9,590,346
114,shock_down,Z07,ZIC,-2376.35,623,349
114,shock_down,Z08,ZIC,-1197.55,569,297
114,shock_down,Z09,ZIC,-847.75,559,305
114,shock_down,S10,SHVR,-4883.9,5554,-134
114,shock_down,S11,SHVR,-2468.85,5535,-161
114,shock_down,S12,SHVR,-3707.25,5541,-5
114,shock_down,S13,SHVR,-4042.7,5446,-102
114,shock_down,S14,SHVR,-4800.25,5537,-25
114,shock_down,S15,SNPR,-1129.85,1257,-141
114,shock_down,S16,SNPR,-957.2,1218,-32
114,shock_down,S17,SNPR,-847.2,1250,68
114,shock_down,S18,SNPR,-1172.65,1255,-9
114,shock_down,S19,SNPR,-1243.7,1246,-102
114,shock_down,Z20,ZIP,13852.5,3440,-210
114,shock_down,Z21,ZIP,14529.8,3580,-312
114,shock_down,Z22,ZIP,11996.75,3451,-145
114,shock_down,Z23,ZIP,11889.7,3538,-198
114,shock_down,Z24,ZIP,14146.1,3542,-314
114,shock_down,P25,PRSH,-680.65,295,251
114,shock_down,P26,PRSH,-1929.75,929,485
114,shock_down,P27,PRSH,-696.1,362,314
114,shock_down,P28,PRSH,-6255.35,2729,1049
114,shock_down,P29,PRSH,-2250.15,787,441
115,shock_down,G00,GVWY,-6300.0,6360,-540
115,shock_down,G01,GVWY,-5915.2,6386,-182
115,shock_down,G02,GVWY,-4722.1,6373,-411
115,shock_down,G03,GVWY,-4114.2,6304,-362
115,shock_down,G04,GVWY,-7808.7,6323,-337
115,shock_down,Z05,ZIC,-1453.9,643,401
115,shock_down,Z06,ZIC,-875.2,600,308
115,shock_down,Z07,ZIC,-1896.8,610,322
115,shock_down,Z08,ZIC,-1180.1,661,369
115,shock_down,Z09,ZIC,-1376.7,579,363
115,shock_down,S10,SHVR,-2701.4,5490,-124
115,shock_down,S11,SHVR,-4094.9,5525,-59
115,shock_down,S12,SHVR,-5268.8,5492,-88
115,shock_down,S13,SHVR,-3235.1,5501,-111
115,shock_down,S14,SHVR,-7551.1,5499,-1
115,shock_down,S15,SNPR,-984.3,1263,7
115,shock_down,S16,SNPR,-1318.9,1255,-69
115,shock_down,S17,SNPR,-791.7,1241,-47
115,shock_down,S18,SNPR,-941.4,1242,-94
115,shock_down,S19,SNPR,-1574.9,1255,-9
115,shock_down,Z20,ZIP,15498.8,3582,-312
115,shock_down,Z21,ZIP,11985.6,3388,-154
115,shock_down,Z22,ZIP,21132.7,3625,-763
115,shock_down,Z23,ZIP,9884.6,3504,-44
115,shock_down,Z24,ZIP,13499.9,3485,-261
115,shock_down,P25,PRSH,-1154.0,314,260
115,shock_down,P26,PRSH,-848.2,902,438
115,shock_down,P27,PRSH,-828.3,355,307
115,shock_down,P28,PRSH,-840.8,376,312
115,shock_down,P29,PRSH,-3112.0,1544,810
116,shock_down,G00,GVWY,-3046.5,6372,-274
116,shock_down,G01,GVWY,1466.5,6404,-430
116,shock_down,G02,GVWY,284.75,6419,-503
116,shock_down,G03,GVWY,1200.0,6434,-492
116,shock_down,G04,GVWY,-369.75,6369,-433
116,shock_down,Z05,ZIC,-3503.5,652,342
116,shock_down,Z06,ZIC,-3824.75,659,343
116,shock_down,Z07,ZIC,-3362.0,592,324
116,shock_down,Z08,ZIC,-4274.25,627,381
116,shock_down,Z09,ZIC,-3491.75,623,351
116,shock_down,S10,SHVR,-5372.0,5500,-124
116,shock_down,S11,SHVR,-2369.0,5584,-104
116,shock_down,S12,SHVR,-6989.0,5600,24
116,shock_down,S13,SHVR,-4834.75,5519,-41
116,shock_down,S14,SHVR,-6180.0,5594,-68
116,shock_down,S15,SNPR,-125.25,1231,-75
116,shock_down,S16,SNPR,-1311.25,1227,-11
116,shock_down,S17,SNPR,-110.25,1201,-95
116,shock_down,S18,SNPR,-1083.5,1216,18
116,shock_down,S19,SNPR,-862.5,1256,-94
116,shock_down,Z20,ZIP,11626.5,3556,-142
116,shock_down,Z21,ZIP,12937.0,3492,-288
116,shock_down,Z22,ZIP,20250.5,3656,-494
116,shock_down,Z23,ZIP,12250.0,3578,-180
116,shock_down,Z24,ZIP,15417.0,3630,-240
116,shock_down,P25,PRSH,-7242.5,1548,646
116,shock_down,P26,PRSH,-3780.75,503,327
116,shock_down,P27,PRSH,-5690.25,1275,621
116,shock_down,P28,PRSH,-2695.0,362,332
116,shock_down,P29,PRSH,-3461.75,543,327
117,shock_down,G00,GVWY,-3798.5,6313,-335
117,shock_down,G01,GVWY,-4176.2,6290,-274
117,shock_down,G02,GVWY,-6438.2,6364,-244
117,shock_down,G03,GVWY,-8038.0,6384,-170
117,shock_down,G04,GVWY,-4829.7,6355,-369
117,shock_down,Z05,ZIC,-3926.7,631,421
117,shock_down,Z06,ZIC,-548.6,580,278
117,shock_down,Z07,ZIC,-2108.4,626,372
117,shock_down,Z08,ZIC,-1010.5,615,325
117,shock_down,Z09,ZIC,-1902.8,616,324
117,shock_down,S10,SHVR,-3412.1,5485,-227
117,shock_down,S11,SHVR,-5907.1,5415,-37
117,shock_down,S12,SHVR,-5634.4,5472,-78
117,shock_down,S13,SHVR,-4662.2,5428,-204
117,shock_down,S14,SHVR,-5317.7,5397,-119
117,shock_down,S15,SNPR,-656.2,1222,46
117,shock_down,S16,SNPR,-941.3,1219,-71
117,shock_down,S17,SNPR,-1489.4,1214,-48
117,shock_down,S18,SNPR,-833.4,1200,-58
117,shock_down,S19,SNPR,-610.9,1243,-43
117,shock_down,Z20,ZIP,18069.1,3673,-413
117,shock_down,Z21,ZIP,25430.0,3620,-880
117,shock_down,Z22,ZIP,11182.6,3482,-68
117,shock_down,Z23,ZIP,14606.8,3492,-124
117,shock_down,Z24,ZIP,10427.8,3526,36
117,shock_down,P25,PRSH,-1638.3,473,379
117,shock_down,P26,PRSH,-1615.6,346,298
117,shock_down,P27,PRSH,-1306.6,356,288
117,shock_down,P28,PRSH,-1843.2,366,336
117,shock_down,P29,PRSH,-4844.9,639,527
118,shock_down,G00,GVWY,-3718.4,6456,-458
118,shock_down,G01,GVWY,-7790.6,6465,-377
118,shock_down,G02,GVWY,-4783.0,6451,-415
118,shock_down,G03,GVWY,-7770.0,6412,-190
118,shock_down,G04,GVWY,-6271.0,6429,-265
118,shock_down,Z05,ZIC,-1773.2,616,346
118,shock_down,Z06,ZIC,-1405.2,639,371
118,shock_down,Z07,ZIC,-1050.2,620,296
118,shock_down,Z08,ZIC,-2240.6,631,323
118,shock_down,Z09,ZIC,-2636.0,634,330
118,shock_down,S10,SHVR,-5187.4,5741,-183
118,shock_down,S11,SHVR,-3752.6,5714,-162
118,shock_down,S12,SHVR,-5105.8,5691,-111
118,shock_down,S13,SHVR,-4050.6,5664,-212
118,shock_down,S14,SHVR,-7852.4,5715,-63
118,shock_down,S15,SNPR,-1164.4,1261,-93
118,shock_down,S16,SNPR,-712.4,1250,-8
118,shock_down,S17,SNPR,-801.0,1246,-30
118,shock_down,S18,SNPR,-706.8,1254,-86
118,shock_down,S19,SNPR,-672.2,1256,26
118,shock_down,Z20,ZIP,14946.8,3655,-319
118,shock_down,Z21,ZIP,12652.6,3654,-348
118,shock_down,Z22,ZIP,15833.2,3625,-321
118,shock_down,Z23,ZIP,18637.2,3640,-546
118,shock_down,Z24,ZIP,16026.2,3615,-421
118,shock_down,P25,PRSH,-463.6,323,283
118,shock_down,P26,PRSH,-1390.0,678,370
118,shock_down,P27,PRSH,-3927.6,3705,883
118,shock_down,P28,PRSH,-2828.8,4591,769
118,shock_down,P29,PRSH,1020.8,4713,531
119,shock_down,G00,GVWY,-5233.9,6449,-593
119,shock_down,G01,GVWY,-7844.3,6433,-481
119,shock_down,G02,GVWY,-5508.1,6367,-437
119,shock_down,G03,GVWY,-9976.3,6409,-281
119,shock_down,G04,GVWY,-4293.0,6410,-260
119,shock_down,Z05,ZIC,156.9,615,343
119,shock_down,Z06,ZIC,-174.3,565,309
119,shock_down,Z07,ZIC,-417.3,685,379
119,shock_down,Z08,ZIC,-68.0,632,350
119,shock_down,Z09,ZIC,-1853.9,635,387
119,shock_down,S10,SHVR,-1917.3,5563,-211
119,shock_down,S11,SHVR,-3273.8,5570,-196
119,shock_down,S12,SHVR,-3184.2,5582,-164
119,shock_down,S13,SHVR,-4692.4,5530,-28
119,shock_down,S14,SHVR,-7683.7,5529,11
119,shock_down,S15,SNPR,-947.9,1219,-43
119,shock_down,S16,SNPR,-598.0,1250,-30
119,shock_down,S17,SNPR,-1027.2,1262,-94
119,shock_down,S18,SNPR,-1667.2,1230,-64
119,shock_down,S19,SNPR,-839.2,1236,-14
119,shock_down,Z20,ZIP,14844.8,3648,-354
119,shock_down,Z21,ZIP,10548.4,3594,-252
119,shock_down,Z22,ZIP,18077.8,3626,-904
119,shock_down,Z23,ZIP,11524.8,3506,-304
119,shock_down,Z24,ZIP,11310.1,3487,-223
119,shock_down,P25,PRSH,1180.1,829,797
119,shock_down,P26,PRSH,359.7,401,329
119,shock_down,P27,PRSH,-2232.4,1256,752
119,shock_down,P28,PRSH,-2734.1,3717,743
119,shock_down,P29,PRSH,-267.0,852,420
120,shock_down,G00,GVWY,-2407.25,6339,-495
120,shock_down,G01,GVWY,-2082.3,6340,-506
120,shock_down,G02,GVWY,-3668.75,6289,-245
120,shock_down,G03,GVWY,-2486.5,6334,-450
120,shock_down,G04,GVWY,-4289.25,6355,-195
120,shock_down,Z05,ZIC,-3470.0,658,440
120,shock_down,Z06,ZIC,-2277.65,643,337
120,shock_down,Z07,ZIC,-2184.7,636,306
120,shock_down,Z08,ZIC,-2533.1,680,398
120,shock_down,Z09,ZIC,-2411.65,665,377
120,shock_down,S10,SHVR,-8953.7,5388,106
120,shock_down,S11,SHVR,-7082.15,5397,-13
120,shock_down,S12,SHVR,-4664.1,5474,-162
120,shock_down,S13,SHVR,-5092.15,5487,-173
120,shock_down,S14,SHVR,-3048.3,5484,-226
120,shock_down,S15,SNPR,-1434.4,1260,-8
120,shock_down,S16,SNPR,-1301.65,1253,-83
120,shock_down,S17,SNPR,-461.15,1239,-73
120,shock_down,S18,SNPR,-1069.85,1225,-67
120,shock_down,S19,SNPR,-637.45,1241,-119
120,shock_down,Z20,ZIP,15821.5,3586,-190
120,shock_down,Z21,ZIP,15482.95,3539,-191
120,shock_down,Z22,ZIP,12805.55,3471,-199
120,shock_down,Z23,ZIP,15548.9,3714,-202
120,shock_down,Z24,ZIP,13827.55,3543,-159
120,shock_down,P25,PRSH,-2111.05,461,409
120,shock_down,P26,PRSH,-2305.2,464,336
120,shock_down,P27,PRSH,-1536.7,318,246
120,shock_down,P28,PRSH,-2151.2,360,336
120,shock_down,P29,PRSH,-1410.65,399,357
121,shock_down,G00,GVWY,-3725.2,6455,-417
121,shock_down,G01,GVWY,-2867.6,6406,-346
121,shock_down,G02,GVWY,-6714.0,6440,-280
121,shock_down,G03,GVWY,-4715.6,6419,-351
121,shock_down,G04,GVWY,-3812.8,6424,-458
121,shock_down,Z05,ZIC,-1863.2,640,348
121,shock_down,Z06,ZIC,-2305.2,575,353
121,shock_down,Z07,ZIC,-1032.4,591,291
121,shock_down,Z08,ZIC,-1015.4,570,296
121,shock_down,Z09,ZIC,-2022.2,618,318
121,shock_down,S10,SHVR,-2450.6,5698,-266
121,shock_down,S11,SHVR,-3873.6,5667,-31
121,shock_down,S12,SHVR,-4809.8,5635,-43
121,shock_down,S13,SHVR,-3124.4,5642,-254
121,shock_down,S14,SHVR,-5271.4,5591,11
121,shock_down,S15,SNPR,-583.8,1234,-58
121,shock_down,S16,SNPR,-1158.0,1235,15
121,shock_down,S17,SNPR,-771.6,1231,-21
121,shock_down,S18,SNPR,-940.6,1222,-96
121,shock_down,S19,SNPR,-856.8,1236,-38
121,shock_down,Z20,ZIP,18298.6,3550,-634
121,shock_down,Z21,ZIP,16535.2,3591,-473
121,shock_down,Z22,ZIP,22376.8,3603,-957
121,shock_down,Z23,ZIP,9878.0,3542,-70
121,shock_down,Z24,ZIP,11230.2,3605,-283
121,shock_down,P25,PRSH,-5116.4,3661,791
121,shock_down,P26,PRSH,-4259.2,5076,338
121,shock_down,P27,PRSH,-1612.8,1053,727
121,shock_down,P28,PRSH,-10432.8,2633,1227
121,shock_down,P29,PRSH,-1456.6,376,334
122,shock_down,G00,GVWY,-4997.6,6448,-364
122,shock_down,G01,GVWY,-8172.4,6464,-176
122,shock_down,G02,GVWY,-6879.2,6402,-328
122,shock_down,G03,GVWY,-7476.4,6487,-231
122,shock_down,G04,GVWY,-3811.4,6438,-296
122,shock_down,Z05,ZIC,-1551.6,668,426
122,shock_down,Z06,ZIC,-2006.4,656,384
122,shock_down,Z07,ZIC,-2417.8,615,363
122,shock_down,Z08,ZIC,-998.8,665,353
122,shock_down,Z09,ZIC,-3037.0,612,390
122,shock_down,S10,SHVR,-7895.0,5558,90
122,shock_down,S11,SHVR,-3805.6,5625,-159
122,shock_down,S12,SHVR,-4389.4,5613,-101
122,shock_down,S13,SHVR,-6874.6,5582,-84
122,shock_down,S14,SHVR,-5257.4,5578,94
122,shock_down,S15,SNPR,-1488.8,1276,-2
122,shock_down,S16,SNPR,-1264.0,1258,-100
122,shock_down,S17,SNPR,-1603.2,1281,47
122,shock_down,S18,SNPR,-817.2,1280,-28
122,shock_down,S19,SNPR,-1323.8,1236,-82
122,shock_down,Z20,ZIP,17165.8,3642,-448
122,shock_down,Z21,ZIP,20882.4,3642,-874
122,shock_down,Z22,ZIP,23451.0,3604,-900
122,shock_down,Z23,ZIP,13505.8,3453,-143
122,shock_down,Z24,ZIP,14675.6,3587,-251
122,shock_down,P25,PRSH,-3025.0,771,455
122,shock_down,P26,PRSH,-1543.0,370,330
122,shock_down,P27,PRSH,-1681.4,388,354
122,shock_down,P28,PRSH,-5128.4,2223,929
122,shock_down,P29,PRSH,-837.2,418,322
123,shock_down,G00,GVWY,-8071.0,6416,-270
123,shock_down,G01,GVWY,-7121.0,6452,-290
123,shock_down,G02,GVWY,-4321.7,6439,-451
123,shock_down,G03,GVWY,-4434.4,6436,-312
123,shock_down,G04,GVWY,-2869.0,6448,-300
123,shock_down,Z05,ZIC,-3952.5,609,365
123,shock_down,Z06,ZIC,-2543.7,649,349
123,shock_down,Z07,ZIC,-2705.9,667,353
123,shock_down,Z08,ZIC,-2192.4,616,308
123,shock_down,Z09,ZIC,-3749.0,638,360
123,shock_down,S10,SHVR,-5576.6,5588,32
123,shock_down,S11,SHVR,-6869.3,5583,-59
123,shock_down,S12,SHVR,-6024.4,5590,38
123,shock_down,S13,SHVR,-5416.8,5530,16
123,shock_down,S14,SHVR,-2072.8,5574,-184
123,shock_down,S15,SNPR,-1256.8,1252,-124
123,shock_down,S16,SNPR,-982.9,1255,-117
123,shock_down,S17,SNPR,-1885.3,1243,11
123,shock_down,S18,SNPR,-803.6,1246,-28
123,shock_down,S19,SNPR,-766.0,1240,-60
123,shock_down,Z20,ZIP,12933.6,3462,-72
123,shock_down,Z21,ZIP,23851.1,3709,-617
123,shock_down,Z22,ZIP,15396.0,3590,-180
123,shock_down,Z23,ZIP,25344.0,3536,-640
123,shock_down,Z24,ZIP,16768.1,3569,-307
123,shock_down,P25,PRSH,-2037.0,312,280
123,shock_down,P26,PRSH,-2946.8,346,316
123,shock_down,P27,PRSH,-3626.7,853,419
123,shock_down,P28,PRSH,-5070.1,995,577
123,shock_down,P29,PRSH,-5354.0,872,510
124,shock_down,G00,GVWY,-3174.4,6300,-382
124,shock_down,G01,GVWY,-772.2,6379,-481
124,shock_down,G02,GVWY,-5862.0,6368,-340
124,shock_down,G03,GVWY,-744.6,6338,-518
124,shock_down,G04,GVWY,-2943.4,6353,-467
124,shock_down,Z05,ZIC,-2597.6,563,277
124,shock_down,Z06,ZIC,-2480.0,612,290
124,shock_down,Z07,ZIC,-2852.4,616,328
124,shock_down,Z08,ZIC,-2674.0,640,340
124,shock_down,Z09,ZIC,-2841.2,629,339
124,shock_down,S10,SHVR,-3858.4,5490,-162
124,shock_down,S11,SHVR,-1365.0,5551,-265
124,shock_down,S12,SHVR,-4107.2,5502,-106
124,shock_down,S13,SHVR,-2685.2,5469,-281
124,shock_down,S14,SHVR,-2183.6,5500,-188
124,shock_down,S15,SNPR,-1084.0,1250,-80
124,shock_down,S16,SNPR,-487.2,1254,-96
124,shock_down,S17,SNPR,-975.4,1278,-42
124,shock_down,S18,SNPR,-1227.2,1224,14
124,shock_down,S19,SNPR,-605.2,1252,-56
124,shock_down,Z20,ZIP,13827.2,3536,-124
124,shock_down,Z21,ZIP,20117.0,3667,-445
124,shock_down,Z22,ZIP,13083.6,3518,-332
124,shock_down,Z23,ZIP,12533.0,3601,-85
124,shock_down,Z24,ZIP,17364.0,3538,-300
124,shock_down,P25,PRSH,-8614.0,1753,775
124,shock_down,P26,PRSH,-1243.0,335,295
124,shock_down,P27,PRSH,-4402.8,781,481
124,shock_down,P28,PRSH,-5521.2,1069,499
124,shock_down,P29,PRSH,-9581.0,1674,1010
125,shock_down,G00,GVWY,-8473.9,6389,-273
125,shock_down,G01,GVWY,-7889.8,6338,-286
125,shock_down,G02,GVWY,-9261.9,6399,-393
125,shock_down,G03,GVWY,-5941.3,6393,-441
125,shock_down,G04,GVWY,-6561.5,6391,-365
125,shock_down,Z05,ZIC,-635.8,568,314
125,shock_down,Z06,ZIC,535.6,626,272
125,shock_down,Z07,ZIC,-66.2,634,366
125,shock_down,Z08,ZIC,-186.9,591,377
125,shock_down,Z09,ZIC,717.4,602,338
125,shock_down,S10,SHVR,-7218.5,5613,-45
125,shock_down,S11,SHVR,-7468.2,5630,26
125,shock_down,S12,SHVR,-6658.1,5621,-127
125,shock_down,S13,SHVR,-7301.1,5541,-7
125,shock_down,S14,SHVR,-5677.7,5569,-69
125,shock_down,S15,SNPR,-894.5,1253,5
125,shock_down,S16,SNPR,-1354.3,1257,-61
125,shock_down,S17,SNPR,-1298.8,1278,-66
125,shock_down,S18,SNPR,-1206.1,1215,-47
125,shock_down,S19,SNPR,-641.1,1239,23
125,shock_down,Z20,ZIP,10909.7,3443,-171
125,shock_down,Z21,ZIP,14294.6,3620,-938
125,shock_down,Z22,ZIP,14941.3,3739,-919
125,shock_down,Z23,ZIP,13733.9,3543,-207
125,shock_down,Z24,ZIP,13832.7,3533,-51
125,shock_down,P25,PRSH,1192.6,382,312
125,shock_down,P26,PRSH,1388.1,4761,577
125,shock_down,P27,PRSH,1592.3,1307,691
125,shock_down,P28,PRSH,5197.8,790,706
125,shock_down,P29,PRSH,1099.0,382,340
126,shock_down,G00,GVWY,-4046.1,6341,-351
126,shock_down,G01,GVWY,-6211.0,6342,-290
126,shock_down,G02,GVWY,-4536.1,6345,-531
126,shock_down,G03,GVWY,-5976.7,6379,-307
126,shock_down,G04,GVWY,-6642.3,6331,-333
126,shock_down,Z05,ZIC,679.3,583,323
126,shock_down,Z06,ZIC,692.6,656,306
126,shock_down,Z07,ZIC,159.4,594,314
126,shock_down,Z08,ZIC,-104.2,574,358
126,shock_down,Z09,ZIC,-170.5,567,315
126,shock_down,S10,SHVR,-3797.1,5515,-351
126,shock_down,S11,SHVR,-5734.5,5453,-155
126,shock_down,S12,SHVR,-5844.2,5508,-192
126,shock_down,S13,SHVR,-4289.9,5487,-299
126,shock_down,S14,SHVR,-2760.3,5455,-73
126,shock_down,S15,SNPR,-961.5,1223,85
126,shock_down,S16,SNPR,-1163.1,1263,-51
126,shock_down,S17,SNPR,-1849.8,1244,-68
126,shock_down,S18,SNPR,-1208.2,1264,-92
126,shock_down,S19,SNPR,-1774.0,1254,-60
126,shock_down,Z20,ZIP,9964.7,3427,-173
126,shock_down,Z21,ZIP,12552.7,3575,-273
126,shock_down,Z22,ZIP,11685.8,3346,-32
126,shock_down,Z23,ZIP,11003.8,3436,-322
126,shock_down,Z24,ZIP,10360.8,3484,-102
126,shock_down,P25,PRSH,-748.3,879,517
126,shock_down,P26,PRSH,773.9,327,259
126,shock_down,P27,PRSH,386.1,591,331
126,shock_down,P28,PRSH,1297.1,523,331
126,shock_down,P29,PRSH,-1322.4,1574,806
127,shock_down,G00,GVWY,-3539.8,6348,-352
127,shock_down,G01,GVWY,2348.85,6351,-541
127,shock_down,G02,GVWY,-1693.45,6347,-343
127,shock_down,G03,GVWY,-1203.3,6304,-422
127,shock_down,G04,GVWY,-433.9,6318,-546
127,shock_down,Z05,ZIC,-3555.15,547,339
127,shock_down,Z06,ZIC,-3414.4,588,304
127,shock_down,Z07,ZIC,-4244.2,614,332
127,shock_down,Z08,ZIC,-3431.75,577,315
127,shock_down,Z09,ZIC,-3923.1,568,346
127,shock_down,S10,SHVR,-2387.15,5445,-141
127,shock_down,S11,SHVR,-1317.5,5482,-90
127,shock_down,S12,SHVR,-1917.1,5512,-214
127,shock_down,S13,SHVR,-490.95,5425,-313
127,shock_down,S14,SHVR,-5553.65,5565,-71
127,shock_down,S15,SNPR,-1018.7,1216,-38
127,shock_down,S16,SNPR,-145.0,1216,-60
127,shock_down,S17,SNPR,-166.85,1189,-99
127,shock_down,S18,SNPR,747.05,1215,-133
127,shock_down,S19,SNPR,-713.1,1258,-74
127,shock_down,Z20,ZIP,10668.6,3366,24
127,shock_down,Z21,ZIP,15116.6,3514,-196
127,shock_down,Z22,ZIP,9936.3,3496,-38
127,shock_down,Z23,ZIP,11409.35,3551,-91
127,shock_down,Z24,ZIP,18720.2,3428,-272
127,shock_down,P25,PRSH,-2615.85,387,341
127,shock_down,P26,PRSH,-7975.3,3906,618
127,shock_down,P27,PRSH,-2554.55,335,283
127,shock_down,P28,PRSH,-5919.7,422,382
127,shock_down,P29,PRSH,-7940.6,1246,616
128,shock_down,G00,GVWY,-2202.6,6336,-342
128,shock_down,G01,GVWY,-5313.6,6360,-452
128,shock_down,G02,GVWY,-34.0,6359,-565
128,shock_down,G03,GVWY,707.6,6363,-613
128,shock_down,G04,GVWY,-9375.4,6412,-58
128,shock_down,Z05,ZIC,-2308.8,637,319
128,shock_down,Z06,ZIC,-2986.6,636,358
128,shock_down,Z07,ZIC,-2676.2,667,361
128,shock_down,Z08,ZIC,-2077.2,660,326
128,shock_down,Z09,ZIC,-2254.6,588,318
128,shock_down,S10,SHVR,-2615.4,5536,-58
128,shock_down,S11,SHVR,-2220.0,5472,-260
128,shock_down,S12,SHVR,-5039.2,5555,-29
128,shock_down,S13,SHVR,-4459.8,5526,-146
128,shock_down,S14,SHVR,-5699.6,5502,8
128,shock_down,S15,SNPR,-1024.0,1240,-80
128,shock_down,S16,SNPR,-1403.6,1208,-102
128,shock_down,S17,SNPR,-1370.0,1230,-10
128,shock_down,S18,SNPR,-927.6,1228,-12
128,shock_down,S19,SNPR,-836.2,1217,-99
128,shock_down,Z20,ZIP,13869.8,3597,-119
128,shock_down,Z21,ZIP,16769.0,3535,-285
128,shock_down,Z22,ZIP,14583.2,3556,-396
128,shock_down,Z23,ZIP,15464.2,3548,-206
128,shock_down,Z24,ZIP,13645.0,3405,-105
128,shock_down,P25,PRSH,-3394.2,569,381
128,shock_down,P26,PRSH,-2002.0,409,325
128,shock_down,P27,PRSH,-4063.6,703,423
128,shock_down,P28,PRSH,-3572.2,778,396
128,shock_down,P29,PRSH,-4500.6,1166,608
129,shock_down,G00,GVWY,-1606.2,6400,-408
129,shock_down,G01,GVWY,-1320.8,6362,-372
129,shock_down,G02,GVWY,-2907.8,6388,-342
129,shock_down,G03,GVWY,-1766.6,6334,-434
129,shock_down,G04,GVWY,-4926.1,6373,-309
129,shock_down,Z05,ZIC,-3196.7,627,327
129,shock_down,Z06,ZIC,-3385.0,620,350
129,shock_down,Z07,ZIC,-2571.1,647,341
129,shock_down,Z08,ZIC,-2555.5,569,315
129,shock_down,Z09,ZIC,-4397.0,628,380
129,shock_down,S10,SHVR,-5715.8,5524,-92
129,shock_down,S11,SHVR,-4446.2,5512,-88
129,shock_down,S12,SHVR,-5249.0,5488,-150
129,shock_down,S13,SHVR,-2872.6,5516,-74
129,shock_down,S14,SHVR,-3512.1,5517,-149
129,shock_down,S15,SNPR,-1226.1,1219,-19
129,shock_down,S16,SNPR,-1142.8,1220,-52
129,shock_down,S17,SNPR,-540.0,1214,-70
129,shock_down,S18,SNPR,-500.9,1235,-91
129,shock_down,S19,SNPR,-1265.4,1220,-56
129,shock_down,Z20,ZIP,11723.6,3656,-86
129,shock_down,Z21,ZIP,12482.1,3433,-81
129,shock_down,Z22,ZIP,15558.3,3661,-163
129,shock_down,Z23,ZIP,13523.4,3574,-254
129,shock_down,Z24,ZIP,16085.3,3599,-303
129,shock_down,P25,PRSH,-2107.9,367,329
129,shock_down,P26,PRSH,-1230.7,341,287
129,shock_down,P27,PRSH,-2546.3,349,303
129,shock_down,P28,PRSH,-1624.5,303,255
129,shock_down,P29,PRSH,-5627.8,1128,588
130,shock_down,G00,GVWY,-5046.5,6354,-430
130,shock_down,G01,GVWY,-5377.25,6365,-381
130,shock_down,G02,GVWY,-4583.0,6384,-412
130,shock_down,G03,GVWY,-4746.5,6388,-406
130,shock_down,G04,GVWY,-6653.25,6361,-165
130,shock_down,Z05,ZIC,-911.75,613,345
130,shock_down,Z06,ZIC,-2036.0,626,368
130,shock_down,Z07,ZIC,-2234.75,585,357
130,shock_down,Z08,ZIC,-1687.25,613,331
130,shock_down,Z09,ZIC,-545.0,642,376
130,shock_down,S10,SHVR,-6521.25,5493,59
130,shock_down,S11,SHVR,-4949.5,5508,-170
130,shock_down,S12,SHVR,-5021.75,5537,97
130,shock_down,S13,SHVR,-3294.5,5512,-218
130,shock_down,S14,SHVR,-3015.25,5537,-85
130,shock_down,S15,SNPR,-1155.75,1255,21
130,shock_down,S16,SNPR,-1671.25,1241,-121
130,shock_down,S17,SNPR,-1363.0,1262,-52
130,shock_down,S18,SNPR,-954.0,1266,28
130,shock_down,S19,SNPR,-348.25,1239,-57
130,shock_down,Z20,ZIP,17355.5,3668,-682
130,shock_down,Z21,ZIP,15348.25,3517,-231
130,shock_down,Z22,ZIP,11677.75,3421,-217
130,shock_down,Z23,ZIP,10998.5,3480,-122
130,shock_down,Z24,ZIP,11971.75,3497,-181
130,shock_down,P25,PRSH,-1141.75,723,309
130,shock_down,P26,PRSH,-613.0,576,360
130,shock_down,P27,PRSH,-1664.5,908,474
130,shock_down,P28,PRSH,281.75,405,347
130,shock_down,P29,PRSH,-1060.75,739,357
131,shock_down,G00,GVWY,1613.2,6456,-364
131,shock_down,G01,GVWY,537.5,6415,-465
131,shock_down,G02,GVWY,-188.4,6398,-442
131,shock_down,G03,GVWY,659.6,6342,-582
131,shock_down,G04,GVWY,-2171.9,6395,-487
131,shock_down,Z05,ZIC,-3684.2,578,324
131,shock_down,Z06,ZIC,-4373.2,606,344
131,shock_down,Z07,ZIC,-3056.3,617,311
131,shock_down,Z08,ZIC,-4208.7,577,289
131,shock_down,Z09,ZIC,-3099.7,541,289
131,shock_down,S10,SHVR,-1639.9,5517,-187
131,shock_down,S11,SHVR,-6439.1,5563,-33
131,shock_down,S12,SHVR,-3845.0,5566,-80
131,shock_down,S13,SHVR,-2848.4,5550,-182
131,shock_down,S14,SHVR,-6726.8,5510,16
131,shock_down,S15,SNPR,-1115.6,1240,2
131,shock_down,S16,SNPR,-761.0,1238,-50
131,shock_down,S17,SNPR,-261.8,1238,-64
131,shock_down,S18,SNPR,-191.9,1235,-97
131,shock_down,S19,SNPR,-1005.7,1217,9
131,shock_down,Z20,ZIP,25523.9,3591,-703
131,shock_down,Z21,ZIP,17519.4,3476,-268
131,shock_down,Z22,ZIP,12265.5,3543,-95
131,shock_down,Z23,ZIP,15493.0,3520,-270
131,shock_down,Z24,ZIP,12801.4,3524,-128
131,shock_down,P25,PRSH,-10298.9,2841,773
131,shock_down,P26,PRSH,-3964.7,593,329
131,shock_down,P27,PRSH,-2392.9,321,233
131,shock_down,P28,PRSH,-9006.3,1605,651
131,shock_down,P29,PRSH,-13112.5,2735,835
132,shock_down,G00,GVWY,-8344.1,6365,-493
132,shock_down,G01,GVWY,-11412.5,6367,-415
132,shock_down,G02,GVWY,-10041.0,6348,-280
132,shock_down,G03,GVWY,-7141.0,6358,-390
132,shock_down,G04,GVWY,-7052.4,6382,-272
132,shock_down,Z05,ZIC,1558.8,602,334
132,shock_down,Z06,ZIC,1496.2,606,286
132,shock_down,Z07,ZIC,2116.7,585,321
132,shock_down,Z08,ZIC,2051.7,631,371
132,shock_down,Z09,ZIC,1957.9,653,337
132,shock_down,S10,SHVR,-6558.5,5529,-45
132,shock_down,S11,SHVR,-4563.5,5531,-235
132,shock_down,S12,SHVR,-4742.5,5417,-175
132,shock_down,S13,SHVR,-7453.0,5562,-170
132,shock_down,S14,SHVR,-3543.9,5543,-107
132,shock_down,S15,SNPR,-1712.7,1245,-81
132,shock_down,S16,SNPR,-1286.5,1239,-65
132,shock_down,S17,SNPR,-1289.0,1240,-20
132,shock_down,S18,SNPR,-793.4,1254,8
132,shock_down,S19,SNPR,-1276.8,1238,-14
132,shock_down,Z20,ZIP,10806.8,3656,-136
132,shock_down,Z21,ZIP,9159.5,3479,-205
132,shock_down,Z22,ZIP,10787.0,3590,-30
132,shock_down,Z23,ZIP,12075.1,3779,-957
132,shock_down,Z24,ZIP,10665.7,3661,-259
132,shock_down,P25,PRSH,2912.1,393,343
132,shock_down,P26,PRSH,5674.8,2570,844
132,shock_down,P27,PRSH,2403.1,897,473
132,shock_down,P28,PRSH,1865.2,462,316
132,shock_down,P29,PRSH,2669.6,1158,558
133,shock_down,G00,GVWY,-2048.6,6440,-672
133,shock_down,G01,GVWY,-4328.0,6352,-450
133,shock_down,G02,GVWY,-3028.9,6369,-393
133,shock_down,G03,GVWY,-2950.2,6410,-474
133,shock_down,G04,GVWY,-2264.2,6406,-564
133,shock_down,Z05,ZIC,-1227.3,555,309
133,shock_down,Z06,ZIC,-1462.1,627,333
133,shock_down,Z07,ZIC,-1210.1,605,283
133,shock_down,Z08,ZIC,217.9,559,283
133,shock_down,Z09,ZIC,-1506.7,597,341
133,shock_down,S10,SHVR,-7381.4,5600,-98
133,shock_down,S11,SHVR,-2520.1,5589,-177
133,shock_down,S12,SHVR,-3447.1,5609,-377
133,shock_down,S13,SHVR,-3220.0,5542,-60
133,shock_down,S14,SHVR,-6691.5,5569,-155
133,shock_down,S15,SNPR,-773.7,1243,-79
133,shock_down,S16,SNPR,-1154.6,1254,-72
133,shock_down,S17,SNPR,-1152.4,1242,32
133,shock_down,S18,SNPR,-1030.9,1269,-63
133,shock_down,S19,SNPR,-897.4,1254,2
133,shock_down,Z20,ZIP,11815.0,3486,-170
133,shock_down,Z21,ZIP,13830.7,3573,-241
133,shock_down,Z22,ZIP,15127.6,3526,-228
133,shock_down,Z23,ZIP,11545.5,3539,-135
133,shock_down,Z24,ZIP,13237.8,3630,-124
133,shock_down,P25,PRSH,-2555.0,1746,730
133,shock_down,P26,PRSH,-6775.7,4657,261
133,shock_down,P27,PRSH,-2785.4,2188,782
133,shock_down,P28,PRSH,-1901.9,1499,687
133,shock_down,P29,PRSH,-2151.7,829,361
134,shock_down,G00,GVWY,-5308.25,6359,-355
134,shock_down,G01,GVWY,-5458.95,6389,-553
134,shock_down,G02,GVWY,-5416.85,6407,-379
134,shock_down,G03,GVWY,-10002.9,6370,-426
134,shock_down,G04,GVWY,-6230.35,6399,-409
134,shock_down,Z05,ZIC,-370.15,667,339
134,shock_down,Z06,ZIC,-203.4,578,344
134,shock_down,Z07,ZIC,-366.95,631,367
134,shock_down,Z08,ZIC,-601.3,602,358
134,shock_down,Z09,ZIC,-250.8,640,348
134,shock_down,S10,SHVR,-6061.45,5589,-143
134,shock_down,S11,SHVR,-1896.35,5613,-69
134,shock_down,S12,SHVR,-3986.5,5558,-90
134,shock_down,S13,SHVR,-4752.55,5611,-197
134,shock_down,S14,SHVR,-7419.3,5584,-122
134,shock_down,S15,SNPR,-1274.1,1218,-54
134,shock_down,S16,SNPR,-759.1,1262,6
134,shock_down,S17,SNPR,-1000.8,1234,-12
134,shock_down,S18,SNPR,-1147.05,1223,-47
134,shock_down,S19,SNPR,-1306.7,1224,-78
134,shock_down,Z20,ZIP,11647.7,3556,-302
134,shock_down,Z21,ZIP,18323.3,3496,-1078
134,shock_down,Z22,ZIP,12028.6,3636,-296
134,shock_down,Z23,ZIP,9130.4,3466,-124
134,shock_down,Z24,ZIP,12545.35,3533,-251
134,shock_down,P25,PRSH,1624.85,597,559
134,shock_down,P26,PRSH,826.95,291,233
134,shock_down,P27,PRSH,-99.65,2177,1109
134,shock_down,P28,PRSH,-997.65,2241,869
134,shock_down,P29,PRSH,199.7,648,358
135,shock_down,G00,GVWY,-6709.0,6456,-320
135,shock_down,G01,GVWY,-3300.5,6406,-442
135,shock_down,G02,GVWY,-6429.0,6420,-128
135,shock_down,G03,GVWY,-8427.25,6387,-365
135,shock_down,G04,GVWY,-6805.75,6389,-191
135,shock_down,Z05,ZIC,-2724.25,655,395
135,shock_down,Z06,ZIC,-2029.75,623,369
135,shock_down,Z07,ZIC,-2390.75,653,365
135,shock_down,Z08,ZIC,-3778.0,692,448
135,shock_down,Z09,ZIC,-1555.0,662,352
135,shock_down,S10,SHVR,-5084.25,5523,-5
135,shock_down,S11,SHVR,-4909.0,5572,-136
135,shock_down,S12,SHVR,-5257.25,5555,-233
135,shock_down,S13,SHVR,-3555.25,5571,-77
135,shock_down,S14,SHVR,-6534.25,5507,87
135,shock_down,S15,SNPR,-1000.0,1244,-16
135,shock_down,S16,SNPR,-654.75,1253,25
135,shock_down,S17,SNPR,-1524.0,1224,56
135,shock_down,S18,SNPR,-1299.0,1232,-92
135,shock_down,S19,SNPR,-721.5,1244,-74
135,shock_down,Z20,ZIP,17954.75,3585,-633
135,shock_down,Z21,ZIP,20216.25,3475,-771
135,shock_down,Z22,ZIP,18777.5,3496,-546
135,shock_down,Z23,ZIP,15283.25,3541,-343
135,shock_down,Z24,ZIP,18955.25,3623,-571
135,shock_down,P25,PRSH,-6602.75,3061,1029
135,shock_down,P26,PRSH,-1051.25,417,371
135,shock_down,P27,PRSH,-2709.75,819,481
135,shock_down,P28,PRSH,-3209.0,768,532
135,shock_down,P29,PRSH,-1055.75,367,325
136,shock_down,G00,GVWY,-10003.5,6364,-422
136,shock_down,G01,GVWY,-5873.5,6390,-286
136,shock_down,G02,GVWY,-9186.0,6372,-476
136,shock_down,G03,GVWY,-6080.75,6311,-431
136,shock_down,G04,GVWY,-6298.0,6400,-608
136,shock_down,Z05,ZIC,-21.25,567,327
136,shock_down,Z06,ZIC,1037.75,607,343
136,shock_down,Z07,ZIC,269.5,602,350
136,shock_down,Z08,ZIC,430.0,626,308
136,shock_down,Z09,ZIC,1349.25,623,285
136,shock_down,S10,SHVR,-4629.5,5594,-210
136,shock_down,S11,SHVR,-5539.25,5531,-157
136,shock_down,S12,SHVR,-5104.25,5585,-229
136,shock_down,S13,SHVR,-3715.75,5605,-227
136,shock_down,S14,SHVR,-2727.75,5551,-363
136,shock_down,S15,SNPR,-619.25,1243,23
136,shock_down,S16,SNPR,-1179.0,1242,-24
136,shock_down,S17,SNPR,-1136.75,1231,-51
136,shock_down,S18,SNPR,-1938.25,1263,-29
136,shock_down,S19,SNPR,-2104.75,1263,-67
136,shock_down,Z20,ZIP,9616.25,3503,-123
136,shock_down,Z21,ZIP,11670.75,3585,-257
136,shock_down,Z22,ZIP,13743.25,3477,-299
136,shock_down,Z23,ZIP,10186.5,3532,-114
136,shock_down,Z24,ZIP,12304.25,3545,-143
136,shock_down,P25,PRSH,1719.75,2381,875
136,shock_down,P26,PRSH,-1827.75,3677,649
136,shock_down,P27,PRSH,1301.0,596,360
136,shock_down,P28,PRSH,158.75,575,323
136,shock_down,P29,PRSH,4582.75,643,615
137,shock_down,G00,GVWY,-7308.2,6351,-413
137,shock_down,G01,GVWY,-5789.8,6327,-207
137,shock_down,G02,GVWY,-4895.6,6412,-544
137,shock_down,G03,GVWY,-6039.2,6357,-473
137,shock_down,G04,GVWY,-8137.0,6329,-195
137,shock_down,Z05,ZIC,-622.4,627,379
137,shock_down,Z06,ZIC,-199.8,614,358
137,shock_down,Z07,ZIC,391.2,590,308
137,shock_down,Z08,ZIC,58.0,630,330
137,shock_down,Z09,ZIC,-662.8,627,343
137,shock_down,S10,SHVR,-7019.4,5498,-176
137,shock_down,S11,SHVR,-6002.0,5522,-60
137,shock_down,S12,SHVR,-4908.8,5465,-197
137,shock_down,S13,SHVR,-5778.8,5459,-187
137,shock_down,S14,SHVR,-2186.0,5505,-175
137,shock_down,S15,SNPR,-1473.6,1227,-99
137,shock_down,S16,SNPR,-741.0,1247,-5
137,shock_down,S17,SNPR,-1354.6,1219,11
137,shock_down,S18,SNPR,-657.0,1217,15
137,shock_down,S19,SNPR,-1147.0,1278,-10
137,shock_down,Z20,ZIP,9765.6,3573,-101
137,shock_down,Z21,ZIP,10926.4,3467,-119
137,shock_down,Z22,ZIP,11091.2,3532,-212
137,shock_down,Z23,ZIP,14887.0,3579,-565
137,shock_down,Z24,ZIP,18075.4,3688,-884
137,shock_down,P25,PRSH,93.6,308,264
137,shock_down,P26,PRSH,542.8,312,272
137,shock_down,P27,PRSH,-369.0,877,505
137,shock_down,P28,PRSH,2378.2,1639,943
137,shock_down,P29,PRSH,-2240.2,1831,797
138,shock_down,G00,GVWY,-6423.0,6414,-364
138,shock_down,G01,GVWY,-4938.0,6401,-325
138,shock_down,G02,GVWY,-6420.0,6373,-255
138,shock_down,G03,GVWY,-3551.0,6417,-211
138,shock_down,G04,GVWY,-2556.0,6453,-539
138,shock_down,Z05,ZIC,-1003.0,604,296
138,shock_down,Z06,ZIC,-917.0,618,330
138,shock_down,Z07,ZIC,-1791.0,653,373
138,shock_down,Z08,ZIC,-1679.0,603,365
138,shock_down,Z09,ZIC,-640.0,683,419
138,shock_down,S10,SHVR,-4304.0,5650,-308
138,shock_down,S11,SHVR,-531.0,5596,-294
138,shock_down,S12,SHVR,-3301.0,5680,-386
138,shock_down,S13,SHVR,-2523.0,5569,-163
138,shock_down,S14,SHVR,-6581.0,5640,52
138,shock_down,S15,SNPR,-790.0,1239,-131
138,shock_down,S16,SNPR,-1640.0,1249,-117
138,shock_down,S17,SNPR,-964.0,1245,-61
138,shock_down,S18,SNPR,-1119.0,1247,-17
138,shock_down,S19,SNPR,-892.0,1254,-56
138,shock_down,Z20,ZIP,10606.0,3472,-90
138,shock_down,Z21,ZIP,10908.0,3456,-116
138,shock_down,Z22,ZIP,13994.0,3640,-350
138,shock_down,Z23,ZIP,16975.0,3610,-514
138,shock_down,Z24,ZIP,15163.0,3506,-300
138,shock_down,P25,PRSH,-446.0,362,326
138,shock_down,P26,PRSH,-1448.0,471,435
138,shock_down,P27,PRSH,-5714.0,5361,535
138,shock_down,P28,PRSH,-4443.0,1420,762
138,shock_down,P29,PRSH,-1275.0,1247,605
139,shock_down,G00,GVWY,-8372.4,6390,-454
139,shock_down,G01,GVWY,-7851.2,6401,-437
139,shock_down,G02,GVWY,-4583.4,6421,-469
139,shock_down,G03,GVWY,-5960.6,6380,-266
139,shock_down,G04,GVWY,-5306.6,6403,-591
139,shock_down,Z05,ZIC,-707.6,589,329
139,shock_down,Z06,ZIC,62.4,537,299
139,shock_down,Z07,ZIC,132.8,607,333
139,shock_down,Z08,ZIC,82.0,577,345
139,shock_down,Z09,ZIC,-302.2,608,278
139,shock_down,S10,SHVR,-6032.2,5561,-117
139,shock_down,S11,SHVR,-1649.4,5561,-169
139,shock_down,S12,SHVR,-5581.0,5516,-150
139,shock_down,S13,SHVR,-3886.6,5612,-166
139,shock_down,S14,SHVR,-4734.8,5620,-148
139,shock_down,S15,SNPR,-1760.4,1273,-129
139,shock_down,S16,SNPR,-1196.2,1235,-17
139,shock_down,S17,SNPR,-523.8,1240,22
139,shock_down,S18,SNPR,-1519.0,1252,-10
139,shock_down,S19,SNPR,-1028.4,1272,36
139,shock_down,Z20,ZIP,16292.4,3670,-716
139,shock_down,Z21,ZIP,10702.6,3627,-169
139,shock_down,Z22,ZIP,14925.4,3693,-661
139,shock_down,Z23,ZIP,10564.6,3563,-169
139,shock_down,Z24,ZIP,9932.2,3636,-168
139,shock_down,P25,PRSH,58.8,567,303
139,shock_down,P26,PRSH,-1570.0,3063,655
139,shock_down,P27,PRSH,-37.0,1963,1335
139,shock_down,P28,PRSH,525.4,292,234
139,shock_down,P29,PRSH,728.8,1581,713
140,shock_down,G00,GVWY,-4193.0,6360,-492
140,shock_down,G01,GVWY,-2076.5,6372,-478
140,shock_down,G02,GVWY,-3418.0,6368,-336
140,shock_down,G03,GVWY,-1733.5,6396,-482
140,shock_down,G04,GVWY,1004.5,6390,-542
140,shock_down,Z05,ZIC,-1630.5,580,258
140,shock_down,Z06,ZIC,-975.0,626,280
140,shock_down,Z07,ZIC,-2042.25,617,337
140,shock_down,Z08,ZIC,-2034.0,546,252
140,shock_down,Z09,ZIC,-1446.75,545,283
140,shock_down,S10,SHVR,-2794.5,5538,-118
140,shock_down,S11,SHVR,-3354.5,5578,-86
140,shock_down,S12,SHVR,-7041.25,5503,-127
140,shock_down,S13,SHVR,-3628.25,5507,-135
140,shock_down,S14,SHVR,-3353.0,5506,-108
140,shock_down,S15,SNPR,-1166.0,1256,40
140,shock_down,S16,SNPR,-1312.25,1235,-27
140,shock_down,S17,SNPR,-728.0,1236,-52
140,shock_down,S18,SNPR,-680.5,1252,-54
140,shock_down,S19,SNPR,-683.0,1246,-44
140,shock_down,Z20,ZIP,10193.5,3484,-70
140,shock_down,Z21,ZIP,20849.25,3655,-585
140,shock_down,Z22,ZIP,13737.5,3570,-230
140,shock_down,Z23,ZIP,17867.0,3636,-464
140,shock_down,Z24,ZIP,10271.75,3525,-123
140,shock_down,P25,PRSH,-1991.5,334,282
140,shock_down,P26,PRSH,-8669.0,2768,916
140,shock_down,P27,PRSH,-10931.5,3156,1014
140,shock_down,P28,PRSH,-1524.5,354,266
140,shock_down,P29,PRSH,-4497.75,1039,547
141,shock_down,G00,GVWY,-6718.4,6400,-238
141,shock_down,G01,GVWY,-4940.6,6392,-202
141,shock_down,G02,GVWY,-9424.0,6363,-235
141,shock_down,G03,GVWY,-2824.0,6362,-390
141,shock_down,G04,GVWY,-9309.2,6431,-349
141,shock_down,Z05,ZIC,-1182.8,642,384
141,shock_down,Z06,ZIC,-1610.6,662,378
141,shock_down,Z07,ZIC,-776.4,626,332
141,shock_down,Z08,ZIC,160.2,650,344
141,shock_down,Z09,ZIC,-1505.6,652,338
141,shock_down,S10,SHVR,-3835.4,5517,-203
141,shock_down,S11,SHVR,-5050.6,5569,-247
141,shock_down,S12,SHVR,-5106.6,5589,-207
141,shock_down,S13,SHVR,-5668.2,5584,-204
141,shock_down,S14,SHVR,-7128.2,5501,11
141,shock_down,S15,SNPR,-1031.2,1228,-44
141,shock_down,S16,SNPR,-1027.4,1218,-28
141,shock_down,S17,SNPR,-1490.4,1227,-103
141,shock_down,S18,SNPR,-1002.2,1211,11
141,shock_down,S19,SNPR,-1047.2,1234,-4
141,shock_down,Z20,ZIP,13726.4,3537,-87
141,shock_down,Z21,ZIP,12228.6,3558,-98
141,shock_down,Z22,ZIP,15340.4,3659,-87
141,shock_down,Z23,ZIP,13462.6,3635,-313
141,shock_down,Z24,ZIP,19604.0,3626,-520
141,shock_down,P25,PRSH,-1189.8,4996,414
141,shock_down,P26,PRSH,-268.4,697,397
141,shock_down,P27,PRSH,-199.6,378,328
141,shock_down,P28,PRSH,41.4,298,268
141,shock_down,P29,PRSH,-741.2,380,306
142,shock_down,G00,GVWY,-6443.95,6399,-363
142,shock_down,G01,GVWY,-6591.45,6345,-333
142,shock_down,G02,GVWY,-5474.55,6367,-367
142,shock_down,G03,GVWY,-2016.35,6353,-559
142,shock_down,G04,GVWY,-8671.8,6358,-352
142,shock_down,Z05,ZIC,-258.15,567,289
142,shock_down,Z06,ZIC,-272.0,624,340
142,shock_down,Z07,ZIC,-219.1,562,306
142,shock_down,Z08,ZIC,-874.8,638,348
142,shock_down,Z09,ZIC,-1091.8,632,368
142,shock_down,S10,SHVR,-4419.6,5514,-124
142,shock_down,S11,SHVR,-6693.45,5459,27
142,shock_down,S12,SHVR,-4999.05,5491,-157
142,shock_down,S13,SHVR,-3705.05,5509,-177
142,shock_down,S14,SHVR,-4711.6,5532,-64
142,shock_down,S15,SNPR,-611.9,1232,-26
142,shock_down,S16,SNPR,-870.7,1210,-38
142,shock_down,S17,SNPR,-1317.45,1249,-33
142,shock_down,S18,SNPR,-1368.95,1239,-63
142,shock_down,S19,SNPR,-1710.35,1243,-59
142,shock_down,Z20,ZIP,18614.75,3691,-825
142,shock_down,Z21,ZIP,13866.7,3508,-382
142,shock_down,Z22,ZIP,13585.65,3609,-299
142,shock_down,Z23,ZIP,13344.7,3538,-142
142,shock_down,Z24,ZIP,12384.65,3467,-259
142,shock_down,P25,PRSH,-294.3,338,298
142,shock_down,P26,PRSH,-5502.1,2870,1146
142,shock_down,P27,PRSH,-211.4,334,284
142,shock_down,P28,PRSH,-928.65,803,479
142,shock_down,P29,PRSH,-182.2,1200,592
143,shock_down,G00,GVWY,-8261.45,6367,-209
143,shock_down,G01,GVWY,-6352.75,6387,-495
143,shock_down,G02,GVWY,-3877.3,6388,-586
143,shock_down,G03,GVWY,-8771.5,6340,-230
143,shock_down,G04,GVWY,-5565.55,6375,-431
143,shock_down,Z05,ZIC,1278.1,636,302
143,shock_down,Z06,ZIC,518.3,632,326
143,shock_down,Z07,ZIC,90.9,622,358
143,shock_down,Z08,ZIC,1232.1,630,362
143,shock_down,Z09,ZIC,158.25,649,385
143,shock_down,S10,SHVR,-7334.5,5486,70
143,shock_down,S11,SHVR,-5331.7,5454,26
143,shock_down,S12,SHVR,-8054.8,5494,-256
143,shock_down,S13,SHVR,-6848.25,5495,-45
143,shock_down,S14,SHVR,-3967.35,5589,-67
143,shock_down,S15,SNPR,-738.95,1251,-39
143,shock_down,S16,SNPR,-1540.6,1256,-12
143,shock_down,S17,SNPR,-1125.7,1254,-54
143,shock_down,S18,SNPR,-678.65,1245,-53
143,shock_down,S19,SNPR,-1865.0,1252,-60
143,shock_down,Z20,ZIP,15491.8,3552,-364
143,shock_down,Z21,ZIP,10822.9,3570,-182
143,shock_down,Z22,ZIP,11595.85,3451,-123
143,shock_down,Z23,ZIP,13470.65,3697,-407
143,shock_down,Z24,ZIP,15013.45,3553,-291
143,shock_down,P25,PRSH,1013.1,430,322
143,shock_down,P26,PRSH,-701.45,955,531
143,shock_down,P27,PRSH,-373.5,460,370
143,shock_down,P28,PRSH,-231.6,698,388
143,shock_down,P29,PRSH,1216.85,427,397
144,shock_down,G00,GVWY,-5130.8,6332,-534
144,shock_down,G01,GVWY,-7532.3,6321,-399
144,shock_down,G02,GVWY,-5335.4,6382,-192
144,shock_down,G03,GVWY,-5651.1,6365,-553
144,shock_down,G04,GVWY,-8156.4,6350,-402
144,shock_down,Z05,ZIC,441.5,607,315
144,shock_down,Z06,ZIC,-59.7,631,339
144,shock_down,Z07,ZIC,-1050.5,631,365
144,shock_down,Z08,ZIC,-721.7,565,339
144,shock_down,Z09,ZIC,-262.1,615,357
144,shock_down,S10,SHVR,-4699.3,5541,-79
144,shock_down,S11,SHVR,-6373.9,5507,-17
144,shock_down,S12,SHVR,-5340.7,5495,-1
144,shock_down,S13,SHVR,-5602.0,5494,-60
144,shock_down,S14,SHVR,-6530.0,5468,-130
144,shock_down,S15,SNPR,-969.9,1221,-77
144,shock_down,S16,SNPR,-1493.9,1229,-37
144,shock_down,S17,SNPR,-1121.9,1239,-57
144,shock_down,S18,SNPR,-1706.9,1219,-57
144,shock_down,S19,SNPR,-1561.0,1238,-40
144,shock_down,Z20,ZIP,22920.1,3659,-1017
144,shock_down,Z21,ZIP,9356.3,3447,-1
144,shock_down,Z22,ZIP,14327.4,3504,-398
144,shock_down,Z23,ZIP,10044.4,3482,-58
144,shock_down,Z24,ZIP,12384.3,3487,-71
144,shock_down,P25,PRSH,-140.6,352,302
144,shock_down,P26,PRSH,153.5,463,405
144,shock_down,P27,PRSH,308.4,820,482
144,shock_down,P28,PRSH,301.4,776,412
144,shock_down,P29,PRSH,627.0,1518,740
145,shock_down,G00,GVWY,-3142.55,6403,-389
145,shock_down,G01,GVWY,-4311.95,6347,-341
145,shock_down,G02,GVWY,-4429.8,6364,-484
145,shock_down,G03,GVWY,-2686.05,6381,-699
145,shock_down,G04,GVWY,-4718.0,6384,-480
145,shock_down,Z05,ZIC,-1346.1,666,402
145,shock_down,Z06,ZIC,-995.2,630,304
145,shock_down,Z07,ZIC,-824.85,617,337
145,shock_down,Z08,ZIC,-1797.8,588,376
145,shock_down,Z09,ZIC,-1585.0,638,320
145,shock_down,S10,SHVR,-4848.1,5500,-58
145,shock_down,S11,SHVR,-1768.5,5590,-290
145,shock_down,S12,SHVR,-8179.55,5547,-29
145,shock_down,S13,SHVR,-3298.45,5495,-71
145,shock_down,S14,SHVR,-3693.25,5545,-55
145,shock_down,S15,SNPR,-1091.85,1239,-23
145,shock_down,S16,SNPR,-1232.0,1234,-20
145,shock_down,S17,SNPR,-962.75,1233,-45
145,shock_down,S18,SNPR,-539.4,1222,-72
145,shock_down,S19,SNPR,-875.7,1226,-66
145,shock_down,Z20,ZIP,9666.05,3599,-41
145,shock_down,Z21,ZIP,9824.0,3590,-120
145,shock_down,Z22,ZIP,12206.55,3655,-311
145,shock_down,Z23,ZIP,13583.0,3488,-200
145,shock_down,Z24,ZIP,13969.45,3547,-189
145,shock_down,P25,PRSH,5.9,344,282
145,shock_down,P26,PRSH,-1368.75,797,375
145,shock_down,P27,PRSH,-2569.9,1174,618
145,shock_down,P28,PRSH,-343.8,334,296
145,shock_down,P29,PRSH,-674.7,1286,614
146,shock_down,G00,GVWY,-11265.2,6444,-468
146,shock_down,G01,GVWY,-13038.0,6427,-395
146,shock_down,G02,GVWY,-9720.6,6380,-324
146,shock_down,G03,GVWY,-9454.0,6443,-215
146,shock_down,G04,GVWY,-13047.2,6416,-358
146,shock_down,Z05,ZIC,3300.6,579,319
146,shock_down,Z06,ZIC,2340.2,586,368
146,shock_down,Z07,ZIC,3516.6,629,359
146,shock_down,Z08,ZIC,3025.2,609,363
146,shock_down,Z09,ZIC,3255.6,679,399
146,shock_down,S10,SHVR,-5466.8,5613,-97
146,shock_down,S11,SHVR,-6163.8,5544,-72
146,shock_down,S12,SHVR,-8576.6,5626,166
146,shock_down,S13,SHVR,-6913.2,5571,-123
146,shock_down,S14,SHVR,-5677.4,5587,-91
146,shock_down,S15,SNPR,-1409.6,1251,-19
146,shock_down,S16,SNPR,-1384.6,1265,-49
146,shock_down,S17,SNPR,-1971.4,1242,-66
146,shock_down,S18,SNPR,-1579.4,1250,-56
146,shock_down,S19,SNPR,-1866.0,1254,-50
146,shock_down,Z20,ZIP,9360.4,3572,-924
146,shock_down,Z21,ZIP,8463.2,3622,-72
146,shock_down,Z22,ZIP,7329.6,3635,-1141
146,shock_down,Z23,ZIP,11728.2,3546,-132
146,shock_down,Z24,ZIP,9967.6,3590,-676
146,shock_down,P25,PRSH,10844.0,2113,1065
146,shock_down,P26,PRSH,3600.2,360,318
146,shock_down,P27,PRSH,10018.8,836,752
146,shock_down,P28,PRSH,2412.2,291,253
146,shock_down,P29,PRSH,7527.2,2484,938
147,shock_down,G00,GVWY,-2838.0,6326,-426
147,shock_down,G01,GVWY,-4894.0,6406,-382
147,shock_down,G02,GVWY,-3573.0,6356,-660
147,shock_down,G03,GVWY,-5415.0,6384,-410
147,shock_down,G04,GVWY,-8023.0,6375,-557
147,shock_down,Z05,ZIC,143.0,608,278
147,shock_down,Z06,ZIC,-708.0,554,264
147,shock_down,Z07,ZIC,900.0,594,220
147,shock_down,Z08,ZIC,-1143.0,653,335
147,shock_down,Z09,ZIC,-1029.0,605,301
147,shock_down,S10,SHVR,-3614.0,5465,-77
147,shock_down,S11,SHVR,-3526.0,5483,-189
147,shock_down,S12,SHVR,-5476.0,5466,-240
147,shock_down,S13,SHVR,-5609.0,5434,-148
147,shock_down,S14,SHVR,-5055.0,5506,-52
147,shock_down,S15,SNPR,-913.0,1265,-105
147,shock_down,S16,SNPR,-1113.0,1219,9
147,shock_down,S17,SNPR,-775.0,1256,-26
147,shock_down,S18,SNPR,-941.0,1235,-31
147,shock_down,S19,SNPR,-1040.0,1259,-83
147,shock_down,Z20,ZIP,13261.0,3529,-403
147,shock_down,Z21,ZIP,15730.0,3488,-576
147,shock_down,Z22,ZIP,10957.0,3623,-339
147,shock_down,Z23,ZIP,9538.0,3472,-92
147,shock_down,Z24,ZIP,12925.0,3605,-209
147,shock_down,P25,PRSH,-1451.0,825,455
147,shock_down,P26,PRSH,-5140.0,2734,1012
147,shock_down,P27,PRSH,1492.0,1626,704
147,shock_down,P28,PRSH,-1659.0,870,458
147,shock_down,P29,PRSH,-266.0,2110,878
148,shock_down,G00,GVWY,-3707.0,6427,-471
148,shock_down,G01,GVWY,-7040.0,6373,-523
148,shock_down,G02,GVWY,-2145.0,6404,-578
148,shock_down,G03,GVWY,-8057.0,6398,-524
148,shock_down,G04,GVWY,-9133.0,6415,-305
148,shock_down,Z05,ZIC,-680.0,596,326
148,shock_down,Z06,ZIC,710.0,622,324
148,shock_down,Z07,ZIC,-1181.0,616,310
148,shock_down,Z08,ZIC,-508.0,705,393
148,shock_down,Z09,ZIC,-1152.0,609,289
148,shock_down,S10,SHVR,-5990.0,5616,-2
148,shock_down,S11,SHVR,-3031.0,5649,-59
148,shock_down,S12,SHVR,-3412.0,5553,-213
148,shock_down,S13,SHVR,-5700.0,5535,-113
148,shock_down,S14,SHVR,-8216.0,5599,-19
148,shock_down,S15,SNPR,-1650.0,1236,-14
148,shock_down,S16,SNPR,-663.0,1247,-73
148,shock_down,S17,SNPR,-1624.0,1255,-125
148,shock_down,S18,SNPR,-961.0,1234,20
148,shock_down,S19,SNPR,-1075.0,1247,-9
148,shock_down,Z20,ZIP,18130.0,3604,-694
148,shock_down,Z21,ZIP,15942.0,3681,-507
148,shock_down,Z22,ZIP,12513.0,3531,-281
148,shock_down,Z23,ZIP,11580.0,3660,-166
148,shock_down,Z24,ZIP,10404.0,3576,-226
148,shock_down,P25,PRSH,-1088.0,1469,753
148,shock_down,P26,PRSH,-569.0,1502,702
148,shock_down,P27,PRSH,25.0,495,343
148,shock_down,P28,PRSH,-1410.0,3230,940
148,shock_down,P29,PRSH,-858.0,752,420
149,shock_down,G00,GVWY,-5121.2,6402,-206
149,shock_down,G01,GVWY,-2109.6,6456,-428
149,shock_down,G02,GVWY,-2178.8,6374,-314
149,shock_down,G03,GVWY,-4790.1,6427,-433
149,shock_down,G04,GVWY,-1171.5,6419,-345
149,shock_down,Z05,ZIC,-2032.0,596,330
149,shock_down,Z06,ZIC,-3130.7,649,379
149,shock_down,Z07,ZIC,-3378.7,615,369
149,shock_down,Z08,ZIC,-3448.6,642,392
149,shock_down,Z09,ZIC,-3354.2,654,364
149,shock_down,S10,SHVR,-2666.1,5593,-133
149,shock_down,S11,SHVR,-5611.9,5517,-157
149,shock_down,S12,SHVR,-8687.7,5517,-51
149,shock_down,S13,SHVR,-2364.6,5516,-228
149,shock_down,S14,SHVR,-3318.6,5588,-138
149,shock_down,S15,SNPR,-1312.8,1260,-4
149,shock_down,S16,SNPR,-1182.4,1200,18
149,shock_down,S17,SNPR,-1229.0,1248,30
149,shock_down,S18,SNPR,-894.3,1257,21
149,shock_down,S19,SNPR,-689.6,1248,-108
149,shock_down,Z20,ZIP,17539.9,3561,-443
149,shock_down,Z21,ZIP,18096.4,3784,-558
149,shock_down,Z22,ZIP,13807.1,3549,-77
149,shock_down,Z23,ZIP,13793.4,3470,-188
149,shock_down,Z24,ZIP,15531.1,3525,-227
149,shock_down,P25,PRSH,-2110.7,315,259
149,shock_down,P26,PRSH,-3164.7,459,359
149,shock_down,P27,PRSH,-6108.0,968,520
149,shock_down,P28,PRSH,-3593.0,580,560
149,shock_down,P29,PRSH,-3524.3,621,361
0,multi_regime,G00,GVWY,-158.75,5935,-635
0,multi_regime,G01,GVWY,-4652.05,5883,-309
0,multi_regime,G02,GVWY,-2266.85,5847,-353
0,multi_regime,G03,GVWY,-1859.15,5901,-347
0,multi_regime,G04,GVWY,-372.9,5890,-442
0,multi_regime,Z05,ZIC,192.65,655,337
0,multi_regime,Z06,ZIC,645.2,660,236
0,multi_regime,Z07,ZIC,41.45,673,261
0,multi_regime,Z08,ZIC,-622.4,678,308
0,multi_regime,Z09,ZIC,-2100.75,701,345
0,multi_regime,S10,SHVR,-2405.6,5010,-148
0,multi_regime,S11,SHVR,-4362.75,4911,-55
0,multi_regime,S12,SHVR,-4362.05,4957,-89
0,multi_regime,S13,SHVR,-2697.3,4982,-94
0,multi_regime,S14,SHVR,-4622.45,4965,-121
0,multi_regime,S15,SNPR,1894.0,1080,-140
0,multi_regime,S16,SNPR,-182.8,1122,-64
0,multi_regime,S17,SNPR,-82.45,1139,-21
0,multi_regime,S18,SNPR,-667.25,1097,-65
0,multi_regime,S19,SNPR,635.35,1121,-137
0,multi_regime,Z20,ZIP,9599.95,3915,-189
0,multi_regime,Z21,ZIP,5749.85,3631,-67
0,multi_regime,Z22,ZIP,5016.7,3804,6
0,multi_regime,Z23,ZIP,8240.35,3869,-37
0,multi_regime,Z24,ZIP,7291.25,3845,-35
0,multi_regime,P25,PRSH,-2441.05,961,391
0,multi_regime,P26,PRSH,-1432.95,943,389
0,multi_regime,P27,PRSH,-1279.6,826,372
0,multi_regime,P28,PRSH,319.45,397,281
0,multi_regime,P29,PRSH,669.85,415,313
1,multi_regime,G00,GVWY,1918.4,5994,-324
1,multi_regime,G01,GVWY,-102.4,5900,-386
1,multi_regime,G02,GVWY,6512.0,5963,-415
1,multi_regime,G03,GVWY,6793.4,5949,-449
1,multi_regime,G04,GVWY,-1614.2,5867,-243
1,multi_regime,Z05,ZIC,-4855.6,673,281
1,multi_regime,Z06,ZIC,-3143.4,632,224
1,multi_regime,Z07,ZIC,-6185.2,672,342
1,multi_regime,Z08,ZIC,-4656.8,641,313
1,multi_regime,Z09,ZIC,-5304.0,675,305
1,multi_regime,S10,SHVR,2428.6,5107,-321
1,multi_regime,S11,SHVR,-4653.8,5132,-52
1,multi_regime,S12,SHVR,-901.4,5123,-201
1,multi_regime,S13,SHVR,-2082.8,5189,-197
1,multi_regime,S14,SHVR,1442.6,5200,-196
1,multi_regime,S15,SNPR,1716.4,1145,-79
1,multi_regime,S16,SNPR,-593.8,1169,-37
1,multi_regime,S17,SNPR,-428.4,1159,-31
1,multi_regime,S18,SNPR,379.2,1143,-27
1,multi_regime,S19,SNPR,960.2,1130,-62
1,multi_regime,Z20,ZIP,6794.4,3844,-4
1,multi_regime,Z21,ZIP,9613.2,3903,-27
1,multi_regime,Z22,ZIP,3697.8,3857,17
1,multi_regime,Z23,ZIP,16917.4,4031,-289
1,multi_regime,Z24,ZIP,13646.0,4068,-210
1,multi_regime,P25,PRSH,194.4,5169,31
1,multi_regime,P26,PRSH,-9719.6,1426,576
1,multi_regime,P27,PRSH,-12817.2,2117,697
1,multi_regime,P28,PRSH,-4907.2,428,322
1,multi_regime,P29,PRSH,-4485.8,579,273
2,multi_regime,G00,GVWY,-8727.8,5929,-403
2,multi_regime,G01,GVWY,-12139.2,5906,-512
2,multi_regime,G02,GVWY,-9528.8,5892,-338
2,multi_regime,G03,GVWY,-8747.4,5915,-289
2,multi_regime,G04,GVWY,-11329.6,5904,-446
2,multi_regime,Z05,ZIC,4671.6,663,301
2,multi_regime,Z06,ZIC,4239.8,654,308
2,multi_regime,Z07,ZIC,4822.4,691,289
2,multi_regime,Z08,ZIC,4377.6,662,296
2,multi_regime,Z09,ZIC,4499.2,639,217
2,multi_regime,S10,SHVR,-4507.4,5067,-259
2,multi_regime,S11,SHVR,-5948.4,4986,-334
2,multi_regime,S12,SHVR,-5809.0,5030,-70
2,multi_regime,S13,SHVR,-4617.6,5071,-281
2,multi_regime,S14,SHVR,-5228.0,5029,-105
2,multi_regime,S15,SNPR,-1245.6,1119,-111
2,multi_regime,S16,SNPR,-2600.0,1132,-10
2,multi_regime,S17,SNPR,-495.2,1125,-7
2,multi_regime,S18,SNPR,-1404.8,1155,-73
2,multi_regime,S19,SNPR,410.4,1117,-31
2,multi_regime,Z20,ZIP,6470.0,3842,40
2,multi_regime,Z21,ZIP,7625.2,4033,-103
2,multi_regime,Z22,ZIP,4621.0,3975,-75
2,multi_regime,Z23,ZIP,4750.8,3844,-112
2,multi_regime,Z24,ZIP,6219.4,4023,-41
2,multi_regime,P25,PRSH,11121.4,2485,759
2,multi_regime,P26,PRSH,10220.0,1807,665
2,multi_regime,P27,PRSH,5519.0,414,280
2,multi_regime,P28,PRSH,4644.4,363,239
2,multi_regime,P29,PRSH,-74.6,4867,69
3,multi_regime,G00,GVWY,-16471.8,5902,-424
3,multi_regime,G01,GVWY,-15138.8,5920,-314
3,multi_regime,G02,GVWY,-15798.4,5966,-402
3,multi_regime,G03,GVWY,-13818.3,5911,-419
3,multi_regime,G04,GVWY,-13824.5,5943,-415
3,multi_regime,Z05,ZIC,6028.5,609,215
3,multi_regime,Z06,ZIC,5642.4,638,282
3,multi_regime,Z07,ZIC,6649.7,643,291
3,multi_regime,Z08,ZIC,7735.0,652,290
3,multi_regime,Z09,ZIC,8262.1,673,303
3,multi_regime,S10,SHVR,-6958.7,4987,-191
3,multi_regime,S11,SHVR,-9042.0,5068,-410
3,multi_regime,S12,SHVR,-6413.6,5032,-98
3,multi_regime,S13,SHVR,-6972.8,4968,-194
3,multi_regime,S14,SHVR,-6013.5,5053,-55
3,multi_regime,S15,SNPR,-2032.6,1140,-148
3,multi_regime,S16,SNPR,-187.7,1105,-21
3,multi_regime,S17,SNPR,-3160.1,1125,-53
3,multi_regime,S18,SNPR,-1969.2,1140,-66
3,multi_regime,S19,SNPR,-1765.8,1156,-34
3,multi_regime,Z20,ZIP,6740.4,3844,-18
3,multi_regime,Z21,ZIP,4596.7,3783,-109
3,multi_regime,Z22,ZIP,6422.5,3917,-115
3,multi_regime,Z23,ZIP,6540.1,4009,-87
3,multi_regime,Z24,ZIP,-794.1,4115,-363
3,multi_regime,P25,PRSH,13028.1,1169,503
3,multi_regime,P26,PRSH,8049.7,417,291
3,multi_regime,P27,PRSH,6907.5,495,305
3,multi_regime,P28,PRSH,16904.3,3093,589
3,multi_regime,P29,PRSH,15917.4,2982,702
4,multi_regime,G00,GVWY,-19791.1,5931,-461
4,multi_regime,G01,GVWY,-17921.4,5940,-454
4,multi_regime,G02,GVWY,-16457.6,5898,-356
4,multi_regime,G03,GVWY,-19981.0,5870,-390
4,multi_regime,G04,GVWY,-20285.1,5939,-481
4,multi_regime,Z05,ZIC,11082.7,681,297
4,multi_regime,Z06,ZIC,11419.8,690,308
4,multi_regime,Z07,ZIC,8915.8,626,268
4,multi_regime,Z08,ZIC,11044.3,655,273
4,multi_regime,Z09,ZIC,11323.6,642,306
4,multi_regime,S10,SHVR,-10980.4,5124,-204
4,multi_regime,S11,SHVR,-10924.9,5075,-169
4,multi_regime,S12,SHVR,-9297.9,5033,-149
4,multi_regime,S13,SHVR,-7070.4,5022,-44
4,multi_regime,S14,SHVR,-6243.0,5024,-50
4,multi_regime,S15,SNPR,-534.8,1086,12
4,multi_regime,S16,SNPR,-1017.8,1114,-8
4,multi_regime,S17,SNPR,-2814.9,1099,-79
4,multi_regime,S18,SNPR,-1364.0,1120,0
4,multi_regime,S19,SNPR,-1720.1,1103,-71
4,multi_regime,Z20,ZIP,5951.6,3814,-74
4,multi_regime,Z21,ZIP,-2274.4,4018,-334
4,multi_regime,Z22,ZIP,9821.3,3763,23
4,multi_regime,Z23,ZIP,7813.7,3683,27
4,multi_regime,Z24,ZIP,5310.6,3878,-54
4,multi_regime,P25,PRSH,16536.6,984,466
4,multi_regime,P26,PRSH,10880.9,375,309
4,multi_regime,P27,PRSH,14329.7,785,347
4,multi_regime,P28,PRSH,9919.9,4319,299
4,multi_regime,P29,PRSH,14055.9,465,339
5,multi_regime,G00,GVWY,-18344.5,5885,-447
5,multi_regime,G01,GVWY,-15993.5,5883,-331
5,multi_regime,G02,GVWY,-13589.0,5920,-210
5,multi_regime,G03,GVWY,-15306.0,5856,-350
5,multi_regime,G04,GVWY,-19244.5,5913,-449
5,multi_regime,Z05,ZIC,8753.5,627,263
5,multi_regime,Z06,ZIC,8881.0,640,264
5,multi_regime,Z07,ZIC,11684.0,658,328
5,multi_regime,Z08,ZIC,10216.0,640,274
5,multi_regime,Z09,ZIC,8887.5,627,285
5,multi_regime,S10,SHVR,-10428.0,5092,-202
5,multi_regime,S11,SHVR,-7606.5,4971,-169
5,multi_regime,S12,SHVR,-11219.0,5004,-220
5,multi_regime,S13,SHVR,-10299.5,5023,-271
5,multi_regime,S14,SHVR,-10484.5,4997,-249
5,multi_regime,S15,SNPR,-1128.0,1128,-34
5,multi_regime,S16,SNPR,-485.5,1107,5
5,multi_regime,S17,SNPR,-1157.5,1121,-13
5,multi_regime,S18,SNPR,-1284.5,1129,-17
5,multi_regime,S19,SNPR,-3238.0,1124,-44
5,multi_regime,Z20,ZIP,5521.5,3743,-9
5,multi_regime,Z21,ZIP,6048.0,3868,-36
5,multi_regime,Z22,ZIP,4678.5,4001,-203
5,multi_regime,Z23,ZIP,4425.0,3918,-174
5,multi_regime,Z24,ZIP,4446.0,3836,-112
5,multi_regime,P25,PRSH,11183.0,526,298
5,multi_regime,P26,PRSH,15153.0,488,430
5,multi_regime,P27,PRSH,15412.5,1139,467
5,multi_regime,P28,PRSH,13710.5,1005,441
5,multi_regime,P29,PRSH,10270.5,675,337
6,multi_regime,G00,GVWY,5746.0,5838,-522
6,multi_regime,G01,GVWY,1160.0,5920,-458
6,multi_regime,G02,GVWY,-1893.0,5844,-250
6,multi_regime,G03,GVWY,12742.0,5901,-649
6,multi_regime,G04,GVWY,4021.0,5935,-409
6,multi_regime,Z05,ZIC,-3128.0,612,230
6,multi_regime,Z06,ZIC,-3610.0,664,244
6,multi_regime,Z07,ZIC,-5681.0,701,353
6,multi_regime,Z08,ZIC,-6088.0,632,292
6,multi_regime,Z09,ZIC,-6936.0,682,386
6,multi_regime,S10,SHVR,-1089.0,5016,-212
6,multi_regime,S11,SHVR,57.0,5045,-219
6,multi_regime,S12,SHVR,-4419.0,5026,-82
6,multi_regime,S13,SHVR,516.0,4979,-157
6,multi_regime,S14,SHVR,-401.0,5002,-160
6,multi_regime,S15,SNPR,-221.0,1110,-24
6,multi_regime,S16,SNPR,1412.0,1092,-66
6,multi_regime,S17,SNPR,-342.0,1095,-33
6,multi_regime,S18,SNPR,3345.0,1099,-73
6,multi_regime,S19,SNPR,372.0,1111,-93
6,multi_regime,Z20,ZIP,8320.0,3845,-71
6,multi_regime,Z21,ZIP,13636.0,3666,-194
6,multi_regime,Z22,ZIP,10868.0,3948,-200
6,multi_regime,Z23,ZIP,9361.0,3818,-106
6,multi_regime,Z24,ZIP,10682.0,3970,-128
6,multi_regime,P25,PRSH,-13360.0,1835,703
6,multi_regime,P26,PRSH,-5444.0,758,352
6,multi_regime,P27,PRSH,-12386.0,885,723
6,multi_regime,P28,PRSH,-4879.0,708,300
6,multi_regime,P29,PRSH,-6439.0,840,370
7,multi_regime,G00,GVWY,-1727.2,5890,-772
7,multi_regime,G01,GVWY,-5624.2,5847,-317
7,multi_regime,G02,GVWY,-2531.6,5914,-376
7,multi_regime,G03,GVWY,-2475.0,5909,-565
7,multi_regime,G04,GVWY,-3291.0,5842,-520
7,multi_regime,Z05,ZIC,1548.2,653,207
7,multi_regime,Z06,ZIC,148.2,648,282
7,multi_regime,Z07,ZIC,695.8,668,288
7,multi_regime,Z08,ZIC,-401.4,652,296
7,multi_regime,Z09,ZIC,206.2,617,277
7,multi_regime,S10,SHVR,-2375.0,4930,-190
7,multi_regime,S11,SHVR,-4807.2,5084,-62
7,multi_regime,S12,SHVR,-4379.8,4952,-138
7,multi_regime,S13,SHVR,-1891.8,4983,-233
7,multi_regime,S14,SHVR,-2269.8,4886,-128
7,multi_regime,S15,SNPR,-208.0,1100,-30
7,multi_regime,S16,SNPR,-783.8,1114,-98
7,multi_regime,S17,SNPR,-446.6,1141,-51
7,multi_regime,S18,SNPR,-1559.8,1088,-8
7,multi_regime,S19,SNPR,1491.0,1070,-110
7,multi_regime,Z20,ZIP,7626.8,3724,-22
7,multi_regime,Z21,ZIP,6818.0,3788,80
7,multi_regime,Z22,ZIP,5563.2,3816,52
7,multi_regime,Z23,ZIP,6248.4,3953,29
7,multi_regime,Z24,ZIP,7885.4,3613,-21
7,multi_regime,P25,PRSH,-798.8,1166,482
7,multi_regime,P26,PRSH,880.6,418,266
7,multi_regime,P27,PRSH,-774.2,707,363
7,multi_regime,P28,PRSH,-738.0,1496,560
7,multi_regime,P29,PRSH,280.4,935,339
8,multi_regime,G00,GVWY,-13117.4,5877,-331
8,multi_regime,G01,GVWY,-14145.4,5791,-481
8,multi_regime,G02,GVWY,-16393.6,5872,-574
8,multi_regime,G03,GVWY,-10450.2,5884,-438
8,multi_regime,G04,GVWY,-14378.2,5911,-533
8,multi_regime,Z05,ZIC,6001.0,652,240
8,multi_regime,Z06,ZIC,7447.4,691,341
8,multi_regime,Z07,ZIC,6606.4,655,341
8,multi_regime,Z08,ZIC,6271.0,667,275
8,multi_regime,Z09,ZIC,5646.4,649,291
8,multi_regime,S10,SHVR,-6520.2,4930,-118
8,multi_regime,S11,SHVR,-5656.0,4911,-95
8,multi_regime,S12,SHVR,-8100.0,4940,-240
8,multi_regime,S13,SHVR,-7537.2,4971,-173
8,multi_regime,S14,SHVR,-5343.4,4957,-21
8,multi_regime,S15,SNPR,-502.4,1118,4
8,multi_regime,S16,SNPR,-374.6,1112,-24
8,multi_regime,S17,SNPR,-1977.4,1092,-66
8,multi_regime,S18,SNPR,-1575.4,1113,-121
8,multi_regime,S19,SNPR,-471.4,1082,-46
8,multi_regime,Z20,ZIP,6037.6,3679,-71
8,multi_regime,Z21,ZIP,6624.8,4044,-78
8,multi_regime,Z22,ZIP,5578.8,3709,-113
8,multi_regime,Z23,ZIP,6872.8,3967,-143
8,multi_regime,Z24,ZIP,5815.0,3873,-75
8,multi_regime,P25,PRSH,7417.8,783,377
8,multi_regime,P26,PRSH,4996.8,364,262
8,multi_regime,P27,PRSH,6067.8,386,282
8,multi_regime,P28,PRSH,19921.0,1440,950
8,multi_regime,P29,PRSH,6158.6,379,269
9,multi_regime,G00,GVWY,2126.2,6048,-472
9,multi_regime,G01,GVWY,3273.7,5906,-522
9,multi_regime,G02,GVWY,4757.6,6016,-476
9,multi_regime,G03,GVWY,4947.6,5988,-496
9,multi_regime,G04,GVWY,-41.5,5974,-390
9,multi_regime,Z05,ZIC,-3382.0,662,300
9,multi_regime,Z06,ZIC,-5681.9,634,314
9,multi_regime,Z07,ZIC,-4288.85,633,271
9,multi_regime,Z08,ZIC,-4102.05,617,283
9,multi_regime,Z09,ZIC,-5195.9,696,294
9,multi_regime,S10,SHVR,-993.1,5204,-194
9,multi_regime,S11,SHVR,-3979.0,5206,-100
9,multi_regime,S12,SHVR,803.9,5100,-154
9,multi_regime,S13,SHVR,837.05,5135,-243
9,multi_regime,S14,SHVR,-3407.1,5178,-114
9,multi_regime,S15,SNPR,-1789.7,1110,22
9,multi_regime,S16,SNPR,72.15,1161,-29
9,multi_regime,S17,SNPR,952.55,1133,-53
9,multi_regime,S18,SNPR,-591.6,1148,36
9,multi_regime,S19,SNPR,-1388.6,1136,16
9,multi_regime,Z20,ZIP,13738.75,4167,-325
9,multi_regime,Z21,ZIP,7756.2,3740,-72
9,multi_regime,Z22,ZIP,12842.7,4090,-222
9,multi_regime,Z23,ZIP,9735.45,3961,-107
9,multi_regime,Z24,ZIP,9303.9,3956,-74
9,multi_regime,P25,PRSH,-9575.7,3652,642
9,multi_regime,P26,PRSH,-10017.0,3088,680
9,multi_regime,P27,PRSH,-86.5,4474,190
9,multi_regime,P28,PRSH,-7886.15,689,589
9,multi_regime,P29,PRSH,-4257.6,472,296
10,multi_regime,G00,GVWY,1072.0,5998,-620
10,multi_regime,G01,GVWY,-3736.4,5989,-461
10,multi_regime,G02,GVWY,554.0,5944,-450
10,multi_regime,G03,GVWY,-2900.6,5983,-459
10,multi_regime,G04,GVWY,-1940.0,6034,-610
10,multi_regime,Z05,ZIC,-1677.2,662,312
10,multi_regime,Z06,ZIC,-2591.8,634,338
10,multi_regime,Z07,ZIC,-2581.6,731,331
10,multi_regime,Z08,ZIC,-960.8,669,343
10,multi_regime,Z09,ZIC,-1824.2,679,367
10,multi_regime,S10,SHVR,-4065.8,5135,-27
10,multi_regime,S11,SHVR,-2378.4,5152,-136
10,multi_regime,S12,SHVR,-6494.4,5099,-1
10,multi_regime,S13,SHVR,1205.2,5098,-272
10,multi_regime,S14,SHVR,-1443.4,5134,-116
10,multi_regime,S15,SNPR,-54.6,1121,-99
10,multi_regime,S16,SNPR,1197.6,1106,-96
10,multi_regime,S17,SNPR,-1017.4,1107,-81
10,multi_regime,S18,SNPR,790.2,1138,-102
10,multi_regime,S19,SNPR,164.4,1127,-39
10,multi_regime,Z20,ZIP,10780.8,4089,-153
10,multi_regime,Z21,ZIP,7541.4,3832,-74
10,multi_regime,Z22,ZIP,6944.0,3869,-25
10,multi_regime,Z23,ZIP,9059.4,3767,-69
10,multi_regime,Z24,ZIP,7288.0,3871,25
10,multi_regime,P25,PRSH,-223.6,710,246
10,multi_regime,P26,PRSH,-1308.0,370,280
10,multi_regime,P27,PRSH,-946.4,406,304
10,multi_regime,P28,PRSH,-4161.4,2920,774
10,multi_regime,P29,PRSH,-1845.4,4448,444
11,multi_regime,G00,GVWY,110.5,5911,-445
11,multi_regime,G01,GVWY,-1814.2,5876,-364
11,multi_regime,G02,GVWY,-3097.0,5826,-310
11,multi_regime,G03,GVWY,-5171.5,5867,-245
11,multi_regime,G04,GVWY,-862.8,5894,-496
11,multi_regime,Z05,ZIC,-220.3,619,269
11,multi_regime,Z06,ZIC,-286.5,639,295
11,multi_regime,Z07,ZIC,-463.3,675,299
11,multi_regime,Z08,ZIC,-1889.6,598,278
11,multi_regime,Z09,ZIC,-1732.1,671,353
11,multi_regime,S10,SHVR,-768.5,5035,-175
11,multi_regime,S11,SHVR,-4299.8,4958,-166
11,multi_regime,S12,SHVR,-4809.3,5005,-131
11,multi_regime,S13,SHVR,-4003.9,5001,-203
11,multi_regime,S14,SHVR,-974.8,4904,-266
11,multi_regime,S15,SNPR,-281.6,1122,-22
11,multi_regime,S16,SNPR,1478.6,1114,-38
11,multi_regime,S17,SNPR,502.8,1096,-44
11,multi_regime,S18,SNPR,-462.4,1098,-78
11,multi_regime,S19,SNPR,-45.0,1112,-80
11,multi_regime,Z20,ZIP,7649.1,3949,-133
11,multi_regime,Z21,ZIP,8301.9,3885,-47
11,multi_regime,Z22,ZIP,8082.4,3914,-102
11,multi_regime,Z23,ZIP,5841.4,3726,-52
11,multi_regime,Z24,ZIP,9428.3,3747,-139
11,multi_regime,P25,PRSH,-879.6,790,338
11,multi_regime,P26,PRSH,-3947.1,2943,663
11,multi_regime,P27,PRSH,-1236.5,477,365
11,multi_regime,P28,PRSH,-171.6,526,268
11,multi_regime,P29,PRSH,-460.8,370,284
12,multi_regime,G00,GVWY,4249.0,5880,-542
12,multi_regime,G01,GVWY,6627.0,5837,-523
12,multi_regime,G02,GVWY,937.0,5851,-475
12,multi_regime,G03,GVWY,2721.0,5892,-414
12,multi_regime,G04,GVWY,3457.0,5856,-454
12,multi_regime,Z05,ZIC,-4972.0,667,301
12,multi_regime,Z06,ZIC,-3906.0,616,284
12,multi_regime,Z07,ZIC,-6592.0,665,351
12,multi_regime,Z08,ZIC,-4958.0,653,279
12,multi_regime,Z09,ZIC,-4718.0,623,299
12,multi_regime,S10,SHVR,2282.0,4953,-205
12,multi_regime,S11,SHVR,561.0,5000,-202
12,multi_regime,S12,SHVR,3595.0,4995,-365
12,multi_regime,S13,SHVR,-884.0,5011,-123
12,multi_regime,S14,SHVR,3721.0,5028,-190
12,multi_regime,S15,SNPR,1173.0,1092,-50
12,multi_regime,S16,SNPR,1358.0,1097,-57
12,multi_regime,S17,SNPR,1002.0,1110,-80
12,multi_regime,S18,SNPR,193.0,1119,17
12,multi_regime,S19,SNPR,-533.0,1098,-14
12,multi_regime,Z20,ZIP,9931.0,3826,-136
12,multi_regime,Z21,ZIP,4876.0,3698,32
12,multi_regime,Z22,ZIP,4573.0,3867,-17
12,multi_regime,Z23,ZIP,8707.0,3634,-126
12,multi_regime,Z24,ZIP,10464.0,3582,-178
12,multi_regime,P25,PRSH,-7881.0,1621,569
12,multi_regime,P26,PRSH,-3892.0,371,271
12,multi_regime,P27,PRSH,-5937.0,861,351
12,multi_regime,P28,PRSH,-8184.0,1159,479
12,multi_regime,P29,PRSH,-10410.0,2705,715
13,multi_regime,G00,GVWY,-5467.4,5890,-396
13,multi_regime,G01,GVWY,-5124.9,5919,-441
13,multi_regime,G02,GVWY,-4422.8,5888,-632
13,multi_regime,G03,GVWY,-8638.6,5906,-484
13,multi_regime,G04,GVWY,-7149.0,5902,-230
13,multi_regime,Z05,ZIC,1538.7,617,303
13,multi_regime,Z06,ZIC,2006.7,659,363
13,multi_regime,Z07,ZIC,2359.4,670,316
13,multi_regime,Z08,ZIC,2003.9,597,231
13,multi_regime,Z09,ZIC,1404.5,635,305
13,multi_regime,S10,SHVR,-5645.4,5016,-196
13,multi_regime,S11,SHVR,-3999.6,5018,-214
13,multi_regime,S12,SHVR,-4360.9,5009,-81
13,multi_regime,S13,SHVR,-6064.3,4995,-347
13,multi_regime,S14,SHVR,-2717.4,5044,-226
13,multi_regime,S15,SNPR,-466.8,1112,-62
13,multi_regime,S16,SNPR,-1905.9,1099,-91
13,multi_regime,S17,SNPR,-715.5,1099,-45
13,multi_regime,S18,SNPR,-145.1,1103,-49
13,multi_regime,S19,SNPR,-379.6,1092,6
13,multi_regime,Z20,ZIP,7546.8,3778,-18
13,multi_regime,Z21,ZIP,8405.5,3643,-35
13,multi_regime,Z22,ZIP,8017.6,3726,54
13,multi_regime,Z23,ZIP,8653.9,3739,-109
13,multi_regime,Z24,ZIP,7614.9,3971,-99
13,multi_regime,P25,PRSH,2215.9,403,301
13,multi_regime,P26,PRSH,1380.4,3722,506
13,multi_regime,P27,PRSH,1508.8,370,282
13,multi_regime,P28,PRSH,3322.3,1911,707
13,multi_regime,P29,PRSH,2032.9,375,271
14,multi_regime,G00,GVWY,-9318.0,5953,-545
14,multi_regime,G01,GVWY,-8866.0,5972,-558
14,multi_regime,G02,GVWY,-8586.0,5891,-333
14,multi_regime,G03,GVWY,-10430.0,5964,-482
14,multi_regime,G04,GVWY,-8609.0,5982,-498
14,multi_regime,Z05,ZIC,3755.0,619,321
14,multi_regime,Z06,ZIC,2182.0,690,354
14,multi_regime,Z07,ZIC,3298.0,666,364
14,multi_regime,Z08,ZIC,3075.0,680,308
14,multi_regime,Z09,ZIC,3451.0,604,302
14,multi_regime,S10,SHVR,-5611.0,5106,-134
14,multi_regime,S11,SHVR,-5947.0,5083,-31
14,multi_regime,S12,SHVR,-4999.0,5001,-115
14,multi_regime,S13,SHVR,-5709.0,5022,-274
14,multi_regime,S14,SHVR,-6255.0,5080,-248
14,multi_regime,S15,SNPR,-247.0,1103,-27
14,multi_regime,S16,SNPR,-1716.0,1098,-34
14,multi_regime,S17,SNPR,-1585.0,1126,-106
14,multi_regime,S18,SNPR,-42.0,1138,-56
14,multi_regime,S19,SNPR,-1586.0,1127,-51
14,multi_regime,Z20,ZIP,8049.0,3969,41
14,multi_regime,Z21,ZIP,7724.0,3855,-15
14,multi_regime,Z22,ZIP,9135.0,4024,-248
14,multi_regime,Z23,ZIP,8689.0,4017,-307
14,multi_regime,Z24,ZIP,8959.0,3837,-1
14,multi_regime,P25,PRSH,3585.0,823,415
14,multi_regime,P26,PRSH,5750.0,2171,661
14,multi_regime,P27,PRSH,6066.0,1474,554
14,multi_regime,P28,PRSH,2980.0,699,345
14,multi_regime,P29,PRSH,4101.0,398,292
15,multi_regime,G00,GVWY,-14741.45,5931,-587
15,multi_regime,G01,GVWY,-11584.7,5892,-322
15,multi_regime,G02,GVWY,-15466.25,5873,-535
15,multi_regime,G03,GVWY,-17103.2,5880,-592
15,multi_regime,G04,GVWY,-16855.75,5933,-465
15,multi_regime,Z05,ZIC,7907.5,678,310
15,multi_regime,Z06,ZIC,7722.7,698,342
15,multi_regime,Z07,ZIC,6428.0,618,280
15,multi_regime,Z08,ZIC,8130.95,655,297
15,multi_regime,Z09,ZIC,7119.2,664,312
15,multi_regime,S10,SHVR,-8433.65,5005,-219
15,multi_regime,S11,SHVR,-4584.5,4896,-150
15,multi_regime,S12,SHVR,-6426.95,5043,-57
15,multi_regime,S13,SHVR,-7528.1,4992,-206
15,multi_regime,S14,SHVR,-8007.6,5022,-236
15,multi_regime,S15,SNPR,-2254.0,1158,-40
15,multi_regime,S16,SNPR,-1281.1,1128,-46
15,multi_regime,S17,SNPR,-2634.15,1149,-89
15,multi_regime,S18,SNPR,-1740.95,1119,3
15,multi_regime,S19,SNPR,-2365.7,1134,-42
15,multi_regime,Z20,ZIP,3717.05,3903,-157
15,multi_regime,Z21,ZIP,5878.5,3808,30
15,multi_regime,Z22,ZIP,5892.7,3800,-198
15,multi_regime,Z23,ZIP,7138.9,3736,34
15,multi_regime,Z24,ZIP,5226.05,3869,-37
15,multi_regime,P25,PRSH,7729.3,682,318
15,multi_regime,P26,PRSH,11468.75,1195,445
15,multi_regime,P27,PRSH,15938.3,2408,658
15,multi_regime,P28,PRSH,10892.7,498,402
15,multi_regime,P29,PRSH,8812.05,839,363
16,multi_regime,G00,GVWY,-11066.0,5922,-294
16,multi_regime,G01,GVWY,-10452.0,5936,-184
16,multi_regime,G02,GVWY,-15326.0,5907,-497
16,multi_regime,G03,GVWY,-10066.0,5874,-482
16,multi_regime,G04,GVWY,-15827.0,5926,-596
16,multi_regime,Z05,ZIC,7020.0,660,258
16,multi_regime,Z06,ZIC,6054.0,642,258
16,multi_regime,Z07,ZIC,7103.0,700,294
16,multi_regime,Z08,ZIC,7263.0,642,312
16,multi_regime,Z09,ZIC,7084.0,680,290
16,multi_regime,S10,SHVR,-3480.0,5087,-93
16,multi_regime,S11,SHVR,-10541.0,5100,-300
16,multi_regime,S12,SHVR,-10006.0,5142,-172
16,multi_regime,S13,SHVR,-9417.0,5112,-70
16,multi_regime,S14,SHVR,-7826.0,5031,-129
16,multi_regime,S15,SNPR,234.0,1134,2
16,multi_regime,S16,SNPR,-1761.0,1122,-40
16,multi_regime,S17,SNPR,-2547.0,1138,-62
16,multi_regime,S18,SNPR,-262.0,1115,-13
16,multi_regime,S19,SNPR,-3307.0,1131,-101
16,multi_regime,Z20,ZIP,4599.0,3761,-77
16,multi_regime,Z21,ZIP,6052.0,3975,21
16,multi_regime,Z22,ZIP,8718.0,3785,51
16,multi_regime,Z23,ZIP,9622.0,3910,-82
16,multi_regime,Z24,ZIP,4847.0,3978,-210
16,multi_regime,P25,PRSH,7665.0,604,310
16,multi_regime,P26,PRSH,9577.0,843,391
16,multi_regime,P27,PRSH,6578.0,374,254
16,multi_regime,P28,PRSH,13538.0,583,497
16,multi_regime,P29,PRSH,5835.0,4753,323
17,multi_regime,G00,GVWY,-2947.6,5920,-492
17,multi_regime,G01,GVWY,-7817.95,5931,-179
17,multi_regime,G02,GVWY,-1806.8,5966,-356
17,multi_regime,G03,GVWY,-1923.7,5972,-374
17,multi_regime,G04,GVWY,-5329.25,5959,-325
17,multi_regime,Z05,ZIC,-193.2,622,296
17,multi_regime,Z06,ZIC,-431.35,653,293
17,multi_regime,Z07,ZIC,-1141.3,692,314
17,multi_regime,Z08,ZIC,211.95,651,279
17,multi_regime,Z09,ZIC,-217.15,655,317
17,multi_regime,S10,SHVR,-5517.0,5110,-260
17,multi_regime,S11,SHVR,-3586.5,5130,-150
17,multi_regime,S12,SHVR,-2398.45,5159,-249
17,multi_regime,S13,SHVR,-5567.05,5137,-141
17,multi_regime,S14,SHVR,-2648.3,5112,-226
17,multi_regime,S15,SNPR,-944.8,1126,-56
17,multi_regime,S16,SNPR,1006.9,1108,-42
17,multi_regime,S17,SNPR,-39.05,1127,-61
17,multi_regime,S18,SNPR,1098.3,1154,-54
17,multi_regime,S19,SNPR,-536.1,1108,-62
17,multi_regime,Z20,ZIP,10491.65,4009,-147
17,multi_regime,Z21,ZIP,8930.9,3680,-42
17,multi_regime,Z22,ZIP,9672.0,3792,-180
17,multi_regime,Z23,ZIP,9165.0,3954,-40
17,multi_regime,Z24,ZIP,7256.75,3897,35
17,multi_regime,P25,PRSH,-928.7,1190,546
17,multi_regime,P26,PRSH,629.4,442,248
17,multi_regime,P27,PRSH,-3539.8,4634,284
17,multi_regime,P28,PRSH,179.35,773,347
17,multi_regime,P29,PRSH,1869.45,4181,389
18,multi_regime,G00,GVWY,1281.8,5930,-512
18,multi_regime,G01,GVWY,245.1,5952,-534
18,multi_regime,G02,GVWY,-1377.8,5974,-548
18,multi_regime,G03,GVWY,853.7,5938,-378
18,multi_regime,G04,GVWY,2964.45,6003,-583
18,multi_regime,Z05,ZIC,-2675.35,671,329
18,multi_regime,Z06,ZIC,-3020.45,653,323
18,multi_regime,Z07,ZIC,-2982.3,722,362
18,multi_regime,Z08,ZIC,-3520.1,662,354
18,multi_regime,Z09,ZIC,-2584.05,665,327
18,multi_regime,S10,SHVR,-2445.3,5076,-198
18,multi_regime,S11,SHVR,1104.65,5065,-291
18,multi_regime,S12,SHVR,1791.45,5135,-203
18,multi_regime,S13,SHVR,-2016.3,5064,-278
18,multi_regime,S14,SHVR,-382.35,5099,-231
18,multi_regime,S15,SNPR,-528.05,1111,-13
18,multi_regime,S16,SNPR,-2086.15,1115,1
18,multi_regime,S17,SNPR,44.3,1122,-62
18,multi_regime,S18,SNPR,742.0,1104,-100
18,multi_regime,S19,SNPR,-1094.3,1090,-78
18,multi_regime,Z20,ZIP,5947.25,3785,-75
18,multi_regime,Z21,ZIP,5883.95,3879,67
18,multi_regime,Z22,ZIP,13389.55,4055,-397
18,multi_regime,Z23,ZIP,5788.35,3823,-29
18,multi_regime,Z24,ZIP,7506.4,4004,-176
18,multi_regime,P25,PRSH,-3983.05,1851,547
18,multi_regime,P26,PRSH,-5061.7,2408,718
18,multi_regime,P27,PRSH,-3814.95,3099,493
18,multi_regime,P28,PRSH,-3203.65,1779,731
18,multi_regime,P29,PRSH,-3109.85,701,319
19,multi_regime,G00,GVWY,-15262.3,5817,-397
19,multi_regime,G01,GVWY,-10690.6,5884,-344
19,multi_regime,G02,GVWY,-11152.7,5929,-463
19,multi_regime,G03,GVWY,-9750.4,5858,-426
19,multi_regime,G04,GVWY,-10828.3,5879,-417
19,multi_regime,Z05,ZIC,6290.8,680,312
19,multi_regime,Z06,ZIC,6482.5,637,315
19,multi_regime,Z07,ZIC,7188.2,700,318
19,multi_regime,Z08,ZIC,5561.2,624,268
19,multi_regime,Z09,ZIC,6264.7,649,283
19,multi_regime,S10,SHVR,-3103.1,4945,-89
19,multi_regime,S11,SHVR,-6654.4,4944,-6
19,multi_regime,S12,SHVR,-10922.3,4935,-317
19,multi_regime,S13,SHVR,-3364.7,4935,-23
19,multi_regime,S14,SHVR,-9227.6,4910,-244
19,multi_regime,S15,SNPR,-3063.1,1107,-69
19,multi_regime,S16,SNPR,-742.1,1089,-49
19,multi_regime,S17,SNPR,-1312.7,1089,-83
19,multi_regime,S18,SNPR,-598.8,1090,-2
19,multi_regime,S19,SNPR,-750.1,1121,-59
19,multi_regime,Z20,ZIP,7250.2,3814,-2
19,multi_regime,Z21,ZIP,8535.9,3815,71
19,multi_regime,Z22,ZIP,5121.3,3687,-43
19,multi_regime,Z23,ZIP,6892.4,3818,-114
19,multi_regime,Z24,ZIP,6788.2,3760,-12
19,multi_regime,P25,PRSH,6473.0,414,290
19,multi_regime,P26,PRSH,4734.8,336,222
19,multi_regime,P27,PRSH,6506.8,408,272
19,multi_regime,P28,PRSH,8141.5,425,355
19,multi_regime,P29,PRSH,6282.0,812,350
20,multi_regime,G00,GVWY,-12938.2,5880,-444
20,multi_regime,G01,GVWY,-8607.75,5821,-405
20,multi_regime,G02,GVWY,-13257.35,5855,-557
20,multi_regime,G03,GVWY,-10448.3,5842,-206
20,multi_regime,G04,GVWY,-11329.45,5929,-219
20,multi_regime,Z05,ZIC,5913.2,590,244
20,multi_regime,Z06,ZIC,8258.95,647,349
20,multi_regime,Z07,ZIC,7383.65,639,283
20,multi_regime,Z08,ZIC,6657.45,605,279
20,multi_regime,Z09,ZIC,5149.85,605,267
20,multi_regime,S10,SHVR,-7442.05,5031,-151
20,multi_regime,S11,SHVR,-11849.5,5046,-150
20,multi_regime,S12,SHVR,-7822.3,5088,14
20,multi_regime,S13,SHVR,-3686.15,5009,-153
20,multi_regime,S14,SHVR,-5452.6,5020,-172
20,multi_regime,S15,SNPR,-844.65,1109,-3
20,multi_regime,S16,SNPR,-2330.75,1085,-45
20,multi_regime,S17,SNPR,-2792.55,1081,-61
20,multi_regime,S18,SNPR,-1116.35,1113,-97
20,multi_regime,S19,SNPR,-847.65,1097,-43
20,multi_regime,Z20,ZIP,7677.8,3770,-104
20,multi_regime,Z21,ZIP,6223.35,3813,37
20,multi_regime,Z22,ZIP,5884.45,3641,-121
20,multi_regime,Z23,ZIP,7711.6,3662,32
20,multi_regime,Z24,ZIP,6181.95,3891,-111
20,multi_regime,P25,PRSH,5569.25,4677,255
20,multi_regime,P26,PRSH,6654.15,425,253
20,multi_regime,P27,PRSH,6779.9,372,258
20,multi_regime,P28,PRSH,8594.1,776,362
20,multi_regime,P29,PRSH,6057.45,451,299
21,multi_regime,G00,GVWY,-10303.6,5929,-547
21,multi_regime,G01,GVWY,-10573.6,5894,-432
21,multi_regime,G02,GVWY,-11345.0,5915,-445
21,multi_regime,G03,GVWY,-5153.2,5880,-454
21,multi_regime,G04,GVWY,-8495.0,5826,-500
21,multi_regime,Z05,ZIC,4478.2,659,309
21,multi_regime,Z06,ZIC,3171.0,628,240
21,multi_regime,Z07,ZIC,3436.6,702,312
21,multi_regime,Z08,ZIC,2497.0,611,265
21,multi_regime,Z09,ZIC,3791.6,662,292
21,multi_regime,S10,SHVR,-5628.4,5077,-253
21,multi_regime,S11,SHVR,-1735.2,5002,-174
21,multi_regime,S12,SHVR,-6327.2,5059,-329
21,multi_regime,S13,SHVR,-5516.8,5005,-91
21,multi_regime,S14,SHVR,-5566.6,4985,-127
21,multi_regime,S15,SNPR,-1913.6,1116,-62
21,multi_regime,S16,SNPR,-127.4,1108,2
21,multi_regime,S17,SNPR,-1400.8,1065,-11
21,multi_regime,S18,SNPR,-101.0,1122,-70
21,multi_regime,S19,SNPR,-593.6,1074,-52
21,multi_regime,Z20,ZIP,6329.4,3969,93
21,multi_regime,Z21,ZIP,7936.8,3833,81
21,multi_regime,Z22,ZIP,5787.4,3776,-12
21,multi_regime,Z23,ZIP,6960.6,3863,-33
21,multi_regime,Z24,ZIP,6927.2,3756,104
21,multi_regime,P25,PRSH,3567.0,448,270
21,multi_regime,P26,PRSH,4022.8,4502,236
21,multi_regime,P27,PRSH,4002.4,362,268
21,multi_regime,P28,PRSH,4005.0,780,330
21,multi_regime,P29,PRSH,9683.0,969,685
22,multi_regime,G00,GVWY,-10684.5,5898,-450
22,multi_regime,G01,GVWY,-11606.9,5810,-706
22,multi_regime,G02,GVWY,-8997.2,5826,-448
22,multi_regime,G03,GVWY,-11578.75,5819,-445
22,multi_regime,G04,GVWY,-7937.1,5856,-354
22,multi_regime,Z05,ZIC,3656.7,624,258
22,multi_regime,Z06,ZIC,3286.6,682,264
22,multi_regime,Z07,ZIC,4491.1,618,294
22,multi_regime,Z08,ZIC,4148.0,630,280
22,multi_regime,Z09,ZIC,4487.5,590,270
22,multi_regime,S10,SHVR,-8186.0,4964,-120
22,multi_regime,S11,SHVR,-5239.45,4927,-303
22,multi_regime,S12,SHVR,-2103.05,4885,-67
22,multi_regime,S13,SHVR,-4732.65,4887,-71
22,multi_regime,S14,SHVR,-5742.25,4999,-275
22,multi_regime,S15,SNPR,28.35,1111,-51
22,multi_regime,S16,SNPR,-502.3,1090,18
22,multi_regime,S17,SNPR,-1181.5,1088,-70
22,multi_regime,S18,SNPR,-429.65,1105,-71
22,multi_regime,S19,SNPR,-1147.95,1095,-33
22,multi_regime,Z20,ZIP,7321.7,3758,-2
22,multi_regime,Z21,ZIP,6541.25,3737,-85
22,multi_regime,Z22,ZIP,4272.05,3871,27
22,multi_regime,Z23,ZIP,8350.6,3648,-36
22,multi_regime,Z24,ZIP,6528.3,3836,-118
22,multi_regime,P25,PRSH,4394.3,428,322
22,multi_regime,P26,PRSH,4109.75,677,285
22,multi_regime,P27,PRSH,11497.95,1377,873
22,multi_regime,P28,PRSH,4717.7,894,418
22,multi_regime,P29,PRSH,3241.35,559,269
23,multi_regime,G00,GVWY,-6313.6,5861,-497
23,multi_regime,G01,GVWY,-8977.2,5926,-414
23,multi_regime,G02,GVWY,-4947.2,5896,-374
23,multi_regime,G03,GVWY,-4514.6,5856,-342
23,multi_regime,G04,GVWY,-6913.2,5922,-564
23,multi_regime,Z05,ZIC,1937.4,670,298
23,multi_regime,Z06,ZIC,2060.4,658,298
23,multi_regime,Z07,ZIC,1471.2,650,274
23,multi_regime,Z08,ZIC,2136.0,635,315
23,multi_regime,Z09,ZIC,1775.4,651,323
23,multi_regime,S10,SHVR,-2438.0,4982,-230
23,multi_regime,S11,SHVR,-3430.2,5004,-184
23,multi_regime,S12,SHVR,-4851.4,5017,-323
23,multi_regime,S13,SHVR,-3009.4,5059,-273
23,multi_regime,S14,SHVR,-6475.0,5063,-75
23,multi_regime,S15,SNPR,-322.2,1142,-114
23,multi_regime,S16,SNPR,293.8,1138,-64
23,multi_regime,S17,SNPR,-1174.4,1123,-53
23,multi_regime,S18,SNPR,-1850.0,1130,-30
23,multi_regime,S19,SNPR,-308.8,1103,-91
23,multi_regime,Z20,ZIP,5308.2,3683,-51
23,multi_regime,Z21,ZIP,9033.4,3786,68
23,multi_regime,Z22,ZIP,8673.0,3818,-30
23,multi_regime,Z23,ZIP,7553.8,3719,-119
23,multi_regime,Z24,ZIP,4055.4,3771,113
23,multi_regime,P25,PRSH,3240.2,1544,494
23,multi_regime,P26,PRSH,1554.0,631,325
23,multi_regime,P27,PRSH,5268.0,1625,575
23,multi_regime,P28,PRSH,2845.4,455,293
23,multi_regime,P29,PRSH,1367.4,540,278
24,multi_regime,G00,GVWY,-22930.1,5976,-542
24,multi_regime,G01,GVWY,-17207.0,5898,-360
24,multi_regime,G02,GVWY,-17039.95,5881,-389
24,multi_regime,G03,GVWY,-20541.75,5913,-545
24,multi_regime,G04,GVWY,-26907.8,5934,-596
24,multi_regime,Z05,ZIC,11380.75,665,325
24,multi_regime,Z06,ZIC,10610.2,696,284
24,multi_regime,Z07,ZIC,9064.8,632,216
24,multi_regime,Z08,ZIC,11126.6,672,292
24,multi_regime,Z09,ZIC,12326.5,668,330
24,multi_regime,S10,SHVR,-11995.2,5052,-284
24,multi_regime,S11,SHVR,-11626.7,5046,-194
24,multi_regime,S12,SHVR,-12122.85,5035,-227
24,multi_regime,S13,SHVR,-10756.5,5066,-250
24,multi_regime,S14,SHVR,-8084.5,5030,-210
24,multi_regime,S15,SNPR,266.75,1119,25
24,multi_regime,S16,SNPR,-1225.45,1107,1
24,multi_regime,S17,SNPR,-1741.9,1114,-38
24,multi_regime,S18,SNPR,-2141.0,1122,-40
24,multi_regime,S19,SNPR,-188.05,1157,9
24,multi_regime,Z20,ZIP,8475.7,3828,114
24,multi_regime,Z21,ZIP,2620.2,3950,-136
24,multi_regime,Z22,ZIP,7043.6,3786,-28
24,multi_regime,Z23,ZIP,6375.05,3797,11
24,multi_regime,Z24,ZIP,8446.5,3744,70
24,multi_regime,P25,PRSH,20104.55,1749,561
24,multi_regime,P26,PRSH,18884.35,1333,517
24,multi_regime,P27,PRSH,14465.35,3773,417
24,multi_regime,P28,PRSH,12280.7,410,294
24,multi_regime,P29,PRSH,9842.35,665,237
25,multi_regime,G00,GVWY,-11642.0,5826,-460
25,multi_regime,G01,GVWY,-10598.0,5860,-380
25,multi_regime,G02,GVWY,-12395.75,5873,-487
25,multi_regime,G03,GVWY,-10432.75,5915,-479
25,multi_regime,G04,GVWY,-10787.5,5860,-466
25,multi_regime,Z05,ZIC,4475.25,645,237
25,multi_regime,Z06,ZIC,4406.75,655,259
25,multi_regime,Z07,ZIC,4189.5,682,270
25,multi_regime,Z08,ZIC,4526.5,594,258
25,multi_regime,Z09,ZIC,5067.25,623,225
25,multi_regime,S10,SHVR,-6309.25,4881,-281
25,multi_regime,S11,SHVR,-5291.5,5050,-126
25,multi_regime,S12,SHVR,-4178.5,4966,-214
25,multi_regime,S13,SHVR,-4971.25,5007,-225
25,multi_regime,S14,SHVR,-4624.0,4980,-216
25,multi_regime,S15,SNPR,-1040.25,1127,-101
25,multi_regime,S16,SNPR,-1277.5,1136,-54
25,multi_regime,S17,SNPR,-720.75,1107,-31
25,multi_regime,S18,SNPR,-1754.0,1118,-32
25,multi_regime,S19,SNPR,-610.5,1134,-34
25,multi_regime,Z20,ZIP,4707.0,3782,-128
25,multi_regime,Z21,ZIP,4396.75,3861,-33
25,multi_regime,Z22,ZIP,4486.25,3761,73
25,multi_regime,Z23,ZIP,5157.5,3842,-114
25,multi_regime,Z24,ZIP,5014.0,3930,-84
25,multi_regime,P25,PRSH,4490.75,467,259
25,multi_regime,P26,PRSH,4583.25,401,265
25,multi_regime,P27,PRSH,12135.25,2131,705
25,multi_regime,P28,PRSH,13734.0,2390,800
25,multi_regime,P29,PRSH,6161.5,1128,442
26,multi_regime,G00,GVWY,112.5,5980,-510
26,multi_regime,G01,GVWY,-2879.25,5931,-427
26,multi_regime,G02,GVWY,-675.5,5898,-510
26,multi_regime,G03,GVWY,-5872.75,5893,-329
26,multi_regime,G04,GVWY,-2313.5,6024,-566
26,multi_regime,Z05,ZIC,231.75,661,281
26,multi_regime,Z06,ZIC,-38.25,649,301
26,multi_regime,Z07,ZIC,-118.5,700,318
26,multi_regime,Z08,ZIC,692.75,599,249
26,multi_regime,Z09,ZIC,-763.25,675,341
26,multi_regime,S10,SHVR,-2128.25,5207,-359
26,multi_regime,S11,SHVR,-2896.75,5061,-197
26,multi_regime,S12,SHVR,2243.0,5180,-440
26,multi_regime,S13,SHVR,-5632.25,5071,-139
26,multi_regime,S14,SHVR,-2857.25,5135,-399
26,multi_regime,S15,SNPR,-1759.5,1138,70
26,multi_regime,S16,SNPR,370.75,1145,-107
26,multi_regime,S17,SNPR,501.0,1134,-32
26,multi_regime,S18,SNPR,-649.75,1139,-9
26,multi_regime,S19,SNPR,-522.25,1153,25
26,multi_regime,Z20,ZIP,4460.5,3736,58
26,multi_regime,Z21,ZIP,7071.5,3932,-142
26,multi_regime,Z22,ZIP,5289.5,3846,54
26,multi_regime,Z23,ZIP,9340.75,3739,-231
26,multi_regime,Z24,ZIP,7097.75,3817,-83
26,multi_regime,P25,PRSH,-3993.0,3618,332
26,multi_regime,P26,PRSH,-2376.0,3490,760
26,multi_regime,P27,PRSH,979.25,731,303
26,multi_regime,P28,PRSH,650.5,536,438
26,multi_regime,P29,PRSH,93.0,1974,836
27,multi_regime,G00,GVWY,-9064.4,5918,-444
27,multi_regime,G01,GVWY,-11107.85,5867,-521
27,multi_regime,G02,GVWY,-8138.7,5952,-382
27,multi_regime,G03,GVWY,-13247.0,5870,-480
27,multi_regime,G04,GVWY,-8377.2,5966,-572
27,multi_regime,Z05,ZIC,3705.25,713,345
27,multi_regime,Z06,ZIC,4626.65,633,269
27,multi_regime,Z07,ZIC,2420.35,713,311
27,multi_regime,Z08,ZIC,4106.85,633,301
27,multi_regime,Z09,ZIC,3920.85,659,301
27,multi_regime,S10,SHVR,-4485.2,5026,-152
27,multi_regime,S11,SHVR,-4512.8,4998,52
27,multi_regime,S12,SHVR,-3940.65,5017,-129
27,multi_regime,S13,SHVR,-5871.45,4995,-237
27,multi_regime,S14,SHVR,-5568.25,5025,-165
27,multi_regime,S15,SNPR,-1137.95,1113,-87
27,multi_regime,S16,SNPR,409.65,1105,-31
27,multi_regime,S17,SNPR,-1096.85,1109,-81
27,multi_regime,S18,SNPR,-1192.7,1102,-42
27,multi_regime,S19,SNPR,-1260.7,1108,-42
27,multi_regime,Z20,ZIP,7023.4,3902,-116
27,multi_regime,Z21,ZIP,6700.1,3996,-74
27,multi_regime,Z22,ZIP,8173.4,4048,-76
27,multi_regime,Z23,ZIP,6399.6,3754,-44
27,multi_regime,Z24,ZIP,6873.85,3681,61
27,multi_regime,P25,PRSH,5594.95,949,427
27,multi_regime,P26,PRSH,3383.4,584,304
27,multi_regime,P27,PRSH,5120.75,617,295
27,multi_regime,P28,PRSH,7385.25,1241,505
27,multi_regime,P29,PRSH,4995.6,950,376
28,multi_regime,G00,GVWY,-14554.0,5878,-332
28,multi_regime,G01,GVWY,-22297.25,5887,-617
28,multi_regime,G02,GVWY,-11841.0,5946,-328
28,multi_regime,G03,GVWY,-18912.75,5923,-691
28,multi_regime,G04,GVWY,-17285.0,5900,-484
28,multi_regime,Z05,ZIC,8888.5,648,342
28,multi_regime,Z06,ZIC,8003.5,644,282
28,multi_regime,Z07,ZIC,8306.0,626,296
28,multi_regime,Z08,ZIC,8761.5,652,294
28,multi_regime,Z09,ZIC,8656.25,603,261
28,multi_regime,S10,SHVR,-6009.25,5019,-113
28,multi_regime,S11,SHVR,-12075.0,5022,-296
28,multi_regime,S12,SHVR,-7838.75,4935,-283
28,multi_regime,S13,SHVR,-8854.75,5001,-211
28,multi_regime,S14,SHVR,-9915.0,5064,-164
28,multi_regime,S15,SNPR,-260.0,1126,-8
28,multi_regime,S16,SNPR,-2316.5,1134,-58
28,multi_regime,S17,SNPR,-1448.5,1128,-2
28,multi_regime,S18,SNPR,-1859.5,1098,-62
28,multi_regime,S19,SNPR,1108.5,1142,54
28,multi_regime,Z20,ZIP,4079.25,3667,-39
28,multi_regime,Z21,ZIP,1917.0,3726,-196
28,multi_regime,Z22,ZIP,2963.25,4023,-79
28,multi_regime,Z23,ZIP,6424.5,3920,-62
28,multi_regime,Z24,ZIP,7400.0,3812,-36
28,multi_regime,P25,PRSH,25913.5,1984,894
28,multi_regime,P26,PRSH,16648.75,2473,655
28,multi_regime,P27,PRSH,11332.0,894,396
28,multi_regime,P28,PRSH,8534.5,354,270
28,multi_regime,P29,PRSH,6609.75,351,219
29,multi_regime,G00,GVWY,-9306.0,5921,-425
29,multi_regime,G01,GVWY,-9671.0,5953,-745
29,multi_regime,G02,GVWY,-10604.4,5902,-564
29,multi_regime,G03,GVWY,-9757.6,5863,-431
29,multi_regime,G04,GVWY,-6513.4,5926,-534
29,multi_regime,Z05,ZIC,3481.0,619,275
29,multi_regime,Z06,ZIC,3626.6,659,331
29,multi_regime,Z07,ZIC,3617.0,665,305
29,multi_regime,Z08,ZIC,3528.2,653,307
29,multi_regime,Z09,ZIC,3308.6,731,311
29,multi_regime,S10,SHVR,-5503.0,5016,-260
29,multi_regime,S11,SHVR,-6133.6,5011,-171
29,multi_regime,S12,SHVR,-4623.6,5034,-106
29,multi_regime,S13,SHVR,-5625.8,5061,17
29,multi_regime,S14,SHVR,-5138.0,5014,-40
29,multi_regime,S15,SNPR,-1088.8,1114,-68
29,multi_regime,S16,SNPR,-1385.2,1100,-42
29,multi_regime,S17,SNPR,-260.4,1096,-34
29,multi_regime,S18,SNPR,-1063.4,1115,21
29,multi_regime,S19,SNPR,-1434.8,1144,-8
29,multi_regime,Z20,ZIP,5666.4,3856,-46
29,multi_regime,Z21,ZIP,6701.8,4075,-37
29,multi_regime,Z22,ZIP,9727.8,3848,-232
29,multi_regime,Z23,ZIP,5894.4,3941,-1
29,multi_regime,Z24,ZIP,6530.0,3709,-135
29,multi_regime,P25,PRSH,4253.4,552,324
29,multi_regime,P26,PRSH,4562.0,861,345
29,multi_regime,P27,PRSH,3760.6,762,316
29,multi_regime,P28,PRSH,4465.8,855,363
29,multi_regime,P29,PRSH,10759.0,2953,885
30,multi_regime,G00,GVWY,-22778.2,5911,-507
30,multi_regime,G01,GVWY,-26778.0,5911,-605
30,multi_regime,G02,GVWY,-26262.6,5864,-526
30,multi_regime,G03,GVWY,-19421.8,5974,-378
30,multi_regime,G04,GVWY,-20697.0,5896,-460
30,multi_regime,Z05,ZIC,12615.6,648,286
30,multi_regime,Z06,ZIC,13463.0,643,315
30,multi_regime,Z07,ZIC,11980.8,676,278
30,multi_regime,Z08,ZIC,12113.4,620,284
30,multi_regime,Z09,ZIC,9402.8,635,223
30,multi_regime,S10,SHVR,-11115.4,5037,-179
30,multi_regime,S11,SHVR,-16206.6,5003,-341
30,multi_regime,S12,SHVR,-12553.8,5068,-198
30,multi_regime,S13,SHVR,-4317.2,5057,-47
30,multi_regime,S14,SHVR,-12665.2,5108,-212
30,multi_regime,S15,SNPR,-2860.8,1135,-83
30,multi_regime,S16,SNPR,-2865.6,1115,-21
30,multi_regime,S17,SNPR,-4052.8,1137,-53
30,multi_regime,S18,SNPR,-3277.6,1136,-116
30,multi_regime,S19,SNPR,-3588.4,1151,-49
30,multi_regime,Z20,ZIP,6038.0,4008,0
30,multi_regime,Z21,ZIP,1405.4,3694,-96
30,multi_regime,Z22,ZIP,3273.2,3854,-68
30,multi_regime,Z23,ZIP,3392.0,3888,-110
30,multi_regime,Z24,ZIP,517.2,3762,-128
30,multi_regime,P25,PRSH,21519.4,1490,474
30,multi_regime,P26,PRSH,19178.4,563,429
30,multi_regime,P27,PRSH,22749.6,1963,571
30,multi_regime,P28,PRSH,23516.6,2825,521
30,multi_regime,P29,PRSH,26257.8,2300,648
31,multi_regime,G00,GVWY,-8626.65,5879,-301
31,multi_regime,G01,GVWY,-8339.15,5953,-571
31,multi_regime,G02,GVWY,-7595.35,5917,-459
31,multi_regime,G03,GVWY,-7706.0,5852,-660
31,multi_regime,G04,GVWY,-6166.45,5903,-573
31,multi_regime,Z05,ZIC,2902.5,620,290
31,multi_regime,Z06,ZIC,2962.65,727,301
31,multi_regime,Z07,ZIC,1961.6,666,364
31,multi_regime,Z08,ZIC,2500.45,635,233
31,multi_regime,Z09,ZIC,3345.4,652,276
31,multi_regime,S10,SHVR,-4600.05,5029,23
31,multi_regime,S11,SHVR,-3643.6,5026,-44
31,multi_regime,S12,SHVR,-5716.5,5014,-350
31,multi_regime,S13,SHVR,-2204.35,4977,-119
31,multi_regime,S14,SHVR,-4407.95,5043,-123
31,multi_regime,S15,SNPR,-1576.25,1123,-5
31,multi_regime,S16,SNPR,-837.2,1118,-28
31,multi_regime,S17,SNPR,-1738.35,1117,-99
31,multi_regime,S18,SNPR,-386.8,1104,-72
31,multi_regime,S19,SNPR,-1064.6,1104,16
31,multi_regime,Z20,ZIP,5293.2,3704,-12
31,multi_regime,Z21,ZIP,5240.2,3810,48
31,multi_regime,Z22,ZIP,9854.95,3699,-37
31,multi_regime,Z23,ZIP,6156.45,3803,-47
31,multi_regime,Z24,ZIP,7773.55,3893,27
31,multi_regime,P25,PRSH,4023.35,735,359
31,multi_regime,P26,PRSH,3332.35,1057,399
31,multi_regime,P27,PRSH,3476.75,369,255
31,multi_regime,P28,PRSH,5555.7,2758,598
31,multi_regime,P29,PRSH,2074.45,361,213
32,multi_regime,G00,GVWY,-26205.0,5916,-640
32,multi_regime,G01,GVWY,-19586.6,5954,-428
32,multi_regime,G02,GVWY,-22821.25,5981,-455
32,multi_regime,G03,GVWY,-21225.9,5932,-462
32,multi_regime,G04,GVWY,-25923.45,5873,-571
32,multi_regime,Z05,ZIC,10454.55,663,229
32,multi_regime,Z06,ZIC,10366.65,609,267
32,multi_regime,Z07,ZIC,12212.65,693,287
32,multi_regime,Z08,ZIC,11362.2,626,316
32,multi_regime,Z09,ZIC,10061.35,657,253
32,multi_regime,S10,SHVR,-12953.5,5050,-350
32,multi_regime,S11,SHVR,-4418.05,4987,121
32,multi_regime,S12,SHVR,-9477.0,5030,-180
32,multi_regime,S13,SHVR,-13128.85,5083,-243
32,multi_regime,S14,SHVR,-8539.5,5106,-90
32,multi_regime,S15,SNPR,-2713.6,1116,-48
32,multi_regime,S16,SNPR,-3122.25,1113,-35
32,multi_regime,S17,SNPR,-1824.85,1125,-43
32,multi_regime,S18,SNPR,-3159.5,1114,-50
32,multi_regime,S19,SNPR,-1039.15,1131,-17
32,multi_regime,Z20,ZIP,3727.45,3721,-109
32,multi_regime,Z21,ZIP,4313.45,3889,-49
32,multi_regime,Z22,ZIP,4207.8,3740,4
32,multi_regime,Z23,ZIP,-1073.05,4047,-279
32,multi_regime,Z24,ZIP,7638.2,3988,-4
32,multi_regime,P25,PRSH,26816.2,2536,656
32,multi_regime,P26,PRSH,21901.1,1742,538
32,multi_regime,P27,PRSH,11637.15,759,297
32,multi_regime,P28,PRSH,11397.2,398,276
32,multi_regime,P29,PRSH,31057.85,907,743
33,multi_regime,G00,GVWY,-13196.0,5873,-695
33,multi_regime,G01,GVWY,-13252.8,5924,-592
33,multi_regime,G02,GVWY,-12574.4,5860,-446
33,multi_regime,G03,GVWY,-12099.8,5886,-482
33,multi_regime,G04,GVWY,-11515.2,5868,-448
33,multi_regime,Z05,ZIC,5364.4,592,276
33,multi_regime,Z06,ZIC,6219.4,656,306
33,multi_regime,Z07,ZIC,4129.2,627,313
33,multi_regime,Z08,ZIC,4347.2,641,223
33,multi_regime,Z09,ZIC,5697.8,644,252
33,multi_regime,S10,SHVR,-5175.6,4971,-199
33,multi_regime,S11,SHVR,-5217.0,4941,-155
33,multi_regime,S12,SHVR,-4407.0,4953,15
33,multi_regime,S13,SHVR,-4993.8,5023,-287
33,multi_regime,S14,SHVR,-6786.0,4993,-145
33,multi_regime,S15,SNPR,-821.8,1116,-52
33,multi_regime,S16,SNPR,-973.4,1161,-41
33,multi_regime,S17,SNPR,-3025.4,1168,-46
33,multi_regime,S18,SNPR,-2070.2,1102,-18
33,multi_regime,S19,SNPR,-1677.8,1106,-62
33,multi_regime,Z20,ZIP,4575.6,3829,-21
33,multi_regime,Z21,ZIP,4425.4,3723,-189
33,multi_regime,Z22,ZIP,6479.4,3642,-94
33,multi_regime,Z23,ZIP,5673.8,3593,-113
33,multi_regime,Z24,ZIP,4743.4,3798,-34
33,multi_regime,P25,PRSH,7762.2,1506,538
33,multi_regime,P26,PRSH,5330.0,596,270
33,multi_regime,P27,PRSH,16619.4,2018,886
33,multi_regime,P28,PRSH,7824.2,494,388
33,multi_regime,P29,PRSH,8545.6,1347,459
34,multi_regime,G00,GVWY,-7691.0,5970,-458
34,multi_regime,G01,GVWY,-3713.0,5878,-448
34,multi_regime,G02,GVWY,-5772.0,5946,-594
34,multi_regime,G03,GVWY,-3180.0,5950,-472
34,multi_regime,G04,GVWY,-3382.5,5965,-607
34,multi_regime,Z05,ZIC,79.0,622,270
34,multi_regime,Z06,ZIC,798.5,657,295
34,multi_regime,Z07,ZIC,875.0,660,298
34,multi_regime,Z08,ZIC,532.0,678,302
34,multi_regime,Z09,ZIC,208.0,670,294
34,multi_regime,S10,SHVR,-2388.0,5046,-106
34,multi_regime,S11,SHVR,-3781.0,5128,-312
34,multi_regime,S12,SHVR,-1541.0,5016,-152
34,multi_regime,S13,SHVR,-4821.0,5036,-156
34,multi_regime,S14,SHVR,-4076.5,5015,-261
34,multi_regime,S15,SNPR,73.0,1144,-102
34,multi_regime,S16,SNPR,-866.0,1118,-40
34,multi_regime,S17,SNPR,-462.0,1126,-52
34,multi_regime,S18,SNPR,-206.0,1140,-86
34,multi_regime,S19,SNPR,-362.0,1144,-74
34,multi_regime,Z20,ZIP,7484.5,3927,21
34,multi_regime,Z21,ZIP,8211.0,4016,-132
34,multi_regime,Z22,ZIP,5952.0,3730,-32
34,multi_regime,Z23,ZIP,6526.5,3895,-75
34,multi_regime,Z24,ZIP,3904.5,3737,51
34,multi_regime,P25,PRSH,2841.5,3781,271
34,multi_regime,P26,PRSH,1529.5,523,427
34,multi_regime,P27,PRSH,3246.5,537,419
34,multi_regime,P28,PRSH,1234.5,1865,525
34,multi_regime,P29,PRSH,2248.0,1584,852
35,multi_regime,G00,GVWY,-12436.4,5860,-534
35,multi_regime,G01,GVWY,-13041.3,5955,-733
35,multi_regime,G02,GVWY,-12902.9,5937,-409
35,multi_regime,G03,GVWY,-9354.6,5896,-326
35,multi_regime,G04,GVWY,-11651.6,5874,-496
35,multi_regime,Z05,ZIC,4279.9,647,309
35,multi_regime,Z06,ZIC,4825.6,612,286
35,multi_regime,Z07,ZIC,5689.2,628,292
35,multi_regime,Z08,ZIC,6338.1,675,331
35,multi_regime,Z09,ZIC,4486.7,635,267
35,multi_regime,S10,SHVR,-8307.4,4954,-194
35,multi_regime,S11,SHVR,-5378.6,4968,-216
35,multi_regime,S12,SHVR,-7831.8,4936,-278
35,multi_regime,S13,SHVR,-7346.4,4982,-144
35,multi_regime,S14,SHVR,-7206.7,4941,-287
35,multi_regime,S15,SNPR,-438.5,1115,-45
35,multi_regime,S16,SNPR,6.1,1097,-39
35,multi_regime,S17,SNPR,-1441.4,1142,-104
35,multi_regime,S18,SNPR,-68.7,1123,-57
35,multi_regime,S19,SNPR,-1613.6,1126,-86
35,multi_regime,Z20,ZIP,6819.4,3776,-36
35,multi_regime,Z21,ZIP,5331.3,3853,63
35,multi_regime,Z22,ZIP,6555.4,4062,-16
35,multi_regime,Z23,ZIP,5364.3,3947,-117
35,multi_regime,Z24,ZIP,5401.9,3631,-21
35,multi_regime,P25,PRSH,5756.7,401,317
35,multi_regime,P26,PRSH,14581.3,1625,703
35,multi_regime,P27,PRSH,7930.8,1492,578
35,multi_regime,P28,PRSH,8251.7,3001,457
35,multi_regime,P29,PRSH,7614.1,849,381
36,multi_regime,G00,GVWY,-14865.05,6001,-439
36,multi_regime,G01,GVWY,-13804.8,5932,-544
36,multi_regime,G02,GVWY,-16069.3,5900,-414
36,multi_regime,G03,GVWY,-13357.85,5879,-543
36,multi_regime,G04,GVWY,-11863.2,5904,-376
36,multi_regime,Z05,ZIC,6721.95,627,301
36,multi_regime,Z06,ZIC,7603.1,706,338
36,multi_regime,Z07,ZIC,7943.85,719,343
36,multi_regime,Z08,ZIC,6628.8,694,304
36,multi_regime,Z09,ZIC,5340.3,644,254
36,multi_regime,S10,SHVR,-9074.2,5034,-256
36,multi_regime,S11,SHVR,-5083.35,5115,-13
36,multi_regime,S12,SHVR,-11379.95,5063,-221
36,multi_regime,S13,SHVR,-10293.6,5078,-288
36,multi_regime,S14,SHVR,-6660.1,5090,-98
36,multi_regime,S15,SNPR,-2323.2,1118,-36
36,multi_regime,S16,SNPR,-1087.45,1101,-31
36,multi_regime,S17,SNPR,-253.45,1115,-11
36,multi_regime,S18,SNPR,-453.25,1165,45
36,multi_regime,S19,SNPR,-256.15,1113,-77
36,multi_regime,Z20,ZIP,9187.95,3623,1
36,multi_regime,Z21,ZIP,5923.35,3919,-207
36,multi_regime,Z22,ZIP,8553.35,3749,73
36,multi_regime,Z23,ZIP,10685.9,3688,102
36,multi_regime,Z24,ZIP,8123.65,3719,7
36,multi_regime,P25,PRSH,6160.7,364,266
36,multi_regime,P26,PRSH,11205.15,563,457
36,multi_regime,P27,PRSH,7246.15,369,297
36,multi_regime,P28,PRSH,9200.25,4269,375
36,multi_regime,P29,PRSH,7080.9,376,282
37,multi_regime,G00,GVWY,-8415.0,5968,-410
37,multi_regime,G01,GVWY,-7969.0,5972,-320
37,multi_regime,G02,GVWY,-15268.0,5966,-470
37,multi_regime,G03,GVWY,-10025.3,5957,-427
37,multi_regime,G04,GVWY,-10804.0,5968,-460
37,multi_regime,Z05,ZIC,4079.3,651,277
37,multi_regime,Z06,ZIC,3943.5,667,325
37,multi_regime,Z07,ZIC,3054.9,639,261
37,multi_regime,Z08,ZIC,3469.0,696,290
37,multi_regime,Z09,ZIC,4018.2,650,328
37,multi_regime,S10,SHVR,-4295.0,5168,-170
37,multi_regime,S11,SHVR,-6141.5,5179,-295
37,multi_regime,S12,SHVR,-3931.2,5082,-38
37,multi_regime,S13,SHVR,-3778.5,5155,-235
37,multi_regime,S14,SHVR,-3542.1,5213,-259
37,multi_regime,S15,SNPR,-475.4,1150,44
37,multi_regime,S16,SNPR,-1992.6,1154,-74
37,multi_regime,S17,SNPR,-1318.7,1131,-83
37,multi_regime,S18,SNPR,-558.0,1134,-40
37,multi_regime,S19,SNPR,-974.6,1148,-54
37,multi_regime,Z20,ZIP,6997.3,3835,-53
37,multi_regime,Z21,ZIP,8077.9,3831,1
37,multi_regime,Z22,ZIP,7465.8,3756,-58
37,multi_regime,Z23,ZIP,5276.3,4013,-53
37,multi_regime,Z24,ZIP,6359.6,3790,-66
37,multi_regime,P25,PRSH,5087.8,4526,332
37,multi_regime,P26,PRSH,9573.9,2435,691
37,multi_regime,P27,PRSH,4554.5,547,345
37,multi_regime,P28,PRSH,4644.9,429,311
37,multi_regime,P29,PRSH,4336.2,4508,258
38,multi_regime,G00,GVWY,-4079.4,5911,-427
38,multi_regime,G01,GVWY,-5285.0,5935,-355
38,multi_regime,G02,GVWY,-3248.4,5959,-537
38,multi_regime,G03,GVWY,-350.2,5948,-516
38,multi_regime,G04,GVWY,-3763.8,5883,-369
38,multi_regime,Z05,ZIC,-26.4,655,303
38,multi_regime,Z06,ZIC,281.6,700,288
38,multi_regime,Z07,ZIC,431.4,650,272
38,multi_regime,Z08,ZIC,720.2,659,271
38,multi_regime,Z09,ZIC,299.2,666,296
38,multi_regime,S10,SHVR,-2933.6,5002,-248
38,multi_regime,S11,SHVR,-2007.0,5017,-155
38,multi_regime,S12,SHVR,-5779.4,5015,23
38,multi_regime,S13,SHVR,-3159.0,5038,-170
38,multi_regime,S14,SHVR,-3755.6,5047,-193
38,multi_regime,S15,SNPR,-496.4,1129,-17
38,multi_regime,S16,SNPR,-1006.2,1136,-26
38,multi_regime,S17,SNPR,-363.4,1115,-47
38,multi_regime,S18,SNPR,175.8,1124,-106
38,multi_regime,S19,SNPR,-361.4,1144,-52
38,multi_regime,Z20,ZIP,5953.8,3769,49
38,multi_regime,Z21,ZIP,7853.0,3892,-90
38,multi_regime,Z22,ZIP,5981.0,3803,-85
38,multi_regime,Z23,ZIP,5876.6,3754,158
38,multi_regime,Z24,ZIP,10048.6,4018,-352
38,multi_regime,P25,PRSH,777.0,2907,645
38,multi_regime,P26,PRSH,714.6,541,273
38,multi_regime,P27,PRSH,1126.4,903,387
38,multi_regime,P28,PRSH,-100.0,800,350
38,multi_regime,P29,PRSH,106.8,493,279
39,multi_regime,G00,GVWY,-6479.0,5908,-528
39,multi_regime,G01,GVWY,-9082.75,5945,-601
39,multi_regime,G02,GVWY,-6737.0,5886,-416
39,multi_regime,G03,GVWY,-8656.25,5927,-611
39,multi_regime,G04,GVWY,-5956.5,5908,-526
39,multi_regime,Z05,ZIC,4054.5,654,278
39,multi_regime,Z06,ZIC,3280.0,612,264
39,multi_regime,Z07,ZIC,1997.25,705,327
39,multi_regime,Z08,ZIC,2910.75,607,265
39,multi_regime,Z09,ZIC,3533.25,663,255
39,multi_regime,S10,SHVR,-6068.5,5030,-206
39,multi_regime,S11,SHVR,-5572.0,5046,-168
39,multi_regime,S12,SHVR,-8426.75,5019,-201
39,multi_regime,S13,SHVR,-6655.25,5051,-179
39,multi_regime,S14,SHVR,-5872.5,4940,-178
39,multi_regime,S15,SNPR,-839.0,1136,-4
39,multi_regime,S16,SNPR,-2042.25,1087,-71
39,multi_regime,S17,SNPR,-876.5,1148,-46
39,multi_regime,S18,SNPR,-936.25,1147,-19
39,multi_regime,S19,SNPR,-1269.5,1136,-34
39,multi_regime,Z20,ZIP,6148.75,3939,-115
39,multi_regime,Z21,ZIP,5764.5,3888,-70
39,multi_regime,Z22,ZIP,6990.75,3805,13
39,multi_regime,Z23,ZIP,7735.25,3893,63
39,multi_regime,Z24,ZIP,7520.75,3995,25
39,multi_regime,P25,PRSH,8557.0,860,700
39,multi_regime,P26,PRSH,3599.5,414,314
39,multi_regime,P27,PRSH,8179.25,2349,743
39,multi_regime,P28,PRSH,3042.75,431,273
39,multi_regime,P29,PRSH,3272.25,737,343
40,multi_regime,G00,GVWY,-8771.65,5901,-399
40,multi_regime,G01,GVWY,-14270.5,5900,-550
40,multi_regime,G02,GVWY,-11942.8,5912,-368
40,multi_regime,G03,GVWY,-12540.65,5883,-439
40,multi_regime,G04,GVWY,-11779.5,5978,-590
40,multi_regime,Z05,ZIC,5542.65,659,299
40,multi_regime,Z06,ZIC,5705.1,668,286
40,multi_regime,Z07,ZIC,5774.05,663,303
40,multi_regime,Z08,ZIC,5659.85,617,291
40,multi_regime,Z09,ZIC,5794.45,681,267
40,multi_regime,S10,SHVR,-10375.3,5066,-338
40,multi_regime,S11,SHVR,-6117.25,5021,-115
40,multi_regime,S12,SHVR,-6617.65,5051,-139
40,multi_regime,S13,SHVR,-5772.0,5098,-200
40,multi_regime,S14,SHVR,-9308.2,5042,-272
40,multi_regime,S15,SNPR,-1836.55,1113,-73
40,multi_regime,S16,SNPR,-1649.9,1118,-74
40,multi_regime,S17,SNPR,-599.9,1104,-34
40,multi_regime,S18,SNPR,-1572.95,1105,-37
40,multi_regime,S19,SNPR,-2122.55,1129,-33
40,multi_regime,Z20,ZIP,7295.7,4070,-238
40,multi_regime,Z21,ZIP,4108.0,3848,-20
40,multi_regime,Z22,ZIP,4071.95,3699,-123
40,multi_regime,Z23,ZIP,9124.7,3868,102
40,multi_regime,Z24,ZIP,4345.5,3932,-130
40,multi_regime,P25,PRSH,11502.8,1418,528
40,multi_regime,P26,PRSH,6111.4,658,304
40,multi_regime,P27,PRSH,6774.15,789,369
40,multi_regime,P28,PRSH,8106.85,1279,471
40,multi_regime,P29,PRSH,15832.8,950,808
41,multi_regime,G00,GVWY,-12675.95,5927,-443
41,multi_regime,G01,GVWY,-10677.5,5940,-310
41,multi_regime,G02,GVWY,-11055.8,5892,-372
41,multi_regime,G03,GVWY,-11893.15,5959,-411
41,multi_regime,G04,GVWY,-12380.1,5904,-494
41,multi_regime,Z05,ZIC,4617.45,651,293
41,multi_regime,Z06,ZIC,4459.35,647,259
41,multi_regime,Z07,ZIC,5198.55,703,347
41,multi_regime,Z08,ZIC,5302.4,678,296
41,multi_regime,Z09,ZIC,4467.2,620,268
41,multi_regime,S10,SHVR,-9206.05,5009,-257
41,multi_regime,S11,SHVR,-5504.65,5029,-201
41,multi_regime,S12,SHVR,-1858.55,5039,-87
41,multi_regime,S13,SHVR,-3906.85,4981,-149
41,multi_regime,S14,SHVR,-6116.8,5044,-232
41,multi_regime,S15,SNPR,-859.2,1112,-28
41,multi_regime,S16,SNPR,-2007.25,1169,-45
41,multi_regime,S17,SNPR,-1886.85,1117,11
41,multi_regime,S18,SNPR,-161.45,1123,-53
41,multi_regime,S19,SNPR,240.6,1126,-56
41,multi_regime,Z20,ZIP,4941.9,3966,-94
41,multi_regime,Z21,ZIP,4838.95,4005,-137
41,multi_regime,Z22,ZIP,7085.7,3956,-242
41,multi_regime,Z23,ZIP,5647.7,3812,-62
41,multi_regime,Z24,ZIP,6169.2,3896,-72
41,multi_regime,P25,PRSH,4875.1,378,294
41,multi_regime,P26,PRSH,5659.7,770,318
41,multi_regime,P27,PRSH,6460.1,420,334
41,multi_regime,P28,PRSH,9514.0,1244,480
41,multi_regime,P29,PRSH,12343.2,772,668
42,multi_regime,G00,GVWY,-9228.4,5898,-536
42,multi_regime,G01,GVWY,-9561.8,5830,-332
42,multi_regime,G02,GVWY,-9403.0,5871,-315
42,multi_regime,G03,GVWY,-12402.0,5887,-455
42,multi_regime,G04,GVWY,-5557.4,5874,-396
42,multi_regime,Z05,ZIC,3947.2,672,268
42,multi_regime,Z06,ZIC,4194.4,622,316
42,multi_regime,Z07,ZIC,4135.6,613,259
42,multi_regime,Z08,ZIC,4673.4,629,291
42,multi_regime,Z09,ZIC,3323.2,685,343
42,multi_regime,S10,SHVR,-7705.0,4960,-200
42,multi_regime,S11,SHVR,-4497.0,4886,-50
42,multi_regime,S12,SHVR,-4684.0,5033,-65
42,multi_regime,S13,SHVR,-4318.0,5016,-240
42,multi_regime,S14,SHVR,-5672.2,4995,-3
42,multi_regime,S15,SNPR,-660.8,1084,-32
42,multi_regime,S16,SNPR,-1818.2,1098,2
42,multi_regime,S17,SNPR,321.8,1115,-123
42,multi_regime,S18,SNPR,-785.6,1132,-34
42,multi_regime,S19,SNPR,-2061.8,1135,-57
42,multi_regime,Z20,ZIP,7642.2,3921,-37
42,multi_regime,Z21,ZIP,4481.4,3948,-84
42,multi_regime,Z22,ZIP,7107.6,3882,-106
42,multi_regime,Z23,ZIP,7002.8,3725,-213
42,multi_regime,Z24,ZIP,6739.4,4056,-244
42,multi_regime,P25,PRSH,6023.2,511,403
42,multi_regime,P26,PRSH,3751.6,383,249
42,multi_regime,P27,PRSH,6784.4,1428,536
42,multi_regime,P28,PRSH,5226.2,455,333
42,multi_regime,P29,PRSH,5099.2,760,418
43,multi_regime,G00,GVWY,-6242.8,5891,-433
43,multi_regime,G01,GVWY,-10641.8,5986,-368
43,multi_regime,G02,GVWY,-9563.8,5950,-668
43,multi_regime,G03,GVWY,-9775.4,5858,-384
43,multi_regime,G04,GVWY,-7359.0,5953,-615
43,multi_regime,Z05,ZIC,3137.4,719,309
43,multi_regime,Z06,ZIC,2962.2,657,317
43,multi_regime,Z07,ZIC,2294.4,652,264
43,multi_regime,Z08,ZIC,2105.6,608,246
43,multi_regime,Z09,ZIC,2527.2,644,262
43,multi_regime,S10,SHVR,-4863.2,5058,-242
43,multi_regime,S11,SHVR,-6859.8,4998,112
43,multi_regime,S12,SHVR,-4609.4,4958,-284
43,multi_regime,S13,SHVR,-3557.4,4985,-289
43,multi_regime,S14,SHVR,-6251.2,4995,-197
43,multi_regime,S15,SNPR,471.6,1102,-44
43,multi_regime,S16,SNPR,-658.4,1101,31
43,multi_regime,S17,SNPR,-1254.4,1109,1
43,multi_regime,S18,SNPR,-632.0,1119,-35
43,multi_regime,S19,SNPR,-718.4,1094,-84
43,multi_regime,Z20,ZIP,5949.0,3971,-275
43,multi_regime,Z21,ZIP,6168.0,3803,25
43,multi_regime,Z22,ZIP,9263.0,4093,-345
43,multi_regime,Z23,ZIP,5817.6,3961,41
43,multi_regime,Z24,ZIP,8397.2,3774,22
43,multi_regime,P25,PRSH,3591.6,438,316
43,multi_regime,P26,PRSH,8595.8,940,748
43,multi_regime,P27,PRSH,6400.6,1303,471
43,multi_regime,P28,PRSH,2861.2,729,337
43,multi_regime,P29,PRSH,4331.6,2912,546
44,multi_regime,G00,GVWY,-10985.2,5898,-348
44,multi_regime,G01,GVWY,-12222.2,5962,-328
44,multi_regime,G02,GVWY,-14926.2,5958,-578
44,multi_regime,G03,GVWY,-14943.4,5900,-586
44,multi_regime,G04,GVWY,-9212.0,5920,-380
44,multi_regime,Z05,ZIC,5232.6,648,294
44,multi_regime,Z06,ZIC,4768.8,674,282
44,multi_regime,Z07,ZIC,5153.6,642,294
44,multi_regime,Z08,ZIC,5006.6,605,309
44,multi_regime,Z09,ZIC,5528.0,673,335
44,multi_regime,S10,SHVR,-4673.2,4995,-313
44,multi_regime,S11,SHVR,-6074.2,5106,-288
44,multi_regime,S12,SHVR,-2849.6,5012,-194
44,multi_regime,S13,SHVR,-8398.6,5004,-164
44,multi_regime,S14,SHVR,-5122.0,5089,-145
44,multi_regime,S15,SNPR,-1974.6,1106,-84
44,multi_regime,S16,SNPR,-1753.4,1128,-26
44,multi_regime,S17,SNPR,-1017.4,1127,-91
44,multi_regime,S18,SNPR,-554.8,1130,-32
44,multi_regime,S19,SNPR,-1913.0,1109,-85
44,multi_regime,Z20,ZIP,5976.2,3978,-92
44,multi_regime,Z21,ZIP,6387.0,3850,30
44,multi_regime,Z22,ZIP,4682.8,4051,-413
44,multi_regime,Z23,ZIP,3367.6,3755,-91
44,multi_regime,Z24,ZIP,7214.4,3945,-9
44,multi_regime,P25,PRSH,14334.8,1093,767
44,multi_regime,P26,PRSH,8247.6,1168,514
44,multi_regime,P27,PRSH,5911.2,824,378
44,multi_regime,P28,PRSH,8961.2,2927,593
44,multi_regime,P29,PRSH,6351.6,411,309
45,multi_regime,G00,GVWY,-9365.9,5926,-434
45,multi_regime,G01,GVWY,-8475.25,5907,-465
45,multi_regime,G02,GVWY,-7211.2,5914,-352
45,multi_regime,G03,GVWY,-6042.9,5964,-474
45,multi_regime,G04,GVWY,-11426.35,5915,-491
45,multi_regime,Z05,ZIC,3412.8,686,288
45,multi_regime,Z06,ZIC,3270.45,691,297
45,multi_regime,Z07,ZIC,3638.0,632,280
45,multi_regime,Z08,ZIC,3981.55,645,323
45,multi_regime,Z09,ZIC,3435.05,619,293
45,multi_regime,S10,SHVR,-6411.15,5013,-179
45,multi_regime,S11,SHVR,-5325.4,5074,-184
45,multi_regime,S12,SHVR,-6480.0,5030,-100
45,multi_regime,S13,SHVR,-6088.35,5067,-151
45,multi_regime,S14,SHVR,-5226.3,5062,-38
45,multi_regime,S15,SNPR,-966.2,1144,-12
45,multi_regime,S16,SNPR,-87.45,1141,-17
45,multi_regime,S17,SNPR,-282.05,1143,-33
45,multi_regime,S18,SNPR,-1192.75,1139,-55
45,multi_regime,S19,SNPR,-842.85,1143,-121
45,multi_regime,Z20,ZIP,4842.6,3902,-264
45,multi_regime,Z21,ZIP,8043.65,3973,-311
45,multi_regime,Z22,ZIP,5438.2,3768,-8
45,multi_regime,Z23,ZIP,8609.5,3842,70
45,multi_regime,Z24,ZIP,6082.25,3939,-355
45,multi_regime,P25,PRSH,5261.2,1244,412
45,multi_regime,P26,PRSH,7562.45,1773,617
45,multi_regime,P27,PRSH,4827.55,1075,543
45,multi_regime,P28,PRSH,5269.75,957,455
45,multi_regime,P29,PRSH,3307.15,463,299
46,multi_regime,G00,GVWY,-2039.0,5897,-419
46,multi_regime,G01,GVWY,-4171.0,5931,-591
46,multi_regime,G02,GVWY,-4761.0,5917,-463
46,multi_regime,G03,GVWY,-3885.0,5855,-357
46,multi_regime,G04,GVWY,-4912.0,5900,-322
46,multi_regime,Z05,ZIC,-427.0,652,300
46,multi_regime,Z06,ZIC,-183.0,662,274
46,multi_regime,Z07,ZIC,-47.0,698,324
46,multi_regime,Z08,ZIC,974.0,643,223
46,multi_regime,Z09,ZIC,-560.0,657,345
46,multi_regime,S10,SHVR,-4090.0,5033,-151
46,multi_regime,S11,SHVR,-4298.0,5027,-59
46,multi_regime,S12,SHVR,-3608.0,5068,-152
46,multi_regime,S13,SHVR,-2584.0,4999,-239
46,multi_regime,S14,SHVR,-3699.0,4974,-182
46,multi_regime,S15,SNPR,-817.0,1094,6
46,multi_regime,S16,SNPR,-1087.0,1101,9
46,multi_regime,S17,SNPR,-1049.0,1102,-42
46,multi_regime,S18,SNPR,1389.0,1098,-110
46,multi_regime,S19,SNPR,1004.0,1122,-94
46,multi_regime,Z20,ZIP,10115.0,4024,-74
46,multi_regime,Z21,ZIP,11807.0,4005,-319
46,multi_regime,Z22,ZIP,6991.0,3763,-27
46,multi_regime,Z23,ZIP,5932.0,3831,-15
46,multi_regime,Z24,ZIP,8441.0,3857,-33
46,multi_regime,P25,PRSH,-77.0,1369,483
46,multi_regime,P26,PRSH,1116.0,501,417
46,multi_regime,P27,PRSH,188.0,689,325
46,multi_regime,P28,PRSH,-1641.0,1157,491
46,multi_regime,P29,PRSH,19.0,361,253
47,multi_regime,G00,GVWY,-15179.25,5845,-505
47,multi_regime,G01,GVWY,-9505.75,5903,-523
47,multi_regime,G02,GVWY,-12955.0,5906,-452
47,multi_regime,G03,GVWY,-14455.75,5935,-643
47,multi_regime,G04,GVWY,-11014.5,5928,-514
47,multi_regime,Z05,ZIC,4593.5,676,290
47,multi_regime,Z06,ZIC,5097.75,695,303
47,multi_regime,Z07,ZIC,4451.25,655,281
47,multi_regime,Z08,ZIC,4731.0,642,296
47,multi_regime,Z09,ZIC,5331.75,629,311
47,multi_regime,S10,SHVR,-6064.75,5051,-303
47,multi_regime,S11,SHVR,-9052.0,5124,-376
47,multi_regime,S12,SHVR,-5006.0,5080,-336
47,multi_regime,S13,SHVR,-5628.5,5120,-218
47,multi_regime,S14,SHVR,-7967.25,5143,-161
47,multi_regime,S15,SNPR,-1734.0,1090,-48
47,multi_regime,S16,SNPR,185.75,1101,-37
47,multi_regime,S17,SNPR,276.25,1101,5
47,multi_regime,S18,SNPR,-1704.0,1118,-72
47,multi_regime,S19,SNPR,-996.75,1117,-103
47,multi_regime,Z20,ZIP,4672.75,3789,-29
47,multi_regime,Z21,ZIP,6434.5,3856,38
47,multi_regime,Z22,ZIP,5246.0,3982,-32
47,multi_regime,Z23,ZIP,7142.25,3935,61
47,multi_regime,Z24,ZIP,3605.75,3975,-189
47,multi_regime,P25,PRSH,14112.0,1056,812
47,multi_regime,P26,PRSH,9739.75,1875,599
47,multi_regime,P27,PRSH,8437.75,3549,535
47,multi_regime,P28,PRSH,9647.5,592,486
47,multi_regime,P29,PRSH,8140.0,1078,416
48,multi_regime,G00,GVWY,-10744.65,5933,-627
48,multi_regime,G01,GVWY,-9736.0,5896,-160
48,multi_regime,G02,GVWY,-10273.65,5877,-607
48,multi_regime,G03,GVWY,-13918.35,5907,-513
48,multi_regime,G04,GVWY,-12368.25,5869,-495
48,multi_regime,Z05,ZIC,4810.7,660,266
48,multi_regime,Z06,ZIC,4445.8,620,324
48,multi_regime,Z07,ZIC,4885.55,691,349
48,multi_regime,Z08,ZIC,4739.4,630,272
48,multi_regime,Z09,ZIC,5289.0,698,340
48,multi_regime,S10,SHVR,-5733.05,4943,-79
48,multi_regime,S11,SHVR,-6357.85,4997,-243
48,multi_regime,S12,SHVR,-6113.4,4954,-72
48,multi_regime,S13,SHVR,-8008.45,5023,-191
48,multi_regime,S14,SHVR,-5879.15,4979,-97
48,multi_regime,S15,SNPR,485.5,1152,50
48,multi_regime,S16,SNPR,223.05,1119,-41
48,multi_regime,S17,SNPR,-1030.25,1103,5
48,multi_regime,S18,SNPR,-1278.45,1133,-31
48,multi_regime,S19,SNPR,-655.85,1091,-23
48,multi_regime,Z20,ZIP,6219.45,3779,11
48,multi_regime,Z21,ZIP,7018.15,3781,-63
48,multi_regime,Z22,ZIP,7778.7,3646,-54
48,multi_regime,Z23,ZIP,8158.55,3945,-231
48,multi_regime,Z24,ZIP,7249.2,3936,-64
48,multi_regime,P25,PRSH,4935.8,354,264
48,multi_regime,P26,PRSH,6115.25,833,395
48,multi_regime,P27,PRSH,6499.25,407,315
48,multi_regime,P28,PRSH,9859.7,664,566
48,multi_regime,P29,PRSH,5387.65,639,327
49,multi_regime,G00,GVWY,2795.35,5913,-399
49,multi_regime,G01,GVWY,-3847.5,5894,-230
49,multi_regime,G02,GVWY,3908.2,5896,-348
49,multi_regime,G03,GVWY,555.45,5867,-273
49,multi_regime,G04,GVWY,4581.05,5909,-397
49,multi_regime,Z05,ZIC,-7370.65,699,361
49,multi_regime,Z06,ZIC,-7536.55,591,327
49,multi_regime,Z07,ZIC,-6719.4,592,296
49,multi_regime,Z08,ZIC,-6516.95,719,343
49,multi_regime,Z09,ZIC,-6525.25,699,325
49,multi_regime,S10,SHVR,-452.8,4980,-148
49,multi_regime,S11,SHVR,3611.0,5048,-280
49,multi_regime,S12,SHVR,735.15,5001,-191
49,multi_regime,S13,SHVR,-4158.4,5050,-84
49,multi_regime,S14,SHVR,-3876.35,5005,19
49,multi_regime,S15,SNPR,1484.95,1091,-83
49,multi_regime,S16,SNPR,2164.4,1106,-116
49,multi_regime,S17,SNPR,-246.4,1078,-4
49,multi_regime,S18,SNPR,2667.95,1099,-83
49,multi_regime,S19,SNPR,29.7,1130,-38
49,multi_regime,Z20,ZIP,12660.25,3689,-145
49,multi_regime,Z21,ZIP,14097.9,3772,-206
49,multi_regime,Z22,ZIP,11215.5,3956,-90
49,multi_regime,Z23,ZIP,11097.7,3700,-98
49,multi_regime,Z24,ZIP,13629.15,4085,-251
49,multi_regime,P25,PRSH,-7911.8,560,452
49,multi_regime,P26,PRSH,-6207.95,431,323
49,multi_regime,P27,PRSH,-6698.65,405,301
49,multi_regime,P28,PRSH,-5947.65,705,301
49,multi_regime,P29,PRSH,-5323.8,396,292
50,multi_regime,G00,GVWY,-15597.6,5934,-538
50,multi_regime,G01,GVWY,-17318.9,5891,-447
50,multi_regime,G02,GVWY,-12111.2,5932,-416
50,multi_regime,G03,GVWY,-17972.4,5900,-582
50,multi_regime,G04,GVWY,-16373.5,5855,-495
50,multi_regime,Z05,ZIC,7150.8,618,274
50,multi_regime,Z06,ZIC,7789.4,714,322
50,multi_regime,Z07,ZIC,6797.9,623,237
50,multi_regime,Z08,ZIC,6892.8,672,274
50,multi_regime,Z09,ZIC,5889.7,657,251
50,multi_regime,S10,SHVR,-5016.4,5034,-122
50,multi_regime,S11,SHVR,-5368.7,4955,-251
50,multi_regime,S12,SHVR,-7742.0,5038,-210
50,multi_regime,S13,SHVR,-4210.3,4957,-69
50,multi_regime,S14,SHVR,-7741.9,5035,-157
50,multi_regime,S15,SNPR,-1354.5,1121,-45
50,multi_regime,S16,SNPR,-2073.5,1105,-35
50,multi_regime,S17,SNPR,-1989.2,1076,-76
50,multi_regime,S18,SNPR,-1465.2,1108,-26
50,multi_regime,S19,SNPR,-1266.0,1088,-40
50,multi_regime,Z20,ZIP,7413.3,3719,-11
50,multi_regime,Z21,ZIP,5998.3,3925,-101
50,multi_regime,Z22,ZIP,8182.6,3858,58
50,multi_regime,Z23,ZIP,5396.3,3769,-41
50,multi_regime,Z24,ZIP,3797.1,3937,-37
50,multi_regime,P25,PRSH,14298.4,1722,582
50,multi_regime,P26,PRSH,9100.8,438,324
50,multi_regime,P27,PRSH,14254.7,1763,621
50,multi_regime,P28,PRSH,7662.0,394,310
50,multi_regime,P29,PRSH,6646.5,387,285
51,multi_regime,G00,GVWY,-15275.25,5899,-549
51,multi_regime,G01,GVWY,-12061.25,5871,-445
51,multi_regime,G02,GVWY,-18007.25,5889,-573
51,multi_regime,G03,GVWY,-13744.0,5848,-472
51,multi_regime,G04,GVWY,-15045.0,5886,-472
51,multi_regime,Z05,ZIC,5643.5,632,190
51,multi_regime,Z06,ZIC,5826.75,577,227
51,multi_regime,Z07,ZIC,6113.0,604,268
51,multi_regime,Z08,ZIC,7049.5,642,298
51,multi_regime,Z09,ZIC,6562.75,655,255
51,multi_regime,S10,SHVR,-7783.75,4949,-279
51,multi_regime,S11,SHVR,-7922.25,4977,-261
51,multi_regime,S12,SHVR,-6590.25,5053,-129
51,multi_regime,S13,SHVR,-7068.75,5007,-187
51,multi_regime,S14,SHVR,-9317.75,4935,-207
51,multi_regime,S15,SNPR,-1673.5,1130,-2
51,multi_regime,S16,SNPR,-1596.5,1158,-50
51,multi_regime,S17,SNPR,-816.0,1134,-20
51,multi_regime,S18,SNPR,-2159.0,1146,-84
51,multi_regime,S19,SNPR,-1590.0,1138,0
51,multi_regime,Z20,ZIP,3250.0,3806,-88
51,multi_regime,Z21,ZIP,8379.25,3863,37
51,multi_regime,Z22,ZIP,7162.25,3745,-51
51,multi_regime,Z23,ZIP,6237.0,3596,68
51,multi_regime,Z24,ZIP,4937.5,3730,-66
51,multi_regime,P25,PRSH,17438.0,926,708
51,multi_regime,P26,PRSH,9455.75,477,351
51,multi_regime,P27,PRSH,9753.0,3468,500
51,multi_regime,P28,PRSH,16532.0,1294,680
51,multi_regime,P29,PRSH,5799.5,300,214
52,multi_regime,G00,GVWY,-6093.85,5915,-329
52,multi_regime,G01,GVWY,-10300.4,5848,-476
52,multi_regime,G02,GVWY,-8710.35,5907,-259
52,multi_regime,G03,GVWY,-9835.9,5924,-246
52,multi_regime,G04,GVWY,-9153.85,5935,-609
52,multi_regime,Z05,ZIC,3468.65,607,281
52,multi_regime,Z06,ZIC,3438.65,617,261
52,multi_regime,Z07,ZIC,3067.4,642,316
52,multi_regime,Z08,ZIC,2271.5,636,290
52,multi_regime,Z09,ZIC,3858.55,629,267
52,multi_regime,S10,SHVR,-6872.3,5036,-42
52,multi_regime,S11,SHVR,-8391.45,5013,-153
52,multi_regime,S12,SHVR,-3153.45,4981,-193
52,multi_regime,S13,SHVR,-3426.25,5039,-205
52,multi_regime,S14,SHVR,-5476.1,4964,-394
52,multi_regime,S15,SNPR,-634.5,1098,-70
52,multi_regime,S16,SNPR,-397.8,1090,-12
52,multi_regime,S17,SNPR,208.65,1135,-39
52,multi_regime,S18,SNPR,-450.3,1110,-102
52,multi_regime,S19,SNPR,-317.75,1093,-35
52,multi_regime,Z20,ZIP,8794.9,3802,6
52,multi_regime,Z21,ZIP,7569.35,3729,19
52,multi_regime,Z22,ZIP,6348.95,3645,-17
52,multi_regime,Z23,ZIP,9940.4,4030,-64
52,multi_regime,Z24,ZIP,8208.35,3899,-81
52,multi_regime,P25,PRSH,5632.85,2653,569
52,multi_regime,P26,PRSH,3911.7,402,278
52,multi_regime,P27,PRSH,2256.85,351,269
52,multi_regime,P28,PRSH,2757.45,701,373
52,multi_regime,P29,PRSH,3653.85,447,309
53,multi_regime,G00,GVWY,-12279.2,5912,-368
53,multi_regime,G01,GVWY,-8860.75,5875,-435
53,multi_regime,G02,GVWY,-11294.1,5944,-294
53,multi_regime,G03,GVWY,-13420.15,5911,-511
53,multi_regime,G04,GVWY,-13932.8,5898,-552
53,multi_regime,Z05,ZIC,4925.4,636,236
53,multi_regime,Z06,ZIC,5764.65,697,341
53,multi_regime,Z07,ZIC,4222.85,593,289
53,multi_regime,Z08,ZIC,3762.9,604,226
53,multi_regime,Z09,ZIC,5253.15,691,311
53,multi_regime,S10,SHVR,-6270.2,5058,-88
53,multi_regime,S11,SHVR,-6388.1,5028,-54
53,multi_regime,S12,SHVR,-4967.65,4989,-81
53,multi_regime,S13,SHVR,-3729.05,5029,-217
53,multi_regime,S14,SHVR,-5499.1,5072,-274
53,multi_regime,S15,SNPR,1239.65,1107,-79
53,multi_regime,S16,SNPR,-134.75,1097,45
53,multi_regime,S17,SNPR,-2692.2,1132,-8
53,multi_regime,S18,SNPR,-1423.2,1122,-28
53,multi_regime,S19,SNPR,-33.15,1137,-51
53,multi_regime,Z20,ZIP,6078.7,3940,-42
53,multi_regime,Z21,ZIP,3644.55,3991,-193
53,multi_regime,Z22,ZIP,8001.4,3912,-24
53,multi_regime,Z23,ZIP,6246.75,3737,-205
53,multi_regime,Z24,ZIP,5398.75,3953,-205
53,multi_regime,P25,PRSH,6177.9,722,286
53,multi_regime,P26,PRSH,9424.35,1697,539
53,multi_regime,P27,PRSH,6156.7,656,298
53,multi_regime,P28,PRSH,11070.5,2194,750
53,multi_regime,P29,PRSH,5495.0,598,280
54,multi_regime,G00,GVWY,-1076.65,5925,-437
54,multi_regime,G01,GVWY,-2540.15,5899,-347
54,multi_regime,G02,GVWY,-104.5,5892,-430
54,multi_regime,G03,GVWY,-3265.35,5893,-443
54,multi_regime,G04,GVWY,2318.0,5828,-520
54,multi_regime,Z05,ZIC,-824.55,677,321
54,multi_regime,Z06,ZIC,-2247.25,675,355
54,multi_regime,Z07,ZIC,-1197.95,655,269
54,multi_regime,Z08,ZIC,-1350.5,630,270
54,multi_regime,Z09,ZIC,-1108.0,670,320
54,multi_regime,S10,SHVR,-3041.2,4970,-116
54,multi_regime,S11,SHVR,-4685.35,4933,-143
54,multi_regime,S12,SHVR,-3747.4,5044,-112
54,multi_regime,S13,SHVR,-5134.3,4984,-134
54,multi_regime,S14,SHVR,-2432.25,5019,-205
54,multi_regime,S15,SNPR,819.5,1108,-70
54,multi_regime,S16,SNPR,-934.65,1121,-57
54,multi_regime,S17,SNPR,56.55,1099,-41
54,multi_regime,S18,SNPR,734.2,1126,-64
54,multi_regime,S19,SNPR,-401.15,1091,-87
54,multi_regime,Z20,ZIP,6936.8,3752,24
54,multi_regime,Z21,ZIP,8728.0,3976,-120
54,multi_regime,Z22,ZIP,8394.25,3673,-15
54,multi_regime,Z23,ZIP,8499.0,3822,0
54,multi_regime,Z24,ZIP,9415.45,3993,-79
54,multi_regime,P25,PRSH,-1404.45,691,359
54,multi_regime,P26,PRSH,-3705.15,841,413
54,multi_regime,P27,PRSH,-1022.45,407,319
54,multi_regime,P28,PRSH,-1017.85,411,307
54,multi_regime,P29,PRSH,-931.55,431,341
55,multi_regime,G00,GVWY,-2074.0,5908,-482
55,multi_regime,G01,GVWY,-5185.0,5984,-482
55,multi_regime,G02,GVWY,-6343.0,5944,-434
55,multi_regime,G03,GVWY,-2628.5,5951,-329
55,multi_regime,G04,GVWY,-5312.5,5951,-565
55,multi_regime,Z05,ZIC,613.5,663,283
55,multi_regime,Z06,ZIC,1173.5,649,287
55,multi_regime,Z07,ZIC,678.5,697,293
55,multi_regime,Z08,ZIC,1042.5,619,265
55,multi_regime,Z09,ZIC,-82.0,710,310
55,multi_regime,S10,SHVR,-6894.5,5127,-245
55,multi_regime,S11,SHVR,-3933.5,5111,-81
55,multi_regime,S12,SHVR,-2341.0,5140,-218
55,multi_regime,S13,SHVR,-2876.5,5195,-153
55,multi_regime,S14,SHVR,569.5,5089,-215
55,multi_regime,S15,SNPR,349.5,1137,-77
55,multi_regime,S16,SNPR,-1291.0,1136,-46
55,multi_regime,S17,SNPR,-606.0,1136,-72
55,multi_regime,S18,SNPR,-1267.0,1122,44
55,multi_regime,S19,SNPR,-750.0,1126,42
55,multi_regime,Z20,ZIP,7865.5,3763,-97
55,multi_regime,Z21,ZIP,5639.5,3769,-33
55,multi_regime,Z22,ZIP,6313.5,3865,-63
55,multi_regime,Z23,ZIP,9169.0,3866,-62
55,multi_regime,Z24,ZIP,7047.5,3871,-69
55,multi_regime,P25,PRSH,586.5,4485,151
55,multi_regime,P26,PRSH,25.5,2553,609
55,multi_regime,P27,PRSH,371.0,980,414
55,multi_regime,P28,PRSH,2479.5,2777,635
55,multi_regime,P29,PRSH,455.5,649,281
56,multi_regime,G00,GVWY,-16839.0,5821,-315
56,multi_regime,G01,GVWY,-16299.0,5812,-370
56,multi_regime,G02,GVWY,-11000.4,5844,-366
56,multi_regime,G03,GVWY,-20155.6,5867,-489
56,multi_regime,G04,GVWY,-21289.4,5859,-551
56,multi_regime,Z05,ZIC,10163.6,701,319
56,multi_regime,Z06,ZIC,8478.0,592,290
56,multi_regime,Z07,ZIC,7843.4,656,256
56,multi_regime,Z08,ZIC,9203.2,657,303
56,multi_regime,Z09,ZIC,9842.2,672,318
56,multi_regime,S10,SHVR,-7080.0,4875,-195
56,multi_regime,S11,SHVR,-11215.2,4911,-233
56,multi_regime,S12,SHVR,-13302.4,4964,-286
56,multi_regime,S13,SHVR,-7871.6,5001,-129
56,multi_regime,S14,SHVR,-8027.6,4964,-174
56,multi_regime,S15,SNPR,-2813.6,1120,-104
56,multi_regime,S16,SNPR,-1340.2,1107,-43
56,multi_regime,S17,SNPR,-2852.4,1092,-86
56,multi_regime,S18,SNPR,-2514.6,1099,-109
56,multi_regime,S19,SNPR,-286.8,1082,-2
56,multi_regime,Z20,ZIP,5315.4,3763,-69
56,multi_regime,Z21,ZIP,4728.4,3759,-19
56,multi_regime,Z22,ZIP,5234.4,3709,-99
56,multi_regime,Z23,ZIP,3321.6,3746,-86
56,multi_regime,Z24,ZIP,4120.8,3701,-103
56,multi_regime,P25,PRSH,11474.2,453,343
56,multi_regime,P26,PRSH,10884.4,415,311
56,multi_regime,P27,PRSH,24850.4,1093,731
56,multi_regime,P28,PRSH,10598.0,415,325
56,multi_regime,P29,PRSH,13712.0,1068,430
57,multi_regime,G00,GVWY,-2450.85,5803,-317
57,multi_regime,G01,GVWY,2321.35,5883,-673
57,multi_regime,G02,GVWY,-1376.4,5882,-328
57,multi_regime,G03,GVWY,-4158.3,5818,-486
57,multi_regime,G04,GVWY,-2870.2,5868,-444
57,multi_regime,Z05,ZIC,-508.65,631,327
57,multi_regime,Z06,ZIC,813.5,600,290
57,multi_regime,Z07,ZIC,-504.3,658,274
57,multi_regime,Z08,ZIC,855.75,699,275
57,multi_regime,Z09,ZIC,-210.75,699,325
57,multi_regime,S10,SHVR,-1596.7,4936,-174
57,multi_regime,S11,SHVR,-5427.45,4927,-49
57,multi_regime,S12,SHVR,-2907.25,5019,-185
57,multi_regime,S13,SHVR,-2427.45,4955,-329
57,multi_regime,S14,SHVR,-3530.5,5014,-110
57,multi_regime,S15,SNPR,-1078.65,1109,-53
57,multi_regime,S16,SNPR,-134.65,1131,-93
57,multi_regime,S17,SNPR,300.2,1122,-56
57,multi_regime,S18,SNPR,151.35,1113,-73
57,multi_regime,S19,SNPR,-3100.85,1101,83
57,multi_regime,Z20,ZIP,5444.75,3891,-45
57,multi_regime,Z21,ZIP,6215.15,3847,3
57,multi_regime,Z22,ZIP,5148.4,3730,-32
57,multi_regime,Z23,ZIP,6480.65,3995,-67
57,multi_regime,Z24,ZIP,7481.65,3809,-87
57,multi_regime,P25,PRSH,360.75,405,275
57,multi_regime,P26,PRSH,107.9,808,318
57,multi_regime,P27,PRSH,-104.9,450,342
57,multi_regime,P28,PRSH,498.4,392,268
57,multi_regime,P29,PRSH,817.35,1545,667
58,multi_regime,G00,GVWY,-3389.7,5933,-533
58,multi_regime,G01,GVWY,-4211.1,5901,-379
58,multi_regime,G02,GVWY,-355.7,5951,-503
58,multi_regime,G03,GVWY,-8131.3,5987,-397
58,multi_regime,G04,GVWY,103.6,5868,-576
58,multi_regime,Z05,ZIC,199.0,676,250
58,multi_regime,Z06,ZIC,-271.7,633,307
58,multi_regime,Z07,ZIC,-218.3,697,303
58,multi_regime,Z08,ZIC,448.1,653,219
58,multi_regime,Z09,ZIC,-1245.1,653,301
58,multi_regime,S10,SHVR,-1506.7,5033,-413
58,multi_regime,S11,SHVR,-2602.8,5016,-142
58,multi_regime,S12,SHVR,-4094.9,5037,-241
58,multi_regime,S13,SHVR,-5894.7,5013,-23
58,multi_regime,S14,SHVR,-2295.1,5081,-179
58,multi_regime,S15,SNPR,-163.3,1135,-117
58,multi_regime,S16,SNPR,777.4,1120,-84
58,multi_regime,S17,SNPR,799.0,1096,-110
58,multi_regime,S18,SNPR,790.4,1112,-64
58,multi_regime,S19,SNPR,-344.0,1122,-80
58,multi_regime,Z20,ZIP,4493.6,3788,24
58,multi_regime,Z21,ZIP,6880.8,3936,12
58,multi_regime,Z22,ZIP,5696.1,3897,-41
58,multi_regime,Z23,ZIP,8132.4,3784,-74
58,multi_regime,Z24,ZIP,7854.1,3715,-91
58,multi_regime,P25,PRSH,970.1,1463,489
58,multi_regime,P26,PRSH,-902.0,1044,460
58,multi_regime,P27,PRSH,497.4,626,506
58,multi_regime,P28,PRSH,1437.2,490,348
58,multi_regime,P29,PRSH,-2.6,1832,646
59,multi_regime,G00,GVWY,-1162.9,5918,-174
59,multi_regime,G01,GVWY,10813.65,5837,-561
59,multi_regime,G02,GVWY,3501.05,5957,-417
59,multi_regime,G03,GVWY,13237.6,5952,-684
59,multi_regime,G04,GVWY,6220.1,5904,-374
59,multi_regime,Z05,ZIC,-8057.0,622,320
59,multi_regime,Z06,ZIC,-7259.2,648,288
59,multi_regime,Z07,ZIC,-10224.45,689,353
59,multi_regime,Z08,ZIC,-4546.25,631,225
59,multi_regime,Z09,ZIC,-5806.65,671,281
59,multi_regime,S10,SHVR,6176.45,5053,-293
59,multi_regime,S11,SHVR,-860.0,5110,-160
59,multi_regime,S12,SHVR,1491.4,4982,-176
59,multi_regime,S13,SHVR,6258.05,5117,-277
59,multi_regime,S14,SHVR,2570.2,4948,-188
59,multi_regime,S15,SNPR,-2623.2,1126,8
59,multi_regime,S16,SNPR,86.5,1124,-70
59,multi_regime,S17,SNPR,-1596.35,1119,39
59,multi_regime,S18,SNPR,887.9,1124,-26
59,multi_regime,S19,SNPR,695.85,1123,-29
59,multi_regime,Z20,ZIP,9201.3,3720,-62
59,multi_regime,Z21,ZIP,3809.55,3871,113
59,multi_regime,Z22,ZIP,15882.6,4064,-224
59,multi_regime,Z23,ZIP,5211.55,3715,33
59,multi_regime,Z24,ZIP,6985.4,3806,24
59,multi_regime,P25,PRSH,-15545.0,1846,640
59,multi_regime,P26,PRSH,-5587.9,392,266
59,multi_regime,P27,PRSH,-6912.85,411,309
59,multi_regime,P28,PRSH,-6661.7,714,278
59,multi_regime,P29,PRSH,-8934.15,765,371
60,multi_regime,G00,GVWY,-7000.2,5936,-528
60,multi_regime,G01,GVWY,-4182.4,5924,-506
60,multi_regime,G02,GVWY,-6152.9,5933,-191
60,multi_regime,G03,GVWY,-4667.0,5852,-460
60,multi_regime,G04,GVWY,-4347.3,5961,-567
60,multi_regime,Z05,ZIC,778.1,659,319
60,multi_regime,Z06,ZIC,1181.4,606,306
60,multi_regime,Z07,ZIC,2510.1,641,299
60,multi_regime,Z08,ZIC,2787.9,645,301
60,multi_regime,Z09,ZIC,2807.7,645,313
60,multi_regime,S10,SHVR,-1900.4,5108,-296
60,multi_regime,S11,SHVR,-3503.2,5058,-338
60,multi_regime,S12,SHVR,-4862.4,4984,-376
60,multi_regime,S13,SHVR,-7186.6,5066,-164
60,multi_regime,S14,SHVR,-4694.5,5019,-155
60,multi_regime,S15,SNPR,-1215.1,1111,-39
60,multi_regime,S16,SNPR,-1123.0,1144,-50
60,multi_regime,S17,SNPR,-1488.8,1144,-22
60,multi_regime,S18,SNPR,-584.2,1108,-38
60,multi_regime,S19,SNPR,-451.4,1102,-86
60,multi_regime,Z20,ZIP,6667.4,4020,-54
60,multi_regime,Z21,ZIP,5515.8,3974,-118
60,multi_regime,Z22,ZIP,5583.2,3852,-2
60,multi_regime,Z23,ZIP,5185.3,3799,97
60,multi_regime,Z24,ZIP,6075.7,3851,123
60,multi_regime,P25,PRSH,3103.8,2422,482
60,multi_regime,P26,PRSH,3912.4,3838,536
60,multi_regime,P27,PRSH,2955.7,1127,473
60,multi_regime,P28,PRSH,2831.9,909,311
60,multi_regime,P29,PRSH,3220.3,725,297
61,multi_regime,G00,GVWY,-21123.4,5928,-508
61,multi_regime,G01,GVWY,-16104.2,5950,-384
61,multi_regime,G02,GVWY,-17723.4,5953,-363
61,multi_regime,G03,GVWY,-21417.4,5919,-483
61,multi_regime,G04,GVWY,-17877.8,5982,-426
61,multi_regime,Z05,ZIC,9192.2,593,279
61,multi_regime,Z06,ZIC,9029.0,646,280
61,multi_regime,Z07,ZIC,9278.8,659,291
61,multi_regime,Z08,ZIC,8075.4,649,253
61,multi_regime,Z09,ZIC,10092.6,672,282
61,multi_regime,S10,SHVR,-9819.2,5094,-194
61,multi_regime,S11,SHVR,-14981.4,5131,-363
61,multi_regime,S12,SHVR,-3469.0,5124,-10
61,multi_regime,S13,SHVR,-2660.2,5033,41
61,multi_regime,S14,SHVR,-12769.4,5065,-343
61,multi_regime,S15,SNPR,-45.2,1139,-29
61,multi_regime,S16,SNPR,164.6,1102,22
61,multi_regime,S17,SNPR,-1896.4,1125,-83
61,multi_regime,S18,SNPR,-2169.4,1112,-98
61,multi_regime,S19,SNPR,-1770.2,1126,-64
61,multi_regime,Z20,ZIP,5896.4,3955,-77
61,multi_regime,Z21,ZIP,5772.0,3730,-40
61,multi_regime,Z22,ZIP,5343.2,3797,-71
61,multi_regime,Z23,ZIP,3389.0,3842,-160
61,multi_regime,Z24,ZIP,2955.6,3951,-213
61,multi_regime,P25,PRSH,9498.0,690,310
61,multi_regime,P26,PRSH,21003.0,3157,675
61,multi_regime,P27,PRSH,15202.8,527,421
61,multi_regime,P28,PRSH,8801.4,381,263
61,multi_regime,P29,PRSH,19168.8,3530,656
62,multi_regime,G00,GVWY,-6966.0,5912,-380
62,multi_regime,G01,GVWY,-7079.45,5915,-319
62,multi_regime,G02,GVWY,-7313.6,5896,-392
62,multi_regime,G03,GVWY,-6505.9,5938,-498
62,multi_regime,G04,GVWY,-5679.8,5922,-416
62,multi_regime,Z05,ZIC,2172.05,645,271
62,multi_regime,Z06,ZIC,3548.35,697,317
62,multi_regime,Z07,ZIC,3378.9,670,338
62,multi_regime,Z08,ZIC,3049.7,672,314
62,multi_regime,Z09,ZIC,2346.75,647,325
62,multi_regime,S10,SHVR,-5017.4,4914,-128
62,multi_regime,S11,SHVR,-8219.35,5001,-177
62,multi_regime,S12,SHVR,-6837.55,5035,-161
62,multi_regime,S13,SHVR,-8068.6,5028,-252
62,multi_regime,S14,SHVR,-3082.05,5095,-271
62,multi_regime,S15,SNPR,-758.3,1106,-26
62,multi_regime,S16,SNPR,-1389.95,1079,-9
62,multi_regime,S17,SNPR,168.9,1108,-82
62,multi_regime,S18,SNPR,-2484.7,1118,-54
62,multi_regime,S19,SNPR,-555.65,1111,-103
62,multi_regime,Z20,ZIP,8342.15,3859,-107
62,multi_regime,Z21,ZIP,5224.1,3692,102
62,multi_regime,Z22,ZIP,7507.75,3737,-155
62,multi_regime,Z23,ZIP,7989.25,3859,-85
62,multi_regime,Z24,ZIP,10270.5,3842,50
62,multi_regime,P25,PRSH,3607.1,610,322
62,multi_regime,P26,PRSH,5089.7,1398,554
62,multi_regime,P27,PRSH,3317.45,363,259
62,multi_regime,P28,PRSH,3236.6,746,412
62,multi_regime,P29,PRSH,2619.6,376,272
63,multi_regime,G00,GVWY,-7610.9,5947,-497
63,multi_regime,G01,GVWY,-7999.4,5862,-482
63,multi_regime,G02,GVWY,-8666.9,5949,-447
63,multi_regime,G03,GVWY,-5191.6,5854,-468
63,multi_regime,G04,GVWY,-4772.1,5875,-443
63,multi_regime,Z05,ZIC,2842.6,668,268
63,multi_regime,Z06,ZIC,2820.0,644,280
63,multi_regime,Z07,ZIC,2764.1,641,303
63,multi_regime,Z08,ZIC,2577.2,636,296
63,multi_regime,Z09,ZIC,2326.0,634,310
63,multi_regime,S10,SHVR,-6091.9,5037,-67
63,multi_regime,S11,SHVR,-3489.9,5023,-257
63,multi_regime,S12,SHVR,-5764.7,5017,-81
63,multi_regime,S13,SHVR,-3853.1,5075,-123
63,multi_regime,S14,SHVR,-6307.7,5029,-171
63,multi_regime,S15,SNPR,-1379.8,1126,-84
63,multi_regime,S16,SNPR,275.8,1104,-36
63,multi_regime,S17,SNPR,-1987.4,1124,-72
63,multi_regime,S18,SNPR,-1899.4,1122,-2
63,multi_regime,S19,SNPR,-59.2,1118,-56
63,multi_regime,Z20,ZIP,8638.4,3740,-18
63,multi_regime,Z21,ZIP,4310.8,3810,-46
63,multi_regime,Z22,ZIP,6726.2,3952,-164
63,multi_regime,Z23,ZIP,7897.3,3753,-21
63,multi_regime,Z24,ZIP,4425.2,3850,-134
63,multi_regime,P25,PRSH,3669.9,479,347
63,multi_regime,P26,PRSH,4086.3,2015,639
63,multi_regime,P27,PRSH,5566.1,569,473
63,multi_regime,P28,PRSH,2580.0,364,260
63,multi_regime,P29,PRSH,5514.2,1122,366
64,multi_regime,G00,GVWY,-14037.65,5919,-521
64,multi_regime,G01,GVWY,-12308.95,5911,-383
64,multi_regime,G02,GVWY,-10574.4,5940,-336
64,multi_regime,G03,GVWY,-14263.35,5947,-459
64,multi_regime,G04,GVWY,-11259.8,5930,-452
64,multi_regime,Z05,ZIC,5773.05,673,237
64,multi_regime,Z06,ZIC,5128.5,666,310
64,multi_regime,Z07,ZIC,6203.8,634,312
64,multi_regime,Z08,ZIC,5786.1,680,314
64,multi_regime,Z09,ZIC,6145.75,635,315
64,multi_regime,S10,SHVR,-5934.15,5029,-311
64,multi_regime,S11,SHVR,-3624.05,5033,-137
64,multi_regime,S12,SHVR,-3722.9,5008,14
64,multi_regime,S13,SHVR,-6001.2,5058,-168
64,multi_regime,S14,SHVR,-8585.15,5051,-111
64,multi_regime,S15,SNPR,-1538.55,1129,-107
64,multi_regime,S16,SNPR,-1205.75,1135,25
64,multi_regime,S17,SNPR,-803.35,1089,-119
64,multi_regime,S18,SNPR,-431.5,1106,10
64,multi_regime,S19,SNPR,102.25,1097,25
64,multi_regime,Z20,ZIP,5000.05,3879,-163
64,multi_regime,Z21,ZIP,3923.5,3878,-30
64,multi_regime,Z22,ZIP,8705.6,3802,64
64,multi_regime,Z23,ZIP,4389.05,3709,-103
64,multi_regime,Z24,ZIP,3460.35,3995,-221
64,multi_regime,P25,PRSH,12598.6,2626,584
64,multi_regime,P26,PRSH,7035.85,423,309
64,multi_regime,P27,PRSH,5476.75,389,275
64,multi_regime,P28,PRSH,9799.2,1248,428
64,multi_regime,P29,PRSH,5808.1,380,254
65,multi_regime,G00,GVWY,-6818.15,5883,-477
65,multi_regime,G01,GVWY,-6543.0,5864,-500
65,multi_regime,G02,GVWY,-12747.4,5862,-552
65,multi_regime,G03,GVWY,-9439.2,5890,-416
65,multi_regime,G04,GVWY,-13352.65,5851,-467
65,multi_regime,Z05,ZIC,4196.1,658,278
65,multi_regime,Z06,ZIC,5461.6,640,268
65,multi_regime,Z07,ZIC,4814.4,720,332
65,multi_regime,Z08,ZIC,4794.35,621,253
65,multi_regime,Z09,ZIC,4421.0,652,240
65,multi_regime,S10,SHVR,-5848.45,5021,-231
65,multi_regime,S11,SHVR,-6914.05,4971,-39
65,multi_regime,S12,SHVR,-4580.95,5009,-301
65,multi_regime,S13,SHVR,-8351.5,4932,-210
65,multi_regime,S14,SHVR,-7261.25,4999,-35
65,multi_regime,S15,SNPR,-110.6,1132,-8
65,multi_regime,S16,SNPR,-1669.5,1118,-70
65,multi_regime,S17,SNPR,-1813.05,1129,-19
65,multi_regime,S18,SNPR,-1485.55,1143,-89
65,multi_regime,S19,SNPR,-827.45,1105,29
65,multi_regime,Z20,ZIP,7376.95,3855,41
65,multi_regime,Z21,ZIP,7700.45,3901,11
65,multi_regime,Z22,ZIP,5668.35,3667,-127
65,multi_regime,Z23,ZIP,6599.95,3713,-79
65,multi_regime,Z24,ZIP,5711.75,3811,5
65,multi_regime,P25,PRSH,9595.7,1982,686
65,multi_regime,P26,PRSH,5790.2,792,356
65,multi_regime,P27,PRSH,4973.5,412,290
65,multi_regime,P28,PRSH,6665.7,804,386
65,multi_regime,P29,PRSH,5487.2,530,276
66,multi_regime,G00,GVWY,-9615.95,5889,-423
66,multi_regime,G01,GVWY,-8927.95,6009,-583
66,multi_regime,G02,GVWY,-10189.5,5974,-370
66,multi_regime,G03,GVWY,-8256.85,5931,-609
66,multi_regime,G04,GVWY,-10928.2,6000,-328
66,multi_regime,Z05,ZIC,3621.85,699,329
66,multi_regime,Z06,ZIC,3403.65,595,221
66,multi_regime,Z07,ZIC,4107.45,605,293
66,multi_regime,Z08,ZIC,4100.75,599,295
66,multi_regime,Z09,ZIC,3619.05,653,277
66,multi_regime,S10,SHVR,-5635.9,5166,-86
66,multi_regime,S11,SHVR,-4902.8,5118,-232
66,multi_regime,S12,SHVR,-8863.1,5162,-254
66,multi_regime,S13,SHVR,-7882.25,5199,-325
66,multi_regime,S14,SHVR,-4361.65,5097,-321
66,multi_regime,S15,SNPR,-402.15,1115,-31
66,multi_regime,S16,SNPR,-690.65,1133,19
66,multi_regime,S17,SNPR,-2499.45,1133,-113
66,multi_regime,S18,SNPR,-1051.75,1131,-75
66,multi_regime,S19,SNPR,-1282.15,1127,-91
66,multi_regime,Z20,ZIP,6418.7,3816,-22
66,multi_regime,Z21,ZIP,6636.8,3752,-48
66,multi_regime,Z22,ZIP,6788.05,3945,-143
66,multi_regime,Z23,ZIP,5929.75,3861,-25
66,multi_regime,Z24,ZIP,3729.3,3910,162
66,multi_regime,P25,PRSH,10587.85,3197,449
66,multi_regime,P26,PRSH,5373.8,688,312
66,multi_regime,P27,PRSH,4798.55,2953,427
66,multi_regime,P28,PRSH,9207.45,2319,453
66,multi_regime,P29,PRSH,7998.2,2928,668
67,multi_regime,G00,GVWY,-5330.3,5940,-278
67,multi_regime,G01,GVWY,-2922.35,5905,-421
67,multi_regime,G02,GVWY,-4431.8,5946,-408
67,multi_regime,G03,GVWY,-1111.6,5912,-396
67,multi_regime,G04,GVWY,-1054.7,5928,-502
67,multi_regime,Z05,ZIC,-2226.3,682,382
67,multi_regime,Z06,ZIC,-928.5,658,270
67,multi_regime,Z07,ZIC,-1431.0,630,280
67,multi_regime,Z08,ZIC,-1003.65,661,301
67,multi_regime,Z09,ZIC,-250.55,699,247
67,multi_regime,S10,SHVR,-4238.85,5127,-171
67,multi_regime,S11,SHVR,-1749.3,5110,-178
67,multi_regime,S12,SHVR,-5774.5,5090,-110
67,multi_regime,S13,SHVR,-2212.35,5115,-201
67,multi_regime,S14,SHVR,2172.6,5130,-244
67,multi_regime,S15,SNPR,369.3,1120,-22
67,multi_regime,S16,SNPR,116.6,1152,-44
67,multi_regime,S17,SNPR,-1398.4,1118,16
67,multi_regime,S18,SNPR,244.7,1138,-78
67,multi_regime,S19,SNPR,335.35,1159,-119
67,multi_regime,Z20,ZIP,5614.5,3846,-30
67,multi_regime,Z21,ZIP,7385.5,3722,-130
67,multi_regime,Z22,ZIP,6889.0,3898,-140
67,multi_regime,Z23,ZIP,8615.65,3867,-221
67,multi_regime,Z24,ZIP,11959.95,4065,-343
67,multi_regime,P25,PRSH,-947.55,3255,567
67,multi_regime,P26,PRSH,-1666.35,1215,519
67,multi_regime,P27,PRSH,608.15,3101,649
67,multi_regime,P28,PRSH,-1421.55,4425,387
67,multi_regime,P29,PRSH,-295.0,442,280
68,multi_regime,G00,GVWY,-2740.5,5836,-550
68,multi_regime,G01,GVWY,-486.75,5817,-495
68,multi_regime,G02,GVWY,-2977.5,5818,-486
68,multi_regime,G03,GVWY,-7567.25,5915,-453
68,multi_regime,G04,GVWY,-1928.75,5893,-387
68,multi_regime,Z05,ZIC,279.25,649,293
68,multi_regime,Z06,ZIC,41.25,689,309
68,multi_regime,Z07,ZIC,-632.75,655,353
68,multi_regime,Z08,ZIC,-427.5,614,246
68,multi_regime,Z09,ZIC,-587.0,686,312
68,multi_regime,S10,SHVR,-3944.75,5079,-283
68,multi_regime,S11,SHVR,-4455.25,4971,-209
68,multi_regime,S12,SHVR,-3495.25,5021,-189
68,multi_regime,S13,SHVR,667.75,4959,-293
68,multi_regime,S14,SHVR,-2424.5,4954,-42
68,multi_regime,S15,SNPR,388.0,1112,-20
68,multi_regime,S16,SNPR,-52.5,1110,-122
68,multi_regime,S17,SNPR,256.5,1096,-82
68,multi_regime,S18,SNPR,-277.25,1101,-33
68,multi_regime,S19,SNPR,761.5,1088,-58
68,multi_regime,Z20,ZIP,6032.0,3792,-104
68,multi_regime,Z21,ZIP,7181.75,3721,-85
68,multi_regime,Z22,ZIP,8583.75,3785,-157
68,multi_regime,Z23,ZIP,5281.75,3915,35
68,multi_regime,Z24,ZIP,8155.0,3722,-160
68,multi_regime,P25,PRSH,-685.75,1507,521
68,multi_regime,P26,PRSH,-913.0,1168,520
68,multi_regime,P27,PRSH,-903.0,3050,608
68,multi_regime,P28,PRSH,1370.25,471,377
68,multi_regime,P29,PRSH,-277.25,1091,447
69,multi_regime,G00,GVWY,-11576.7,5840,-462
69,multi_regime,G01,GVWY,-14100.0,5868,-560
69,multi_regime,G02,GVWY,-11077.35,5839,-411
69,multi_regime,G03,GVWY,-8206.7,5868,-282
69,multi_regime,G04,GVWY,-10201.6,5844,-396
69,multi_regime,Z05,ZIC,6045.95,645,327
69,multi_regime,Z06,ZIC,5480.2,676,292
69,multi_regime,Z07,ZIC,5112.75,671,275
69,multi_regime,Z08,ZIC,6055.25,735,305
69,multi_regime,Z09,ZIC,6207.85,651,301
69,multi_regime,S10,SHVR,-6981.3,4972,-258
69,multi_regime,S11,SHVR,-5684.95,5027,-227
69,multi_regime,S12,SHVR,-5428.1,5016,-186
69,multi_regime,S13,SHVR,-7784.7,4910,-182
69,multi_regime,S14,SHVR,-7849.6,4950,-216
69,multi_regime,S15,SNPR,-1507.3,1126,2
69,multi_regime,S16,SNPR,-2983.8,1144,-68
69,multi_regime,S17,SNPR,-327.65,1131,11
69,multi_regime,S18,SNPR,-513.3,1156,-58
69,multi_regime,S19,SNPR,-1134.2,1122,-72
69,multi_regime,Z20,ZIP,3986.45,3875,-123
69,multi_regime,Z21,ZIP,6680.25,3701,-135
69,multi_regime,Z22,ZIP,6153.05,3843,-7
69,multi_regime,Z23,ZIP,3973.15,3913,-261
69,multi_regime,Z24,ZIP,3969.2,3860,12
69,multi_regime,P25,PRSH,8198.35,509,391
69,multi_regime,P26,PRSH,11825.0,2680,720
69,multi_regime,P27,PRSH,8881.2,1406,512
69,multi_regime,P28,PRSH,6213.1,642,286
69,multi_regime,P29,PRSH,7544.2,924,392
70,multi_regime,G00,GVWY,-21809.7,5870,-574
70,multi_regime,G01,GVWY,-13206.65,5891,-303
70,multi_regime,G02,GVWY,-13389.05,5873,-391
70,multi_regime,G03,GVWY,-16473.3,5912,-446
70,multi_regime,G04,GVWY,-11596.3,5862,-386
70,multi_regime,Z05,ZIC,6150.6,626,212
70,multi_regime,Z06,ZIC,7039.45,639,259
70,multi_regime,Z07,ZIC,8850.85,619,307
70,multi_regime,Z08,ZIC,7676.0,640,280
70,multi_regime,Z09,ZIC,8183.2,682,264
70,multi_regime,S10,SHVR,-6986.2,5014,-164
70,multi_regime,S11,SHVR,-3695.9,5008,82
70,multi_regime,S12,SHVR,-6308.25,4963,-175
70,multi_regime,S13,SHVR,-13070.6,5028,-332
70,multi_regime,S14,SHVR,-12027.0,4978,-140
70,multi_regime,S15,SNPR,495.25,1097,15
70,multi_regime,S16,SNPR,-1688.8,1100,-16
70,multi_regime,S17,SNPR,-2232.85,1115,-87
70,multi_regime,S18,SNPR,-3972.1,1104,-122
70,multi_regime,S19,SNPR,-2501.3,1102,-46
70,multi_regime,Z20,ZIP,6180.05,3965,-109
70,multi_regime,Z21,ZIP,4425.35,4053,-103
70,multi_regime,Z22,ZIP,6371.85,3625,-133
70,multi_regime,Z23,ZIP,7668.65,3741,-37
70,multi_regime,Z24,ZIP,8948.05,3901,51
70,multi_regime,P25,PRSH,11602.3,912,426
70,multi_regime,P26,PRSH,16655.8,1548,576
70,multi_regime,P27,PRSH,8597.9,712,338
70,multi_regime,P28,PRSH,12090.25,471,395
70,multi_regime,P29,PRSH,7273.55,361,241
71,multi_regime,G00,GVWY,-5682.9,5952,-466
71,multi_regime,G01,GVWY,-5938.45,5971,-353
71,multi_regime,G02,GVWY,-7108.3,5946,-442
71,multi_regime,G03,GVWY,-8742.1,5932,-374
71,multi_regime,G04,GVWY,-6155.1,5954,-514
71,multi_regime,Z05,ZIC,2202.5,640,290
71,multi_regime,Z06,ZIC,1687.6,644,264
71,multi_regime,Z07,ZIC,1614.65,659,301
71,multi_regime,Z08,ZIC,2465.9,630,286
71,multi_regime,Z09,ZIC,2207.15,695,331
71,multi_regime,S10,SHVR,-5555.0,5118,-180
71,multi_regime,S11,SHVR,-1288.25,5093,-265
71,multi_regime,S12,SHVR,-5906.6,5136,-84
71,multi_regime,S13,SHVR,-1822.4,5168,-136
71,multi_regime,S14,SHVR,-5301.95,5095,-63
71,multi_regime,S15,SNPR,-727.45,1141,27
71,multi_regime,S16,SNPR,-1543.25,1127,-125
71,multi_regime,S17,SNPR,177.5,1098,-90
71,multi_regime,S18,SNPR,-1235.65,1143,-21
71,multi_regime,S19,SNPR,-1086.7,1148,2
71,multi_regime,Z20,ZIP,6923.95,3987,-197
71,multi_regime,Z21,ZIP,6347.4,3694,36
71,multi_regime,Z22,ZIP,6931.2,3822,-72
71,multi_regime,Z23,ZIP,6107.15,3819,-109
71,multi_regime,Z24,ZIP,7928.65,3847,-139
71,multi_regime,P25,PRSH,3259.05,3909,437
71,multi_regime,P26,PRSH,6262.15,3591,571
71,multi_regime,P27,PRSH,2758.05,401,317
71,multi_regime,P28,PRSH,1847.7,364,278
71,multi_regime,P29,PRSH,2259.1,408,274
72,multi_regime,G00,GVWY,-2624.2,5941,-383
72,multi_regime,G01,GVWY,-1680.2,5942,-658
72,multi_regime,G02,GVWY,-6461.0,5935,-415
72,multi_regime,G03,GVWY,-1973.4,5922,-436
72,multi_regime,G04,GVWY,-4450.0,5907,-375
72,multi_regime,Z05,ZIC,2.6,646,274
72,multi_regime,Z06,ZIC,-597.2,652,322
72,multi_regime,Z07,ZIC,716.2,666,308
72,multi_regime,Z08,ZIC,418.8,660,292
72,multi_regime,Z09,ZIC,383.2,690,278
72,multi_regime,S10,SHVR,-1749.2,5015,-223
72,multi_regime,S11,SHVR,-4012.8,5054,-92
72,multi_regime,S12,SHVR,-4300.8,5099,-197
72,multi_regime,S13,SHVR,-4974.8,5090,-192
72,multi_regime,S14,SHVR,-2651.2,5075,-243
72,multi_regime,S15,SNPR,587.8,1096,-108
72,multi_regime,S16,SNPR,-2158.6,1117,11
72,multi_regime,S17,SNPR,-650.2,1127,-83
72,multi_regime,S18,SNPR,-1285.2,1128,-8
72,multi_regime,S19,SNPR,-847.6,1113,21
72,multi_regime,Z20,ZIP,6139.0,3723,-25
72,multi_regime,Z21,ZIP,7554.0,3763,-115
72,multi_regime,Z22,ZIP,7523.6,3809,-21
72,multi_regime,Z23,ZIP,9789.0,4097,-105
72,multi_regime,Z24,ZIP,6011.6,3752,-66
72,multi_regime,P25,PRSH,1051.0,1976,710
72,multi_regime,P26,PRSH,-610.0,4919,145
72,multi_regime,P27,PRSH,688.2,1168,488
72,multi_regime,P28,PRSH,1508.4,511,391
72,multi_regime,P29,PRSH,2035.2,499,403
73,multi_regime,G00,GVWY,-19097.0,5886,-530
73,multi_regime,G01,GVWY,-15290.2,5898,-506
73,multi_regime,G02,GVWY,-18670.0,5885,-655
73,multi_regime,G03,GVWY,-20005.8,5831,-499
73,multi_regime,G04,GVWY,-15934.8,5875,-629
73,multi_regime,Z05,ZIC,6316.4,633,227
73,multi_regime,Z06,ZIC,5627.4,593,227
73,multi_regime,Z07,ZIC,8952.8,650,334
73,multi_regime,Z08,ZIC,6961.4,597,217
73,multi_regime,Z09,ZIC,6522.2,626,266
73,multi_regime,S10,SHVR,-8807.6,5034,-148
73,multi_regime,S11,SHVR,-9127.2,4973,-361
73,multi_regime,S12,SHVR,-4482.8,4933,-89
73,multi_regime,S13,SHVR,-4074.2,4949,-81
73,multi_regime,S14,SHVR,-6742.4,4916,-132
73,multi_regime,S15,SNPR,735.0,1089,55
73,multi_regime,S16,SNPR,-1779.0,1108,-90
73,multi_regime,S17,SNPR,-2690.0,1105,-105
73,multi_regime,S18,SNPR,-2072.6,1134,-58
73,multi_regime,S19,SNPR,-492.4,1112,-62
73,multi_regime,Z20,ZIP,3409.6,3883,-57
73,multi_regime,Z21,ZIP,4676.4,3684,92
73,multi_regime,Z22,ZIP,5249.6,3703,-87
73,multi_regime,Z23,ZIP,4896.6,3882,-12
73,multi_regime,Z24,ZIP,4375.0,3795,-125
73,multi_regime,P25,PRSH,15096.4,660,552
73,multi_regime,P26,PRSH,22441.6,1160,848
73,multi_regime,P27,PRSH,10063.6,855,343
73,multi_regime,P28,PRSH,8461.4,761,357
73,multi_regime,P29,PRSH,14656.2,1189,561
74,multi_regime,G00,GVWY,-1913.0,5904,-440
74,multi_regime,G01,GVWY,-1490.0,5946,-520
74,multi_regime,G02,GVWY,-3345.0,5946,-570
74,multi_regime,G03,GVWY,-3967.1,5835,-421
74,multi_regime,G04,GVWY,-3676.6,5852,-396
74,multi_regime,Z05,ZIC,310.3,659,293
74,multi_regime,Z06,ZIC,581.8,662,298
74,multi_regime,Z07,ZIC,-657.3,635,287
74,multi_regime,Z08,ZIC,-1037.4,638,296
74,multi_regime,Z09,ZIC,-1347.6,630,284
74,multi_regime,S10,SHVR,-1531.4,5018,-224
74,multi_regime,S11,SHVR,-5099.4,5026,-154
74,multi_regime,S12,SHVR,-4552.0,4982,-240
74,multi_regime,S13,SHVR,-2777.8,5118,-198
74,multi_regime,S14,SHVR,-4446.0,5050,-280
74,multi_regime,S15,SNPR,-457.8,1082,-48
74,multi_regime,S16,SNPR,2160.0,1100,-90
74,multi_regime,S17,SNPR,-905.3,1091,-13
74,multi_regime,S18,SNPR,123.4,1098,-76
74,multi_regime,S19,SNPR,-322.9,1095,-39
74,multi_regime,Z20,ZIP,5576.2,3860,-18
74,multi_regime,Z21,ZIP,7929.6,3850,-84
74,multi_regime,Z22,ZIP,9625.4,3880,-86
74,multi_regime,Z23,ZIP,6536.4,3746,-16
74,multi_regime,Z24,ZIP,7686.3,3941,-107
74,multi_regime,P25,PRSH,247.0,1820,660
74,multi_regime,P26,PRSH,-584.1,703,329
74,multi_regime,P27,PRSH,-60.8,1264,492
74,multi_regime,P28,PRSH,390.4,580,454
74,multi_regime,P29,PRSH,967.7,569,477
75,multi_regime,G00,GVWY,-8465.8,5900,-492
75,multi_regime,G01,GVWY,-8688.9,5932,-506
75,multi_regime,G02,GVWY,-8720.4,5828,-396
75,multi_regime,G03,GVWY,-11703.0,5910,-360
75,multi_regime,G04,GVWY,-10650.3,5990,-242
75,multi_regime,Z05,ZIC,3546.2,668,288
75,multi_regime,Z06,ZIC,4103.65,641,271
75,multi_regime,Z07,ZIC,3877.95,639,333
75,multi_regime,Z08,ZIC,3013.85,701,319
75,multi_regime,Z09,ZIC,2920.05,629,267
75,multi_regime,S10,SHVR,-6726.95,4981,-113
75,multi_regime,S11,SHVR,-6768.3,5032,-222
75,multi_regime,S12,SHVR,-3488.15,5071,-41
75,multi_regime,S13,SHVR,-4204.8,4982,-172
75,multi_regime,S14,SHVR,-6768.65,5021,-91
75,multi_regime,S15,SNPR,202.85,1109,-81
75,multi_regime,S16,SNPR,-1801.95,1089,-13
75,multi_regime,S17,SNPR,-447.45,1125,-43
75,multi_regime,S18,SNPR,-1045.2,1082,-48
75,multi_regime,S19,SNPR,-538.8,1126,-92
75,multi_regime,Z20,ZIP,5655.6,3760,-136
75,multi_regime,Z21,ZIP,8827.45,3987,-277
75,multi_regime,Z22,ZIP,9213.45,3885,-57
75,multi_regime,Z23,ZIP,6018.2,3990,-252
75,multi_regime,Z24,ZIP,7244.6,4152,-316
75,multi_regime,P25,PRSH,3751.95,421,313
75,multi_regime,P26,PRSH,5115.45,1073,503
75,multi_regime,P27,PRSH,8820.35,871,729
75,multi_regime,P28,PRSH,3253.05,353,247
75,multi_regime,P29,PRSH,6487.1,630,514
76,multi_regime,G00,GVWY,-7036.5,5865,-295
76,multi_regime,G01,GVWY,-2607.2,5938,-444
76,multi_regime,G02,GVWY,-7678.4,5954,-288
76,multi_regime,G03,GVWY,-4895.6,5936,-462
76,multi_regime,G04,GVWY,-2556.7,5953,-539
76,multi_regime,Z05,ZIC,2082.6,702,282
76,multi_regime,Z06,ZIC,1015.4,638,258
76,multi_regime,Z07,ZIC,92.5,609,325
76,multi_regime,Z08,ZIC,1310.5,625,275
76,multi_regime,Z09,ZIC,740.5,647,255
76,multi_regime,S10,SHVR,-5634.8,5066,-126
76,multi_regime,S11,SHVR,-4795.8,5082,-156
76,multi_regime,S12,SHVR,-3644.8,5098,-176
76,multi_regime,S13,SHVR,-3352.8,5170,-116
76,multi_regime,S14,SHVR,-4664.4,5010,-118
76,multi_regime,S15,SNPR,-172.0,1124,-100
76,multi_regime,S16,SNPR,-1116.6,1150,38
76,multi_regime,S17,SNPR,-199.1,1131,-37
76,multi_regime,S18,SNPR,294.9,1155,-97
76,multi_regime,S19,SNPR,-2322.4,1148,2
76,multi_regime,Z20,ZIP,9817.4,4058,-272
76,multi_regime,Z21,ZIP,5503.1,3893,-143
76,multi_regime,Z22,ZIP,7752.0,3760,-70
76,multi_regime,Z23,ZIP,7058.5,3901,-55
76,multi_regime,Z24,ZIP,7895.8,4012,-54
76,multi_regime,P25,PRSH,3050.8,572,426
76,multi_regime,P26,PRSH,2724.5,4317,235
76,multi_regime,P27,PRSH,-447.0,2350,670
76,multi_regime,P28,PRSH,2574.4,518,418
76,multi_regime,P29,PRSH,1493.0,490,300
77,multi_regime,G00,GVWY,-9298.0,5900,-380
77,multi_regime,G01,GVWY,-6301.8,5938,-592
77,multi_regime,G02,GVWY,-7907.6,5947,-339
77,multi_regime,G03,GVWY,-10567.2,5895,-383
77,multi_regime,G04,GVWY,-11195.0,5935,-575
77,multi_regime,Z05,ZIC,4483.2,680,298
77,multi_regime,Z06,ZIC,3886.4,662,286
77,multi_regime,Z07,ZIC,4804.2,641,303
77,multi_regime,Z08,ZIC,3987.6,714,334
77,multi_regime,Z09,ZIC,3885.0,586,240
77,multi_regime,S10,SHVR,-4635.4,5045,-171
77,multi_regime,S11,SHVR,-2384.4,5110,-146
77,multi_regime,S12,SHVR,-8783.8,5087,-297
77,multi_regime,S13,SHVR,-3943.2,5097,-243
77,multi_regime,S14,SHVR,-7478.0,5104,-230
77,multi_regime,S15,SNPR,-830.2,1100,32
77,multi_regime,S16,SNPR,-2114.2,1107,-63
77,multi_regime,S17,SNPR,-1133.6,1103,-119
77,multi_regime,S18,SNPR,-1146.8,1073,-67
77,multi_regime,S19,SNPR,-810.2,1159,-23
77,multi_regime,Z20,ZIP,2678.4,3966,-64
77,multi_regime,Z21,ZIP,3358.6,3778,-166
77,multi_regime,Z22,ZIP,6033.4,3900,-84
77,multi_regime,Z23,ZIP,8860.6,3904,-86
77,multi_regime,Z24,ZIP,4701.0,3959,-65
77,multi_regime,P25,PRSH,7984.2,3300,718
77,multi_regime,P26,PRSH,3833.4,679,291
77,multi_regime,P27,PRSH,7281.8,1289,467
77,multi_regime,P28,PRSH,3554.4,404,256
77,multi_regime,P29,PRSH,10483.2,2803,753
78,multi_regime,G00,GVWY,-8598.6,5958,-494
78,multi_regime,G01,GVWY,-13940.2,5818,-418
78,multi_regime,G02,GVWY,-12593.2,5852,-388
78,multi_regime,G03,GVWY,-11642.8,5936,-652
78,multi_regime,G04,GVWY,-12367.0,5914,-400
78,multi_regime,Z05,ZIC,4839.8,686,262
78,multi_regime,Z06,ZIC,4268.8,634,262
78,multi_regime,Z07,ZIC,4028.0,636,270
78,multi_regime,Z08,ZIC,3145.2,612,198
78,multi_regime,Z09,ZIC,4635.2,598,258
78,multi_regime,S10,SHVR,-4669.5,5061,-245
78,multi_regime,S11,SHVR,-6763.8,4974,-342
78,multi_regime,S12,SHVR,-7865.4,4944,-36
78,multi_regime,S13,SHVR,-4284.2,5032,-288
78,multi_regime,S14,SHVR,-6784.7,5035,-233
78,multi_regime,S15,SNPR,-456.8,1132,-42
78,multi_regime,S16,SNPR,28.5,1111,-25
78,multi_regime,S17,SNPR,-2220.3,1131,-107
78,multi_regime,S18,SNPR,-1089.8,1092,-2
78,multi_regime,S19,SNPR,-2821.0,1118,-110
78,multi_regime,Z20,ZIP,6620.4,3770,-74
78,multi_regime,Z21,ZIP,6407.9,3871,21
78,multi_regime,Z22,ZIP,5145.8,3834,-48
78,multi_regime,Z23,ZIP,3343.7,3993,-197
78,multi_regime,Z24,ZIP,3646.2,3842,-92
78,multi_regime,P25,PRSH,11045.3,2127,537
78,multi_regime,P26,PRSH,8382.1,1183,389
78,multi_regime,P27,PRSH,14479.7,1269,853
78,multi_regime,P28,PRSH,7303.2,926,378
78,multi_regime,P29,PRSH,10291.1,1959,679
79,multi_regime,G00,GVWY,2115.1,5938,-618
79,multi_regime,G01,GVWY,-1037.8,5960,-436
79,multi_regime,G02,GVWY,-4130.45,5901,-409
79,multi_regime,G03,GVWY,35.0,5972,-420
79,multi_regime,G04,GVWY,-1364.9,5942,-438
79,multi_regime,Z05,ZIC,-881.65,613,307
79,multi_regime,Z06,ZIC,-1128.85,605,223
79,multi_regime,Z07,ZIC,-1746.35,703,333
79,multi_regime,Z08,ZIC,-1389.4,606,252
79,multi_regime,Z09,ZIC,-1659.35,619,293
79,multi_regime,S10,SHVR,-1833.55,5083,-131
79,multi_regime,S11,SHVR,-3461.5,5160,-270
79,multi_regime,S12,SHVR,-2999.85,5119,-197
79,multi_regime,S13,SHVR,-5964.85,5127,43
79,multi_regime,S14,SHVR,-1623.65,5177,-193
79,multi_regime,S15,SNPR,-237.65,1159,-53
79,multi_regime,S16,SNPR,-152.75,1145,-35
79,multi_regime,S17,SNPR,-1086.45,1163,-49
79,multi_regime,S18,SNPR,-236.2,1132,-84
79,multi_regime,S19,SNPR,391.65,1143,-47
79,multi_regime,Z20,ZIP,12163.6,4144,-448
79,multi_regime,Z21,ZIP,7045.7,3902,-26
79,multi_regime,Z22,ZIP,8511.15,3847,-17
79,multi_regime,Z23,ZIP,3213.95,3831,119
79,multi_regime,Z24,ZIP,6649.8,3884,16
79,multi_regime,P25,PRSH,330.1,4516,442
79,multi_regime,P26,PRSH,-3439.05,2867,759
79,multi_regime,P27,PRSH,-1110.05,391,279
79,multi_regime,P28,PRSH,-48.0,492,380
79,multi_regime,P29,PRSH,-1891.15,639,337
80,multi_regime,G00,GVWY,3887.7,5882,-538
80,multi_regime,G01,GVWY,-1622.15,5851,-419
80,multi_regime,G02,GVWY,4171.5,5874,-650
80,multi_regime,G03,GVWY,983.0,5904,-500
80,multi_regime,G04,GVWY,117.9,5862,-406
80,multi_regime,Z05,ZIC,-3678.1,668,314
80,multi_regime,Z06,ZIC,-1585.9,646,306
80,multi_regime,Z07,ZIC,-742.95,607,193
80,multi_regime,Z08,ZIC,-603.15,661,241
80,multi_regime,Z09,ZIC,-968.65,699,231
80,multi_regime,S10,SHVR,275.05,5087,-187
80,multi_regime,S11,SHVR,-178.55,5059,-163
80,multi_regime,S12,SHVR,-165.9,5020,-294
80,multi_regime,S13,SHVR,-3931.0,5090,-120
80,multi_regime,S14,SHVR,-6696.05,5033,-93
80,multi_regime,S15,SNPR,-1787.9,1152,-14
80,multi_regime,S16,SNPR,-975.05,1115,-53
80,multi_regime,S17,SNPR,-2596.75,1123,5
80,multi_regime,S18,SNPR,-113.85,1123,-41
80,multi_regime,S19,SNPR,-465.6,1112,-16
80,multi_regime,Z20,ZIP,9763.15,3917,-221
80,multi_regime,Z21,ZIP,6278.65,4029,-51
80,multi_regime,Z22,ZIP,7403.65,3803,9
80,multi_regime,Z23,ZIP,7610.05,4031,-167
80,multi_regime,Z24,ZIP,5448.8,3772,48
80,multi_regime,P25,PRSH,-3237.0,1136,460
80,multi_regime,P26,PRSH,-2923.5,2806,630
80,multi_regime,P27,PRSH,-2981.7,824,378
80,multi_regime,P28,PRSH,-1532.6,522,384
80,multi_regime,P29,PRSH,-4353.8,2652,632
81,multi_regime,G00,GVWY,8817.95,5837,-561
81,multi_regime,G01,GVWY,6273.6,5896,-588
81,multi_regime,G02,GVWY,2189.6,5820,-368
81,multi_regime,G03,GVWY,-284.95,5799,-319
81,multi_regime,G04,GVWY,2679.45,5889,-371
81,multi_regime,Z05,ZIC,-5890.95,625,281
81,multi_regime,Z06,ZIC,-6529.95,693,321
81,multi_regime,Z07,ZIC,-5372.9,674,282
81,multi_regime,Z08,ZIC,-4725.55,667,289
81,multi_regime,Z09,ZIC,-5430.5,574,270
81,multi_regime,S10,SHVR,-1401.7,4998,-114
81,multi_regime,S11,SHVR,740.45,4921,-111
81,multi_regime,S12,SHVR,-563.1,4920,-102
81,multi_regime,S13,SHVR,-1398.35,4953,-147
81,multi_regime,S14,SHVR,-2578.3,4938,-106
81,multi_regime,S15,SNPR,-2438.55,1087,49
81,multi_regime,S16,SNPR,3286.0,1102,-100
81,multi_regime,S17,SNPR,1032.45,1095,-71
81,multi_regime,S18,SNPR,1575.7,1104,-46
81,multi_regime,S19,SNPR,2690.5,1096,-90
81,multi_regime,Z20,ZIP,16883.2,4036,-336
81,multi_regime,Z21,ZIP,7455.1,3884,2
81,multi_regime,Z22,ZIP,9615.1,3910,-98
81,multi_regime,Z23,ZIP,10675.85,3719,-103
81,multi_regime,Z24,ZIP,6698.2,3824,-56
81,multi_regime,P25,PRSH,-6253.45,447,331
81,multi_regime,P26,PRSH,-4419.5,532,270
81,multi_regime,P27,PRSH,-6096.95,561,301
81,multi_regime,P28,PRSH,-12547.4,2724,672
81,multi_regime,P29,PRSH,-7710.0,504,440
82,multi_regime,G00,GVWY,-8663.55,5907,-473
82,multi_regime,G01,GVWY,-5130.3,5902,-638
82,multi_regime,G02,GVWY,-4561.0,5874,-480
82,multi_regime,G03,GVWY,-4135.7,5886,-462
82,multi_regime,G04,GVWY,-4496.25,5887,-415
82,multi_regime,Z05,ZIC,1092.6,598,236
82,multi_regime,Z06,ZIC,726.0,622,280
82,multi_regime,Z07,ZIC,1584.8,638,268
82,multi_regime,Z08,ZIC,454.4,670,244
82,multi_regime,Z09,ZIC,1103.45,651,287
82,multi_regime,S10,SHVR,-1319.85,5019,-131
82,multi_regime,S11,SHVR,-5263.8,5050,-8
82,multi_regime,S12,SHVR,-972.55,5069,-413
82,multi_regime,S13,SHVR,-2817.35,5013,-161
82,multi_regime,S14,SHVR,-1939.35,4961,-61
82,multi_regime,S15,SNPR,-1524.7,1136,-42
82,multi_regime,S16,SNPR,-742.0,1098,-80
82,multi_regime,S17,SNPR,-1139.5,1126,-70
82,multi_regime,S18,SNPR,307.25,1113,-65
82,multi_regime,S19,SNPR,-941.8,1100,-28
82,multi_regime,Z20,ZIP,10172.45,3835,-53
82,multi_regime,Z21,ZIP,5858.6,3770,76
82,multi_regime,Z22,ZIP,8561.45,3801,-73
82,multi_regime,Z23,ZIP,5748.05,3657,-77
82,multi_regime,Z24,ZIP,6661.55,3985,-47
82,multi_regime,P25,PRSH,1604.75,1689,565
82,multi_regime,P26,PRSH,367.3,1670,538
82,multi_regime,P27,PRSH,1051.05,1065,423
82,multi_regime,P28,PRSH,464.4,738,324
82,multi_regime,P29,PRSH,1050.65,1009,399
83,multi_regime,G00,GVWY,-6010.0,5832,-648
83,multi_regime,G01,GVWY,-5965.0,5918,-570
83,multi_regime,G02,GVWY,-6019.0,5862,-450
83,multi_regime,G03,GVWY,-7742.0,5909,-445
83,multi_regime,G04,GVWY,-7295.0,5912,-474
83,multi_regime,Z05,ZIC,2738.0,651,273
83,multi_regime,Z06,ZIC,2718.0,659,265
83,multi_regime,Z07,ZIC,3624.0,636,260
83,multi_regime,Z08,ZIC,2728.0,626,240
83,multi_regime,Z09,ZIC,2983.0,624,246
83,multi_regime,S10,SHVR,-4882.0,4973,-275
83,multi_regime,S11,SHVR,-3253.0,4920,-160
83,multi_regime,S12,SHVR,-5637.0,5017,-211
83,multi_regime,S13,SHVR,-3667.0,4961,-95
83,multi_regime,S14,SHVR,-5695.0,4929,-263
83,multi_regime,S15,SNPR,-800.0,1111,-89
83,multi_regime,S16,SNPR,-692.0,1071,9
83,multi_regime,S17,SNPR,-501.0,1112,-44
83,multi_regime,S18,SNPR,-466.0,1080,-8
83,multi_regime,S19,SNPR,-1111.0,1124,-78
83,multi_regime,Z20,ZIP,3543.0,3716,-64
83,multi_regime,Z21,ZIP,4011.0,3817,-11
83,multi_regime,Z22,ZIP,4540.0,3954,-42
83,multi_regime,Z23,ZIP,6321.0,3734,32
83,multi_regime,Z24,ZIP,5615.0,3959,-69
83,multi_regime,P25,PRSH,2634.0,659,255
83,multi_regime,P26,PRSH,8064.0,2169,789
83,multi_regime,P27,PRSH,3589.0,1178,502
83,multi_regime,P28,PRSH,2335.0,840,370
83,multi_regime,P29,PRSH,6639.0,686,574
84,multi_regime,G00,GVWY,-3177.8,5906,-428
84,multi_regime,G01,GVWY,-3717.0,5936,-540
84,multi_regime,G02,GVWY,-7370.65,5945,-229
84,multi_regime,G03,GVWY,-5577.65,5907,-489
84,multi_regime,G04,GVWY,-5778.45,5889,-357
84,multi_regime,Z05,ZIC,-268.7,668,318
84,multi_regime,Z06,ZIC,956.7,630,262
84,multi_regime,Z07,ZIC,1132.45,679,337
84,multi_regime,Z08,ZIC,582.05,681,313
84,multi_regime,Z09,ZIC,649.95,629,247
84,multi_regime,S10,SHVR,-6795.85,5107,-41
84,multi_regime,S11,SHVR,-3725.2,5030,-212
84,multi_regime,S12,SHVR,-2894.9,5142,-274
84,multi_regime,S13,SHVR,-2025.25,5081,-185
84,multi_regime,S14,SHVR,-2292.25,5071,-345
84,multi_regime,S15,SNPR,-932.7,1130,18
84,multi_regime,S16,SNPR,-1777.95,1125,-47
84,multi_regime,S17,SNPR,-67.9,1138,-114
84,multi_regime,S18,SNPR,-222.0,1106,20
84,multi_regime,S19,SNPR,-1379.05,1129,-13
84,multi_regime,Z20,ZIP,7058.95,3795,-133
84,multi_regime,Z21,ZIP,6304.05,4027,-87
84,multi_regime,Z22,ZIP,8988.6,3802,-144
84,multi_regime,Z23,ZIP,9754.2,4068,-428
84,multi_regime,Z24,ZIP,7997.55,3843,-37
84,multi_regime,P25,PRSH,154.15,3947,159
84,multi_regime,P26,PRSH,2559.5,1020,790
84,multi_regime,P27,PRSH,1308.1,2760,726
84,multi_regime,P28,PRSH,1238.7,1088,422
84,multi_regime,P29,PRSH,2000.55,967,383
85,multi_regime,G00,GVWY,-8325.2,5916,-378
85,multi_regime,G01,GVWY,-6345.1,5861,-589
85,multi_regime,G02,GVWY,-9075.3,5939,-307
85,multi_regime,G03,GVWY,-8240.8,5896,-562
85,multi_regime,G04,GVWY,-7324.3,5903,-537
85,multi_regime,Z05,ZIC,2695.4,600,296
85,multi_regime,Z06,ZIC,2935.7,605,273
85,multi_regime,Z07,ZIC,2715.7,633,303
85,multi_regime,Z08,ZIC,2910.5,635,265
85,multi_regime,Z09,ZIC,3341.0,600,240
85,multi_regime,S10,SHVR,-4291.0,5006,-50
85,multi_regime,S11,SHVR,-7983.3,5015,-277
85,multi_regime,S12,SHVR,-6754.5,5039,-235
85,multi_regime,S13,SHVR,-2148.2,5002,-128
85,multi_regime,S14,SHVR,-5549.3,5039,-127
85,multi_regime,S15,SNPR,-779.2,1106,12
85,multi_regime,S16,SNPR,-1199.1,1119,-29
85,multi_regime,S17,SNPR,-626.3,1117,-27
85,multi_regime,S18,SNPR,-2019.7,1107,-63
85,multi_regime,S19,SNPR,-808.2,1104,-48
85,multi_regime,Z20,ZIP,8479.8,4006,-98
85,multi_regime,Z21,ZIP,7025.0,3572,50
85,multi_regime,Z22,ZIP,7193.1,3681,-1
85,multi_regime,Z23,ZIP,5752.0,3992,-280
85,multi_regime,Z24,ZIP,9147.9,3677,-49
85,multi_regime,P25,PRSH,6110.8,1502,632
85,multi_regime,P26,PRSH,4018.4,1162,446
85,multi_regime,P27,PRSH,4011.4,964,426
85,multi_regime,P28,PRSH,4098.8,814,392
85,multi_regime,P29,PRSH,3143.8,724,282
86,multi_regime,G00,GVWY,-18694.5,5984,-490
86,multi_regime,G01,GVWY,-17477.3,5870,-322
86,multi_regime,G02,GVWY,-22566.35,5913,-509
86,multi_regime,G03,GVWY,-15972.0,5938,-300
86,multi_regime,G04,GVWY,-20346.55,5881,-557
86,multi_regime,Z05,ZIC,9766.45,645,283
86,multi_regime,Z06,ZIC,9695.45,645,303
86,multi_regime,Z07,ZIC,7959.7,642,238
86,multi_regime,Z08,ZIC,11011.55,685,277
86,multi_regime,Z09,ZIC,10809.45,687,303
86,multi_regime,S10,SHVR,-8789.4,5006,-216
86,multi_regime,S11,SHVR,-10470.85,5029,-219
86,multi_regime,S12,SHVR,-12445.6,5038,-224
86,multi_regime,S13,SHVR,-8128.2,4990,-188
86,multi_regime,S14,SHVR,-1206.5,5016,-30
86,multi_regime,S15,SNPR,-4714.55,1107,-137
86,multi_regime,S16,SNPR,-2696.35,1123,-69
86,multi_regime,S17,SNPR,-2837.35,1105,-89
86,multi_regime,S18,SNPR,-355.4,1104,4
86,multi_regime,S19,SNPR,-3738.5,1122,-90
86,multi_regime,Z20,ZIP,2811.65,3697,-149
86,multi_regime,Z21,ZIP,3179.2,3778,-52
86,multi_regime,Z22,ZIP,3800.95,3859,-27
86,multi_regime,Z23,ZIP,4726.85,3729,-41
86,multi_regime,Z24,ZIP,77.6,4096,-236
86,multi_regime,P25,PRSH,10577.15,681,281
86,multi_regime,P26,PRSH,18749.25,1429,515
86,multi_regime,P27,PRSH,13724.65,955,431
86,multi_regime,P28,PRSH,28577.45,1211,823
86,multi_regime,P29,PRSH,13289.05,3781,347
87,multi_regime,G00,GVWY,-9318.95,5843,-393
87,multi_regime,G01,GVWY,-12826.2,5938,-488
87,multi_regime,G02,GVWY,-12915.65,5891,-431
87,multi_regime,G03,GVWY,-10656.35,5919,-409
87,multi_regime,G04,GVWY,-9003.3,5882,-502
87,multi_regime,Z05,ZIC,5341.95,703,293
87,multi_regime,Z06,ZIC,4941.55,663,237
87,multi_regime,Z07,ZIC,4763.8,660,252
87,multi_regime,Z08,ZIC,4728.35,643,269
87,multi_regime,Z09,ZIC,5256.75,685,305
87,multi_regime,S10,SHVR,-6892.45,4971,-323
87,multi_regime,S11,SHVR,-10848.9,5008,-266
87,multi_regime,S12,SHVR,-5791.5,4886,-210
87,multi_regime,S13,SHVR,-5104.5,4974,-50
87,multi_regime,S14,SHVR,-6797.8,4968,-192
87,multi_regime,S15,SNPR,-93.15,1109,-41
87,multi_regime,S16,SNPR,-915.15,1109,-1
87,multi_regime,S17,SNPR,-1297.35,1091,-29
87,multi_regime,S18,SNPR,-658.95,1123,-73
87,multi_regime,S19,SNPR,-1827.1,1130,-54
87,multi_regime,Z20,ZIP,5194.05,3809,-173
87,multi_regime,Z21,ZIP,6564.3,3978,-38
87,multi_regime,Z22,ZIP,3950.15,3665,-99
87,multi_regime,Z23,ZIP,5502.6,3876,-76
87,multi_regime,Z24,ZIP,7857.2,3772,-32
87,multi_regime,P25,PRSH,15010.85,2083,819
87,multi_regime,P26,PRSH,5371.8,618,312
87,multi_regime,P27,PRSH,4858.0,652,260
87,multi_regime,P28,PRSH,11841.45,803,663
87,multi_regime,P29,PRSH,4573.9,414,306
88,multi_regime,G00,GVWY,-17369.75,5831,-425
88,multi_regime,G01,GVWY,-17692.85,5859,-559
88,multi_regime,G02,GVWY,-14578.65,5851,-511
88,multi_regime,G03,GVWY,-12677.95,5923,-253
88,multi_regime,G04,GVWY,-14924.95,5847,-393
88,multi_regime,Z05,ZIC,8584.35,663,309
88,multi_regime,Z06,ZIC,7132.8,664,252
88,multi_regime,Z07,ZIC,7220.8,694,252
88,multi_regime,Z08,ZIC,8930.15,647,281
88,multi_regime,Z09,ZIC,8440.85,645,279
88,multi_regime,S10,SHVR,-8394.8,5000,-132
88,multi_regime,S11,SHVR,-11323.1,5026,-314
88,multi_regime,S12,SHVR,-7165.3,4948,-122
88,multi_regime,S13,SHVR,-5624.1,5030,-54
88,multi_regime,S14,SHVR,-10593.85,5027,-359
88,multi_regime,S15,SNPR,-3174.2,1112,-68
88,multi_regime,S16,SNPR,-1722.0,1136,-40
88,multi_regime,S17,SNPR,-1377.2,1124,-48
88,multi_regime,S18,SNPR,-2287.85,1131,-79
88,multi_regime,S19,SNPR,-2984.05,1113,-87
88,multi_regime,Z20,ZIP,5154.65,3673,-109
88,multi_regime,Z21,ZIP,5618.55,3671,-123
88,multi_regime,Z22,ZIP,3338.05,3663,-113
88,multi_regime,Z23,ZIP,6611.1,3766,14
88,multi_regime,Z24,ZIP,4146.6,3920,-56
88,multi_regime,P25,PRSH,9168.55,427,337
88,multi_regime,P26,PRSH,9907.05,843,367
88,multi_regime,P27,PRSH,19330.1,3120,694
88,multi_regime,P28,PRSH,10695.45,441,343
88,multi_regime,P29,PRSH,16253.75,631,545
89,multi_regime,G00,GVWY,-6479.8,5840,-672
89,multi_regime,G01,GVWY,-9410.2,5846,-608
89,multi_regime,G02,GVWY,-8606.4,5951,-541
89,multi_regime,G03,GVWY,-7409.2,5833,-693
89,multi_regime,G04,GVWY,-8150.4,5895,-541
89,multi_regime,Z05,ZIC,3053.0,640,210
89,multi_regime,Z06,ZIC,3446.6,615,219
89,multi_regime,Z07,ZIC,2270.0,639,285
89,multi_regime,Z08,ZIC,3013.6,620,304
89,multi_regime,Z09,ZIC,3147.6,566,264
89,multi_regime,S10,SHVR,-1948.4,4995,-301
89,multi_regime,S11,SHVR,-3526.4,4835,-31
89,multi_regime,S12,SHVR,-7260.8,4934,-152
89,multi_regime,S13,SHVR,-5694.4,4941,-91
89,multi_regime,S14,SHVR,-5554.8,4904,-222
89,multi_regime,S15,SNPR,-2407.4,1148,-26
89,multi_regime,S16,SNPR,-892.8,1103,-17
89,multi_regime,S17,SNPR,-1654.6,1118,-24
89,multi_regime,S18,SNPR,-1512.4,1125,-11
89,multi_regime,S19,SNPR,114.8,1091,-13
89,multi_regime,Z20,ZIP,6129.0,3774,-30
89,multi_regime,Z21,ZIP,3856.6,3880,-56
89,multi_regime,Z22,ZIP,4861.0,3765,65
89,multi_regime,Z23,ZIP,6393.2,3730,-52
89,multi_regime,Z24,ZIP,3888.4,3611,-39
89,multi_regime,P25,PRSH,9831.0,1267,785
89,multi_regime,P26,PRSH,9624.2,1201,913
89,multi_regime,P27,PRSH,3346.0,412,260
89,multi_regime,P28,PRSH,5920.4,1144,396
89,multi_regime,P29,PRSH,3712.4,368,256
90,multi_regime,G00,GVWY,6438.8,5918,-552
90,multi_regime,G01,GVWY,9594.4,5930,-596
90,multi_regime,G02,GVWY,4816.8,5948,-552
90,multi_regime,G03,GVWY,-1733.4,5938,-224
90,multi_regime,G04,GVWY,445.7,5931,-443
90,multi_regime,Z05,ZIC,-5522.3,661,277
90,multi_regime,Z06,ZIC,-4117.5,609,265
90,multi_regime,Z07,ZIC,-3859.9,619,241
90,multi_regime,Z08,ZIC,-3362.6,662,244
90,multi_regime,Z09,ZIC,-5220.9,663,321
90,multi_regime,S10,SHVR,1985.6,5084,-234
90,multi_regime,S11,SHVR,-2409.3,5041,-33
90,multi_regime,S12,SHVR,2126.1,5095,-289
90,multi_regime,S13,SHVR,-1175.7,5115,-127
90,multi_regime,S14,SHVR,1811.0,5046,-100
90,multi_regime,S15,SNPR,1708.0,1106,-100
90,multi_regime,S16,SNPR,1822.1,1113,-79
90,multi_regime,S17,SNPR,285.5,1131,-45
90,multi_regime,S18,SNPR,161.4,1122,-56
90,multi_regime,S19,SNPR,1776.0,1164,-100
90,multi_regime,Z20,ZIP,8431.9,3851,-61
90,multi_regime,Z21,ZIP,6602.6,3698,-114
90,multi_regime,Z22,ZIP,9265.9,3945,-121
90,multi_regime,Z23,ZIP,10279.4,3816,-166
90,multi_regime,Z24,ZIP,8424.9,3763,-81
90,multi_regime,P25,PRSH,-7976.5,1559,515
90,multi_regime,P26,PRSH,-10748.2,2256,628
90,multi_regime,P27,PRSH,-12676.7,3297,573
90,multi_regime,P28,PRSH,-5711.1,515,439
90,multi_regime,P29,PRSH,-6992.0,1200,480
91,multi_regime,G00,GVWY,-6914.9,5889,-511
91,multi_regime,G01,GVWY,-5153.5,5923,-835
91,multi_regime,G02,GVWY,-4814.2,5838,-528
91,multi_regime,G03,GVWY,-10030.1,5913,-359
91,multi_regime,G04,GVWY,-3366.3,5937,-427
91,multi_regime,Z05,ZIC,1702.2,690,258
91,multi_regime,Z06,ZIC,2694.6,668,224
91,multi_regime,Z07,ZIC,2242.8,632,332
91,multi_regime,Z08,ZIC,1960.0,624,250
91,multi_regime,Z09,ZIC,1856.3,577,227
91,multi_regime,S10,SHVR,-4636.0,5010,-160
91,multi_regime,S11,SHVR,-3511.3,4951,-137
91,multi_regime,S12,SHVR,-2495.4,4954,4
91,multi_regime,S13,SHVR,-4482.2,4912,-108
91,multi_regime,S14,SHVR,-3471.1,5015,-49
91,multi_regime,S15,SNPR,-26.7,1127,-73
91,multi_regime,S16,SNPR,-960.6,1100,26
91,multi_regime,S17,SNPR,237.3,1123,-73
91,multi_regime,S18,SNPR,-979.4,1132,-16
91,multi_regime,S19,SNPR,165.0,1118,-60
91,multi_regime,Z20,ZIP,7455.4,3766,-104
91,multi_regime,Z21,ZIP,5746.9,3845,-119
91,multi_regime,Z22,ZIP,4648.9,3761,-99
91,multi_regime,Z23,ZIP,5542.8,3854,-68
91,multi_regime,Z24,ZIP,7764.8,3870,-148
91,multi_regime,P25,PRSH,2068.9,811,271
91,multi_regime,P26,PRSH,407.5,3427,595
91,multi_regime,P27,PRSH,1677.0,346,270
91,multi_regime,P28,PRSH,2063.7,873,333
91,multi_regime,P29,PRSH,5093.8,1586,1012
92,multi_regime,G00,GVWY,-9243.1,5898,-382
92,multi_regime,G01,GVWY,-8522.45,5841,-469
92,multi_regime,G02,GVWY,-12046.0,5836,-480
92,multi_regime,G03,GVWY,-9359.0,5870,-540
92,multi_regime,G04,GVWY,-6458.7,5888,-474
92,multi_regime,Z05,ZIC,3808.6,654,232
92,multi_regime,Z06,ZIC,4348.5,698,330
92,multi_regime,Z07,ZIC,3680.65,607,273
92,multi_regime,Z08,ZIC,3339.35,639,267
92,multi_regime,Z09,ZIC,3383.0,650,300
92,multi_regime,S10,SHVR,-5001.95,4983,-359
92,multi_regime,S11,SHVR,-6252.35,4951,-267
92,multi_regime,S12,SHVR,-4909.1,4930,-202
92,multi_regime,S13,SHVR,-2139.05,4987,-41
92,multi_regime,S14,SHVR,-4269.95,4955,-119
92,multi_regime,S15,SNPR,-724.4,1108,-88
92,multi_regime,S16,SNPR,-159.3,1134,-106
92,multi_regime,S17,SNPR,-1997.2,1128,-24
92,multi_regime,S18,SNPR,-1306.65,1121,-53
92,multi_regime,S19,SNPR,-1181.75,1097,-115
92,multi_regime,Z20,ZIP,2691.95,3985,-81
92,multi_regime,Z21,ZIP,2887.05,3853,-79
92,multi_regime,Z22,ZIP,5066.4,3770,-92
92,multi_regime,Z23,ZIP,5304.2,4002,-96
92,multi_regime,Z24,ZIP,5475.2,3806,-96
92,multi_regime,P25,PRSH,3648.45,635,289
92,multi_regime,P26,PRSH,7351.05,533,441
92,multi_regime,P27,PRSH,8505.9,3028,818
92,multi_regime,P28,PRSH,4782.5,784,290
92,multi_regime,P29,PRSH,11425.05,1495,801
93,multi_regime,G00,GVWY,-4432.55,5955,-349
93,multi_regime,G01,GVWY,-4745.85,5941,-523
93,multi_regime,G02,GVWY,-7004.6,5922,-388
93,multi_regime,G03,GVWY,-7528.05,5891,-359
93,multi_regime,G04,GVWY,-3041.3,5922,-514
93,multi_regime,Z05,ZIC,505.05,633,339
93,multi_regime,Z06,ZIC,246.2,718,316
93,multi_regime,Z07,ZIC,570.25,701,315
93,multi_regime,Z08,ZIC,1432.3,656,294
93,multi_regime,Z09,ZIC,-361.0,722,360
93,multi_regime,S10,SHVR,-3950.4,5048,-252
93,multi_regime,S11,SHVR,-3910.4,5080,-192
93,multi_regime,S12,SHVR,-4721.95,5069,-101
93,multi_regime,S13,SHVR,-2660.25,4995,-215
93,multi_regime,S14,SHVR,-4545.75,5087,-125
93,multi_regime,S15,SNPR,-824.3,1162,-14
93,multi_regime,S16,SNPR,-1006.65,1145,-7
93,multi_regime,S17,SNPR,-242.7,1100,-6
93,multi_regime,S18,SNPR,-1265.75,1165,-25
93,multi_regime,S19,SNPR,-1438.5,1120,-90
93,multi_regime,Z20,ZIP,8767.95,3831,-179
93,multi_regime,Z21,ZIP,9091.85,3851,-97
93,multi_regime,Z22,ZIP,7932.95,3757,-119
93,multi_regime,Z23,ZIP,9337.55,3925,-31
93,multi_regime,Z24,ZIP,8280.15,3901,-23
93,multi_regime,P25,PRSH,3223.55,599,509
93,multi_regime,P26,PRSH,1192.7,586,306
93,multi_regime,P27,PRSH,1640.85,399,303
93,multi_regime,P28,PRSH,483.45,4271,191
93,multi_regime,P29,PRSH,1723.4,1610,552
94,multi_regime,G00,GVWY,-21683.0,5814,-440
94,multi_regime,G01,GVWY,-19773.7,5893,-303
94,multi_regime,G02,GVWY,-27767.5,5997,-605
94,multi_regime,G03,GVWY,-19089.0,5844,-330
94,multi_regime,G04,GVWY,-24334.6,5912,-414
94,multi_regime,Z05,ZIC,12565.7,645,273
94,multi_regime,Z06,ZIC,13991.6,634,304
94,multi_regime,Z07,ZIC,11791.7,657,223
94,multi_regime,Z08,ZIC,13091.2,638,298
94,multi_regime,Z09,ZIC,12809.2,620,258
94,multi_regime,S10,SHVR,-7091.8,4950,-42
94,multi_regime,S11,SHVR,-12977.8,4996,-242
94,multi_regime,S12,SHVR,-8978.0,4998,-120
94,multi_regime,S13,SHVR,-11545.1,5017,-279
94,multi_regime,S14,SHVR,-19659.0,4936,-320
94,multi_regime,S15,SNPR,-7809.5,1123,-185
94,multi_regime,S16,SNPR,-873.6,1108,6
94,multi_regime,S17,SNPR,-2684.7,1135,-63
94,multi_regime,S18,SNPR,-4008.9,1115,-101
94,multi_regime,S19,SNPR,152.6,1132,24
94,multi_regime,Z20,ZIP,8823.4,3890,56
94,multi_regime,Z21,ZIP,2836.8,3844,-68
94,multi_regime,Z22,ZIP,387.0,3756,-130
94,multi_regime,Z23,ZIP,3841.9,3925,-79
94,multi_regime,Z24,ZIP,10840.8,3710,152
94,multi_regime,P25,PRSH,11926.3,459,237
94,multi_regime,P26,PRSH,34182.4,1852,686
94,multi_regime,P27,PRSH,17989.3,807,427
94,multi_regime,P28,PRSH,14995.8,674,312
94,multi_regime,P29,PRSH,14483.3,809,327
95,multi_regime,G00,GVWY,-2552.0,5908,-420
95,multi_regime,G01,GVWY,1508.3,5843,-423
95,multi_regime,G02,GVWY,-1656.7,5923,-363
95,multi_regime,G03,GVWY,5288.9,5897,-509
95,multi_regime,G04,GVWY,797.2,5914,-552
95,multi_regime,Z05,ZIC,-2860.2,654,312
95,multi_regime,Z06,ZIC,-2289.3,675,283
95,multi_regime,Z07,ZIC,-1597.0,646,270
95,multi_regime,Z08,ZIC,-3307.0,662,340
95,multi_regime,Z09,ZIC,-1662.6,662,316
95,multi_regime,S10,SHVR,-3055.5,4983,-75
95,multi_regime,S11,SHVR,-4068.8,5040,-132
95,multi_regime,S12,SHVR,-2062.9,4947,-121
95,multi_regime,S13,SHVR,-6372.8,4962,-32
95,multi_regime,S14,SHVR,-2195.5,4933,-115
95,multi_regime,S15,SNPR,-1012.5,1129,-25
95,multi_regime,S16,SNPR,2172.3,1143,-93
95,multi_regime,S17,SNPR,-356.6,1114,-24
95,multi_regime,S18,SNPR,-1136.2,1106,2
95,multi_regime,S19,SNPR,718.7,1105,-57
95,multi_regime,Z20,ZIP,8737.8,3820,-28
95,multi_regime,Z21,ZIP,6739.9,3977,-59
95,multi_regime,Z22,ZIP,8629.5,3835,-15
95,multi_regime,Z23,ZIP,8021.9,3781,1
95,multi_regime,Z24,ZIP,5924.4,3872,46
95,multi_regime,P25,PRSH,-1698.7,607,247
95,multi_regime,P26,PRSH,-1322.2,412,222
95,multi_regime,P27,PRSH,-2012.1,405,271
95,multi_regime,P28,PRSH,-2249.1,805,331
95,multi_regime,P29,PRSH,-1121.5,367,265
96,multi_regime,G00,GVWY,-8113.3,5933,-283
96,multi_regime,G01,GVWY,-4773.5,5905,-405
96,multi_regime,G02,GVWY,-8901.4,5904,-384
96,multi_regime,G03,GVWY,-4559.5,5905,-275
96,multi_regime,G04,GVWY,-7944.5,6015,-455
96,multi_regime,Z05,ZIC,2578.5,631,225
96,multi_regime,Z06,ZIC,2993.1,685,301
96,multi_regime,Z07,ZIC,2876.9,717,319
96,multi_regime,Z08,ZIC,1486.3,657,303
96,multi_regime,Z09,ZIC,1997.9,663,289
96,multi_regime,S10,SHVR,-4603.9,5025,-9
96,multi_regime,S11,SHVR,-5626.4,5050,-184
96,multi_regime,S12,SHVR,-4450.9,5003,-49
96,multi_regime,S13,SHVR,-5701.2,5062,-52
96,multi_regime,S14,SHVR,-2587.3,4943,-243
96,multi_regime,S15,SNPR,-582.5,1109,-25
96,multi_regime,S16,SNPR,-1994.5,1125,-15
96,multi_regime,S17,SNPR,-77.7,1101,3
96,multi_regime,S18,SNPR,-98.5,1095,-55
96,multi_regime,S19,SNPR,-955.8,1116,-28
96,multi_regime,Z20,ZIP,7732.7,3909,-183
96,multi_regime,Z21,ZIP,8300.5,3791,-115
96,multi_regime,Z22,ZIP,7376.7,3649,-43
96,multi_regime,Z23,ZIP,6818.8,3770,-162
96,multi_regime,Z24,ZIP,7459.0,4006,-310
96,multi_regime,P25,PRSH,2208.8,484,288
96,multi_regime,P26,PRSH,3966.6,1178,446
96,multi_regime,P27,PRSH,2444.0,418,280
96,multi_regime,P28,PRSH,3330.8,442,318
96,multi_regime,P29,PRSH,2947.2,526,332
97,multi_regime,G00,GVWY,-30237.6,5921,-647
97,multi_regime,G01,GVWY,-26928.2,5906,-534
97,multi_regime,G02,GVWY,-25823.8,5877,-541
97,multi_regime,G03,GVWY,-24756.4,5893,-433
97,multi_regime,G04,GVWY,-25239.0,5881,-415
97,multi_regime,Z05,ZIC,13983.4,643,293
97,multi_regime,Z06,ZIC,13237.8,642,276
97,multi_regime,Z07,ZIC,14591.8,619,311
97,multi_regime,Z08,ZIC,12186.4,572,258
97,multi_regime,Z09,ZIC,11087.4,629,243
97,multi_regime,S10,SHVR,-6568.0,4977,-45
97,multi_regime,S11,SHVR,-6370.4,4936,-28
97,multi_regime,S12,SHVR,-7068.0,4980,-130
97,multi_regime,S13,SHVR,-11617.8,5062,-196
97,multi_regime,S14,SHVR,-13062.8,5041,-251
97,multi_regime,S15,SNPR,-2016.2,1114,16
97,multi_regime,S16,SNPR,-2113.6,1097,-27
97,multi_regime,S17,SNPR,-3432.2,1145,-89
97,multi_regime,S18,SNPR,-2274.6,1115,-57
97,multi_regime,S19,SNPR,-341.4,1118,22
97,multi_regime,Z20,ZIP,-1616.6,4014,-332
97,multi_regime,Z21,ZIP,7642.4,3944,28
97,multi_regime,Z22,ZIP,5152.8,3781,-9
97,multi_regime,Z23,ZIP,10830.2,3828,114
97,multi_regime,Z24,ZIP,6918.8,3653,-29
97,multi_regime,P25,PRSH,21651.0,1240,480
97,multi_regime,P26,PRSH,11836.2,491,269
97,multi_regime,P27,PRSH,21012.6,935,487
97,multi_regime,P28,PRSH,11906.0,651,245
97,multi_regime,P29,PRSH,23290.8,1417,541
98,multi_regime,G00,GVWY,-6733.8,5884,-438
98,multi_regime,G01,GVWY,-5285.8,5904,-568
98,multi_regime,G02,GVWY,-6276.7,6017,-387
98,multi_regime,G03,GVWY,-5077.8,5926,-388
98,multi_regime,G04,GVWY,-4405.0,6008,-570
98,multi_regime,Z05,ZIC,2035.2,660,332
98,multi_regime,Z06,ZIC,1443.3,677,353
98,multi_regime,Z07,ZIC,2049.3,691,263
98,multi_regime,Z08,ZIC,2074.5,701,335
98,multi_regime,Z09,ZIC,2225.9,667,269
98,multi_regime,S10,SHVR,-5861.0,5130,-20
98,multi_regime,S11,SHVR,-4201.8,5070,-48
98,multi_regime,S12,SHVR,-1374.3,4997,-133
98,multi_regime,S13,SHVR,-4767.0,5104,-320
98,multi_regime,S14,SHVR,-3755.5,5049,-255
98,multi_regime,S15,SNPR,-963.3,1123,-63
98,multi_regime,S16,SNPR,-242.9,1137,-99
98,multi_regime,S17,SNPR,-986.6,1132,-66
98,multi_regime,S18,SNPR,-1817.7,1133,23
98,multi_regime,S19,SNPR,-427.9,1115,-39
98,multi_regime,Z20,ZIP,9185.7,3879,-43
98,multi_regime,Z21,ZIP,7163.0,4000,-40
98,multi_regime,Z22,ZIP,7870.1,4021,-239
98,multi_regime,Z23,ZIP,5692.5,3925,35
98,multi_regime,Z24,ZIP,5913.1,3805,41
98,multi_regime,P25,PRSH,2614.5,483,355
98,multi_regime,P26,PRSH,2141.1,829,381
98,multi_regime,P27,PRSH,3109.0,1084,460
98,multi_regime,P28,PRSH,-813.9,3613,451
98,multi_regime,P29,PRSH,1231.8,560,328
99,multi_regime,G00,GVWY,-19460.9,5914,-474
99,multi_regime,G01,GVWY,-12077.2,5904,-452
99,multi_regime,G02,GVWY,-18810.25,5943,-615
99,multi_regime,G03,GVWY,-14048.9,5904,-354
99,multi_regime,G04,GVWY,-13243.05,5927,-363
99,multi_regime,Z05,ZIC,8130.0,648,260
99,multi_regime,Z06,ZIC,7438.05,659,283
99,multi_regime,Z07,ZIC,8489.05,669,343
99,multi_regime,Z08,ZIC,8063.5,646,310
99,multi_regime,Z09,ZIC,7227.05,655,283
99,multi_regime,S10,SHVR,-6897.05,5003,-103
99,multi_regime,S11,SHVR,-4121.8,4930,-48
99,multi_regime,S12,SHVR,-5528.6,5046,24
99,multi_regime,S13,SHVR,-9085.65,5033,-239
99,multi_regime,S14,SHVR,-8897.5,5030,-190
99,multi_regime,S15,SNPR,-1670.35,1141,-21
99,multi_regime,S16,SNPR,-1029.0,1106,-120
99,multi_regime,S17,SNPR,-1949.25,1105,-55
99,multi_regime,S18,SNPR,-2789.4,1120,-44
99,multi_regime,S19,SNPR,-558.35,1121,19
99,multi_regime,Z20,ZIP,3592.25,4025,-265
99,multi_regime,Z21,ZIP,4895.2,3836,-108
99,multi_regime,Z22,ZIP,5699.25,3663,-125
99,multi_regime,Z23,ZIP,6655.9,3748,-6
99,multi_regime,Z24,ZIP,4182.15,3913,-231
99,multi_regime,P25,PRSH,11476.75,1015,485
99,multi_regime,P26,PRSH,11869.95,965,417
99,multi_regime,P27,PRSH,7637.1,402,286
99,multi_regime,P28,PRSH,7611.0,400,280
99,multi_regime,P29,PRSH,17156.65,2011,699
100,multi_regime,G00,GVWY,-9148.6,5948,-268
100,multi_regime,G01,GVWY,-10599.75,5919,-625
100,multi_regime,G02,GVWY,-8690.1,5962,-578
100,multi_regime,G03,GVWY,-5985.75,5929,-145
100,multi_regime,G04,GVWY,-5905.4,5898,-492
100,multi_regime,Z05,ZIC,3275.0,670,320
100,multi_regime,Z06,ZIC,3365.55,741,329
100,multi_regime,Z07,ZIC,3187.95,643,301
100,multi_regime,Z08,ZIC,3512.55,653,309
100,multi_regime,Z09,ZIC,2609.9,694,282
100,multi_regime,S10,SHVR,-5273.5,4978,-250
100,multi_regime,S11,SHVR,-3624.75,5041,-205
100,multi_regime,S12,SHVR,-5420.7,4998,-186
100,multi_regime,S13,SHVR,-6013.65,5091,-167
100,multi_regime,S14,SHVR,-3629.6,5036,-188
100,multi_regime,S15,SNPR,-1964.4,1146,-112
100,multi_regime,S16,SNPR,-1520.05,1133,-59
100,multi_regime,S17,SNPR,547.15,1129,17
100,multi_regime,S18,SNPR,-1332.1,1108,-138
100,multi_regime,S19,SNPR,-1180.4,1134,-52
100,multi_regime,Z20,ZIP,5886.2,3874,-64
100,multi_regime,Z21,ZIP,2691.85,4001,-117
100,multi_regime,Z22,ZIP,7381.3,3850,-66
100,multi_regime,Z23,ZIP,4766.4,3888,-108
100,multi_regime,Z24,ZIP,7702.65,3767,-213
100,multi_regime,P25,PRSH,8374.05,3001,619
100,multi_regime,P26,PRSH,8324.25,955,655
100,multi_regime,P27,PRSH,4938.45,447,391
100,multi_regime,P28,PRSH,3087.9,680,282
100,multi_regime,P29,PRSH,3083.3,3630,394
101,multi_regime,G00,GVWY,-7854.0,5902,-488
101,multi_regime,G01,GVWY,-8953.25,5895,-415
101,multi_regime,G02,GVWY,-9556.75,5923,-609
101,multi_regime,G03,GVWY,-11172.25,5905,-427
101,multi_regime,G04,GVWY,-11323.5,5942,-594
101,multi_regime,Z05,ZIC,4178.5,598,238
101,multi_regime,Z06,ZIC,3736.0,672,300
101,multi_regime,Z07,ZIC,4543.0,676,304
101,multi_regime,Z08,ZIC,2440.25,629,251
101,multi_regime,Z09,ZIC,4374.25,633,303
101,multi_regime,S10,SHVR,-5058.5,5064,-206
101,multi_regime,S11,SHVR,-6004.75,5035,-237
101,multi_regime,S12,SHVR,-6417.75,5031,-157
101,multi_regime,S13,SHVR,-4757.25,5067,-51
101,multi_regime,S14,SHVR,-5367.5,5082,-94
101,multi_regime,S15,SNPR,-1991.75,1149,-133
101,multi_regime,S16,SNPR,-3001.75,1143,-49
101,multi_regime,S17,SNPR,-491.25,1111,-15
101,multi_regime,S18,SNPR,-957.5,1112,-46
101,multi_regime,S19,SNPR,344.5,1140,2
101,multi_regime,Z20,ZIP,4538.5,3900,-162
101,multi_regime,Z21,ZIP,5534.25,3875,-17
101,multi_regime,Z22,ZIP,5857.0,3942,-124
101,multi_regime,Z23,ZIP,6420.0,3678,-140
101,multi_regime,Z24,ZIP,4572.25,3815,-53
101,multi_regime,P25,PRSH,4798.25,379,271
101,multi_regime,P26,PRSH,6029.25,3175,507
101,multi_regime,P27,PRSH,6960.0,1274,496
101,multi_regime,P28,PRSH,13183.75,2187,785
101,multi_regime,P29,PRSH,6178.25,977,435
102,multi_regime,G00,GVWY,-10643.4,5988,-436
102,multi_regime,G01,GVWY,-15284.6,5934,-474
102,multi_regime,G02,GVWY,-15800.4,6016,-446
102,multi_regime,G03,GVWY,-15978.3,6037,-497
102,multi_regime,G04,GVWY,-16861.2,5942,-628
102,multi_regime,Z05,ZIC,6350.5,671,225
102,multi_regime,Z06,ZIC,7512.7,645,333
102,multi_regime,Z07,ZIC,7433.4,652,296
102,multi_regime,Z08,ZIC,7694.2,704,298
102,multi_regime,Z09,ZIC,6741.1,681,279
102,multi_regime,S10,SHVR,-6782.8,5090,-172
102,multi_regime,S11,SHVR,-7073.6,5142,-134
102,multi_regime,S12,SHVR,-5492.4,5068,-176
102,multi_regime,S13,SHVR,-4207.2,5200,-28
102,multi_regime,S14,SHVR,-7416.4,5118,-136
102,multi_regime,S15,SNPR,-1874.0,1126,-50
102,multi_regime,S16,SNPR,-2569.4,1116,-36
102,multi_regime,S17,SNPR,-2598.7,1103,-33
102,multi_regime,S18,SNPR,-2079.2,1124,-168
102,multi_regime,S19,SNPR,42.2,1156,-22
102,multi_regime,Z20,ZIP,7282.4,3982,-164
102,multi_regime,Z21,ZIP,5211.7,3913,23
102,multi_regime,Z22,ZIP,4909.8,4030,-178
102,multi_regime,Z23,ZIP,8818.0,3834,30
102,multi_regime,Z24,ZIP,6520.0,3880,40
102,multi_regime,P25,PRSH,7000.9,769,301
102,multi_regime,P26,PRSH,14140.0,1542,660
102,multi_regime,P27,PRSH,3973.1,4601,259
102,multi_regime,P28,PRSH,11035.4,1240,496
102,multi_regime,P29,PRSH,10076.2,1014,428
103,multi_regime,G00,GVWY,-19211.8,5906,-564
103,multi_regime,G01,GVWY,-19672.5,5964,-490
103,multi_regime,G02,GVWY,-17818.45,5899,-381
103,multi_regime,G03,GVWY,-18507.95,5945,-411
103,multi_regime,G04,GVWY,-20891.6,5902,-528
103,multi_regime,Z05,ZIC,9058.05,637,329
103,multi_regime,Z06,ZIC,8641.8,644,264
103,multi_regime,Z07,ZIC,9398.55,657,299
103,multi_regime,Z08,ZIC,8309.45,621,281
103,multi_regime,Z09,ZIC,9079.35,707,223
103,multi_regime,S10,SHVR,-8396.6,5046,-148
103,multi_regime,S11,SHVR,-9513.05,5139,-269
103,multi_regime,S12,SHVR,-7926.05,5081,-89
103,multi_regime,S13,SHVR,-8506.9,5106,-162
103,multi_regime,S14,SHVR,-4801.9,5092,-102
103,multi_regime,S15,SNPR,-1226.8,1140,16
103,multi_regime,S16,SNPR,-1143.0,1140,-40
103,multi_regime,S17,SNPR,-44.55,1145,1
103,multi_regime,S18,SNPR,-2785.75,1137,-95
103,multi_regime,S19,SNPR,-1527.5,1130,-110
103,multi_regime,Z20,ZIP,-2263.4,4076,-292
103,multi_regime,Z21,ZIP,591.7,3674,-154
103,multi_regime,Z22,ZIP,4692.35,3965,-117
103,multi_regime,Z23,ZIP,686.1,3742,-222
103,multi_regime,Z24,ZIP,6700.5,3836,50
103,multi_regime,P25,PRSH,30330.0,2188,900
103,multi_regime,P26,PRSH,11303.2,806,336
103,multi_regime,P27,PRSH,8851.85,385,273
103,multi_regime,P28,PRSH,15536.35,1041,483
103,multi_regime,P29,PRSH,18982.95,2849,531
104,multi_regime,G00,GVWY,-1691.25,6015,-489
104,multi_regime,G01,GVWY,-2395.5,5950,-418
104,multi_regime,G02,GVWY,-5614.75,5867,-367
104,multi_regime,G03,GVWY,-2149.25,5867,-461
104,multi_regime,G04,GVWY,-4862.75,5943,-423
104,multi_regime,Z05,ZIC,151.75,653,275
104,multi_regime,Z06,ZIC,-6.0,658,300
104,multi_regime,Z07,ZIC,943.5,656,290
104,multi_regime,Z08,ZIC,1366.25,657,217
104,multi_regime,Z09,ZIC,-339.0,624,240
104,multi_regime,S10,SHVR,-2513.75,5083,-171
104,multi_regime,S11,SHVR,-3604.0,5060,-172
104,multi_regime,S12,SHVR,-912.25,5071,-149
104,multi_regime,S13,SHVR,-2147.5,5060,-90
104,multi_regime,S14,SHVR,-3627.75,5147,-159
104,multi_regime,S15,SNPR,-74.75,1119,-55
104,multi_regime,S16,SNPR,-1184.75,1129,-83
104,multi_regime,S17,SNPR,-656.0,1100,-92
104,multi_regime,S18,SNPR,-2739.75,1145,17
104,multi_regime,S19,SNPR,443.75,1149,-89
104,multi_regime,Z20,ZIP,6821.25,3859,-39
104,multi_regime,Z21,ZIP,5714.0,3864,4
104,multi_regime,Z22,ZIP,10265.0,4006,-220
104,multi_regime,Z23,ZIP,6841.75,3753,27
104,multi_regime,Z24,ZIP,9945.5,3982,-138
104,multi_regime,P25,PRSH,174.0,670,336
104,multi_regime,P26,PRSH,265.25,393,285
104,multi_regime,P27,PRSH,-77.5,1608,602
104,multi_regime,P28,PRSH,-3799.75,4257,489
104,multi_regime,P29,PRSH,-854.5,784,366
105,multi_regime,G00,GVWY,-2921.9,5808,-458
105,multi_regime,G01,GVWY,-2745.4,5828,-468
105,multi_regime,G02,GVWY,-5996.55,5865,-411
105,multi_regime,G03,GVWY,-741.85,5855,-417
105,multi_regime,G04,GVWY,-3154.7,5784,-374
105,multi_regime,Z05,ZIC,520.4,662,268
105,multi_regime,Z06,ZIC,-82.2,624,296
105,multi_regime,Z07,ZIC,-144.2,616,276
105,multi_regime,Z08,ZIC,-1684.1,696,378
105,multi_regime,Z09,ZIC,-991.2,632,296
105,multi_regime,S10,SHVR,-3680.2,4894,-104
105,multi_regime,S11,SHVR,-1531.25,4891,-245
105,multi_regime,S12,SHVR,-1181.45,4931,-269
105,multi_regime,S13,SHVR,-4635.2,4952,-104
105,multi_regime,S14,SHVR,-3736.95,4907,-159
105,multi_regime,S15,SNPR,-1214.3,1090,-26
105,multi_regime,S16,SNPR,-23.15,1081,-63
105,multi_regime,S17,SNPR,-546.45,1105,-29
105,multi_regime,S18,SNPR,465.2,1110,-76
105,multi_regime,S19,SNPR,849.35,1093,-33
105,multi_regime,Z20,ZIP,5490.1,3772,22
105,multi_regime,Z21,ZIP,7029.1,3652,-118
105,multi_regime,Z22,ZIP,9300.3,3650,-174
105,multi_regime,Z23,ZIP,9766.8,3580,-164
105,multi_regime,Z24,ZIP,7805.6,3720,-68
105,multi_regime,P25,PRSH,1408.65,549,453
105,multi_regime,P26,PRSH,-1557.85,893,383
105,multi_regime,P27,PRSH,-836.3,422,274
105,multi_regime,P28,PRSH,-1280.5,1976,710
105,multi_regime,P29,PRSH,-248.85,403,263
106,multi_regime,G00,GVWY,-9247.0,5954,-496
106,multi_regime,G01,GVWY,-7937.0,5956,-358
106,multi_regime,G02,GVWY,-11751.5,5953,-481
106,multi_regime,G03,GVWY,-10934.5,5937,-367
106,multi_regime,G04,GVWY,-10746.5,5941,-371
106,multi_regime,Z05,ZIC,3906.0,656,278
106,multi_regime,Z06,ZIC,4318.0,632,266
106,multi_regime,Z07,ZIC,3449.0,624,268
106,multi_regime,Z08,ZIC,4896.0,688,316
106,multi_regime,Z09,ZIC,4325.0,688,312
106,multi_regime,S10,SHVR,-6025.5,5101,-285
106,multi_regime,S11,SHVR,-7022.0,5146,-254
106,multi_regime,S12,SHVR,-6160.5,5111,-197
106,multi_regime,S13,SHVR,-5442.5,5113,-167
106,multi_regime,S14,SHVR,-1437.0,5102,-136
106,multi_regime,S15,SNPR,-1922.0,1160,-98
106,multi_regime,S16,SNPR,-1573.0,1128,-44
106,multi_regime,S17,SNPR,51.5,1109,21
106,multi_regime,S18,SNPR,-341.5,1141,-51
106,multi_regime,S19,SNPR,-983.0,1124,-32
106,multi_regime,Z20,ZIP,6466.5,3807,-117
106,multi_regime,Z21,ZIP,7736.0,3866,-64
106,multi_regime,Z22,ZIP,5492.5,3867,-1
106,multi_regime,Z23,ZIP,4814.0,4074,-174
106,multi_regime,Z24,ZIP,7345.0,3848,-60
106,multi_regime,P25,PRSH,4003.0,612,282
106,multi_regime,P26,PRSH,8839.5,2861,679
106,multi_regime,P27,PRSH,7563.5,1665,689
106,multi_regime,P28,PRSH,7770.5,525,425
106,multi_regime,P29,PRSH,2480.0,4772,66
107,multi_regime,G00,GVWY,-795.4,5920,-482
107,multi_regime,G01,GVWY,439.7,5903,-529
107,multi_regime,G02,GVWY,708.5,5885,-555
107,multi_regime,G03,GVWY,-6914.7,5953,-271
107,multi_regime,G04,GVWY,1062.4,5914,-408
107,multi_regime,Z05,ZIC,-716.3,669,281
107,multi_regime,Z06,ZIC,-854.3,679,291
107,multi_regime,Z07,ZIC,-379.0,624,260
107,multi_regime,Z08,ZIC,-1892.2,678,284
107,multi_regime,Z09,ZIC,-1348.2,626,294
107,multi_regime,S10,SHVR,-1045.8,5038,-284
107,multi_regime,S11,SHVR,-7.6,5002,-268
107,multi_regime,S12,SHVR,-2023.0,4994,-160
107,multi_regime,S13,SHVR,-5106.4,5040,-152
107,multi_regime,S14,SHVR,-1732.1,5041,-293
107,multi_regime,S15,SNPR,-1416.5,1131,-55
107,multi_regime,S16,SNPR,1308.2,1108,-74
107,multi_regime,S17,SNPR,1268.2,1114,-64
107,multi_regime,S18,SNPR,-789.1,1125,-63
107,multi_regime,S19,SNPR,-1801.5,1119,15
107,multi_regime,Z20,ZIP,5809.4,3666,-68
107,multi_regime,Z21,ZIP,6182.2,3632,-64
107,multi_regime,Z22,ZIP,7660.5,3793,-15
107,multi_regime,Z23,ZIP,10171.2,3764,36
107,multi_regime,Z24,ZIP,3944.8,3856,54
107,multi_regime,P25,PRSH,-968.4,370,278
107,multi_regime,P26,PRSH,-4331.3,2345,701
107,multi_regime,P27,PRSH,-1204.8,686,546
107,multi_regime,P28,PRSH,-223.0,632,300
107,multi_regime,P29,PRSH,-995.3,375,271
108,multi_regime,G00,GVWY,-4043.3,5797,-501
108,multi_regime,G01,GVWY,-4563.3,5887,-541
108,multi_regime,G02,GVWY,-5047.0,5960,-530
108,multi_regime,G03,GVWY,-6768.7,5925,-319
108,multi_regime,G04,GVWY,-3772.7,5921,-349
108,multi_regime,Z05,ZIC,680.5,611,275
108,multi_regime,Z06,ZIC,122.5,607,265
108,multi_regime,Z07,ZIC,1573.5,699,225
108,multi_regime,Z08,ZIC,-402.4,648,302
108,multi_regime,Z09,ZIC,744.7,591,259
108,multi_regime,S10,SHVR,-2339.1,5003,-207
108,multi_regime,S11,SHVR,-1948.1,5003,-207
108,multi_regime,S12,SHVR,-1421.1,4959,-277
108,multi_regime,S13,SHVR,-3719.5,5047,-235
108,multi_regime,S14,SHVR,-2938.7,5029,-269
108,multi_regime,S15,SNPR,-66.1,1101,-47
108,multi_regime,S16,SNPR,99.5,1109,-65
108,multi_regime,S17,SNPR,-356.5,1111,-5
108,multi_regime,S18,SNPR,-167.2,1092,-4
108,multi_regime,S19,SNPR,1399.0,1110,-140
108,multi_regime,Z20,ZIP,6023.3,3765,101
108,multi_regime,Z21,ZIP,7989.4,3722,38
108,multi_regime,Z22,ZIP,6508.9,3763,43
108,multi_regime,Z23,ZIP,5867.6,3840,22
108,multi_regime,Z24,ZIP,5680.7,3975,-81
108,multi_regime,P25,PRSH,1184.3,1539,511
108,multi_regime,P26,PRSH,1478.7,1909,719
108,multi_regime,P27,PRSH,614.9,379,253
108,multi_regime,P28,PRSH,736.5,393,295
108,multi_regime,P29,PRSH,-120.2,588,286
109,multi_regime,G00,GVWY,-10805.75,5859,-85
109,multi_regime,G01,GVWY,-22028.1,5950,-518
109,multi_regime,G02,GVWY,-21678.4,5822,-452
109,multi_regime,G03,GVWY,-24868.05,5879,-539
109,multi_regime,G04,GVWY,-17417.6,5888,-228
109,multi_regime,Z05,ZIC,11799.8,680,264
109,multi_regime,Z06,ZIC,12367.35,685,273
109,multi_regime,Z07,ZIC,12169.2,642,296
109,multi_regime,Z08,ZIC,13404.2,638,316
109,multi_regime,Z09,ZIC,12019.3,640,294
109,multi_regime,S10,SHVR,-8539.0,5012,-120
109,multi_regime,S11,SHVR,-11661.7,4962,-226
109,multi_regime,S12,SHVR,-8066.8,4994,-144
109,multi_regime,S13,SHVR,-8555.6,5042,-88
109,multi_regime,S14,SHVR,-9523.55,5041,-209
109,multi_regime,S15,SNPR,-2664.05,1093,-79
109,multi_regime,S16,SNPR,-4842.9,1124,-82
109,multi_regime,S17,SNPR,-1063.75,1093,-5
109,multi_regime,S18,SNPR,-2514.85,1097,-63
109,multi_regime,S19,SNPR,-3983.25,1085,-75
109,multi_regime,Z20,ZIP,6330.05,3733,-1
109,multi_regime,Z21,ZIP,2122.95,3957,-159
109,multi_regime,Z22,ZIP,-532.0,3620,-200
109,multi_regime,Z23,ZIP,3448.3,3824,-86
109,multi_regime,Z24,ZIP,4749.9,3952,-178
109,multi_regime,P25,PRSH,14420.85,771,363
109,multi_regime,P26,PRSH,11345.9,382,282
109,multi_regime,P27,PRSH,13960.0,784,320
109,multi_regime,P28,PRSH,25613.75,2981,665
109,multi_regime,P29,PRSH,13469.15,653,337
110,multi_regime,G00,GVWY,-16476.0,5932,-358
110,multi_regime,G01,GVWY,-21543.0,5970,-548
110,multi_regime,G02,GVWY,-18516.0,5952,-494
110,multi_regime,G03,GVWY,-24017.0,5962,-578
110,multi_regime,G04,GVWY,-16412.5,5923,-363
110,multi_regime,Z05,ZIC,9733.5,607,283
110,multi_regime,Z06,ZIC,8971.5,647,263
110,multi_regime,Z07,ZIC,10144.0,676,302
110,multi_regime,Z08,ZIC,10204.5,639,323
110,multi_regime,Z09,ZIC,12501.0,656,352
110,multi_regime,S10,SHVR,-8881.0,5026,-212
110,multi_regime,S11,SHVR,-6334.0,5116,8
110,multi_regime,S12,SHVR,-12167.0,5030,-206
110,multi_regime,S13,SHVR,-5124.5,5113,-51
110,multi_regime,S14,SHVR,-8676.0,5036,-166
110,multi_regime,S15,SNPR,-1926.5,1093,-49
110,multi_regime,S16,SNPR,-3576.0,1098,-92
110,multi_regime,S17,SNPR,-2252.5,1119,-89
110,multi_regime,S18,SNPR,-32.0,1098,38
110,multi_regime,S19,SNPR,-2573.0,1104,-58
110,multi_regime,Z20,ZIP,5406.0,3974,-82
110,multi_regime,Z21,ZIP,97.5,4091,-361
110,multi_regime,Z22,ZIP,1829.0,3900,-208
110,multi_regime,Z23,ZIP,6666.5,3773,-7
110,multi_regime,Z24,ZIP,7669.5,3833,31
110,multi_regime,P25,PRSH,11247.0,568,312
110,multi_regime,P26,PRSH,16290.0,1182,458
110,multi_regime,P27,PRSH,14451.5,1103,421
110,multi_regime,P28,PRSH,9874.0,588,274
110,multi_regime,P29,PRSH,22293.5,3427,689
111,multi_regime,G00,GVWY,-9344.3,5885,-519
111,multi_regime,G01,GVWY,-6850.5,5905,-455
111,multi_regime,G02,GVWY,-9343.2,5972,-516
111,multi_regime,G03,GVWY,-11260.9,5959,-467
111,multi_regime,G04,GVWY,-9420.6,5958,-648
111,multi_regime,Z05,ZIC,2300.4,652,282
111,multi_regime,Z06,ZIC,2295.4,620,262
111,multi_regime,Z07,ZIC,2474.4,636,282
111,multi_regime,Z08,ZIC,2743.5,623,315
111,multi_regime,Z09,ZIC,3108.6,650,288
111,multi_regime,S10,SHVR,-2962.2,5002,-36
111,multi_regime,S11,SHVR,-4770.5,5129,-75
111,multi_regime,S12,SHVR,-5897.1,5041,-203
111,multi_regime,S13,SHVR,-2750.7,5093,-191
111,multi_regime,S14,SHVR,-4971.7,5083,-161
111,multi_regime,S15,SNPR,-1450.3,1127,-69
111,multi_regime,S16,SNPR,-776.9,1119,-37
111,multi_regime,S17,SNPR,-1432.7,1139,-41
111,multi_regime,S18,SNPR,502.9,1111,37
111,multi_regime,S19,SNPR,-1639.5,1101,-55
111,multi_regime,Z20,ZIP,7150.4,3852,-128
111,multi_regime,Z21,ZIP,7516.9,4003,-153
111,multi_regime,Z22,ZIP,7637.4,3884,-28
111,multi_regime,Z23,ZIP,9871.4,3706,22
111,multi_regime,Z24,ZIP,7121.7,3775,-179
111,multi_regime,P25,PRSH,2769.8,420,294
111,multi_regime,P26,PRSH,2825.8,988,484
111,multi_regime,P27,PRSH,3879.0,1002,450
111,multi_regime,P28,PRSH,6483.2,2784,746
111,multi_regime,P29,PRSH,5390.9,585,497
112,multi_regime,G00,GVWY,-3695.45,5925,-407
112,multi_regime,G01,GVWY,-7434.15,5931,-369
112,multi_regime,G02,GVWY,-685.4,5908,-644
112,multi_regime,G03,GVWY,-6860.0,5870,-200
112,multi_regime,G04,GVWY,-2252.55,5915,-513
112,multi_regime,Z05,ZIC,-185.05,651,337
112,multi_regime,Z06,ZIC,-126.3,638,262
112,multi_regime,Z07,ZIC,1786.5,654,270
112,multi_regime,Z08,ZIC,1543.65,697,299
112,multi_regime,Z09,ZIC,-469.15,629,271
112,multi_regime,S10,SHVR,-2424.1,4984,-146
112,multi_regime,S11,SHVR,-3458.55,5015,-173
112,multi_regime,S12,SHVR,-4520.05,5023,-203
112,multi_regime,S13,SHVR,-6508.55,5081,-113
112,multi_regime,S14,SHVR,-3707.6,4986,-96
112,multi_regime,S15,SNPR,-58.15,1133,-49
112,multi_regime,S16,SNPR,-495.45,1103,13
112,multi_regime,S17,SNPR,-799.65,1119,-19
112,multi_regime,S18,SNPR,-1873.95,1121,-17
112,multi_regime,S19,SNPR,-1295.1,1116,-26
112,multi_regime,Z20,ZIP,7724.05,3773,23
112,multi_regime,Z21,ZIP,7012.15,3695,-111
112,multi_regime,Z22,ZIP,8121.25,3751,-85
112,multi_regime,Z23,ZIP,10797.5,3966,-330
112,multi_regime,Z24,ZIP,7126.4,3924,-136
112,multi_regime,P25,PRSH,1321.2,914,392
112,multi_regime,P26,PRSH,1285.1,1076,426
112,multi_regime,P27,PRSH,2119.3,486,238
112,multi_regime,P28,PRSH,1015.05,1275,503
112,multi_regime,P29,PRSH,426.5,1144,450
113,multi_regime,G00,GVWY,-16047.25,5913,-463
113,multi_regime,G01,GVWY,-15915.5,5914,-346
113,multi_regime,G02,GVWY,-14955.0,5868,-488
113,multi_regime,G03,GVWY,-15037.75,5895,-413
113,multi_regime,G04,GVWY,-12616.5,5870,-402
113,multi_regime,Z05,ZIC,6225.5,602,322
113,multi_regime,Z06,ZIC,8585.0,688,308
113,multi_regime,Z07,ZIC,7362.5,650,330
113,multi_regime,Z08,ZIC,7076.75,617,281
113,multi_regime,Z09,ZIC,7057.25,637,243
113,multi_regime,S10,SHVR,-10200.0,5000,-384
113,multi_regime,S11,SHVR,-4837.5,5024,-86
113,multi_regime,S12,SHVR,-9991.25,5055,-347
113,multi_regime,S13,SHVR,-9215.75,5035,-257
113,multi_regime,S14,SHVR,-4989.0,4968,-204
113,multi_regime,S15,SNPR,-1805.75,1123,-69
113,multi_regime,S16,SNPR,-802.75,1119,7
113,multi_regime,S17,SNPR,-2620.75,1131,-97
113,multi_regime,S18,SNPR,-1515.0,1148,-92
113,multi_regime,S19,SNPR,-956.0,1120,-36
113,multi_regime,Z20,ZIP,2460.75,3779,-231
113,multi_regime,Z21,ZIP,4968.5,3816,-6
113,multi_regime,Z22,ZIP,6182.0,3712,-48
113,multi_regime,Z23,ZIP,2382.25,3763,-105
113,multi_regime,Z24,ZIP,3921.25,3775,-129
113,multi_regime,P25,PRSH,18958.0,2004,760
113,multi_regime,P26,PRSH,10027.0,926,380
113,multi_regime,P27,PRSH,10758.25,1163,443
113,multi_regime,P28,PRSH,17160.25,2637,663
113,multi_regime,P29,PRSH,6498.5,356,258
114,multi_regime,G00,GVWY,-9258.8,5948,-356
114,multi_regime,G01,GVWY,-12456.7,5923,-259
114,multi_regime,G02,GVWY,-15657.2,6010,-524
114,multi_regime,G03,GVWY,-15606.7,6013,-609
114,multi_regime,G04,GVWY,-18719.4,5946,-448
114,multi_regime,Z05,ZIC,6844.6,680,312
114,multi_regime,Z06,ZIC,6427.9,673,333
114,multi_regime,Z07,ZIC,5611.1,637,257
114,multi_regime,Z08,ZIC,7203.9,669,313
114,multi_regime,Z09,ZIC,5883.8,626,296
114,multi_regime,S10,SHVR,-6644.5,5103,-75
114,multi_regime,S11,SHVR,-1315.3,5137,-21
114,multi_regime,S12,SHVR,-6635.5,5139,-135
114,multi_regime,S13,SHVR,-8233.9,5171,-203
114,multi_regime,S14,SHVR,-9557.3,5135,-281
114,multi_regime,S15,SNPR,-2632.2,1124,-114
114,multi_regime,S16,SNPR,-2683.9,1125,-93
114,multi_regime,S17,SNPR,-1159.6,1116,-52
114,multi_regime,S18,SNPR,-1570.2,1162,-54
114,multi_regime,S19,SNPR,-238.3,1127,49
114,multi_regime,Z20,ZIP,6910.0,4018,-70
114,multi_regime,Z21,ZIP,5440.4,3910,-112
114,multi_regime,Z22,ZIP,7636.8,4002,-304
114,multi_regime,Z23,ZIP,7947.0,3894,-130
114,multi_regime,Z24,ZIP,7052.3,3871,-69
114,multi_regime,P25,PRSH,7892.5,431,325
114,multi_regime,P26,PRSH,3032.0,4464,130
114,multi_regime,P27,PRSH,13406.9,2123,723
114,multi_regime,P28,PRSH,7391.7,419,319
114,multi_regime,P29,PRSH,14517.8,1792,736
115,multi_regime,G00,GVWY,-12530.8,5856,-474
115,multi_regime,G01,GVWY,-8356.3,5861,-329
115,multi_regime,G02,GVWY,-12349.6,5870,-468
115,multi_regime,G03,GVWY,-9852.2,5906,-496
115,multi_regime,G04,GVWY,-6952.4,5846,-362
115,multi_regime,Z05,ZIC,4695.7,635,291
115,multi_regime,Z06,ZIC,5222.0,646,300
115,multi_regime,Z07,ZIC,4093.6,638,318
115,multi_regime,Z08,ZIC,4788.2,688,276
115,multi_regime,Z09,ZIC,5240.9,695,267
115,multi_regime,S10,SHVR,-6412.5,4963,-195
115,multi_regime,S11,SHVR,-6386.2,4942,-156
115,multi_regime,S12,SHVR,-7896.4,4870,-192
115,multi_regime,S13,SHVR,-6285.3,4957,-209
115,multi_regime,S14,SHVR,-4845.9,4941,-77
115,multi_regime,S15,SNPR,-1804.8,1088,-44
115,multi_regime,S16,SNPR,-1095.8,1074,-74
115,multi_regime,S17,SNPR,-618.4,1112,-42
115,multi_regime,S18,SNPR,417.5,1083,-25
115,multi_regime,S19,SNPR,-2227.0,1096,-70
115,multi_regime,Z20,ZIP,4767.1,3721,-97
115,multi_regime,Z21,ZIP,9559.9,3873,117
115,multi_regime,Z22,ZIP,6283.6,3788,48
115,multi_regime,Z23,ZIP,5742.5,3935,-125
115,multi_regime,Z24,ZIP,8972.8,3682,-56
115,multi_regime,P25,PRSH,6441.4,888,382
115,multi_regime,P26,PRSH,4069.8,344,244
115,multi_regime,P27,PRSH,4633.6,688,288
115,multi_regime,P28,PRSH,6302.1,415,323
115,multi_regime,P29,PRSH,9077.9,619,527
116,multi_regime,G00,GVWY,-1030.25,5871,-431
116,multi_regime,G01,GVWY,3131.75,5915,-359
116,multi_regime,G02,GVWY,-1139.5,5858,-342
116,multi_regime,G03,GVWY,1504.25,5847,-401
116,multi_regime,G04,GVWY,-656.75,5895,-397
116,multi_regime,Z05,ZIC,-3413.5,670,306
116,multi_regime,Z06,ZIC,-2952.75,629,307
116,multi_regime,Z07,ZIC,-2582.25,615,293
116,multi_regime,Z08,ZIC,-2285.75,625,247
116,multi_regime,Z09,ZIC,-1425.5,602,250
116,multi_regime,S10,SHVR,-6564.75,5033,59
116,multi_regime,S11,SHVR,2285.75,4975,-259
116,multi_regime,S12,SHVR,1252.5,5020,-266
116,multi_regime,S13,SHVR,958.5,4962,-302
116,multi_regime,S14,SHVR,-7805.0,4960,120
116,multi_regime,S15,SNPR,1779.25,1121,-109
116,multi_regime,S16,SNPR,226.75,1125,-67
116,multi_regime,S17,SNPR,848.0,1106,-64
116,multi_regime,S18,SNPR,-307.0,1108,-32
116,multi_regime,S19,SNPR,-708.75,1099,-53
116,multi_regime,Z20,ZIP,9219.75,3873,-147
116,multi_regime,Z21,ZIP,6835.5,3788,-18
116,multi_regime,Z22,ZIP,8631.75,3795,-87
116,multi_regime,Z23,ZIP,9168.75,3729,-115
116,multi_regime,Z24,ZIP,5912.25,3871,-33
116,multi_regime,P25,PRSH,-3349.75,423,323
116,multi_regime,P26,PRSH,-3000.5,824,314
116,multi_regime,P27,PRSH,-3377.5,438,338
116,multi_regime,P28,PRSH,-2263.25,453,333
116,multi_regime,P29,PRSH,-4082.0,1202,460
117,multi_regime,G00,GVWY,-8731.6,5846,-416
117,multi_regime,G01,GVWY,-8685.8,5814,-198
117,multi_regime,G02,GVWY,-3772.6,5858,-496
117,multi_regime,G03,GVWY,-5904.4,5906,-564
117,multi_regime,G04,GVWY,-5651.0,5811,-465
117,multi_regime,Z05,ZIC,1215.6,634,296
117,multi_regime,Z06,ZIC,1207.0,642,280
117,multi_regime,Z07,ZIC,1967.0,609,235
117,multi_regime,Z08,ZIC,1567.2,688,262
117,multi_regime,Z09,ZIC,1989.8,588,208
117,multi_regime,S10,SHVR,-3216.8,4944,-248
117,multi_regime,S11,SHVR,-1007.4,4971,-289
117,multi_regime,S12,SHVR,-2612.0,5049,-375
117,multi_regime,S13,SHVR,-3746.0,4996,-230
117,multi_regime,S14,SHVR,-2716.8,5008,-128
117,multi_regime,S15,SNPR,50.4,1106,-66
117,multi_regime,S16,SNPR,-304.0,1123,-115
117,multi_regime,S17,SNPR,-427.8,1140,-58
117,multi_regime,S18,SNPR,-436.8,1105,-33
117,multi_regime,S19,SNPR,-859.0,1121,25
117,multi_regime,Z20,ZIP,4111.2,3661,-73
117,multi_regime,Z21,ZIP,3949.6,3974,-274
117,multi_regime,Z22,ZIP,3926.6,3723,51
117,multi_regime,Z23,ZIP,5417.6,3948,-94
117,multi_regime,Z24,ZIP,5587.0,3766,10
117,multi_regime,P25,PRSH,1625.0,370,270
117,multi_regime,P26,PRSH,1491.6,448,256
117,multi_regime,P27,PRSH,5165.0,1967,845
117,multi_regime,P28,PRSH,6172.4,2101,659
117,multi_regime,P29,PRSH,5527.4,2314,624
118,multi_regime,G00,GVWY,-14210.6,5934,-506
118,multi_regime,G01,GVWY,-13862.9,5925,-399
118,multi_regime,G02,GVWY,-13846.3,5965,-453
118,multi_regime,G03,GVWY,-15300.9,5855,-519
118,multi_regime,G04,GVWY,-12519.9,5935,-349
118,multi_regime,Z05,ZIC,6857.1,661,301
118,multi_regime,Z06,ZIC,6420.2,624,292
118,multi_regime,Z07,ZIC,7257.2,728,282
118,multi_regime,Z08,ZIC,7358.2,632,282
118,multi_regime,Z09,ZIC,6909.0,630,290
118,multi_regime,S10,SHVR,-6361.1,5053,-221
118,multi_regime,S11,SHVR,-5411.0,4998,-90
118,multi_regime,S12,SHVR,-8054.4,5018,-244
118,multi_regime,S13,SHVR,-8762.0,5056,-150
118,multi_regime,S14,SHVR,-7208.7,5009,-147
118,multi_regime,S15,SNPR,-0.7,1131,33
118,multi_regime,S16,SNPR,-1378.9,1101,-69
118,multi_regime,S17,SNPR,-906.1,1121,-101
118,multi_regime,S18,SNPR,-1370.8,1140,32
118,multi_regime,S19,SNPR,-2794.5,1147,-35
118,multi_regime,Z20,ZIP,5071.9,3867,-71
118,multi_regime,Z21,ZIP,6282.6,3850,-144
118,multi_regime,Z22,ZIP,3916.7,3789,-173
118,multi_regime,Z23,ZIP,3151.1,3963,-229
118,multi_regime,Z24,ZIP,5250.1,3733,-209
118,multi_regime,P25,PRSH,12477.7,1507,527
118,multi_regime,P26,PRSH,7929.9,693,369
118,multi_regime,P27,PRSH,9922.6,1266,526
118,multi_regime,P28,PRSH,14528.3,2911,663
118,multi_regime,P29,PRSH,9476.7,963,437
119,multi_regime,G00,GVWY,-10474.0,5982,-356
119,multi_regime,G01,GVWY,-13112.75,5973,-501
119,multi_regime,G02,GVWY,-10896.0,5904,-512
119,multi_regime,G03,GVWY,-9406.5,5962,-454
119,multi_regime,G04,GVWY,-12056.0,6032,-460
119,multi_regime,Z05,ZIC,4047.0,586,296
119,multi_regime,Z06,ZIC,3302.75,645,249
119,multi_regime,Z07,ZIC,4763.5,624,258
119,multi_regime,Z08,ZIC,4257.75,651,313
119,multi_regime,Z09,ZIC,5303.5,652,230
119,multi_regime,S10,SHVR,-4810.25,5051,-207
119,multi_regime,S11,SHVR,-815.5,5076,-94
119,multi_regime,S12,SHVR,-6886.25,5149,-191
119,multi_regime,S13,SHVR,-7518.75,5051,-253
119,multi_regime,S14,SHVR,-4822.0,5024,-228
119,multi_regime,S15,SNPR,-725.0,1122,-68
119,multi_regime,S16,SNPR,-523.75,1105,-45
119,multi_regime,S17,SNPR,-1178.25,1115,-91
119,multi_regime,S18,SNPR,-1690.5,1130,-34
119,multi_regime,S19,SNPR,-188.5,1094,-66
119,multi_regime,Z20,ZIP,3111.25,4137,-381
119,multi_regime,Z21,ZIP,4734.5,3790,-82
119,multi_regime,Z22,ZIP,6751.25,3777,-69
119,multi_regime,Z23,ZIP,5845.0,3826,4
119,multi_regime,Z24,ZIP,5603.25,3953,-169
119,multi_regime,P25,PRSH,4300.25,365,259
119,multi_regime,P26,PRSH,9259.75,3143,589
119,multi_regime,P27,PRSH,9864.5,2606,786
119,multi_regime,P28,PRSH,6950.0,1348,476
119,multi_regime,P29,PRSH,8969.25,2011,683
120,multi_regime,G00,GVWY,-7194.45,5963,-461
120,multi_regime,G01,GVWY,-7870.15,5983,-567
120,multi_regime,G02,GVWY,-7463.5,5970,-430
120,multi_regime,G03,GVWY,-5316.15,5983,-547
120,multi_regime,G04,GVWY,-7022.9,5956,-442
120,multi_regime,Z05,ZIC,1871.75,633,315
120,multi_regime,Z06,ZIC,1951.25,727,365
120,multi_regime,Z07,ZIC,2126.95,715,331
120,multi_regime,Z08,ZIC,2528.8,734,364
120,multi_regime,Z09,ZIC,2516.7,612,266
120,multi_regime,S10,SHVR,-6797.7,5136,-266
120,multi_regime,S11,SHVR,-1093.55,5151,-99
120,multi_regime,S12,SHVR,-5911.65,5177,-197
120,multi_regime,S13,SHVR,-3052.95,5115,-231
120,multi_regime,S14,SHVR,-5289.45,5129,-201
120,multi_regime,S15,SNPR,-482.9,1128,-82
120,multi_regime,S16,SNPR,-267.0,1110,40
120,multi_regime,S17,SNPR,-1549.35,1093,-43
120,multi_regime,S18,SNPR,-1593.2,1140,-76
120,multi_regime,S19,SNPR,306.5,1130,-50
120,multi_regime,Z20,ZIP,5879.5,3966,70
120,multi_regime,Z21,ZIP,5191.2,3934,-4
120,multi_regime,Z22,ZIP,8477.3,3692,-126
120,multi_regime,Z23,ZIP,7891.65,4093,-283
120,multi_regime,Z24,ZIP,6955.85,3823,13
120,multi_regime,P25,PRSH,5147.3,2398,734
120,multi_regime,P26,PRSH,1680.3,428,274
120,multi_regime,P27,PRSH,6469.5,1506,730
120,multi_regime,P28,PRSH,2939.9,744,322
120,multi_regime,P29,PRSH,2031.45,4963,161
121,multi_regime,G00,GVWY,-9883.15,5867,-419
121,multi_regime,G01,GVWY,-10528.2,5860,-472
121,multi_regime,G02,GVWY,-11401.05,5849,-353
121,multi_regime,G03,GVWY,-8094.0,5918,-420
121,multi_regime,G04,GVWY,-10369.0,5918,-480
121,multi_regime,Z05,ZIC,4115.5,668,290
121,multi_regime,Z06,ZIC,4881.75,663,315
121,multi_regime,Z07,ZIC,4380.25,661,265
121,multi_regime,Z08,ZIC,3811.7,668,282
121,multi_regime,Z09,ZIC,4188.3,682,358
121,multi_regime,S10,SHVR,-6294.2,5000,-72
121,multi_regime,S11,SHVR,-8004.9,5120,-154
121,multi_regime,S12,SHVR,-3419.5,4966,-210
121,multi_regime,S13,SHVR,-7811.35,4967,-231
121,multi_regime,S14,SHVR,-7577.4,4982,-344
121,multi_regime,S15,SNPR,-2915.45,1131,-97
121,multi_regime,S16,SNPR,-1123.45,1121,-97
121,multi_regime,S17,SNPR,-45.7,1118,-2
121,multi_regime,S18,SNPR,-644.85,1111,-61
121,multi_regime,S19,SNPR,-1748.25,1145,-45
121,multi_regime,Z20,ZIP,5552.95,3869,-113
121,multi_regime,Z21,ZIP,4867.95,3647,-113
121,multi_regime,Z22,ZIP,7499.7,3870,-78
121,multi_regime,Z23,ZIP,8070.0,4032,-200
121,multi_regime,Z24,ZIP,7517.45,3757,-43
121,multi_regime,P25,PRSH,9176.15,615,459
121,multi_regime,P26,PRSH,6927.45,479,377
121,multi_regime,P27,PRSH,8009.25,3575,665
121,multi_regime,P28,PRSH,3968.65,681,289
121,multi_regime,P29,PRSH,8156.5,1592,550
122,multi_regime,G00,GVWY,-5158.65,5991,-367
122,multi_regime,G01,GVWY,-5654.85,5921,-443
122,multi_regime,G02,GVWY,-3437.05,5943,-379
122,multi_regime,G03,GVWY,-6685.75,5917,-465
122,multi_regime,G04,GVWY,-4568.55,5911,-489
122,multi_regime,Z05,ZIC,953.7,682,326
122,multi_regime,Z06,ZIC,192.9,640,322
122,multi_regime,Z07,ZIC,1410.95,673,261
122,multi_regime,Z08,ZIC,614.0,636,340
122,multi_regime,Z09,ZIC,593.55,635,269
122,multi_regime,S10,SHVR,-2916.05,5111,-139
122,multi_regime,S11,SHVR,-3020.75,5057,-145
122,multi_regime,S12,SHVR,-4815.55,5083,-69
122,multi_regime,S13,SHVR,-5880.45,5089,-251
122,multi_regime,S14,SHVR,-5402.3,5030,-154
122,multi_regime,S15,SNPR,-1437.35,1119,-93
122,multi_regime,S16,SNPR,-1778.75,1141,-85
122,multi_regime,S17,SNPR,-635.25,1097,-15
122,multi_regime,S18,SNPR,-1142.7,1148,-26
122,multi_regime,S19,SNPR,-823.3,1136,-34
122,multi_regime,Z20,ZIP,8521.3,3810,-66
122,multi_regime,Z21,ZIP,5540.65,3759,7
122,multi_regime,Z22,ZIP,9156.6,3860,-12
122,multi_regime,Z23,ZIP,11621.85,4067,-477
122,multi_regime,Z24,ZIP,10319.75,3805,-95
122,multi_regime,P25,PRSH,1273.35,1039,433
122,multi_regime,P26,PRSH,572.05,517,319
122,multi_regime,P27,PRSH,861.55,1093,469
122,multi_regime,P28,PRSH,2951.95,531,441
122,multi_regime,P29,PRSH,2081.05,4197,459
123,multi_regime,G00,GVWY,1171.0,5926,-440
123,multi_regime,G01,GVWY,3894.85,5931,-413
123,multi_regime,G02,GVWY,4121.95,5887,-511
123,multi_regime,G03,GVWY,-2770.85,5917,-247
123,multi_regime,G04,GVWY,4801.75,5889,-475
123,multi_regime,Z05,ZIC,-4748.2,680,256
123,multi_regime,Z06,ZIC,-5663.8,654,304
123,multi_regime,Z07,ZIC,-5473.35,651,303
123,multi_regime,Z08,ZIC,-6123.65,705,337
123,multi_regime,Z09,ZIC,-5624.55,637,299
123,multi_regime,S10,SHVR,10.0,5094,-180
123,multi_regime,S11,SHVR,1635.55,5033,-259
123,multi_regime,S12,SHVR,1130.6,5126,-308
123,multi_regime,S13,SHVR,-1347.3,5086,-66
123,multi_regime,S14,SHVR,-1941.75,5085,-85
123,multi_regime,S15,SNPR,3039.6,1136,-128
123,multi_regime,S16,SNPR,-207.25,1127,-35
123,multi_regime,S17,SNPR,2701.7,1120,-46
123,multi_regime,S18,SNPR,3287.75,1105,-75
123,multi_regime,S19,SNPR,1996.75,1131,-75
123,multi_regime,Z20,ZIP,8162.0,3914,-60
123,multi_regime,Z21,ZIP,20855.75,3987,-435
123,multi_regime,Z22,ZIP,11173.55,3953,-159
123,multi_regime,Z23,ZIP,11317.75,3829,-155
123,multi_regime,Z24,ZIP,7893.0,4074,-20
123,multi_regime,P25,PRSH,-12055.45,1925,681
123,multi_regime,P26,PRSH,-13175.85,3327,693
123,multi_regime,P27,PRSH,-6851.25,669,365
123,multi_regime,P28,PRSH,-4422.7,424,266
123,multi_regime,P29,PRSH,-10263.3,1194,534
124,multi_regime,G00,GVWY,-10735.0,5871,-275
124,multi_regime,G01,GVWY,-6286.2,5884,-258
124,multi_regime,G02,GVWY,-8391.2,5873,-373
124,multi_regime,G03,GVWY,-6694.8,5927,-517
124,multi_regime,G04,GVWY,-9889.8,5894,-432
124,multi_regime,Z05,ZIC,4135.8,651,237
124,multi_regime,Z06,ZIC,2714.4,672,386
124,multi_regime,Z07,ZIC,4091.6,619,249
124,multi_regime,Z08,ZIC,4165.2,597,283
124,multi_regime,Z09,ZIC,2799.0,665,275
124,multi_regime,S10,SHVR,-1191.2,4995,-123
124,multi_regime,S11,SHVR,-7001.2,4999,-213
124,multi_regime,S12,SHVR,-6120.0,5035,-315
124,multi_regime,S13,SHVR,-5133.0,4985,-235
124,multi_regime,S14,SHVR,-3830.0,4972,-220
124,multi_regime,S15,SNPR,-1868.6,1098,-54
124,multi_regime,S16,SNPR,-2146.2,1136,-28
124,multi_regime,S17,SNPR,-1105.2,1099,-83
124,multi_regime,S18,SNPR,-2224.6,1123,-59
124,multi_regime,S19,SNPR,-958.8,1130,-22
124,multi_regime,Z20,ZIP,6568.2,3727,-127
124,multi_regime,Z21,ZIP,6392.4,3950,-174
124,multi_regime,Z22,ZIP,3883.2,3942,-42
124,multi_regime,Z23,ZIP,7513.2,3642,-142
124,multi_regime,Z24,ZIP,5510.0,3744,-70
124,multi_regime,P25,PRSH,3931.6,481,319
124,multi_regime,P26,PRSH,4957.0,877,375
124,multi_regime,P27,PRSH,3985.6,385,289
124,multi_regime,P28,PRSH,5473.6,1563,509
124,multi_regime,P29,PRSH,9071.8,3040,732
125,multi_regime,G00,GVWY,-11448.7,5869,-121
125,multi_regime,G01,GVWY,-8285.6,5946,-518
125,multi_regime,G02,GVWY,-9903.0,5848,-360
125,multi_regime,G03,GVWY,-11462.0,5904,-710
125,multi_regime,G04,GVWY,-9297.9,5925,-737
125,multi_regime,Z05,ZIC,4096.9,659,277
125,multi_regime,Z06,ZIC,4318.6,632,248
125,multi_regime,Z07,ZIC,2763.5,585,215
125,multi_regime,Z08,ZIC,3695.3,623,279
125,multi_regime,Z09,ZIC,2447.8,594,234
125,multi_regime,S10,SHVR,-2748.4,5000,-272
125,multi_regime,S11,SHVR,-4939.9,4969,-67
125,multi_regime,S12,SHVR,-5939.8,4998,-324
125,multi_regime,S13,SHVR,-5274.3,5013,-199
125,multi_regime,S14,SHVR,-3838.4,4992,-442
125,multi_regime,S15,SNPR,-1413.3,1109,-39
125,multi_regime,S16,SNPR,-1492.4,1130,-102
125,multi_regime,S17,SNPR,-2155.8,1112,-44
125,multi_regime,S18,SNPR,-640.2,1108,-56
125,multi_regime,S19,SNPR,-917.6,1122,-78
125,multi_regime,Z20,ZIP,5746.3,3783,109
125,multi_regime,Z21,ZIP,4763.7,3847,91
125,multi_regime,Z22,ZIP,5238.2,3780,-44
125,multi_regime,Z23,ZIP,5777.0,3786,-60
125,multi_regime,Z24,ZIP,6422.9,3739,-43
125,multi_regime,P25,PRSH,4536.6,1066,428
125,multi_regime,P26,PRSH,10228.6,1978,738
125,multi_regime,P27,PRSH,3910.0,368,290
125,multi_regime,P28,PRSH,12101.7,1795,811
125,multi_regime,P29,PRSH,4721.0,430,330
126,multi_regime,G00,GVWY,-7537.0,5884,-450
126,multi_regime,G01,GVWY,-8122.0,5890,-460
126,multi_regime,G02,GVWY,-10189.6,5840,-444
126,multi_regime,G03,GVWY,-5030.3,5885,-347
126,multi_regime,G04,GVWY,-7984.6,5876,-474
126,multi_regime,Z05,ZIC,3839.2,656,278
126,multi_regime,Z06,ZIC,3115.0,588,250
126,multi_regime,Z07,ZIC,3817.6,634,264
126,multi_regime,Z08,ZIC,3489.7,607,293
126,multi_regime,Z09,ZIC,4947.5,707,285
126,multi_regime,S10,SHVR,-6947.7,5019,-133
126,multi_regime,S11,SHVR,-6069.2,4930,-388
126,multi_regime,S12,SHVR,-7332.9,4999,-131
126,multi_regime,S13,SHVR,-4448.0,4940,-280
126,multi_regime,S14,SHVR,-5359.9,5017,-81
126,multi_regime,S15,SNPR,-1795.7,1119,-83
126,multi_regime,S16,SNPR,-1064.5,1139,-25
126,multi_regime,S17,SNPR,-2211.0,1132,-40
126,multi_regime,S18,SNPR,48.9,1113,-29
126,multi_regime,S19,SNPR,-718.0,1146,10
126,multi_regime,Z20,ZIP,7220.8,3780,-18
126,multi_regime,Z21,ZIP,4632.8,3900,-88
126,multi_regime,Z22,ZIP,7470.9,3625,-59
126,multi_regime,Z23,ZIP,6628.5,3827,-115
126,multi_regime,Z24,ZIP,6752.2,3744,-12
126,multi_regime,P25,PRSH,4729.3,1247,517
126,multi_regime,P26,PRSH,3788.1,505,279
126,multi_regime,P27,PRSH,4626.4,400,326
126,multi_regime,P28,PRSH,3174.1,789,309
126,multi_regime,P29,PRSH,8321.6,812,674
127,multi_regime,G00,GVWY,-14013.4,5941,-417
127,multi_regime,G01,GVWY,-12660.0,5884,-380
127,multi_regime,G02,GVWY,-13591.2,5943,-341
127,multi_regime,G03,GVWY,-14101.4,5981,-447
127,multi_regime,G04,GVWY,-17925.8,5918,-634
127,multi_regime,Z05,ZIC,9351.2,653,311
127,multi_regime,Z06,ZIC,7623.6,691,323
127,multi_regime,Z07,ZIC,6567.2,663,301
127,multi_regime,Z08,ZIC,7206.2,679,301
127,multi_regime,Z09,ZIC,6881.4,633,307
127,multi_regime,S10,SHVR,-10809.8,4990,-264
127,multi_regime,S11,SHVR,-9533.6,4958,-238
127,multi_regime,S12,SHVR,-8486.2,4971,-171
127,multi_regime,S13,SHVR,-8123.2,5014,-146
127,multi_regime,S14,SHVR,-9018.4,5044,-382
127,multi_regime,S15,SNPR,-833.2,1111,-31
127,multi_regime,S16,SNPR,-1948.6,1113,-23
127,multi_regime,S17,SNPR,-1177.8,1117,-69
127,multi_regime,S18,SNPR,-681.0,1122,-50
127,multi_regime,S19,SNPR,-2042.4,1114,-62
127,multi_regime,Z20,ZIP,5646.0,3935,-125
127,multi_regime,Z21,ZIP,6493.2,3712,16
127,multi_regime,Z22,ZIP,8878.6,3824,148
127,multi_regime,Z23,ZIP,7953.2,3837,-19
127,multi_regime,Z24,ZIP,6865.6,3963,-117
127,multi_regime,P25,PRSH,15569.4,1972,562
127,multi_regime,P26,PRSH,10706.8,912,404
127,multi_regime,P27,PRSH,9657.0,4146,520
127,multi_regime,P28,PRSH,7004.4,375,287
127,multi_regime,P29,PRSH,8722.6,427,323
128,multi_regime,G00,GVWY,-22536.8,5943,-451
128,multi_regime,G01,GVWY,-27998.6,5972,-632
128,multi_regime,G02,GVWY,-22996.2,5968,-614
128,multi_regime,G03,GVWY,-19435.0,5912,-410
128,multi_regime,G04,GVWY,-22802.4,5936,-488
128,multi_regime,Z05,ZIC,10961.8,612,286
128,multi_regime,Z06,ZIC,11409.4,631,273
128,multi_regime,Z07,ZIC,8892.4,605,193
128,multi_regime,Z08,ZIC,9266.2,650,224
128,multi_regime,Z09,ZIC,9889.6,608,242
128,multi_regime,S10,SHVR,-9749.6,5024,-272
128,multi_regime,S11,SHVR,-10527.4,5090,-198
128,multi_regime,S12,SHVR,-12223.6,5056,-202
128,multi_regime,S13,SHVR,-3311.2,4997,-49
128,multi_regime,S14,SHVR,-14087.6,5099,-247
128,multi_regime,S15,SNPR,-2253.2,1091,-69
128,multi_regime,S16,SNPR,-4653.8,1086,-116
128,multi_regime,S17,SNPR,-3417.6,1115,-47
128,multi_regime,S18,SNPR,-3251.0,1081,-35
128,multi_regime,S19,SNPR,-1365.0,1083,-65
128,multi_regime,Z20,ZIP,5978.0,3963,25
128,multi_regime,Z21,ZIP,8942.4,3713,73
128,multi_regime,Z22,ZIP,6019.0,3663,-15
128,multi_regime,Z23,ZIP,6166.8,3726,46
128,multi_regime,Z24,ZIP,2618.6,3767,-123
128,multi_regime,P25,PRSH,1349.6,4460,52
128,multi_regime,P26,PRSH,26767.6,2464,762
128,multi_regime,P27,PRSH,40377.8,1602,1016
128,multi_regime,P28,PRSH,18505.0,1316,460
128,multi_regime,P29,PRSH,11254.0,579,265
129,multi_regime,G00,GVWY,-5524.0,5920,-448
129,multi_regime,G01,GVWY,-7176.0,5914,-460
129,multi_regime,G02,GVWY,-7348.0,5940,-392
129,multi_regime,G03,GVWY,-9367.0,5884,-464
129,multi_regime,G04,GVWY,-6623.25,5883,-471
129,multi_regime,Z05,ZIC,3266.25,647,231
129,multi_regime,Z06,ZIC,3449.75,635,301
129,multi_regime,Z07,ZIC,3207.0,686,280
129,multi_regime,Z08,ZIC,2949.75,643,317
129,multi_regime,Z09,ZIC,4124.75,665,261
129,multi_regime,S10,SHVR,-2022.25,4969,-131
129,multi_regime,S11,SHVR,-5622.75,5033,-233
129,multi_regime,S12,SHVR,-3954.5,4996,-210
129,multi_regime,S13,SHVR,-4292.25,5013,-211
129,multi_regime,S14,SHVR,-4510.5,4978,-294
129,multi_regime,S15,SNPR,-2155.5,1156,-98
129,multi_regime,S16,SNPR,-726.0,1108,-36
129,multi_regime,S17,SNPR,-1093.75,1121,-9
129,multi_regime,S18,SNPR,-1265.0,1110,-64
129,multi_regime,S19,SNPR,40.25,1103,-1
129,multi_regime,Z20,ZIP,6768.0,3758,-44
129,multi_regime,Z21,ZIP,3793.25,3927,59
129,multi_regime,Z22,ZIP,7118.0,3716,16
129,multi_regime,Z23,ZIP,3680.75,3837,21
129,multi_regime,Z24,ZIP,5225.5,3766,-170
129,multi_regime,P25,PRSH,2883.25,363,255
129,multi_regime,P26,PRSH,2514.5,370,266
129,multi_regime,P27,PRSH,4139.5,404,326
129,multi_regime,P28,PRSH,5975.25,2139,555
129,multi_regime,P29,PRSH,5106.25,2325,663
130,multi_regime,G00,GVWY,-17101.6,5928,-592
130,multi_regime,G01,GVWY,-19623.7,5935,-579
130,multi_regime,G02,GVWY,-17843.4,5912,-508
130,multi_regime,G03,GVWY,-16472.8,5808,-466
130,multi_regime,G04,GVWY,-16724.0,5862,-600
130,multi_regime,Z05,ZIC,7047.4,622,278
130,multi_regime,Z06,ZIC,7566.9,673,313
130,multi_regime,Z07,ZIC,7259.3,637,231
130,multi_regime,Z08,ZIC,6316.2,622,264
130,multi_regime,Z09,ZIC,6841.8,606,256
130,multi_regime,S10,SHVR,-8963.6,4956,-152
130,multi_regime,S11,SHVR,-6905.6,4902,-222
130,multi_regime,S12,SHVR,-5534.5,4963,-95
130,multi_regime,S13,SHVR,-8417.9,4965,-223
130,multi_regime,S14,SHVR,-7392.2,5006,-244
130,multi_regime,S15,SNPR,-1061.7,1093,-29
130,multi_regime,S16,SNPR,-134.5,1103,-45
130,multi_regime,S17,SNPR,-345.9,1123,-33
130,multi_regime,S18,SNPR,-2089.6,1088,-82
130,multi_regime,S19,SNPR,384.9,1071,-17
130,multi_regime,Z20,ZIP,6828.1,3683,7
130,multi_regime,Z21,ZIP,1909.1,3719,-43
130,multi_regime,Z22,ZIP,2206.9,3761,-97
130,multi_regime,Z23,ZIP,4506.7,3801,-21
130,multi_regime,Z24,ZIP,6855.5,3721,-45
130,multi_regime,P25,PRSH,14511.1,1605,627
130,multi_regime,P26,PRSH,7330.0,368,240
130,multi_regime,P27,PRSH,8909.7,669,279
130,multi_regime,P28,PRSH,18014.4,2936,688
130,multi_regime,P29,PRSH,21518.5,993,765
131,multi_regime,G00,GVWY,-606.65,5895,-527
131,multi_regime,G01,GVWY,444.3,5942,-586
131,multi_regime,G02,GVWY,-3124.1,5880,-418
131,multi_regime,G03,GVWY,1345.05,5869,-541
131,multi_regime,G04,GVWY,897.2,5894,-544
131,multi_regime,Z05,ZIC,-1688.25,659,325
131,multi_regime,Z06,ZIC,-204.1,604,242
131,multi_regime,Z07,ZIC,-1275.35,613,247
131,multi_regime,Z08,ZIC,261.85,611,243
131,multi_regime,Z09,ZIC,-1594.9,656,278
131,multi_regime,S10,SHVR,-3560.75,5039,-125
131,multi_regime,S11,SHVR,-4281.35,5023,-153
131,multi_regime,S12,SHVR,-1389.2,5026,-376
131,multi_regime,S13,SHVR,-1989.9,4986,-162
131,multi_regime,S14,SHVR,-3575.0,4978,-200
131,multi_regime,S15,SNPR,66.5,1108,-30
131,multi_regime,S16,SNPR,1179.85,1111,-97
131,multi_regime,S17,SNPR,-283.1,1102,-38
131,multi_regime,S18,SNPR,126.45,1121,-49
131,multi_regime,S19,SNPR,-1273.7,1144,-6
131,multi_regime,Z20,ZIP,5859.9,3744,2
131,multi_regime,Z21,ZIP,6468.4,3924,-108
131,multi_regime,Z22,ZIP,9988.55,3833,-171
131,multi_regime,Z23,ZIP,4472.55,3795,49
131,multi_regime,Z24,ZIP,7229.05,3701,-81
131,multi_regime,P25,PRSH,-2468.25,907,745
131,multi_regime,P26,PRSH,-533.95,637,299
131,multi_regime,P27,PRSH,-1838.95,797,399
131,multi_regime,P28,PRSH,-3734.65,3489,613
131,multi_regime,P29,PRSH,-1430.35,1983,607
132,multi_regime,G00,GVWY,-9188.0,5922,-524
132,multi_regime,G01,GVWY,-10294.0,5884,-384
132,multi_regime,G02,GVWY,-10429.0,5886,-468
132,multi_regime,G03,GVWY,-9360.5,5954,-510
132,multi_regime,G04,GVWY,-12357.25,5945,-561
132,multi_regime,Z05,ZIC,4176.5,618,274
132,multi_regime,Z06,ZIC,4415.5,642,314
132,multi_regime,Z07,ZIC,4485.25,615,281
132,multi_regime,Z08,ZIC,3963.5,660,282
132,multi_regime,Z09,ZIC,3575.75,659,247
132,multi_regime,S10,SHVR,-9396.5,5006,-250
132,multi_regime,S11,SHVR,-5666.25,5023,-181
132,multi_regime,S12,SHVR,-4650.5,5066,-222
132,multi_regime,S13,SHVR,-6034.75,4999,-211
132,multi_regime,S14,SHVR,-7089.5,4988,-134
132,multi_regime,S15,SNPR,-329.0,1120,-32
132,multi_regime,S16,SNPR,-107.75,1087,-71
132,multi_regime,S17,SNPR,-1782.25,1091,-41
132,multi_regime,S18,SNPR,-1230.0,1106,-56
132,multi_regime,S19,SNPR,-1353.0,1122,-44
132,multi_regime,Z20,ZIP,6166.25,3775,-7
132,multi_regime,Z21,ZIP,8071.75,3727,-21
132,multi_regime,Z22,ZIP,7696.5,3864,-98
132,multi_regime,Z23,ZIP,5484.25,3703,-23
132,multi_regime,Z24,ZIP,4739.0,3892,-92
132,multi_regime,P25,PRSH,4219.75,339,211
132,multi_regime,P26,PRSH,6976.0,1630,428
132,multi_regime,P27,PRSH,11926.75,2071,763
132,multi_regime,P28,PRSH,7879.0,1480,532
132,multi_regime,P29,PRSH,7913.5,574,466
133,multi_regime,G00,GVWY,-7180.6,5908,-464
133,multi_regime,G01,GVWY,-5637.8,6006,-432
133,multi_regime,G02,GVWY,-4211.45,5923,-533
133,multi_regime,G03,GVWY,-10164.65,5965,-421
133,multi_regime,G04,GVWY,-7205.1,5938,-314
133,multi_regime,Z05,ZIC,1902.35,677,299
133,multi_regime,Z06,ZIC,2068.4,658,296
133,multi_regime,Z07,ZIC,2319.4,686,336
133,multi_regime,Z08,ZIC,2013.95,643,303
133,multi_regime,Z09,ZIC,2799.6,664,304
133,multi_regime,S10,SHVR,-3359.9,5058,-266
133,multi_regime,S11,SHVR,-4708.55,5089,-247
133,multi_regime,S12,SHVR,-5207.0,5072,0
133,multi_regime,S13,SHVR,-4486.9,5028,-246
133,multi_regime,S14,SHVR,-4274.45,5071,-193
133,multi_regime,S15,SNPR,-1900.8,1086,28
133,multi_regime,S16,SNPR,-1721.6,1126,-64
133,multi_regime,S17,SNPR,-1280.6,1122,-24
133,multi_regime,S18,SNPR,-876.25,1115,-5
133,multi_regime,S19,SNPR,204.35,1129,-81
133,multi_regime,Z20,ZIP,6003.1,3818,-46
133,multi_regime,Z21,ZIP,8450.7,3902,-162
133,multi_regime,Z22,ZIP,7681.65,3903,21
133,multi_regime,Z23,ZIP,7392.9,3806,-14
133,multi_regime,Z24,ZIP,6002.5,3974,-170
133,multi_regime,P25,PRSH,3992.65,1275,521
133,multi_regime,P26,PRSH,2949.85,945,429
133,multi_regime,P27,PRSH,3356.2,400,288
133,multi_regime,P28,PRSH,2986.2,806,368
133,multi_regime,P29,PRSH,5204.3,4058,342
134,multi_regime,G00,GVWY,-8362.1,5839,-141
134,multi_regime,G01,GVWY,-9542.0,5828,-440
134,multi_regime,G02,GVWY,-9467.6,5890,-436
134,multi_regime,G03,GVWY,-8545.8,5890,-498
134,multi_regime,G04,GVWY,-6967.0,5852,-400
134,multi_regime,Z05,ZIC,3827.1,637,301
134,multi_regime,Z06,ZIC,3336.1,661,261
134,multi_regime,Z07,ZIC,2935.9,631,299
134,multi_regime,Z08,ZIC,3286.5,649,275
134,multi_regime,Z09,ZIC,3952.6,656,256
134,multi_regime,S10,SHVR,-5868.2,4966,-132
134,multi_regime,S11,SHVR,-5242.2,4942,-262
134,multi_regime,S12,SHVR,-5508.0,4890,-140
134,multi_regime,S13,SHVR,-5175.5,4957,-65
134,multi_regime,S14,SHVR,-906.2,4940,-102
134,multi_regime,S15,SNPR,-1887.5,1109,-95
134,multi_regime,S16,SNPR,-364.9,1133,-79
134,multi_regime,S17,SNPR,-1646.5,1093,-105
134,multi_regime,S18,SNPR,-1203.1,1087,-1
134,multi_regime,S19,SNPR,-986.6,1114,-56
134,multi_regime,Z20,ZIP,6790.6,3654,-134
134,multi_regime,Z21,ZIP,6026.0,3996,20
134,multi_regime,Z22,ZIP,6505.2,3774,-68
134,multi_regime,Z23,ZIP,7045.7,3673,-33
134,multi_regime,Z24,ZIP,6236.4,3970,-176
134,multi_regime,P25,PRSH,3818.5,359,245
134,multi_regime,P26,PRSH,3341.1,379,301
134,multi_regime,P27,PRSH,3281.2,404,252
134,multi_regime,P28,PRSH,7032.0,568,440
134,multi_regime,P29,PRSH,7207.7,2163,577
135,multi_regime,G00,GVWY,2767.35,5843,-541
135,multi_regime,G01,GVWY,2843.8,5834,-548
135,multi_regime,G02,GVWY,5383.65,5851,-699
135,multi_regime,G03,GVWY,2174.9,5916,-534
135,multi_regime,G04,GVWY,908.6,5856,-516
135,multi_regime,Z05,ZIC,-2044.25,677,315
135,multi_regime,Z06,ZIC,-775.45,585,187
135,multi_regime,Z07,ZIC,-2362.6,624,296
135,multi_regime,Z08,ZIC,-2429.55,641,273
135,multi_regime,Z09,ZIC,-3145.55,601,273
135,multi_regime,S10,SHVR,-1328.6,4852,-164
135,multi_regime,S11,SHVR,-3338.7,4926,-138
135,multi_regime,S12,SHVR,-2908.2,4892,-108
135,multi_regime,S13,SHVR,2659.4,4958,-364
135,multi_regime,S14,SHVR,-1704.75,4985,-275
135,multi_regime,S15,SNPR,-427.0,1116,-80
135,multi_regime,S16,SNPR,983.25,1157,-75
135,multi_regime,S17,SNPR,-1775.0,1110,0
135,multi_regime,S18,SNPR,1718.75,1103,-85
135,multi_regime,S19,SNPR,-712.0,1108,0
135,multi_regime,Z20,ZIP,5238.85,3709,-71
135,multi_regime,Z21,ZIP,5198.0,3800,-20
135,multi_regime,Z22,ZIP,6336.45,3733,-107
135,multi_regime,Z23,ZIP,4378.0,3752,80
135,multi_regime,Z24,ZIP,7590.35,3861,-1
135,multi_regime,P25,PRSH,-1625.45,729,267
135,multi_regime,P26,PRSH,-6958.9,1732,854
135,multi_regime,P27,PRSH,-3686.9,1290,494
135,multi_regime,P28,PRSH,-6848.05,2151,863
135,multi_regime,P29,PRSH,-1710.2,374,252
136,multi_regime,G00,GVWY,-8038.85,5993,-339
136,multi_regime,G01,GVWY,-9863.15,5959,-381
136,multi_regime,G02,GVWY,-9422.1,5944,-354
136,multi_regime,G03,GVWY,-6875.85,5995,-339
136,multi_regime,G04,GVWY,-8629.55,6013,-437
136,multi_regime,Z05,ZIC,3213.45,681,363
136,multi_regime,Z06,ZIC,2798.35,667,329
136,multi_regime,Z07,ZIC,3975.6,662,324
136,multi_regime,Z08,ZIC,4065.4,696,336
136,multi_regime,Z09,ZIC,3055.35,657,229
136,multi_regime,S10,SHVR,-4994.85,5147,-99
136,multi_regime,S11,SHVR,-5211.65,5087,-251
136,multi_regime,S12,SHVR,-7345.4,5114,-96
136,multi_regime,S13,SHVR,-7539.4,5200,-116
136,multi_regime,S14,SHVR,-7923.5,5082,-150
136,multi_regime,S15,SNPR,-1880.4,1100,24
136,multi_regime,S16,SNPR,-652.05,1125,-47
136,multi_regime,S17,SNPR,-1387.15,1111,-21
136,multi_regime,S18,SNPR,-479.7,1108,2
136,multi_regime,S19,SNPR,-1080.85,1125,-39
136,multi_regime,Z20,ZIP,8828.3,3986,-198
136,multi_regime,Z21,ZIP,9054.4,3776,-4
136,multi_regime,Z22,ZIP,7838.95,4149,-367
136,multi_regime,Z23,ZIP,9821.25,3727,-265
136,multi_regime,Z24,ZIP,6742.55,3911,-103
136,multi_regime,P25,PRSH,8034.95,2815,573
136,multi_regime,P26,PRSH,2703.35,4745,329
136,multi_regime,P27,PRSH,4718.3,450,362
136,multi_regime,P28,PRSH,4301.2,648,328
136,multi_regime,P29,PRSH,4232.95,551,313
137,multi_regime,G00,GVWY,-2897.2,5879,-407
137,multi_regime,G01,GVWY,-2282.0,5843,-305
137,multi_regime,G02,GVWY,215.6,5876,-654
137,multi_regime,G03,GVWY,-1303.8,5867,-373
137,multi_regime,G04,GVWY,-997.2,5881,-457
137,multi_regime,Z05,ZIC,-376.2,632,288
137,multi_regime,Z06,ZIC,-1055.0,678,340
137,multi_regime,Z07,ZIC,-829.8,645,267
137,multi_regime,Z08,ZIC,-319.0,649,315
137,multi_regime,Z09,ZIC,-400.8,675,297
137,multi_regime,S10,SHVR,-3957.8,4960,-108
137,multi_regime,S11,SHVR,-3858.4,4916,-184
137,multi_regime,S12,SHVR,-729.2,4979,-307
137,multi_regime,S13,SHVR,-4823.0,4993,-195
137,multi_regime,S14,SHVR,-1580.4,5043,-309
137,multi_regime,S15,SNPR,1039.8,1069,3
137,multi_regime,S16,SNPR,-2410.4,1122,16
137,multi_regime,S17,SNPR,1075.6,1107,-79
137,multi_regime,S18,SNPR,-640.4,1105,-39
137,multi_regime,S19,SNPR,-48.2,1121,-87
137,multi_regime,Z20,ZIP,3766.0,3821,45
137,multi_regime,Z21,ZIP,4336.4,3711,99
137,multi_regime,Z22,ZIP,7551.6,3915,-139
137,multi_regime,Z23,ZIP,10061.4,3643,-281
137,multi_regime,Z24,ZIP,6818.2,3752,52
137,multi_regime,P25,PRSH,254.6,421,291
137,multi_regime,P26,PRSH,-849.6,1073,389
137,multi_regime,P27,PRSH,-948.0,832,370
137,multi_regime,P28,PRSH,-155.6,592,274
137,multi_regime,P29,PRSH,-116.6,1332,674
138,multi_regime,G00,GVWY,-21503.1,5920,-506
138,multi_regime,G01,GVWY,-19845.05,5881,-353
138,multi_regime,G02,GVWY,-18720.05,5967,-373
138,multi_regime,G03,GVWY,-18651.8,5902,-448
138,multi_regime,G04,GVWY,-21395.75,5873,-435
138,multi_regime,Z05,ZIC,10631.4,652,264
138,multi_regime,Z06,ZIC,12557.35,677,311
138,multi_regime,Z07,ZIC,12374.7,658,322
138,multi_regime,Z08,ZIC,10697.7,652,282
138,multi_regime,Z09,ZIC,12086.95,657,327
138,multi_regime,S10,SHVR,-14377.75,5103,-215
138,multi_regime,S11,SHVR,-8157.45,5063,-97
138,multi_regime,S12,SHVR,-9361.5,5074,-110
138,multi_regime,S13,SHVR,-9605.3,5084,-198
138,multi_regime,S14,SHVR,-11208.05,5063,-213
138,multi_regime,S15,SNPR,-2844.0,1102,-60
138,multi_regime,S16,SNPR,-2015.0,1074,-40
138,multi_regime,S17,SNPR,-3328.15,1077,-59
138,multi_regime,S18,SNPR,-2896.65,1083,-89
138,multi_regime,S19,SNPR,-3791.15,1091,-99
138,multi_regime,Z20,ZIP,3670.6,3854,-104
138,multi_regime,Z21,ZIP,3017.15,3713,-61
138,multi_regime,Z22,ZIP,1926.8,3872,-272
138,multi_regime,Z23,ZIP,1059.35,3719,-129
138,multi_regime,Z24,ZIP,-1009.95,3769,-207
138,multi_regime,P25,PRSH,26421.95,1957,667
138,multi_regime,P26,PRSH,12664.05,699,313
138,multi_regime,P27,PRSH,38315.55,1561,923
138,multi_regime,P28,PRSH,13124.15,873,319
138,multi_regime,P29,PRSH,10424.45,351,237
139,multi_regime,G00,GVWY,-10465.5,5902,-362
139,multi_regime,G01,GVWY,-8542.75,6011,-325
139,multi_regime,G02,GVWY,-11254.5,5912,-534
139,multi_regime,G03,GVWY,-12789.25,5957,-495
139,multi_regime,G04,GVWY,-10686.25,5943,-495
139,multi_regime,Z05,ZIC,4329.25,623,311
139,multi_regime,Z06,ZIC,5887.25,667,299
139,multi_regime,Z07,ZIC,5252.25,661,295
139,multi_regime,Z08,ZIC,4298.75,697,361
139,multi_regime,Z09,ZIC,4940.75,661,277
139,multi_regime,S10,SHVR,-3448.5,5040,-182
139,multi_regime,S11,SHVR,-6719.5,5060,-58
139,multi_regime,S12,SHVR,-7469.75,4993,-305
139,multi_regime,S13,SHVR,-4222.5,5056,-70
139,multi_regime,S14,SHVR,-6925.0,5110,-260
139,multi_regime,S15,SNPR,-395.0,1106,0
139,multi_regime,S16,SNPR,-891.75,1125,15
139,multi_regime,S17,SNPR,-2330.5,1128,-34
139,multi_regime,S18,SNPR,-1066.75,1125,-5
139,multi_regime,S19,SNPR,-2186.0,1118,-104
139,multi_regime,Z20,ZIP,5628.25,3799,-165
139,multi_regime,Z21,ZIP,9051.75,3919,145
139,multi_regime,Z22,ZIP,4644.25,3931,-117
139,multi_regime,Z23,ZIP,4911.0,4054,-200
139,multi_regime,Z24,ZIP,7364.5,3786,-70
139,multi_regime,P25,PRSH,8771.5,548,422
139,multi_regime,P26,PRSH,6600.25,487,379
139,multi_regime,P27,PRSH,9285.25,1779,519
139,multi_regime,P28,PRSH,5743.0,4514,388
139,multi_regime,P29,PRSH,4519.0,392,236
140,multi_regime,G00,GVWY,-19846.4,5886,-498
140,multi_regime,G01,GVWY,-20470.8,5838,-466
140,multi_regime,G02,GVWY,-23123.8,5866,-606
140,multi_regime,G03,GVWY,-20651.6,5880,-452
140,multi_regime,G04,GVWY,-21283.4,5856,-568
140,multi_regime,Z05,ZIC,8804.9,569,233
140,multi_regime,Z06,ZIC,7867.7,639,239
140,multi_regime,Z07,ZIC,10005.0,650,280
140,multi_regime,Z08,ZIC,9522.4,556,258
140,multi_regime,Z09,ZIC,9050.9,641,253
140,multi_regime,S10,SHVR,-10086.0,4910,-300
140,multi_regime,S11,SHVR,-5080.2,4938,-14
140,multi_regime,S12,SHVR,-10575.3,4915,-241
140,multi_regime,S13,SHVR,-15883.9,4997,-343
140,multi_regime,S14,SHVR,-7875.8,4876,-186
140,multi_regime,S15,SNPR,-1143.3,1069,-41
140,multi_regime,S16,SNPR,-1516.0,1136,-20
140,multi_regime,S17,SNPR,-644.0,1084,10
140,multi_regime,S18,SNPR,-2813.2,1106,-64
140,multi_regime,S19,SNPR,-3169.2,1084,-154
140,multi_regime,Z20,ZIP,9119.0,3788,90
140,multi_regime,Z21,ZIP,5996.2,3934,34
140,multi_regime,Z22,ZIP,6814.2,3938,14
140,multi_regime,Z23,ZIP,2579.1,3711,-83
140,multi_regime,Z24,ZIP,4795.2,3650,-46
140,multi_regime,P25,PRSH,14693.1,1097,427
140,multi_regime,P26,PRSH,9335.3,353,251
140,multi_regime,P27,PRSH,25075.2,2170,784
140,multi_regime,P28,PRSH,18558.0,878,520
140,multi_regime,P29,PRSH,19668.8,646,516
141,multi_regime,G00,GVWY,-14250.1,5905,-377
141,multi_regime,G01,GVWY,-15600.0,5958,-310
141,multi_regime,G02,GVWY,-12874.8,5970,-256
141,multi_regime,G03,GVWY,-16539.1,5927,-427
141,multi_regime,G04,GVWY,-20796.3,5907,-511
141,multi_regime,Z05,ZIC,9712.9,685,333
141,multi_regime,Z06,ZIC,9453.5,623,245
141,multi_regime,Z07,ZIC,9249.5,709,265
141,multi_regime,Z08,ZIC,10450.2,682,334
141,multi_regime,Z09,ZIC,11323.3,657,311
141,multi_regime,S10,SHVR,-11325.1,5159,-217
141,multi_regime,S11,SHVR,-8472.6,5052,-162
141,multi_regime,S12,SHVR,-5141.4,5078,-48
141,multi_regime,S13,SHVR,-8946.5,5039,-75
141,multi_regime,S14,SHVR,-12007.9,5081,-293
141,multi_regime,S15,SNPR,-2457.2,1114,-64
141,multi_regime,S16,SNPR,-1032.2,1152,6
141,multi_regime,S17,SNPR,-2191.6,1140,-52
141,multi_regime,S18,SNPR,-63.3,1117,-21
141,multi_regime,S19,SNPR,-2466.2,1108,-64
141,multi_regime,Z20,ZIP,5068.7,3903,-111
141,multi_regime,Z21,ZIP,6772.9,3861,-67
141,multi_regime,Z22,ZIP,1884.5,3949,-275
141,multi_regime,Z23,ZIP,9453.6,3874,52
141,multi_regime,Z24,ZIP,7198.9,3917,-67
141,multi_regime,P25,PRSH,5343.8,4968,276
141,multi_regime,P26,PRSH,10975.9,415,303
141,multi_regime,P27,PRSH,10162.2,482,314
141,multi_regime,P28,PRSH,12519.7,963,409
141,multi_regime,P29,PRSH,14042.3,527,421
142,multi_regime,G00,GVWY,-4060.6,5948,-332
142,multi_regime,G01,GVWY,2443.0,5942,-450
142,multi_regime,G02,GVWY,-717.2,5872,-404
142,multi_regime,G03,GVWY,-964.8,5910,-396
142,multi_regime,G04,GVWY,1022.4,5905,-537
142,multi_regime,Z05,ZIC,-2009.0,658,260
142,multi_regime,Z06,ZIC,-1944.2,633,241
142,multi_regime,Z07,ZIC,-1695.6,685,273
142,multi_regime,Z08,ZIC,-3838.0,694,320
142,multi_regime,Z09,ZIC,-2455.4,650,272
142,multi_regime,S10,SHVR,-5178.4,5048,-28
142,multi_regime,S11,SHVR,3484.4,5084,-382
142,multi_regime,S12,SHVR,-1738.6,5001,-57
142,multi_regime,S13,SHVR,3464.2,5014,-336
142,multi_regime,S14,SHVR,-217.0,5070,-180
142,multi_regime,S15,SNPR,406.6,1139,-63
142,multi_regime,S16,SNPR,-1131.2,1137,-9
142,multi_regime,S17,SNPR,-7.0,1129,-65
142,multi_regime,S18,SNPR,872.8,1136,-84
142,multi_regime,S19,SNPR,977.0,1099,-85
142,multi_regime,Z20,ZIP,9429.4,3880,-142
142,multi_regime,Z21,ZIP,5257.2,3758,-6
142,multi_regime,Z22,ZIP,4352.0,3849,-45
142,multi_regime,Z23,ZIP,9726.2,3770,-126
142,multi_regime,Z24,ZIP,4356.0,3891,5
142,multi_regime,P25,PRSH,-2729.4,1064,402
142,multi_regime,P26,PRSH,-4703.4,839,677
142,multi_regime,P27,PRSH,-1726.4,465,267
142,multi_regime,P28,PRSH,-2257.2,390,296
142,multi_regime,P29,PRSH,-3086.2,3016,536
143,multi_regime,G00,GVWY,-19042.25,5943,-343
143,multi_regime,G01,GVWY,-23081.5,5884,-470
143,multi_regime,G02,GVWY,-24429.0,5966,-528
143,multi_regime,G03,GVWY,-22773.5,5882,-350
143,multi_regime,G04,GVWY,-32072.5,5920,-762
143,multi_regime,Z05,ZIC,11194.5,636,282
143,multi_regime,Z06,ZIC,11314.25,629,251
143,multi_regime,Z07,ZIC,9844.5,644,214
143,multi_regime,Z08,ZIC,13227.5,650,302
143,multi_regime,Z09,ZIC,9456.75,669,249
143,multi_regime,S10,SHVR,-10985.25,5063,-215
143,multi_regime,S11,SHVR,-10230.25,5069,-143
143,multi_regime,S12,SHVR,-17804.75,5049,-433
143,multi_regime,S13,SHVR,-9472.75,5025,-137
143,multi_regime,S14,SHVR,-11717.5,5004,-202
143,multi_regime,S15,SNPR,-200.0,1078,40
143,multi_regime,S16,SNPR,-3449.0,1146,-76
143,multi_regime,S17,SNPR,-4106.25,1107,-99
143,multi_regime,S18,SNPR,-377.5,1118,14
143,multi_regime,S19,SNPR,-3239.5,1120,-62
143,multi_regime,Z20,ZIP,6416.75,3893,-31
143,multi_regime,Z21,ZIP,21.25,3775,-221
143,multi_regime,Z22,ZIP,3117.5,3764,-34
143,multi_regime,Z23,ZIP,7797.25,3889,51
143,multi_regime,Z24,ZIP,1679.75,3739,-67
143,multi_regime,P25,PRSH,13146.75,533,285
143,multi_regime,P26,PRSH,34199.25,1235,783
143,multi_regime,P27,PRSH,25636.25,1691,599
143,multi_regime,P28,PRSH,23602.75,2781,525
143,multi_regime,P29,PRSH,17293.0,1126,380
144,multi_regime,G00,GVWY,1774.5,5908,-526
144,multi_regime,G01,GVWY,-122.0,5876,-540
144,multi_regime,G02,GVWY,-1755.25,5837,-457
144,multi_regime,G03,GVWY,4156.75,5845,-593
144,multi_regime,G04,GVWY,-2751.0,5874,-336
144,multi_regime,Z05,ZIC,-1332.5,646,250
144,multi_regime,Z06,ZIC,-925.25,647,255
144,multi_regime,Z07,ZIC,-3206.0,700,364
144,multi_regime,Z08,ZIC,-1284.0,646,276
144,multi_regime,Z09,ZIC,-1322.25,609,231
144,multi_regime,S10,SHVR,-6325.75,4941,-35
144,multi_regime,S11,SHVR,2155.5,5020,-326
144,multi_regime,S12,SHVR,2179.25,5015,-299
144,multi_regime,S13,SHVR,-1268.75,4981,-167
144,multi_regime,S14,SHVR,-2317.75,5055,-235
144,multi_regime,S15,SNPR,-506.0,1102,24
144,multi_regime,S16,SNPR,-2738.75,1151,-7
144,multi_regime,S17,SNPR,-287.25,1125,-49
144,multi_regime,S18,SNPR,1547.25,1109,-95
144,multi_regime,S19,SNPR,-1148.5,1122,-18
144,multi_regime,Z20,ZIP,9741.25,3773,-55
144,multi_regime,Z21,ZIP,6565.75,3915,51
144,multi_regime,Z22,ZIP,8137.5,3778,-122
144,multi_regime,Z23,ZIP,8046.75,3759,-13
144,multi_regime,Z24,ZIP,7192.75,3779,-29
144,multi_regime,P25,PRSH,-4150.0,1284,492
144,multi_regime,P26,PRSH,-1843.0,386,256
144,multi_regime,P27,PRSH,-1948.25,351,283
144,multi_regime,P28,PRSH,-4156.75,1189,477
144,multi_regime,P29,PRSH,-7743.0,2294,772
145,multi_regime,G00,GVWY,-12229.6,5953,-453
145,multi_regime,G01,GVWY,-11324.4,5980,-482
145,multi_regime,G02,GVWY,-13088.4,5876,-462
145,multi_regime,G03,GVWY,-9898.8,5925,-409
145,multi_regime,G04,GVWY,-9958.6,5861,-403
145,multi_regime,Z05,ZIC,3901.8,673,299
145,multi_regime,Z06,ZIC,4838.0,657,265
145,multi_regime,Z07,ZIC,4793.0,650,290
145,multi_regime,Z08,ZIC,4079.8,597,249
145,multi_regime,Z09,ZIC,4874.8,626,294
145,multi_regime,S10,SHVR,-4918.8,5050,-224
145,multi_regime,S11,SHVR,-8343.0,5099,-325
145,multi_regime,S12,SHVR,-3038.4,5067,-237
145,multi_regime,S13,SHVR,-3994.2,5037,-71
145,multi_regime,S14,SHVR,-5046.2,5048,-206
145,multi_regime,S15,SNPR,-2133.8,1107,-59
145,multi_regime,S16,SNPR,-196.2,1116,44
145,multi_regime,S17,SNPR,-224.6,1128,-28
145,multi_regime,S18,SNPR,-64.0,1126,-120
145,multi_regime,S19,SNPR,-1700.6,1132,-98
145,multi_regime,Z20,ZIP,4020.6,3793,-37
145,multi_regime,Z21,ZIP,4565.0,3786,10
145,multi_regime,Z22,ZIP,5726.8,3798,-186
145,multi_regime,Z23,ZIP,3305.6,3982,-132
145,multi_regime,Z24,ZIP,6323.0,3738,-50
145,multi_regime,P25,PRSH,9166.4,2878,582
145,multi_regime,P26,PRSH,10077.4,643,527
145,multi_regime,P27,PRSH,5453.8,809,319
145,multi_regime,P28,PRSH,7966.6,1301,463
145,multi_regime,P29,PRSH,8216.4,1651,517
146,multi_regime,G00,GVWY,-15451.75,5919,-491
146,multi_regime,G01,GVWY,-15446.5,5964,-418
146,multi_regime,G02,GVWY,-14899.25,5917,-397
146,multi_regime,G03,GVWY,-13222.5,5906,-446
146,multi_regime,G04,GVWY,-24469.0,5926,-792
146,multi_regime,Z05,ZIC,7580.0,630,276
146,multi_regime,Z06,ZIC,7672.75,637,195
146,multi_regime,Z07,ZIC,8837.5,650,282
146,multi_regime,Z08,ZIC,7305.25,645,245
146,multi_regime,Z09,ZIC,8632.75,653,323
146,multi_regime,S10,SHVR,-7035.75,5153,-71
146,multi_regime,S11,SHVR,-9540.0,5016,-288
146,multi_regime,S12,SHVR,-9889.75,5097,-191
146,multi_regime,S13,SHVR,-10617.5,5106,-230
146,multi_regime,S14,SHVR,-12873.25,5111,-265
146,multi_regime,S15,SNPR,-2993.5,1112,-18
146,multi_regime,S16,SNPR,-2084.5,1126,-42
146,multi_regime,S17,SNPR,-1709.0,1132,12
146,multi_regime,S18,SNPR,-1582.75,1127,-119
146,multi_regime,S19,SNPR,-3403.5,1116,-138
146,multi_regime,Z20,ZIP,5438.25,3883,-91
146,multi_regime,Z21,ZIP,7101.0,3780,-44
146,multi_regime,Z22,ZIP,3678.5,3770,-30
146,multi_regime,Z23,ZIP,2371.75,3807,-61
146,multi_regime,Z24,ZIP,3357.5,3900,-106
146,multi_regime,P25,PRSH,17354.0,652,564
146,multi_regime,P26,PRSH,15286.75,3331,563
146,multi_regime,P27,PRSH,18665.75,2429,571
146,multi_regime,P28,PRSH,13888.5,1170,494
146,multi_regime,P29,PRSH,17352.75,2643,607
147,multi_regime,G00,GVWY,-6139.35,5937,-493
147,multi_regime,G01,GVWY,-6386.6,5938,-488
147,multi_regime,G02,GVWY,-1680.3,5946,-634
147,multi_regime,G03,GVWY,-5477.85,5921,-503
147,multi_regime,G04,GVWY,-3787.95,5903,-401
147,multi_regime,Z05,ZIC,1116.1,610,278
147,multi_regime,Z06,ZIC,844.3,646,294
147,multi_regime,Z07,ZIC,1799.95,627,281
147,multi_regime,Z08,ZIC,2113.25,689,295
147,multi_regime,Z09,ZIC,1320.3,658,274
147,multi_regime,S10,SHVR,-2777.75,5045,-145
147,multi_regime,S11,SHVR,-5291.4,5040,-252
147,multi_regime,S12,SHVR,-1941.85,4965,-3
147,multi_regime,S13,SHVR,-5524.35,5035,-153
147,multi_regime,S14,SHVR,-3021.7,4976,-206
147,multi_regime,S15,SNPR,-589.8,1142,-24
147,multi_regime,S16,SNPR,-74.8,1172,-124
147,multi_regime,S17,SNPR,-1327.15,1145,-17
147,multi_regime,S18,SNPR,-815.9,1130,-2
147,multi_regime,S19,SNPR,-875.2,1116,-96
147,multi_regime,Z20,ZIP,5582.6,3908,-92
147,multi_regime,Z21,ZIP,8835.05,3831,19
147,multi_regime,Z22,ZIP,6811.35,3663,-7
147,multi_regime,Z23,ZIP,7144.15,3915,-63
147,multi_regime,Z24,ZIP,5544.25,3715,-145
147,multi_regime,P25,PRSH,1053.25,1521,535
147,multi_regime,P26,PRSH,2315.45,959,431
147,multi_regime,P27,PRSH,1825.5,848,410
147,multi_regime,P28,PRSH,704.9,1976,642
147,multi_regime,P29,PRSH,2285.9,516,262
148,multi_regime,G00,GVWY,-8388.9,5856,-342
148,multi_regime,G01,GVWY,-9448.45,5949,-551
148,multi_regime,G02,GVWY,-11636.15,5895,-497
148,multi_regime,G03,GVWY,-12718.25,5909,-515
148,multi_regime,G04,GVWY,-10165.45,5869,-511
148,multi_regime,Z05,ZIC,5369.3,664,254
148,multi_regime,Z06,ZIC,4912.05,593,239
148,multi_regime,Z07,ZIC,5268.95,649,261
148,multi_regime,Z08,ZIC,3147.45,601,271
148,multi_regime,Z09,ZIC,4578.8,622,284
148,multi_regime,S10,SHVR,-4927.85,4991,-163
148,multi_regime,S11,SHVR,-5350.25,5049,-155
148,multi_regime,S12,SHVR,-5288.6,5010,-228
148,multi_regime,S13,SHVR,-6530.7,5022,-26
148,multi_regime,S14,SHVR,-5678.8,5020,-244
148,multi_regime,S15,SNPR,-1126.3,1128,-14
148,multi_regime,S16,SNPR,-1413.15,1093,-17
148,multi_regime,S17,SNPR,-604.1,1120,-118
148,multi_regime,S18,SNPR,-2480.05,1115,-79
148,multi_regime,S19,SNPR,-1430.3,1114,-34
148,multi_regime,Z20,ZIP,9425.25,3759,55
148,multi_regime,Z21,ZIP,6673.55,3881,-91
148,multi_regime,Z22,ZIP,3344.7,3928,-54
148,multi_regime,Z23,ZIP,6083.9,3654,2
148,multi_regime,Z24,ZIP,7780.5,3830,150
148,multi_regime,P25,PRSH,4942.8,752,344
148,multi_regime,P26,PRSH,6831.3,454,354
148,multi_regime,P27,PRSH,5892.6,470,368
148,multi_regime,P28,PRSH,8226.45,1117,491
148,multi_regime,P29,PRSH,6525.55,4055,429
149,multi_regime,G00,GVWY,-8731.0,5940,-612
149,multi_regime,G01,GVWY,-5727.75,5987,-353
149,multi_regime,G02,GVWY,-13052.5,5942,-322
149,multi_regime,G03,GVWY,-8741.25,5945,-447
149,multi_regime,G04,GVWY,-9728.25,5909,-495
149,multi_regime,Z05,ZIC,4155.25,653,275
149,multi_regime,Z06,ZIC,5459.75,711,329
149,multi_regime,Z07,ZIC,3481.25,643,355
149,multi_regime,Z08,ZIC,4400.5,680,302
149,multi_regime,Z09,ZIC,5325.5,706,354
149,multi_regime,S10,SHVR,-5517.25,5117,-195
149,multi_regime,S11,SHVR,-6048.25,5127,-75
149,multi_regime,S12,SHVR,-3153.25,5117,-131
149,multi_regime,S13,SHVR,-4111.75,5121,-133
149,multi_regime,S14,SHVR,-8017.25,5091,-311
149,multi_regime,S15,SNPR,-1418.0,1120,-12
149,multi_regime,S16,SNPR,-2921.75,1137,-61
149,multi_regime,S17,SNPR,-1493.25,1111,-67
149,multi_regime,S18,SNPR,-656.25,1131,-23
149,multi_regime,S19,SNPR,-2669.0,1124,-100
149,multi_regime,Z20,ZIP,7942.5,4016,-62
149,multi_regime,Z21,ZIP,8483.5,3684,-14
149,multi_regime,Z22,ZIP,6564.25,3795,-41
149,multi_regime,Z23,ZIP,6160.5,3840,34
149,multi_regime,Z24,ZIP,7624.0,3906,20
149,multi_regime,P25,PRSH,4782.0,606,280
149,multi_regime,P26,PRSH,1463.0,4448,244
149,multi_regime,P27,PRSH,4568.25,401,311
149,multi_regime,P28,PRSH,8963.75,1431,557
149,multi_regime,P29,PRSH,3798.0,386,284
